game_name,review_text,sentiment,source,app_id,voted_up,timestamp_created,playtime_forever,language,votes_up,weighted_vote_score,steam_purchase,received_for_free,written_during_early_access
Dying Light: The Beast,ok,positive,steam_live,3008130,True,1778963719,1555,polish,0,0.5,True,False,False
Dying Light: The Beast,bardzo fajna gra,positive,steam_live,3008130,True,1778960003,2718,polish,0,0.5,True,False,False
Dying Light: The Beast,all is good,positive,steam_live,3008130,True,1778959418,281,russian,0,0.5,True,False,False
Dying Light: The Beast,虽然作为第二部的扩充内容后独立开发出来的新作，剧情不如第一部经典，地图不如第二部大气，但还是不妨碍是目前业界最爽的跑酷丧尸类游戏了！,positive,steam_live,3008130,True,1778958166,3631,schinese,0,0.5,True,False,False
Dying Light: The Beast,good,positive,steam_live,3008130,True,1778958072,2715,english,0,0.5,True,False,False
Dying Light: The Beast,bu oyunda emeği geçen herkesin anasını sikeyim.,negative,steam_live,3008130,False,1778956285,668,turkish,1,0.523809552192687988,True,False,False
Dying Light: The Beast,45 dolar verdim onlineda atıp atıp duruyor arkadaşlarımı ANNENİZİ SİKİYİM BOMBOK OYUN,negative,steam_live,3008130,False,1778956140,725,turkish,1,0.523809552192687988,True,False,False
Dying Light: The Beast,scam,negative,steam_live,3008130,False,1778952790,1136,english,0,0.461538463830947876,True,False,False
Dying Light: The Beast,My biggest HATE in this game is when you back to areas and the same damn Zombies you spent time killing have bloody re-spawned! WTF!?!?!,negative,steam_live,3008130,False,1778950811,380,english,0,0.476190477609634399,True,False,False
Dying Light: The Beast,Just let the beast out bro,positive,steam_live,3008130,True,1778950297,777,english,0,0.5,True,False,False
Dying Light: The Beast,"Минимум юбисофщины, все очень сконцентрированно. Сюжет развивается быстро, даже прошёл все доп квесты и каждый был интересен
Мясная боевка с добиваниями из дума и расчлененкой. Отрываешь руки и ноги голыми руками зомбакам за тупого качка. Геймплейно играется очень приятно
Ещё и прокачка завязана на добыче стероидов, чтобы ими вмазаться лол
Ну а ночью вылезают сталкеры и игра превращается в хоррор с погонями
Итого:
+ мясная боевка и боссфайты
+ хорошие квесты
+ графон
+ паркур
+ атмосфера
И все это за 30 часов на полное прохождение, огонь",positive,steam_live,3008130,True,1778949492,2175,russian,1,0.5,True,False,False
Dying Light: The Beast,bien,positive,steam_live,3008130,True,1778949213,2847,french,0,0.5,True,False,False
Dying Light: The Beast,"Storyline is good for this episode. too much different camps in DL 2, so now is making it simple.",positive,steam_live,3008130,True,1778948094,671,english,0,0.5,True,False,False
Dying Light: The Beast,Ну могут же когда хотят.,positive,steam_live,3008130,True,1778945973,1098,russian,0,0.5,True,False,False
Dying Light: The Beast,"Игра очень прикольная,хорошо рассказывает что произошло после событий в вилледоре\харране,игра стала намного лучше прошлых частей,рекомендую поиграть!",positive,steam_live,3008130,True,1778945948,2346,russian,0,0.5,True,False,False
Dying Light: The Beast,İlk oyun kadar eğlenceli değil tırmanma kancası da seni çekmiyor sallanıyorsun kötü beni sarmadı zar zor bitirdim coop olunca da bosslar ölmüyor kötüydü genel olarak gece de kovalamacalar çok rezil,negative,steam_live,3008130,False,1778945004,1710,turkish,0,0.476190477609634399,True,False,False
Dying Light: The Beast,senin gibi oyunun anasını avradını sikiyim,negative,steam_live,3008130,False,1778944475,815,turkish,0,0.5,True,False,False
Dying Light: The Beast,걍 하지마셈,negative,steam_live,3008130,False,1778944165,630,koreana,0,0.5,True,False,False
Dying Light: The Beast,4/10,negative,steam_live,3008130,False,1778943789,1987,polish,0,0.5,True,False,False
Dying Light: The Beast,A great co-op game. Wouldn't play it alone.,positive,steam_live,3008130,True,1778942537,291,english,0,0.5,True,False,False
Dying Light: The Beast,"- фпс,2050 не вывозит ;)",positive,steam_live,3008130,True,1778942027,706,russian,0,0.5,True,False,False
Dying Light: The Beast,"great story, visuals and weapons",positive,steam_live,3008130,True,1778941808,4281,english,0,0.5,True,False,False
Dying Light: The Beast,zombie gaym,positive,steam_live,3008130,True,1778938206,509,english,0,0.5,True,False,False
Dying Light: The Beast,купил игру в марте все было круто сидел себе спокойно играл на чуть ли не на ультра настройках выпустили свое санное обновление и все теперь даже на минималках с вкл DLS я не могу играть если выключу этот санный DLS я получаю 45 кадров в поле че это за говно,negative,steam_live,3008130,False,1778937681,564,russian,0,0.5,True,False,False
Dying Light: The Beast,预购的受害者前面都还挺好玩的，但是到后面的剧情我个人认为编剧应该是想不出什么好结局了。用开放式剧情做为结尾，这游戏绝对不值248这个价钱,negative,steam_live,3008130,False,1778936951,1929,schinese,0,0.5,True,False,False
Dying Light: The Beast,"Restored lands breaths alot of fresh life into the game, the alpha volities make nights scary, perma death makes every move a calculation I loved it. 

HOWEVER: Permadeath is also extremely annoying as you can just die from the most random ♥♥♥♥♥♥♥♥. 

Also actually restorting the land requires killing 100% of the zombies (which don't respawn obviously) but this also means you'll be running around for HOURS trying to find 1 zombie in old town who is inside some random building in a spot you didn't even know existed.",positive,steam_live,3008130,True,1778936741,2715,english,0,0.5,True,False,False
Dying Light: The Beast,"It's fun, scary and just as enjoyable as the first game",positive,steam_live,3008130,True,1778935749,354,english,0,0.5,True,False,False
Dying Light: The Beast,"Только в этой игре можно паркурить и уничтожать заражённых. Ещё только в этой игре можно очистить всё карту от зомби. Но ночью появляются прыгуны. Они очень сильные и живучие. Тут можно завоёвывать безопасные зоны и электростанции. После прохождения компании будет куча побочных миссий.
В общем игра очень классная и интересная. Затягивающий сюжет. Игра как минимум на 10 часов (если не считать все побочные миссии и безопасные зоны с электростанциями) .",positive,steam_live,3008130,True,1778934245,12692,russian,0,0.5,True,False,False
Dying Light: The Beast,"My god, I'm only a few hours into this game and haven't really progressed much at all.

That being said, I had to make a review now because the little time I've spent in this game has been extremely fun and extremely terrifying, I've been going into everything blind and I can't recommend this enough if you enjoy zombie games",positive,steam_live,3008130,True,1778931593,533,english,0,0.5,True,False,False
Dying Light: The Beast,.,positive,steam_live,3008130,True,1778929028,671,russian,0,0.5,True,False,False
Dying Light: The Beast,игра моей мечты( будут все ачивки),positive,steam_live,3008130,True,1778928847,5306,russian,0,0.5,True,False,False
Dying Light: The Beast,"l'anima del brand c'è tutta e la storia è sviluppata bene. Buona ottimizzazione, gameplay tradizione portato all'ennesima potenza. Un must per gli amanti della serie e del genere.",positive,steam_live,3008130,True,1778923368,1788,italian,0,0.5,True,False,False
Dying Light: The Beast,"I choked out a guy while he was peeing and he was still peeing while getting choked. I found that pretty gross. I don't know if that happens in this game, though. What does happen in this game is excellent gameplay with parkour, combat, crafting, exploration, driving, I mean this game just has it all.",positive,steam_live,3008130,True,1778923209,1286,english,2,0.540918171405792236,True,False,False
Dying Light: The Beast,10 мистер бистов из 10,positive,steam_live,3008130,True,1778920847,4299,russian,0,0.5,True,False,False
Dying Light: The Beast,玩这游戏有一半是时间在找攀爬点或者入口，跑酷游戏你让我觉得在玩黑魂。代入感不如一代，地图甚至不如复制粘贴的二代，唯一支撑我玩下去的就剩克兰了,negative,steam_live,3008130,False,1778919017,2397,schinese,0,0.5,True,False,False
Dying Light: The Beast,"Mellieur jeu auquel j'ai joué. Si vous aimer tabasser des zombies, l'exploration et l'escalade ce jeu est fait pour vous.",positive,steam_live,3008130,True,1778918041,602,french,0,0.5,True,False,False
Dying Light: The Beast,"Pretty boring, doesn't have the feeling that the others have, kinda lacks in the story part it also feels pretty empty. For what it is now, is not worth the 50 euros or 70 euros, it was a total waste of money that i cant get back",negative,steam_live,3008130,False,1778917931,831,english,1,0.523809552192687988,True,False,False
Dying Light: The Beast,ssztoss,positive,steam_live,3008130,True,1778915687,517,polish,0,0.5,True,False,False
Dying Light: The Beast,.,positive,steam_live,3008130,True,1778906938,487,english,0,0.5,True,False,False
Dying Light: The Beast,Oyun güzel coni de ecelini sikeyim .d,positive,steam_live,3008130,True,1778903843,173,turkish,0,0.5,True,False,False
Dying Light: The Beast,La singularidaaad,positive,steam_live,3008130,True,1778895359,251,latam,0,0.5,True,False,False
Dying Light: The Beast,Proste zabava,positive,steam_live,3008130,True,1778891370,1183,czech,0,0.5,True,False,False
Dying Light: The Beast,god i want to ♥♥♥♥ the ♥♥♥♥ out of this silverback gorilla of a man,positive,steam_live,3008130,True,1778890084,592,english,0,0.5,True,False,False
Dying Light: The Beast,"Игрушка моментами подбешивает, но моментами и наслаждает.
Классная механника с режимом зверя.
Доп квесты не однообразные и многие даже запоминаються, в особенности мне понравился квест с двумя братьями из пещеры.
Но из минусов могу сказать, что многова-то стелса, он присутствует почти в каждом квесте и это иногда бесит. 
Ну а так всем рекомендую, игрушка зачетная",positive,steam_live,3008130,True,1778889804,2211,russian,0,0.5,True,False,False
Dying Light: The Beast,"Achei que depois de um tempo eu ia acostumar com a noite.

Não acostumei.",positive,steam_live,3008130,True,1778889092,4432,brazilian,0,0.5,True,False,False
Dying Light: The Beast,Dokununca tüp mü patlar amk düzeltin lan.,negative,steam_live,3008130,False,1778888009,2035,english,0,0.5,True,False,False
Dying Light: The Beast,"I like this game, I really do. I definitely think it lives up to its namesake and does a fantastic job of carrying on the franchise, namely the Kyle Crane saga. But real talk, there's definitely a level of challenge and difficulty here I wasn't expecting. I personally like that, but I can definitely see many gamers getting too frustrated with some of the lengthy requirement for some missions, and achievements for that matter. The one mission that comes to mind is the asylum mission (I'm not going to give too many details here, just an idea of how lengthy this is). First you go to the asylum, you do some things, then you need to escape, then meet up with your peeps after you did those things, then you need to quickly head over to the town hall to stop the Baron's men from doing the douchey things they typically do throughout the game (timed), then you need to go to 3 separate locations throughout town to once again stop the Baron's men from doing more douchey things (also timed), then you need to quickly head back to the town hall and do more things followed by a fight with chimera...sweet heavenly baby Jesus, that's a whole bunch of stuff for just one mission!!! 

Nightmare difficulty was just as the name implies, an absolute nightmare at times. Spending nearly the entirety of the game essentially getting one-shotted by the chimera and most of the Baron's men wasn't too fun. And no joke, those chimera fights honestly made me feel like I was playing that Resident Evil 7 DLC, the one with Jack's brother where you need to kill the absolute s*** out of everything with your fists. Then there was the overly grabby/feely regular infected that rarely give you more than 2 seconds to search a dead body because they perpetually seem to pop out of nowhere to 'cop more feels' off of you. Normally, that's not too bad, and pretty much what you'd expect, but on the highest difficulty it typically means you're either dying or dead before you even know what's happening.  By the end of the game I was yelling obscenities in such profusion that I'm pretty sure my soul is now eternally damned to hell, but it was worth it! 

 And then there's the Restored Land/One Life mode...oh boy! Definitely easier than many permadeath modes in a lot of games, but the lengthy setup to complete it, and the constant fear/stress that you could potentially screw something up easily and get killed really far into a run (spoiler alter: I did...a lot!) nearly broke me...but also worth it!

To sum up, I enjoyed my time with this game, I'll probably keep going back to it, and I think any fan of the series should give it a try.",positive,steam_live,3008130,True,1778883923,7489,english,0,0.5,True,False,False
Dying Light: The Beast,нормик,positive,steam_live,3008130,True,1778879600,1424,russian,0,0.5,True,False,False
Dying Light: The Beast,Только начал играть но пока что это самая красивая Даинг Лайт в которую я играл. Мега освежающая и красивая локация с ноткой лесов Харрана из первой части. Еще тут есть вождение автомобилей что сделано оооочень приятно и круто. Одно из заметных изменений это катсцены от третьего лица с движением камеры как в метал гир 5. Сделано очень круто но игру еще точно будут дорабатывать.,positive,steam_live,3008130,True,1778872624,143,russian,0,0.5,True,False,False
Dying Light: The Beast,Gra ładnie wygląda warto zagrać fajna fabuła i momenty walki z zombie,positive,steam_live,3008130,True,1778872569,60,polish,0,0.5,True,False,False
Dying Light: The Beast,koocham gre,positive,steam_live,3008130,True,1778869816,1416,polish,0,0.5,True,False,False
Dying Light: The Beast,"There's no real depth to the story. Also, the gameplay feels very buggy at times, and worst of all, there are fish swimming in the water, yet there is no fishing in the game. A Jeremy Wade zombie fishing experience could've saved this game, but no.. Instead, we're stuck with clunky mechanics and forgettable missions. I spent more time thinking about the missed fishing opportunities than the actual plot.",negative,steam_live,3008130,False,1778864522,1256,english,0,0.476190477609634399,True,False,False
Dying Light: The Beast,10/7.5,positive,steam_live,3008130,True,1778863787,1973,turkish,0,0.5,True,False,False
Dying Light: The Beast,My only complaint was that this was originally DLC content for DL2 but then became it's own thing. The only reason I don't like that is because each DL game so far has felt like a new game. This one felt too much like DL2 because it is DL2. Beast mode is cool but I feel like there was a lot more that could've been done with that. Also why is the looting system so compact? Idk about most other peoples opinions but I like to look through an old house. I like looking through everything though just not 1 cabinet and fridge.,positive,steam_live,3008130,True,1778862651,4518,english,0,0.5,True,False,False
Dying Light: The Beast,имба советую,positive,steam_live,3008130,True,1778860042,6731,russian,0,0.5,True,False,False
Dying Light: The Beast,TOP GAMEPLAY,positive,steam_live,3008130,True,1778859378,2573,german,0,0.5,True,False,False
Dying Light: The Beast,super klass. luchshe 2 chasti,positive,steam_live,3008130,True,1778858955,1337,russian,0,0.5,True,False,False
Dying Light: The Beast,Ждем 4 часть данного сюжета,positive,steam_live,3008130,True,1778858773,970,russian,0,0.5,True,False,False
Dying Light: The Beast,"the best of both world from Dying Light 1 and 2 combined, Dying light The Beast really nailed it. Have been loving the world and combat mechanic really feels better. Story are intriguing and better. This really did justice than the early release of the previous Dying Light 2.
The only lacking part is that for some reason my game keep crashing midgame idk why",positive,steam_live,3008130,True,1778856062,3732,english,0,0.5,True,False,False
Dying Light: The Beast,"It's another Dying Light game. You know what you're getting by now. Great fun. Button mashing. Zombies. We'll see if nighttime is as cooked as the 2nd game. The new beast mode is great fun. The story, as always, is a bit shizz. But you're here for the zombies, and the jumping about, and the weapons, and the general fun of it all. Go nuts.",positive,steam_live,3008130,True,1778853830,199,english,0,0.5,True,False,False
Dying Light: The Beast,"Jogo é bom demais!

Não sei como estava no seu lançamento, mas agora maio/26 o jogo esta incrivel!, tanto graficamente como gameplay. Ja comecei a campanha no modo Restored land, até pq sempre achei sem graça matar zumbis e lootear os lugares e depois estar la tudo de novo.",positive,steam_live,3008130,True,1778851338,374,brazilian,0,0.5,True,False,False
Dying Light: The Beast,имба,positive,steam_live,3008130,True,1778847565,2378,russian,0,0.5,True,False,False
Dying Light: The Beast,damn is,positive,steam_live,3008130,True,1778846599,631,polish,0,0.5,True,False,False
Dying Light: The Beast,"Dieses Game ist eine Frechheit. Mieses Gameplay, Langeweile und Grafik wie vor 30 Jahren.",negative,steam_live,3008130,False,1778846514,94,german,0,0.5,True,False,False
Dying Light: The Beast,sadas,positive,steam_live,3008130,True,1778843928,546,german,0,0.5,True,False,False
Dying Light: The Beast,"I've played every single Dying Light and loved them all, however, I've never thought I'd have to do this but this version doesn't represent the true Dying Light series. While playing this version I felt extremely bored and I thought something was wrong with me, because I always loved it.

Turns out I found out why: This game lacks emotion when hitting the zombies, poor story, repetitive quests, poor graphics compared to other games released at same year, poor skill trees, and there goes and goes. I simply remember waking up in the morning wanting to play Dying Light, but now this feeling is just a far away memory.",negative,steam_live,3008130,False,1778834205,1208,english,3,0.502074718475341797,True,False,False
Dying Light: The Beast,"Интересно, прикольно. Предыдущую часть с другом не прошли, ее прошли фулл, но затягивание сюжета за счет побегушек по ВСЕЙ карте - не одобряю, можно было и быстрые перемещения сделать (благо в онлайн можно к другу тп делать).

В целом все ок",positive,steam_live,3008130,True,1778833887,1798,russian,0,0.5,True,False,False
Dying Light: The Beast,"Dying Light: The Beast: Es justo el regreso a las raíces que la saga necesitaba. Recupera perfectamente esa atmósfera oscura y peligrosa donde sientes que de verdad te acechan en cada esquina. Logra un equilibrio ideal entre la fluidez moderna y el tono serio que hizo grande al original. Si disfrutaste el primer juego, este es compra obligatoria.",positive,steam_live,3008130,True,1778805396,4691,latam,0,0.5,True,False,False
Dying Light: The Beast,Kyle crane me excita,positive,steam_live,3008130,True,1778798438,371,english,0,0.5,True,False,False
Dying Light: The Beast,"i love the dying light series, its soooo good a making me ♥♥♥♥ myself out of fear also i am really bad at doing parkour sooooooooo yea",positive,steam_live,3008130,True,1778796650,3254,english,0,0.5,True,False,False
Dying Light: The Beast,THIS GAME IS SOO FUNNY IM KILL 21312 MILIONS ZOMBIES THANKS TECHLAND,positive,steam_live,3008130,True,1778790807,6116,brazilian,0,0.5,True,False,False
Dying Light: The Beast,Mükemmel bi oyun,positive,steam_live,3008130,True,1778789649,710,turkish,0,0.5,True,False,False
Dying Light: The Beast,Gra jest niedojeban chuj jej w d u p e,negative,steam_live,3008130,False,1778788406,786,polish,0,0.5,True,False,False
Dying Light: The Beast,"Hier gibt es nichts groß zu sagen!
Für alle, die die vorherigen Teile geliebt haben, müssen auch hier zugreifen!
Parkour und Kämpfe fühlen sich absolut flüssig an.
Das Erkunden der Welt macht auf jeden Fall Spaß und ist auch durchgehend belohnend!
10/10! Kommt dem 1. Teil sehr nahe!",positive,steam_live,3008130,True,1778786983,1961,german,1,0.518072307109832764,True,False,False
Dying Light: The Beast,co-op modba nagyon jó single-be is csak ajánlani tudom.,positive,steam_live,3008130,True,1778782303,1518,hungarian,0,0.5,True,False,False
Dying Light: The Beast,very fun,positive,steam_live,3008130,True,1778782034,2482,english,0,0.5,True,False,False
Dying Light: The Beast,"This is going to be a long review focusing mostly on areas where the game can be improved. Everything else—like the music, atmosphere, sound design, art direction, and gore—is already perfect or close to perfection. With a few tweaks, this game could easily go from an 8/10 to a 9 or even a 10/10, completely surpassing the original.

The parkour is a more simplified version of the system in Dying Light 2. For me, it is a bit too clunky right now because of certain moves—specifically, I think the high jump should just be removed entirely. There is a setting to lower the jump height, which definitely makes it more immersive, and i love dl1 parkour so much because of its immersion from simplicity. I also find myself accidentally climbing things way too often when I don't want to. If they removed the high jump and the sprint run, the parkour would still be technical without feeling clunky.

When it comes to combat, the actual ragdoll physics are honestly better and are more than Dying Light 1. The main issue is just that ragdolls happened way more often in the first game. For example, when you throw a propane tank at a zombie, it just plays a stumbling animation, whereas in DL1 they would go straight into a full ragdoll. On a side note, I feel like zombies in dl1 produced more blood with this sort of blood mist effect.I wish dying light the beast zombies when hit would also produce this blood mist.

The basic combat flow is similar across both games: you hit an enemy a few times and then they go into a ragdoll state. Generally speaking, the hit animations in DLTB are amazing (using fist weapons is incredibly immersive). However, one really annoying feature in DLTB is getting stunned whenever a regular zombie hits you. I'm pretty sure that didn't happen in DL1, which allowed you to keep slashing through groups uninterrupted.

Overall, the content itself is amazing, and DLTB features some of the best side quests in the entire franchise. The problem is that there just isn't enough of it. I want a little more of everything in this world—like making the volatile caves open and repeatable, and adding more unique random events. You can really tell that the world content suffers from the game originally being planned as a DLC. On a positive note, the actual map layout is incredible. However, the main story definitely suffers from being too short; it honestly emotionally feels like it is cut short at Act 2 instead of giving us a proper Act 3.",positive,steam_live,3008130,True,1778780659,3244,english,0,0.5,True,False,False
Dying Light: The Beast,nie,negative,steam_live,3008130,False,1778779213,468,polish,0,0.5,True,False,False
Dying Light: The Beast,ТОПЧИК,positive,steam_live,3008130,True,1778777385,981,russian,0,0.5,True,False,False
Dying Light: The Beast,Моя самая лав часть,positive,steam_live,3008130,True,1778776664,783,russian,0,0.5,True,False,False
Dying Light: The Beast,"The Beast feels so much better than 2nd part for me. The ability to repair weapons without any tricks, better zombie physics, much better color palette. It gives off sort of ""The Following"" vibe, the map is somewhat flat for parkour game, and the map is not that big either, but by far those are my biggest complaints and they are miniscule compared to the ""fun-aspect"" of this game, it just clicks with me.",positive,steam_live,3008130,True,1778775908,787,english,0,0.5,True,False,False
Dying Light: The Beast,"Пи3дить зомби лопатой мне не в одной игре не было так весело),ощущается как полноценная часть серии,не как длс,много нового интерестного,рекомендую!",positive,steam_live,3008130,True,1778774937,769,russian,0,0.5,True,False,False
Dying Light: The Beast,игра очень сильно лагала но мне понравилось,positive,steam_live,3008130,True,1778774474,38,russian,0,0.5,True,False,False
Dying Light: The Beast,"This is the actual sequel of DL1, FK DL2",positive,steam_live,3008130,True,1778773428,722,english,1,0.49824562668800354,True,False,False
Dying Light: The Beast,geiles Zombie Gemätzel kann ich nur empfehlen wenn man Zombie spiele mag,positive,steam_live,3008130,True,1778771530,2327,german,0,0.5,True,False,False
Dying Light: The Beast,"Игра реально классная, атмосферная и с хорошим сюжетом и геймплеем, но, так как я играю в ПК-клубе, есть некоторые проблемы, сбрасываются некоторые сохранения и плохо работает steam cloud, к тому же по ощущениям, когда выходишь из игры она как будто и не закрывается вовсе",positive,steam_live,3008130,True,1778765136,1272,russian,0,0.5,True,False,False
Dying Light: The Beast,Очередная охуенная часть Dying light,positive,steam_live,3008130,True,1778757846,100,russian,1,0.523809552192687988,True,False,False
Dying Light: The Beast,"本质就是个大型dlc，不到20小时(全支线啥的)这个价格还可以再等等。
没消光2量大管饱，我个人认为消光2>困兽>消光1>消光2猩红纽带>消光1信徒。
接下来就是缺点：
1.搜索冷却时间太长，有时候搜索个脚印啥的没看见，然后脚印就消失了，然后再搜索，然后就冷却了。
2.明明消光2里面的车队遗迹直接撬锁就行，你困兽里面需要车队钥匙卡，还只能用一次。是用屁眼想出来的吗？
3.手柄瞄准麻烦，消光1，2，，困兽，信徒啥的全有这个毛病，制作人是不用手柄吗？建议可以塞你妈屁眼里试试
4.车辆干沟里去了。没有个信徒那样的重置车辆吗？信徒就那么几个优点，你还不搬过来？用乌龟的头部想出来的吗？
5.好的电机通过电缆带动坏的电机，这是2的玩法。但是你在困兽里面。为啥要把光源去掉啊？我有时候看不见啊。尤其是在支线电工作业里面，你好的电机还放在高空，不愿意抬头看，害我找了大半天
6.主线困兽出笼中，在火车隧道里面找到野兽 ，我在夜魔巢穴那儿，我还纳闷怎么进去呢，原来是要绕路。但是为什么目标会更新呢？
7.在地图上标记了一个目标，然后赶路过程中，搜索时屏幕中间不显示那个目标，即使显示了，也不显示剩余多少米。追踪的目标还挺小，看不见。这真的是负优化。
8.在困兽开头没有提到。信徒之后，村庄这十几年发生了什么样的变化呢？
9.直到通关，也没发现冲锋枪，但是能在车队里面找到冲锋枪子弹。
10.藏宝图看不懂啊
11.在克兰冒充e7，有点强行降低对方士兵智商，声音听不出来就算了，连特殊的代号地点都不知道在哪？都没起疑
12.本作女主，父亲被男爵控制了，在结局也没交代女主父亲后面的情况呀
13.支线任务，取回爱丽丝的八音盒，需要用到密码，密码你放在800里开外，然后就为了获得一个密码本。然后我再回去，我有病啊，你怎么不放在你妈的屁眼儿里呢？
14.在支线任务取回爱丽丝八音盒中，跟随脚印来到一处农场，然后有一个遭遇战然后敌人躲在草丛里，我刚救出来就给我把人质杀死了。
15.星之子的第1个支线任务，面对克兰的心魔，感觉可以放在主线里，然后做完那个主线，顺便激活，可以自主控制狂化，这样更完美流畅，就星之子的支线可以和主线串起来，其他的支线就是为了做支线而做支线的(无论是消光一，二，信徒，还有猩红纽带都这样，支线就是支线，和主线没太大联系)
16.好像没看见官方出什么怪物的介绍，比如可以杀死几个夜魔之后，然后出夜魔的感染过程(怎么形成的呀，有什么故事)，弱点，特点什么之类的(虽然二里面有卡牌是收集品的情况下，但是还得自己找麻烦)
17.主线任务有点拖沓，先开头是装那个信号器窃听男爵，然后就要三个东西，然后分别安装在三座塔上，现在。又要异魔巢穴三个不同的幼体
18.好像和消光2剧情对不上？消光二剧情是15年后，莫非是不同时空？
19.本质就是个dlc，再说一遍，地图还是比较小的",negative,steam_live,3008130,False,1778753331,1056,schinese,0,0.5,True,False,False
Dying Light: The Beast,Mükemmel,positive,steam_live,3008130,True,1778748930,4866,turkish,0,0.5,True,False,False
Dying Light: The Beast,game is so peak,positive,steam_live,3008130,True,1778743411,2140,english,0,0.5,True,False,False
Dying Light: The Beast,Great game. I wanna crack Crane.,positive,steam_live,3008130,True,1778740704,2050,english,1,0.494699627161026001,True,False,False
Dying Light: The Beast,Je pense qu'on a fait le tour de la licence 😞,negative,steam_live,3008130,False,1778733984,364,french,0,0.5,True,False,False
Dying Light: The Beast,yes very good game,positive,steam_live,3008130,True,1778732906,559,english,0,0.5,True,False,False
Dying Light: The Beast,scary as ♥♥♥♥ but fun to play,positive,steam_live,3008130,True,1778728171,792,english,0,0.5,True,False,False
Dying Light: The Beast,Đáng đồng tiền bát gạo ko phải bàn cãi,positive,steam_live,3008130,True,1778725359,1686,vietnamese,0,0.5,True,False,False
Dying Light: The Beast,love it,positive,steam_live,3008130,True,1778720530,1474,english,0,0.5,True,False,False
Dying Light: The Beast,peak,positive,steam_live,3008130,True,1778716887,4183,english,1,0.523809552192687988,True,False,False
Dying Light: The Beast,"Great game! 
A much better overall experience than dying light 2, but the story is actually laughable I'm sorry.
Dying light 1 still holds supreme as the best zombie experience, but this one comes close.",positive,steam_live,3008130,True,1778713429,3342,english,1,0.512987017631530762,True,False,False
Dying Light: The Beast,"Good game, incredible story and main character but the the huge downsides in my opinion still overweight the immersion and kill the vibe. Most of the time you will spend just looting the map for some resources so you could get a better weapon so you get those xp points for leveling. Im not saying the game is bad but its just becomes tedious after some time doing the same thing over and over again. If you're fine with it then go ahead and get the game you will love it. Parkour and setting is awesome story as well.",positive,steam_live,3008130,True,1778713040,311,english,1,0.523809552192687988,True,False,False
Dying Light: The Beast,топчик,positive,steam_live,3008130,True,1778706957,1011,russian,0,0.5,True,False,False
Dying Light: The Beast,Runs well and fun as hell,positive,steam_live,3008130,True,1778703052,3167,english,0,0.5,True,False,False
Dying Light: The Beast,git,positive,steam_live,3008130,True,1778698622,577,polish,0,0.5,True,False,False
Dying Light: The Beast,"這代遊戲比前幾代困難很多，而且價格不太合理，建議可以等特價。

先講優點。
這代優化沒問題，地圖小但是卻豐富很多。有很多人抱怨要花太多時間在跑圖上，這是確實。因為遊戲的跑酷動作更加真實，沒有過去幾代的蜘蛛人式跑酷，但對於我而言不是個大缺點。

然而，這代唯一一個最大的缺點反而讓我留下負評。
照理來說主角是變異人，應該要有比前幾代主角有更大的力量。行走跟跳躍能力比起前幾代大打折扣也就算了。
我不能接受的是猛獸化之後還要怕夜魔...",negative,steam_live,3008130,False,1778691892,3000,tchinese,0,0.5,True,False,False
Dying Light: The Beast,"Tek kelimeyle harikaydı baron oesini öldürürken inanılmaz zevk aldım. 
Spoiler tagi nasıl konuluyor bilmiyorum o yüzden belirtiyim spoiler vercem.
Uğluşum Aiden büyümüş te abisini kurtarmaya gelmiş. Kendi ellerimle viledorda büyütmüştüm keratayı.",positive,steam_live,3008130,True,1778690163,2297,turkish,0,0.5,True,False,False
Dying Light: The Beast,"The game is buggy as hell.

Zombies often just stand there like scarecrows with their arms open. They get stuck mid-chase, seemingly tripping over invisible objects.

Zombies and other enemies frequently don’t animate properly while running toward me — they just kind of hover instead.

Climbing and running feel very unsmooth. There’s an unexplained lag, and I often get stuck on building corners for no reason.

Combat feels clunky.

I experienced one crash while fighting a horde.

During dialogue animations, characters sometimes stop animating completely — they just stare at me like dolls while their voices keep playing.

It’s too bad, because I played over 100 hours of Dying Light 1 and around 150 hours of Dying Light 2. I’m a big fan of the series. But with the amount of bugs, clunky combat, poor animations, and even crashes I experienced within just 120 minutes, it honestly feels unfinished.",negative,steam_live,3008130,False,1778687770,113,english,1,0.519999980926513672,True,False,False
Dying Light: The Beast,"我很喜欢消逝的光芒这个游戏，一代给我的游戏体验我至今难忘。二代不做评价，玩到一半我放弃了。三代给我的感觉更像是一个大型DLC，游戏内容实在太单薄。25年发售时我游玩了20多个小时放弃了，直到26年我才从头开始通关了一次，只花了我30个小时。虽然内容单薄但是游戏性还是不错的，中文配音我也很喜欢，目前我正在游玩二周目。二周目时我遇到一个奇怪的现象，对倒地丧尸的处决我要进行三次才可以击杀，我觉得这是一个BUG，因为背刺处决依旧是正常触发。我就像是个虐待狂，疯狂地踢丧尸的脑袋，过程中还需要全神贯注免得他爬起来。
总的来说小小的失望，但我依旧对消逝的光芒保持期望。希望四代能够给我带来惊喜，困兽中的精神控制以及变异植物（那颗吸引丧尸的树）让我有些期待四代的表现。
年纪越来越大了，真心希望在我还有时间精力的时候玩到打磨好的四代。",positive,steam_live,3008130,True,1778686310,3919,schinese,0,0.5,True,False,False
Dying Light: The Beast,Best zombie parkour game,positive,steam_live,3008130,True,1778683876,2665,english,0,0.5,True,False,False
Dying Light: The Beast,Awesome,positive,steam_live,3008130,True,1778677089,2408,english,0,0.5,True,False,False
Dying Light: The Beast,"Это возвращение к истокам, которого фанаты ждали годами. Кайл Крейн вернулся, и вместе с ним вернулась та самая густая, пугающая атмосфера, сделавшая франшизу легендарной. В 2026 году этот проект воспринимается как идеальная работа над ошибками и концентрированный опыт всего лучшего, что было в серии.

Возвращение легенды: Снова играть за Кайла Крейна - это не просто фансервис. Его новые способности, полученные после долгих лет экспериментов над ним, меняют динамику боя. Теперь ты не просто выживший, ты - настоящий хищник, способный выпускать на волю свою звериную натуру.

Кастал-Вудс: Новая локация - это глоток свежего воздуха. Вместо плотной городской застройки перед нами раскинулись мрачные леса, заброшенные промышленные зоны и таинственные исследовательские центры. Дизайн уровней мастерски сочетает классический паркур с новыми элементами окружения.

Атмосфера хоррора: Разработчики услышали фанатов и вернули в игру настоящий страх. Ночи в Кастал-Вудс по-настоящему темные и опасные. Звуки леса, тени среди деревьев и обновленные Прыгуны заставляют снова искренне бояться каждого шороха.

Транспорт: Внедрение транспортных средств здесь ощущается органично. Это не просто способ быстро попасть из точки А в точку Б, а важный элемент выживания и даже мобильная крепость, которую можно улучшать и подстраивать под свой стиль игры.

Графическое исполнение: Игра выглядит потрясающе. Густая растительность, эффекты тумана и освещение создают невероятно реалистичную и в то же время гнетущую картинку. Ощущение импакта и детализация повреждений врагов вышли на новый уровень физичности.

Сюжетная глубина: Это более личная и камерная история. Нам показывают последствия событий прошлых частей и то, как мир изменился за эти годы. Сценарий держит в напряжении, заставляя сопереживать герою, который потерял слишком много, но нашел силы бороться дальше.

Итог: Это триумфальное возвращение. Игра взяла брутальность первой части и масштаб второй, приправив это уникальными механиками «зверя». Идеальный финал (или новое начало?) истории Кайла Крейна, который заслуживает высшего балла.",positive,steam_live,3008130,True,1778674885,1392,russian,0,0.5,True,False,False
Dying Light: The Beast,Лютая,positive,steam_live,3008130,True,1778672138,2070,russian,0,0.5,True,False,False
Dying Light: The Beast,"Pros:
Parkour: I tried to vault a simple fence, miscalculated the ""Beast"" physics, and launched myself into the stratosphere like a SpaceX rejection. 
The Beast mode: It lets you go absolutely mental for twenty seconds, and you feel like you are the predator for the first time. Until you don't. The meter goes out, and you instantly become the prey. You find yourself surrounded with Volatiles who are wondering why the scary man stopped hitting them.

Cons:
The Stealth: The game tells you to use the long grass to hide. I did, but a viral still found me. Apparently, Crane smells like Old Spice.
The Stamina system: Crane has the combat knowledge of a god but the lung capacity of a Victorian child with a cold.
Volatiles: I'm convinced the Volatiles have my IP address. I can hide and hold my breath, and not moving a muscle, yet a Volatile three miles away will go ""Is that Kyle?"" and sprint towards me.

In overall: just an average London simulator 
10/10 recommended, worth on a discount.",positive,steam_live,3008130,True,1778671846,8669,english,0,0.5,True,False,False
Dying Light: The Beast,"5/10

Graphics are very good, alot of options to adjust for more fps, story and characters are great, map is ok, car is very fun to use! However..

Game feels inferior compared to DL1 & 2, zombies scale too much with the character regardless of progression, even tho crane is basically at his strongest point in the series, it feels like im slapping Z's with a wet salad. Parkour feels downgraded and sloppy, weapons are stale - even the DLC ones are kinda meh.. I'm just running around and collecting like I'm on the world biggest grocery list and and completing missions for subpar items. I also experienced more bugs than I'm used to..

I feel like this game is still worth playing for the ones that want to continue the story from DL1 & 2, but not for this price, maybe at 30-50% off.",negative,steam_live,3008130,False,1778669412,2048,english,0,0.47413790225982666,True,False,False
Dying Light: The Beast,peak asf,positive,steam_live,3008130,True,1778663298,1719,polish,0,0.5,True,False,False
Dying Light: The Beast,kimerasiken.12,positive,steam_live,3008130,True,1778659898,1112,turkish,0,0.5,True,False,False
Dying Light: The Beast,ZAJEBISTA GRA KOLEJNA CZESC PEAKU <3,positive,steam_live,3008130,True,1778651390,1022,polish,0,0.5,True,False,False
Dying Light: The Beast,game constantly soft locks or gets stuck in a crashing loop,negative,steam_live,3008130,False,1778649384,3085,english,0,0.5,True,False,False
Dying Light: The Beast,Добра.,positive,steam_live,3008130,True,1778642923,2242,ukrainian,0,0.5,True,False,False
Dying Light: The Beast,I am beasting!!!!,positive,steam_live,3008130,True,1778638101,1504,english,3,0.54356849193572998,True,False,False
Dying Light: The Beast,KYLE CRANE IS BACK BABYYYYYYYYYYYYYYYYYYYYYY,positive,steam_live,3008130,True,1778633743,1545,english,0,0.469314098358154297,True,False,False
Dying Light: The Beast,maın char ♥♥♥ bos,negative,steam_live,3008130,False,1778626538,253,turkish,1,0.523809552192687988,True,False,False
Dying Light: The Beast,BUFFFFF,positive,steam_live,3008130,True,1778624789,2132,spanish,0,0.5,True,False,False
Dying Light: The Beast,"The first game was way better , the combat feels like a$$ 
Kind of regretting my purchase on this game 

The fact that I have an RX 9070 and still struggling to get good frames is insane on how unoptimized this game is 
Buy it on a deep sale people",negative,steam_live,3008130,False,1778621545,857,english,3,0.522567987442016602,True,False,False
Dying Light: The Beast,muito based,positive,steam_live,3008130,True,1778620343,1880,brazilian,0,0.5,True,False,False
Dying Light: The Beast,"Наигравши в игру более 70 часов, с уверенностью могу сказать - это кал :) ну, а что еще?
Нет определенно игра хорошая и так как я лютейший фанатик истории Кайла я всё схавал (баги, недоработки и т.д)

На счет багов: игра вышла в 25 году 18 сентября, и до сих пор багов просто ну Д0ХYЯ, в основном это визуальные баги, допустим дождь в здании, видимость через текстуры (я только что рассказал про распространенные баги) так же есть и баги механические, самый известный это то что можно бить через забор из железной сетки.

В целом игра очень хороша, разрабы за ней следят, добавляют много нового.

На счет самой игры, в ней есть сюжетный задания, побочные задания, а так же ""события"" - это когда допустим люди барона захватили человека в плен (необязательно люди барона, могут и бандиты) или когда люди барона охраняют какой-то лут. В игре так же есть элементы сыщика, по типу расследуй что случилось ""там"", пойми как произошло ""это"" и т.д и т.п, так же есть коллекция (всякие письма, книги, кассеты и т.д что ты нашел)

Сюжет игры: в целом неплохой, но в основном это убийство химер, а после просто помощь союзниками, есть конечно интересные сюжетки, но мало очень, а вот побочки просто имба, конечно так же имеются и подобные принеси, подай, убей, но большинство интересных и страшных, а некоторые странные, но тоже интересные.

Графика: ну я бы не сказал, что прям восторг, но довольно хорошо, опять таки если бы не баги, то игра выглядела бы восхитительно, а из-за багов большинство графики просто ""ломается"" 

Прокачка Кайла: в целом не очень интересно, т.к большая часть просто из прошлых частей франшизы Dying Light, на счёт зверя, ну такое себе, не такой уж он и зверь, даже при полной прокачке он хиленький, а может я просто зажрался... в целом хорошо, но в каких-то местах он не доработан, возможно из-за этого он мне не зашел.

Паркур: его почти нету... хотя игра изначально была про экстремальный паркур с гнилой плотью наперегонки, в этой же части.. туговато.....

Сюжет: да уже был данный заголовок, но тут я расскажу про сюжет (я еще полностью не прошел игру, но обязательно обновлю обзор как пройду игру полностью)

Общая оценка: Игра очень хорошая, но тот факт, что присутствует УЙМА багов, так себе, портит все настроение играть, паркурить становится невозможно, просто пN3дец. Но т.к я ярый фанатик DL - (Dying Light) я запихнул свое недовольство глубоко глубоко в сраку, сижу играю и КАЙФУЮ! А это главное :)",positive,steam_live,3008130,True,1778618280,4408,russian,0,0.5,True,False,False
Dying Light: The Beast,geiles spiel,positive,steam_live,3008130,True,1778616919,966,german,1,0.5,True,False,False
Dying Light: The Beast,No tiene doblaje latino,negative,steam_live,3008130,False,1778613431,135,latam,2,0.52173912525177002,True,False,False
Dying Light: The Beast,it feels like youre playing dl2 with a kyle skin mod so be ready for identical gameplay to dl2. The story is the only save of this game great ending too,positive,steam_live,3008130,True,1778612757,1350,english,0,0.5,True,False,False
Dying Light: The Beast,"Gra bardzo fajna, a jestem dopiero na początku i wygląda nieźle. Jedyny minus tej gry to jest, że z trochę słabszym komputerem to maksymalnie 50 fps, ale tak to polecam. :D",positive,steam_live,3008130,True,1778610689,294,polish,0,0.5,True,False,False
Dying Light: The Beast,"Can this game please not FREEZE EVERY 5 SECONDS?!?! Come on creators, you have done better in the past. 
I will only change my review to a positive once I can play without it freezing all the time. It makes game play difficult.",negative,steam_live,3008130,False,1778610657,461,english,0,0.47999998927116394,True,False,False
Dying Light: The Beast,Injouable plante toutes les 5 min que ça soit pendant les crochetages ou les cinématiques. Une blague pour ce prix. Ce jeu qui était à la base un DLC est plus bugué que dyng light 2 je dis chapeau pour cette performance.,negative,steam_live,3008130,False,1778608567,352,french,0,0.476190477609634399,True,False,False
Dying Light: The Beast,Игра кайф,positive,steam_live,3008130,True,1778607653,2058,russian,1,0.523809552192687988,True,False,False
Dying Light: The Beast,"Прикольно по бегать и по избивать зомби со своим другом (Или же друзьями, если таковые у вас имеются), но иногда этот сранный падай - принеси меня бесил и немного портил впечатления от игры. Но в целом игра неплохая, да и оптимизон для моей 1660 super неплох, но за фулл прайс я бы её ещё раз не покупал, советую только по скидкам",positive,steam_live,3008130,True,1778603041,1615,russian,1,0.523809552192687988,True,False,False
Dying Light: The Beast,I'm the beasting it,positive,steam_live,3008130,True,1778602289,2688,english,0,0.5,True,False,False
Dying Light: The Beast,"This was suppose to be an expansion to DL2 BUUUUTTTTT instead they make it, it's own thing and its ♥♥♥♥♥♥ awesome. Kyle Crane is back but this time he is out for blood, and he become the ""mr.beast"". It's much better than DL2 like in terms of combat, parkour and storytelling. Ohh did i mention techland bring back the OG night time, dark can't see ♥♥♥♥, scary Volatile and can't see ♥♥♥♥. Highly recommend DLTB if yall into DL series.",positive,steam_live,3008130,True,1778599111,5217,english,1,0.497925341129302979,True,False,False
Dying Light: The Beast,peak,positive,steam_live,3008130,True,1778596039,829,english,0,0.5,True,False,False
Dying Light: The Beast,"If you loved the first Dying Light, you’re going to be really happy with this one, it honestly feels like the developers finally went back to what made the series so cool in the first place. Kyle Crane has been through a lot and this time he has these ""beast"" powers that make you feel like a total monster when you use them. The parkour is still the best part, running across rooftops and climbing feels smooth and fast. When you get tired of running, you can actually drive a truck around to smash through zombies, which is a nice change.ou definitely need a decent PC to run this smoothly. If you have an older computer, you might see some lag and like most big open world games, there are a few small glitches here and there but nothing that ruined the fun for me. If you like parkour, zombies, and a good story, buy this, it feels like a mix of the best parts of the first and second games. It got plenty of content (about 40 hours) and it’s some of the most fun I’ve had in a zombie game in years. Should you buy it? Yes, especially if it's on sale!",positive,steam_live,3008130,True,1778591082,1867,english,9,0.565066337585449219,True,False,False
Dying Light: The Beast,"엔딩 봤어요!
요즘 현생이 좀 바뻐서 ㅠ,ㅜ  틈틈이 하면서 엔딩봤네용 ...
좀비 게임중엔 역시 다잉라이트가 최고에요!  진짜루!
전투도 재미있고 ㅡ 특히 분위기가 진짜 미춌어요 ~~!!  
좀비가 득실거리는 마을을 홀로 누비는 그 스릴과 긴장감!!  그리고 부슬부슬 비올떄 영화속 들어온 느낌임..!
가끔 좀비 갑자기 튀어 나올떄는 깜짝 놀라요!  
천천히 구석구석 재료 모아서 이것저것 만드는 재미도 있고, 
자동차 운전하는 거도 꽤 재미있었어요! 
주인공 카일크레인 빙의해서 엔딩을 보았네요!

이것저것 다 좋은데 .... 단점을 꼽자면

스토리가 좀 재미가 없긴해요... 한 편의 영화를 본거 같은 느낌이 안 들어요. 
그냥 처음부터 끝까지 좀비 때려잡다 끝난 느낌!   근데 그 맛이 재미있음!  그래서 강추! 

좀비게임을 하고싶어요?  강추!! 합니다.   다른 좀비게임은 절대 이 게임을 따라올수 없어요! 

아 ! 그리고 최근 한국에서 만든 '낙원' 이라는 좀비 게임 플레이를 봤는데..

전 다잉라이트 보는거 같았어요.   비슷한게 꽤 많더 라고요!  그 만큼 다잉라이트가 영향력이 크다는 거겠죠!?

다음에 나올 다잉라이트는 매우 큰~~~오픈 월드에 이것저것 알찬 퀘스트 꽉 꽉 채워 넣고,  동료도 막 같이 다니고 이러는 좀비게임의 판타지 rpg 같은 멋진 게임 만들어 주세요!!",positive,steam_live,3008130,True,1778588645,2424,koreana,2,0.52173912525177002,True,False,False
Dying Light: The Beast,"明明前两款都是神作，这款拉杂成了这个样子，就像是一个早产儿。只不过我是买了第二代后送的，通了主线就删游了，落差太大。 

1. 跑酷追求真实没问题，翻越加速和落地加速的动作也没了，不如1，2的中期体验。
2. 相比前作完全是贫瘠的武器种类，和单调的攻击动作，打架的体验不如1，2。甚至任务过到后面纯枪战。
3. 主线任务只覆盖了很小一部分地图，剧情实在是无趣，我不想我的两个主角都是无脑+原谅色的逗比，真的无语。
4. 变身技能树明显残废，奇美拉那么多技能，克兰除了变大变强啥也没有，太无语了。
5. 载具只有一辆车，跑图吧，没啥可说的。",negative,steam_live,3008130,False,1778587032,1395,schinese,0,0.5,True,True,False
Dying Light: The Beast,"Great Game - Super Optimised! 

Runs beautifully on Proton!!! The game looks great too. Zombies are nice to kill. The parkour is okay. I see what people mean when they say the original has a better feel. The story is okay. I do skip some lines. It's not dated but the elements of the story you've most probably seen before to the point you can predict the game direction. Also the new update 1.6 definitely makes the game more appealing. 

I'm very happy with this experience. 

Update - the lack of knowledge around when the game saves is quite anxiety inducing as I've already lost 10 minutes of game play to being reset back to checkpoints instead of when I quit to menu. I don't like this bug/feature.",positive,steam_live,3008130,True,1778586446,1230,english,0,0.5,True,False,False
Dying Light: The Beast,love the game even thoug i run on 15 fps,positive,steam_live,3008130,True,1778582169,262,english,0,0.5,True,False,False
Dying Light: The Beast,‎,positive,steam_live,3008130,True,1778577422,1309,english,0,0.5,True,False,False
Dying Light: The Beast,"Enjoyable, very short and empty but i still liked it. Apparently this was meant as a dlc and it shows, get it when there's a discount",positive,steam_live,3008130,True,1778577287,1350,french,0,0.519774019718170166,True,False,False
Dying Light: The Beast,Restored Land was the best DL experience I had of the whole trilogy,positive,steam_live,3008130,True,1778577077,5414,english,0,0.5,True,False,False
Dying Light: The Beast,"Honestly the combat is kind of interesting but not different enough to make it any more interesting then Dying Light 2, I love my boy Kyle and DL1 but this was just kinda meh.",negative,steam_live,3008130,False,1778559670,665,english,7,0.544867575168609619,True,False,False
Dying Light: The Beast,fun,positive,steam_live,3008130,True,1778551029,1148,english,0,0.5,True,False,False
Dying Light: The Beast,"I played it with Shiori Novella 

10/10",positive,steam_live,3008130,True,1778545653,3125,german,1,0.5,True,False,False
Dying Light: The Beast,Зомба,positive,steam_live,3008130,True,1778537538,327,russian,0,0.5,True,False,False
Dying Light: The Beast,"гавно
♥♥♥♥♥♥ халтура
худший дл",negative,steam_live,3008130,False,1778537456,3212,russian,0,0.464547693729400635,True,False,False
Dying Light: The Beast,good,positive,steam_live,3008130,True,1778535532,7074,english,0,0.5,True,False,False
Dying Light: The Beast,I hate durability.,negative,steam_live,3008130,False,1778534739,69,english,1,0.413293540477752686,True,False,False
Dying Light: The Beast,super gra,positive,steam_live,3008130,True,1778534195,936,polish,0,0.5,True,False,False
Dying Light: The Beast,Yes,positive,steam_live,3008130,True,1778531121,933,english,0,0.5,True,False,False
Dying Light: The Beast,"Мені дуже подобається ця гра. Подобається, що нова версія стала класнішою і загалом покращилась.

подобається тільки те, що тепер не можна лутати одне й те саме місце багато разів.

Подобається, що зомбі стали активнішими, вони частіше лазять і агресивніше наближаються до тебе, через що гра виглядає більш живою.

Не сподобалось, що після оновлення зникли всі мої мітки на карті, де я був і куди планував піти. Я ними часто користувався для маршрутів.

Також подобається, що можна зачищати райони, і зомбі більше не з’являються в тих самих місцях. Це робить пересування значно безпечнішим після зачистки.

Подивимось, як гра буде змінюватися далі, але загалом це доволі цікаво. Мені подобається такий стиль гри, де можна вільно бігати всюди.

Є мінус у тому, що машини досить слабкі, але це не критично, бо гра не про авто. Навіть добре, що так, інакше всі просто їздили б на машинах.

В цілому гра подобається, і я далі буду грати та дивитись, як вона розвивається.I really like this game. I like that the new version is very cool and improved overall.

What I don’t like is that you can’t loot the same place repeatedly anymore.

I like that zombies have become more active, they climb more and move toward you more aggressively, which makes the game feel more alive.

I didn’t like that after the update all my map markers disappeared, including places I had marked to visit later. I used those a lot for planning routes.

I also like that you can clear areas and zombies don’t respawn in the same spot anymore. It makes exploring and moving around much safer after you’ve taken control of a zone.

We’ll see how the game changes дальше, but overall it’s pretty fun. I like this type of gameplay where you can just roam wherever you want.

The only downside is that vehicles feel pretty weak, but honestly it’s not a big problem since the game isn’t really about cars anyway. In fact, it’s kind of good because otherwise everyone would just drive everywhere.

Overall, I enjoy it a lot and I’ll keep playing to see how it evolves.",positive,steam_live,3008130,True,1778529849,9335,ukrainian,0,0.5,True,False,False
Dying Light: The Beast,iyi oyun,positive,steam_live,3008130,True,1778525699,3430,turkish,0,0.5,True,False,False
Dying Light: The Beast,POK KAKA ÇİŞ,negative,steam_live,3008130,False,1778525319,1314,turkish,0,0.440949738025665283,True,False,False
Dying Light: The Beast,"this game has no real imersen or love in it

this game felse more tedeies then rewarding

I get no love for it and I hate I wastet my time nad mony to give it a try",negative,steam_live,3008130,False,1778525038,999,english,0,0.337763369083404541,True,False,False
Dying Light: The Beast,"худшая часть из всех, затмить вторую часть по скотски не адекватной сложности ""кошмар"" это надо было постараться так обосраться, не умеете вы в баланс, дегенераты",negative,steam_live,3008130,False,1778521674,1484,russian,0,0.443925231695175171,True,False,False
Dying Light: The Beast,"и так dying light the beast.
Основные плюсы игры:
возвращение Кайла Крейна ( один из моих любимых главных персонажей )
способности «Зверя»:  ( ты буквально превращаешься в прыгуна или же охотника , который разрывает все на своем пути - также очень нравятся финишеры )
также отличный паркур и хорошую оптимизацию
пейзажи и закаты в этой части они красивые прям как в первой части.
также радует русская озвучка.

Минусы ;
очень быстрый сюжет ( если проходить только сюжет то уйдет где то 15-20 часов )
прокачка и однотипность врагов ( эти ебанные химеры меня уже заебали под конец )
ну и также новое обновление restorend land ( тупое обновление добавляющие новые ачивки пройди игру ни разу не умерев , моя жопа сгорела )

неплохая игра 

https://steamcommunity.com/sharedfiles/filedetails/?id=3722917123",positive,steam_live,3008130,True,1778521615,4057,russian,1,0.525862038135528564,True,False,False
Dying Light: The Beast,♥♥♥♥♥ ставлю лайк никогда не проходите на кошмарном если хотите оставить свои нервы с собой,positive,steam_live,3008130,True,1778519472,1082,russian,0,0.5,True,False,False
Dying Light: The Beast,The game is fun a lot to do and i love playing all the side missions,positive,steam_live,3008130,True,1778519094,4569,english,0,0.5,True,False,False
Dying Light: The Beast,"Гуд, на 30+ часов ну и оверфарм в кампании +",positive,steam_live,3008130,True,1778517057,1928,russian,0,0.5,True,False,False
Dying Light: The Beast,"Игра имба, советую всем !",positive,steam_live,3008130,True,1778512961,1923,russian,0,0.5,True,False,False
Dying Light: The Beast,"Feels too sluggish for me. Need more innate stamina for dodges and attacking.
This may get better with higher levels.. I don't know, but I could not be bothered to find out.
Very much disliked having to play the 'regen stamina' game during combat (that is not 1on1).

Furthermore, hitboxes in this game are beyond stupid. I can (melee) hit zombies from a meter away, but the opposite is true as well; zombies can lunge at you suddenly and chip at your health.
Mind you, the game isn't hard at all, but it's just frustrating to see this 'floaty / telekinetic'  kind of combat.",negative,steam_live,3008130,False,1778510245,1384,english,1,0.493421077728271484,True,False,False
Dying Light: The Beast,"я встал вышел на улицу,убил всех в монастыре,и только потом пошел играть
игра топ 10/10",positive,steam_live,3008130,True,1778492838,2297,russian,0,0.5,True,False,False
Dying Light: The Beast,good,positive,steam_live,3008130,True,1778492607,17889,koreana,0,0.5,True,False,False
Dying Light: The Beast,7/10,positive,steam_live,3008130,True,1778485061,2454,english,0,0.5,True,False,False
Dying Light: The Beast,"How do these games get progressively worse? 1 > 2 > 3

Small world that feels very undynamic in look. Storyline doesn't help.

Pains me to see how this series has continued to fumble.",negative,steam_live,3008130,False,1778478488,4056,english,6,0.550935804843902588,True,False,False
Dying Light: The Beast,Harika bir oyunun harika bir serisi,positive,steam_live,3008130,True,1778473709,168,turkish,0,0.5,True,False,False
Dying Light: The Beast,riktigt bra spel,positive,steam_live,3008130,True,1778463789,988,swedish,0,0.5,True,False,False
Dying Light: The Beast,divertido,positive,steam_live,3008130,True,1778459569,2767,spanish,0,0.5,True,False,False
Dying Light: The Beast,games good,positive,steam_live,3008130,True,1778458157,1154,english,0,0.5,True,False,False
Dying Light: The Beast,"Amazing experience. It takes the best parts of the first two games and blends them into a familiar but unique experience. The side missions don't feel like fetch and reward quests, they have genuine depth that at times will make you feel some sort of way [spoiler]especially ""Stay Human""[/spoiler] and the ending is very satisfying but emotional. I do wish this game were a little better optimized though. I don't have the greatest computer but it runs most things well at high settings but this game struggles to run on medium for me. Now, even on the lowest graphical preset, this game looks beautiful, but I do wish I could enjoy it at a higher framerate while also enjoying better graphics. 9.7/10",positive,steam_live,3008130,True,1778456749,1691,english,0,0.476190477609634399,True,False,False
Dying Light: The Beast,that feeling when you open six empty lockers only to find dried foods in the seventh #ididnothavesexualrelationswiththatzombie #weblessed #onlygodknows #welove #welearn #welaugh,positive,steam_live,3008130,True,1778450190,1643,english,0,0.5,True,False,False
Dying Light: The Beast,好玩,positive,steam_live,3008130,True,1778442540,3347,schinese,0,0.5,True,False,False
Dying Light: The Beast,"Honestly pretty fun game. Kyle Crane has always been my favorite video game protagonists because of how done with everything he is. Like the dude's been through so much that at this point he's just annoyed, so it's great to see and hear him again haha. The gameplay is fun as always, I like how they added the ""low jump"" option to give it a more realistic feel to the parkour. I honestly was never a fan of how ""floaty"" jumping was in the last games. The Beast Transformation was fun at first but then felt underwhelming. Aside from being able to take slightly more damage than...well being a normal dude, it doesn't do a lot of damage and the skills are kinda lackluster. It didn't make me feel like a ""Beast"", it felt more akin to a adrenalin rush than a Beast Mode. Even against bosses I never did a lot of damage. I remember in the trailer and gameplay footage you could tear volatiles a new one, but it didn't make me feel as powerful. As for the story, it was fine. It was nice to see Aidan back, but I wish Kyle and Aidan spent more time with each other. It's literally like: Oh hey Aidan's back, oh he's gone, oh nice he's back again, dang it well he's gone again. Like I know it's the last mission but damn, I barely remember all the things Aiden did aside from getting captured. Also I don't know how I feel about his new design, I guess it's fine.",positive,steam_live,3008130,True,1778438561,2667,english,1,0.52173912525177002,True,False,False
Dying Light: The Beast,Kyle Crane geri döndü ama emeklilik yaşı gelmiş; hala çatılarda zıplayıp dizlerini eskitmeye devam ediyor. Emeklilikte yaşa takılanlar: Harran şubesi.,positive,steam_live,3008130,True,1778437605,1573,turkish,1,0.523809552192687988,True,False,False
Dying Light: The Beast,Fantastic gameplay! If any issues I recommend downloading a ddu uninstaller and wiping all previous drivers.,positive,steam_live,3008130,True,1778436770,2178,english,0,0.5,True,False,False
Dying Light: The Beast,I've played all the other Dying Light games. This one is fun. Best get it on sale.,positive,steam_live,3008130,True,1778435719,2300,english,0,0.5,True,False,False
Dying Light: The Beast,ben böyle oyun görmedim grafik mi dersin oyun tarzımı dersin herşeyi çok qüzel,positive,steam_live,3008130,True,1778433306,783,turkish,0,0.5,True,False,False
Dying Light: The Beast,"[h1]消光是副好皮囊，只是皮下的那头野兽似乎真的被困住了[/h1]

作为一名预购玩家，在我游玩消光困兽的全过程中，失望几乎是贯彻始终的一大情绪——作为系列的最新作，困兽似乎一直都想要做出些改变，但其结果却无一例外地指向失败。而这种失败几乎是在游玩的第一时间就已经开始，困兽一改前作的高速跑酷，将跑酷从一种市面上独一无二的移动与攻击方式变成了某种解谜要素。

[h3]克兰老了[/h3]

作为系列的核心竞争力，在设计中，跑酷应当是一种利大于弊的设计。在消光系列这种罐头游戏中，如何减少玩家赶路的无聊时间一直是所有游戏设计者们所聚焦的地方。
消光2通过多样、高速的跑酷以及与之相称的地形设计让移动本身也成为了一种乐趣，搭配上沿途遇到的丧尸所带来的血浆刺激，让玩家一直处在兴奋中。这样的设计在困兽中被缓慢拖沓的各种基础动作所取代，高楼环伺的复杂三维空间也被压缩为了刺客信条式的街道、窗沿和屋顶三条道，更多时候甚至演都不演直接就是大平地。
2代很多时候竞速式的任务环节设计，在困兽中变成了冗长的攀爬解谜。而这些解谜只是考验玩家的眼睛，看我们能不能发现开发者涂了油漆的攀爬点；玩家的成功与失败往往不是源自个人技巧的高超与否，而是取决于油漆是否足够显眼。
在我游玩的过程中，跑图不再是享受，而是折磨。很多时候我都宁愿去开车也不愿意上房顶跑酷，以防自己又去品鉴一遍克兰那肌无力一般的攀登动作。与一代或现实中跑者的迅捷与灵巧不同，困兽中的每一次攀登都显得如此笨重且吃力。各种跑酷和攻击动作之间几乎没有打断和取消机制，以至于我总觉得困兽更像是个魂游。

[h3]坦白来说，这是我第一次觉得人类和丧尸也没什么区别[/h3]

困兽的剧情几乎没有塑造出任何一个人物，所有登场角色都好似工具人而非一个有自己性情的末日生存者，以至于时隔不到半年的我甚至记不起任何一个人名。回看一年多以前我玩的消光2，不说让人又爱又恨的哈肯“满纸荒唐言，一把辛酸泪”的立体塑造，也有拉万这样一个真挚善良的行动派。甚至于很多一笔带过的小角色也让人印象深刻，伟大的罗威中尉、可悲的阿尔贝托还有再度扛起大梁的弗兰克。尽管消光2的剧情远远说不上成功，但这些角色的身影至今仍在我的记忆中栩栩如生。在消光2中我游玩的一大动力就是剧情驱动，我渴望保护末日下一个个鲜活的人，渴望知晓那些复杂角色背后的故事，然而这种东西在困兽这一作中已经彻底消失了。而抛去人物塑造去看困兽整体的剧情，我只能说这剧情还不如不做。

[h3]“优化好”[/h3]

或许困兽确实如媒体测评视频中所讲的那样将光影与粒子特效的开销控制在了一个很不错的范围内，但那绝不意味着这是一款优化好的游戏。在我游玩时，我使用的是一台机械革命耀世16pro，搭载了4060笔电显卡和14代i9HX以及32g内存。我在整个游玩期间遭遇了极其严重的显存不足问题，百分之一low帧有时候甚至只有平均帧数的四分之一，而且不论我将画面设置调的多低都不能有效降低游戏的显存需求。作为对比，这台电脑在运行2077全高+基础光追时，启用DLSS质量和2倍帧生成仍能轻易达到70帧。消光困兽，一款在画面上并不十分出众的开放世界游戏，很多时候只能勉强够到60帧已经足以说明问题。

[b]说到底，消光困兽最大的悲剧从来不是 ""做不好""，而是 ""根本不想好好做""。它披着消光的精致皮囊，抽走了跑酷的灵魂，掏空了剧情的内核，最后只留下一个处处敷衍的半成品。开发者亲手把那个在哈兰市飞檐走壁、浴血搏杀的克兰，变成了连爬墙都费劲的肌无力老人；也把那个曾经独一无二的丧尸跑酷 IP，困在了罐头化量产的牢笼里。如果说前作的角色们是如同野兽般在末日里嘶吼着求生，那这一作的克兰，便是真的像只困兽一般没能改变任何东西。早在这一部发售之前，消光系列便早已身处争议，如今看来，这个IP恐怕真就要像困兽一般死在开发者的敷衍之下了。[/b]",negative,steam_live,3008130,False,1778432983,2120,schinese,1,0.52173912525177002,True,False,False
Dying Light: The Beast,dying light the beast has been the best open world zombie survival game ive played,positive,steam_live,3008130,True,1778431433,3098,english,0,0.5,True,False,False
Dying Light: The Beast,That is a game.,positive,steam_live,3008130,True,1778428654,182,english,1,0.519999980926513672,True,False,False
Dying Light: The Beast,.,positive,steam_live,3008130,True,1778428127,2937,english,0,0.5,True,False,False
Dying Light: The Beast,"Hermoso título, tiene base del 1 y mecánicas del 2. Super disfrutable con amigos!
Super optimizado y mejorado.",positive,steam_live,3008130,True,1778425704,4551,latam,0,0.5,True,False,False
Dying Light: The Beast,deswegen,positive,steam_live,3008130,True,1778423463,938,german,1,0.5,True,False,False
Dying Light: The Beast,"I’ve completed the game multiple times already on NG+, including Nightmare difficulty. I’ve played extensively in both single-player and co-op, so I’m very familiar with what this game offers at its core.
 it good game 
but hope we get more dlc soon",positive,steam_live,3008130,True,1778419756,10528,english,0,0.5,True,False,False
Dying Light: The Beast,"Muazzam bir devam oyunu. Fakat 2. oyundaki kadar yan görev yok, hep ana hikayeye odaklanıyorsunuz. Birinci oyunu 60 saatte, ikinci oyunu 62 saatte bitirmişim. Bu oyunu 24 saatte bitirmişim. Ona rağmen çok iyi derecede tatmin etti.",positive,steam_live,3008130,True,1778416604,1850,turkish,0,0.5,True,False,False
Dying Light: The Beast,its gut,positive,steam_live,3008130,True,1778416101,1112,polish,0,0.5,True,False,False
Dying Light: The Beast,One of the best zombie game,positive,steam_live,3008130,True,1778416055,1902,english,0,0.5,True,False,False
Dying Light: The Beast,the game is rally ♥♥♥♥♥♥♥ Peak,positive,steam_live,3008130,True,1778400036,960,english,1,0.518518567085266113,True,False,False
Dying Light: The Beast,Все как  обычно мясо матюки и прочие короче кайф,positive,steam_live,3008130,True,1778399172,2621,russian,0,0.5,True,False,False
Dying Light: The Beast,"I'm obsessed with this franchise and this is their best entry yet. If the devs ever read this, yes, we still want a game like Dying Light 2 from E3 2018 so keep on that direction I guess?",positive,steam_live,3008130,True,1778398288,3100,brazilian,2,0.53947371244430542,True,False,False
Dying Light: The Beast,パルクールが売りのゲームなのにパルクールにストレスしかない。,negative,steam_live,3008130,False,1778393861,1639,japanese,0,0.5,True,False,False
Dying Light: The Beast,Güzel oyun,positive,steam_live,3008130,True,1778370143,287,turkish,0,0.5,True,False,False
Dying Light: The Beast,"At first I honestly wasn’t sure if Dying Light: The Beast would hit me the same way Dying Light 2 did. DL2 stayed with me emotionally because of Aiden, the choices, the endings and the feeling that my decisions actually mattered. So the beginning of The Beast felt different and took some getting used to.

But the more I played, the more I appreciated what Techland was going for.

I completed all side quests, captured all safe zones and substations, upgraded my weapons to high levels, and by the end I was completely invested. The driving, modern weapons, finishers and especially the ragdoll physics made combat feel incredibly satisfying and realistic.

What really surprised me though was the story. The game slowly builds up and then starts connecting things in ways I genuinely did not expect. Some deaths were absolutely brutal and unforgettable and the ending completely changed my opinion of the game. Seeing how it connected to Dying Light 2 got me insanely hyped.

Techland somehow keeps making endings that stay in your head long after the credits roll.

Thank you Techland for another memorable journey.",positive,steam_live,3008130,True,1778365283,2471,czech,0,0.5,True,False,False
Dying Light: The Beast,AIDEN BABAIDEN,positive,steam_live,3008130,True,1778361070,1686,turkish,1,0.523809552192687988,True,False,False
Dying Light: The Beast,Dobra zabawa,positive,steam_live,3008130,True,1778357795,1690,polish,0,0.5,True,False,False
Dying Light: The Beast,"Нопак що казати. Пушовім на зароботки і протягував кабелі лізавім по винтиляції, і чи знаєте щоми упувівми шеф! Що ісе не куниць і у кунци пуйдеме до нього на дачу, но намого вовка, щеми дали тот трос Єбаний по деревам лізати тачи я вам туй МАВПА! НАМОГО БОГА! Мало того що ігра началася із газової труби а кончилася, Підмогов Байдена із 300 гранат і закиданям чучела но чесно вам упувім ашби хуйть 120 крон платили но і тулько неє, крехта вєтнамцю які нетрібні барахло продати усьо, НО ЧЕСНО! За тулькі гроши яб за ісе недав. Нопак куїм уже дав та встаєся казати що Перша частина була піже жаль що ісе майжинь буде іти як форсаж. Но небай, як казав мій Діт ""В Умілих руках і ♥♥♥ Балалайка""",positive,steam_live,3008130,True,1778355654,1680,ukrainian,1,0.523809552192687988,True,False,False
Dying Light: The Beast,"Не рекомендую, деградація порівнянно з другою частиною.
Гра менше раз в 5 раз порівнянно з 2 частиною. 
Сюжет це по факту 5 квестів від сили і між ними бос файти, притому боси це просто апнуті версії звичайних мобів.

Можна взяти лише якщо є друзі з якими буде весело бігати, але 1600 не коштує. (Беріть по знижці)",negative,steam_live,3008130,False,1778354907,2111,ukrainian,1,0.52173912525177002,True,False,False
Dying Light: The Beast,"Absolute ♥♥♥♥♥♥♥ of a game that should have been a DLC instead, complete waste of money.",negative,steam_live,3008130,False,1778354200,1802,english,0,0.5,True,False,False
Dying Light: The Beast,"Świetna gra, lepsza niż część 2. Niewarta zakupu poza promocją, ponieważ jest krótka i ma okropne zakończenie, które dało mi Post-movie depression syndrome. Ale i tak warta przegrania, bo doskonale kontynuuje Dying Light 1 oraz the following. Mam wrażenie, że też psuje DL2 swoim zakończeniem",positive,steam_live,3008130,True,1778351981,1781,polish,0,0.5,True,False,False
Dying Light: The Beast,"""the crane dropkicks anything that speaks.""",positive,steam_live,3008130,True,1778349128,2127,english,0,0.5,True,False,False
Dying Light: The Beast,Dying Light: The Beast isn't a bad game by any means but the extremely generic and uninteresting story with dull/flat characters drags it down so much. I find this has been the case for the entirety of the DL franchise unfortunately.,negative,steam_live,3008130,False,1778342440,692,english,2,0.47999998927116394,True,False,False
Dying Light: The Beast,Yeah boy brought the game back to its roots. Felt alot like Dead Island 2.,positive,steam_live,3008130,True,1778339903,910,english,0,0.5,True,False,False
Dying Light: The Beast,Way better improvement to the 2nd instalment of the series. Hope next one stays on track and is fun as this is,positive,steam_live,3008130,True,1778338715,2008,english,0,0.5,True,False,False
Dying Light: The Beast,клевая игра,positive,steam_live,3008130,True,1778338594,300,russian,0,0.5,True,False,False
Dying Light: The Beast,.,positive,steam_live,3008130,True,1778336552,3473,russian,0,0.5,True,False,False
Dying Light: The Beast,消光以死,positive,steam_live,3008130,True,1778335908,933,schinese,4,0.583333313465118408,True,False,False
Dying Light: The Beast,10/10 THE BEST cardio simulator.,positive,steam_live,3008130,True,1778328090,1067,english,0,0.5,True,False,False
Dying Light: The Beast,rrrrr,positive,steam_live,3008130,True,1778325464,815,koreana,0,0.5,True,False,False
Dying Light: The Beast,一般,positive,steam_live,3008130,True,1778321274,920,schinese,0,0.5,True,False,False
Dying Light: The Beast,good,positive,steam_live,3008130,True,1778316772,857,english,0,0.491298407316207886,True,False,False
Dying Light: The Beast,Great Game,positive,steam_live,3008130,True,1778316572,3537,english,0,0.491298407316207886,True,False,False
Dying Light: The Beast,"I don't know man. I just love this game. Everything is smooth. The combat is hard and requires practices to play properly. After getting used to the system, you will play like a ninja and never want to get off the roof.  The story is   average. Like in the previous ones, everyone asks you to do things and you get credits for it. Then you fight the boss. Haven't killed the baron yet so I don't know what's after that. 

Performance is great. Haven't encountered problems in my 20 hours play. My setup is 5070 ti + 5800x,. The game runs ultra settings under 2k without a problem.  

The devs keeps making new content every now and then. There have been 2 more modes since the release. I can't wait to play after finishing the main story.",positive,steam_live,3008130,True,1778314852,2236,english,0,0.5,True,False,False
Dying Light: The Beast,"a very fun game where kyle crane is back. when this game came out it didnt have any fast travel but they recently added it, honestly i feel like this game dosnt need fast travel, since there are plenty cars around you can just use and drive around. the admosphere and sound design of this game are incredibly good, i 100% recomend you to get the game, expecially when its on sale. ive had incredibly fun with this game",positive,steam_live,3008130,True,1778307607,1152,english,0,0.5,True,False,False
Dying Light: The Beast,peak gaming,positive,steam_live,3008130,True,1778301910,544,english,0,0.5,True,False,False
Dying Light: The Beast,w game,positive,steam_live,3008130,True,1778300443,2842,english,0,0.5,True,False,False
Dying Light: The Beast,guuuuuuuuuuuuuuuuuuuuuuudddddddddddddddddddddddddddddddddddddddd     iiiiiiiiiiiiiiiiiiiiiiiiiiiiii               llllllllllllllllllllllllllllllll oooooooooooooooooooooooooooooooooooooooooooooooooovvvvvvvvvvvvvvvvvvvvvvvvvvvvvvvvvvvvvveeeeeeeeeeeeeeeeeeeeeeeeeeeeeeeeeeeeeeeee iiiiiiiiiiiiiiiiiiiiiiiiiiiiiiiiiiiittttttttttttttt,positive,steam_live,3008130,True,1778299858,6372,english,0,0.5,True,False,False
Dying Light: The Beast,Good Game,positive,steam_live,3008130,True,1778298305,1623,english,0,0.5,True,False,False
Dying Light: The Beast,1,positive,steam_live,3008130,True,1778291883,1734,schinese,0,0.5,True,False,False
Dying Light: The Beast,зомбееее,positive,steam_live,3008130,True,1778286079,1928,russian,0,0.5,True,False,False
Dying Light: The Beast,This dying light has some of the best gameplay in the series but the story lacks a little 8/10,positive,steam_live,3008130,True,1778286049,2079,english,3,0.523809552192687988,True,False,False
Dying Light: The Beast,Voice acting is lack luster but in terms of game mechanics and free roam even stealth still the best zombie game franchise out there,positive,steam_live,3008130,True,1778283288,2322,english,0,0.5,True,False,False
Dying Light: The Beast,Koşma Similasyonu 1,positive,steam_live,3008130,True,1778278084,1247,turkish,0,0.5,True,False,False
Dying Light: The Beast,la pasion,positive,steam_live,3008130,True,1778276760,765,spanish,0,0.5,True,False,False
Dying Light: The Beast,niespełna 30h fabuły to nieśmieszny żart gdzie połowa to skakanie po górach,negative,steam_live,3008130,False,1778275760,1733,polish,1,0.47826087474822998,True,False,False
Dying Light: The Beast,"Absolute ♥♥♥♥♥♥♥. Do NOT spend 60$ on this game. Do not spend 40$ on this game. 30$ is the ABSOLUTE MAXIMUM because of how broken and unfun it is.

They made the DL2 zombie grabbing twice as bad; That's right, every single zombie will grab and stun you.
The settings are broken, and the game is incapable of running in windowed or borderless window. Your mouse is locked to the screen and alt-tabbing doesn't let you click out unless you spam left and right click. But don't fret!: Your scroll wheel still scrolls pages outside of the game window, even if you are still tabbed into the game. The devs really said ""♥♥♥♥ everyone who uses more than one monitor"" and it shows.

The combat is absolutely terrible:
drop-kicking launches you 7 feet into the air (clipping through structures!).
Once your stamina is gone, good luck!; Because you can't run, or dodge, or even backpedal faster than the WEAK DECAYING ZOMBIES can grab and stunlock you. 
Stamina depletion = (if not attacking) an entire 10 seconds where every zombie in your vicinity gets free hits on you as fast as they can attack.
You can climb an entire monastery tower from the ground floor on the outside, but you can't swing a machete more than 8 or 9 times without exhausting yourself so thoroughly that you're unable to walk (You shamble slower than the ♥♥♥♥♥♥♥ zombies!)

It's been months since release and they care more about more and more content than making an enjoyable, or even PLAYABLE ♥♥♥♥♥♥♥ game.",negative,steam_live,3008130,False,1778274310,199,english,0,0.434782594442367554,True,False,False
Dying Light: The Beast,"Recomendo o jogo para quem é fã da franquia, pois a mecânica do jogo é igual nas 3 versões. Atualmente estou jogando no modo ""Restored Land"" por ser mais desafiador e não precisar de pressa para zerar o jogo. Gosto da estória do jogo, da movimentação do personagem, dos segredos a serem descobertos e dos caminhos secretos e principalmente da dublagem ""PTbr"" que está caprichada. O que eu não gosto, parece que tem poucos eventos programados para a franquia DL TB, conforme relatos na internet. Recomendo também para quem tem PC fraquinho igual ao meu. O jogo está rodando no PC i3 com placa gráfica GTX 1650, 16Gram a 28 fps. Só quando tem evento de chuva que a placa não dá conta de exibir o gráfico.",positive,steam_live,3008130,True,1778274208,8161,brazilian,3,0.545454561710357666,True,False,False
Dying Light: The Beast,mt bom,positive,steam_live,3008130,True,1778273080,1330,brazilian,1,0.523809552192687988,True,False,False
Dying Light: The Beast,This game is fantastic i really like how the side quest have as much story as the main ones and overall the world build the parkour the fighting everything is great and i love how the devs keep dropping big updates that adds good content to the game 👍,positive,steam_live,3008130,True,1778268983,3417,english,0,0.5,True,False,False
Dying Light: The Beast,ta bueno,positive,steam_live,3008130,True,1778266256,3032,spanish,0,0.5,True,False,False
Dying Light: The Beast,geil,positive,steam_live,3008130,True,1778264789,1157,english,0,0.5,True,False,False
Dying Light: The Beast,A nice deep story along with parkour & zombies a unique story like game for sure ^_^,positive,steam_live,3008130,True,1778262423,1406,english,1,0.519230782985687256,True,False,False
Dying Light: The Beast,Yeah,positive,steam_live,3008130,True,1778259921,3230,english,0,0.5,True,False,False
Dying Light: The Beast,Good game but gotta say getting tired of games coming out early release and then immediately coming out with dlc which costs another game especially for the people that got the upgraded editions. Had high hopes but think my play times done at 24 hours,negative,steam_live,3008130,False,1778257083,1435,english,1,0.525862038135528564,True,False,False
Dying Light: The Beast,за музыку и боссов прощаю все..,positive,steam_live,3008130,True,1778247271,2771,english,0,0.5,True,False,False
Dying Light: The Beast,好,positive,steam_live,3008130,True,1778241371,1001,schinese,0,0.5,True,False,False
Dying Light: The Beast,dombies....,positive,steam_live,3008130,True,1778230596,1354,english,0,0.5,True,False,False
Dying Light: The Beast,"Heel goed zombie spel,ik denk zeff  de beste !",positive,steam_live,3008130,True,1778223488,62621,dutch,0,0.5,True,False,False
Dying Light: The Beast,playing this made me cry. in a good way,positive,steam_live,3008130,True,1778220678,1598,english,0,0.5,True,False,False
Dying Light: The Beast,good game a little underrated but story is a little disappointing,positive,steam_live,3008130,True,1778202418,1023,english,0,0.5,True,False,False
Dying Light: The Beast,I was expecting more from this DLC,positive,steam_live,3008130,True,1778190269,15015,english,1,0.522058844566345215,True,False,False
Dying Light: The Beast,Only thing you need to know about this game is in one word ''Amazing'',positive,steam_live,3008130,True,1778182757,1905,english,0,0.5,True,False,False
Dying Light: The Beast,restored land? more like cutland wheres anything nothing spawns got excited only to find 0 humans after clearing every area even dowloaded a save to look around theres nothing also had a 4 hr and 30 minute save corrupt with no way to save it so completley trash update,negative,steam_live,3008130,False,1778180588,1168,english,0,0.5,True,False,False
Dying Light: The Beast,dowalona  gra teraz czekam na dying light 3,positive,steam_live,3008130,True,1778179999,884,polish,0,0.5,True,False,False
Dying Light: The Beast,"Fast wie Dying Light 1, besser als der 2 Teil. Top",positive,steam_live,3008130,True,1778178411,1658,german,1,0.5,True,False,False
Dying Light: The Beast,Polecam!,positive,steam_live,3008130,True,1778177969,2367,polish,0,0.5,True,False,False
Dying Light: The Beast,哦哦哦~,positive,steam_live,3008130,True,1778176107,505,schinese,0,0.5,True,False,False
Dying Light: The Beast,"A ver yo vengo desde el principio de este juego, lo e jugado el Dying Light 1 Me lo habré pasado mas de mil veces y aún quiero mucho el juego, Hasta incluso lo tengo en juego físico para Nintendo Switch colección, de coleccionistas al igual para PS4 y que decir es una maravilla la verdad, y ahora que salio este se han sacado la ♥♥♥♥♥♥♥ POLLA que te cagas!!!! No como el 2 que es mala basura de juego mecago en la pta nse como pudieron hacer esa cagada de juego siendo la saga de Dying Light. EN FIN ES UNA MARAVILLA ESTE JUEGO COMPRALO SIN PENSARLO 2 VECES. GOOD NIGHT GOOD LUCK!!! COMPRALO RATA!!!",positive,steam_live,3008130,True,1778156983,5702,spanish,2,0.542857170104980469,True,False,False
Dying Light: The Beast,One of my favorite games now,positive,steam_live,3008130,True,1778152483,61275,english,0,0.5,True,False,False
Dying Light: The Beast,"Как за бесплатно норм, покупать за фулл прайс НЕТ, по скидке можно подумать если скидка 90%",positive,steam_live,3008130,True,1778148828,435,russian,0,0.460526347160339355,True,True,False
Dying Light: The Beast,две легенды из первых двух игр (и рандомная бабка телепат) захуярили долбаеба,positive,steam_live,3008130,True,1778145052,4202,russian,0,0.5,True,False,False
Dying Light: The Beast,"It’s not a bad game, trust me but it makes my computer suffer, anyway good game if I could run it q=",positive,steam_live,3008130,True,1778142820,126,english,0,0.476190477609634399,True,False,False
Dying Light: The Beast,Gooooooooooood,positive,steam_live,3008130,True,1778141140,5467,koreana,0,0.5,True,False,False
Dying Light: The Beast,BAGNET,positive,steam_live,3008130,True,1778132941,2262,polish,0,0.5,True,False,False
Dying Light: The Beast,"i wished steam had a mid option because the game is good but it is just not that great.

Pros 
-story is ok 
-weapons still nice
-enemys are still tough
upgrades are good

Cons 
-map sucks no parkour really
-like i said story is ok not that great
-humans are kind of annoying to fight
-lock picking is kind of overused in this game
-final boss is a joke

Over all this game is ok but i think i had more fun in dying light 2 then i did this game, guns make humans a joke but the zombies man they are tough which is good i dont mind that but tbh this is a game that im glad i didnt buy on release day as it just isnt that great but after that ending have to see where they are going to take this game next really.",positive,steam_live,3008130,True,1778131586,1383,english,0,0.5,True,False,False
Dying Light: The Beast,"I LOVE THE GAME, the parkour is fun and i LOVE the horror aspect and the nighttime. as someone who doesnt take horror easily this brought up my tolerance and this has been the one zombie game ive actually enjoyed. i cant wait to beat it and play dying light stay human and dying light 2.",positive,steam_live,3008130,True,1778129264,2262,english,0,0.5,True,False,False
Dying Light: The Beast,Pretty poggers,positive,steam_live,3008130,True,1778121011,3324,english,0,0.5,True,False,False
Dying Light: The Beast,畫面很棒但可惜了編劇是一坨,negative,steam_live,3008130,False,1778119005,2264,tchinese,1,0.5,True,False,False
Dying Light: The Beast,Great game,positive,steam_live,3008130,True,1778118349,1626,english,0,0.5,True,False,False
Dying Light: The Beast,"its not dying light 3, but rather dying light the following 2

Despite that, I think this was way more then i was expecting. I can see why they wanted to make this into a whole game rather than a 2nd dlc for dying light 2

If you are a fan of dying light, you will love dying light the beast",positive,steam_live,3008130,True,1778110146,980,english,0,0.499054402112960815,True,False,False
Dying Light: The Beast,Dieses Spiel ist ideal zum Stressabbau und eignet sich hervorragend um sich auf 2035 vorzubereiten.,positive,steam_live,3008130,True,1778103621,3019,german,0,0.5,True,False,False
Dying Light: The Beast,yes,positive,steam_live,3008130,True,1778102351,5392,english,0,0.499054402112960815,True,False,False
Dying Light: The Beast,"Can't adjust ads sensitivity, what the actual ♥♥♥♥ are you thinking Techland ???",negative,steam_live,3008130,False,1778101891,131,english,2,0.500945568084716797,True,False,False
Dying Light: The Beast,mega fajna gierka,positive,steam_live,3008130,True,1778100684,3543,polish,0,0.5,True,False,False
Dying Light: The Beast,"Dying Light is back again, scarier and more immersive than the 1st one. If you were disappointed from the 2nd one, make no mistake, this is the 1st one but 10x better.
I get 4k 70fps Medium setting with Frame Generation and its perfect",positive,steam_live,3008130,True,1778098269,1934,english,0,0.499054402112960815,True,False,False
Dying Light: The Beast,"There were so many bugs at launch that practically by the end (I hadn't finished it yet, and I was documenting everything by streaming), there were many serious bugs in Co-op. One was a time synchronization issue, another was a car I was sitting in disappearing, another was excessive car spawning. It was very strange when it was still daytime and the Shifters were running around during the day (despite the update, I recently beat the game and a Shifter was chasing us during the day). A sequel will never be better than the original. If you don't want to be disappointed with this purchase, I recommend focusing on the first part (Techland sucked).",negative,steam_live,3008130,False,1778097344,1744,english,2,0.51812291145324707,True,False,False
Dying Light: The Beast,"Un jeu d'une grande qualité, largement a la hauteur du premier.

L'histoire elle, bien mieux que le premier sans aucun doute.
le gameplay tout aussi amusant que le premier.

Malgré une configuration légérement en dessous des recommendations minimales, le jeu reste fluide en toute sirconstance (vu les situations chaotique par moment, il vaut mieux) et quelques options sont meme encore desactivable, aucun crash n'est a signaler, cependant quelques petits bug qui ne m'ont pas gene plus que ca et qui m'ont meme fait rire a certain moment. 

note 9.5/10 

il manque 0.5 uniquement car j'ai trouvé les nuits un peu moins effrayantes et moins mise en scene comme etant l'enfer absolu, a l'inverse du premier jeu ou mettre les pieds dehors la nuit signifiais une mort quasi certaine.",positive,steam_live,3008130,True,1778096420,3238,french,0,0.5,True,False,False
Dying Light: The Beast,"This game feels like Techland finally remembered what made [i]Dying Light[/i] so good in the first place. After [i]Dying Light 2[/i], I wasn’t sure if the series would ever really hit the same for me again, but [i]The Beast[/i] feels wayyyy closer to that original feeling I missed. The parkour feels fun again, the nights are actually intense, the combat is very brutal, the sunset is that iconic blinding gold color, and bringing Kyle Crane back in a creative way makes it feel like the franchise got some of its identity back.

It’s not 100% perfect, but with my time so far and the recent updates this is easily the most I’ve enjoyed [i]Dying Light[/i] in years. Feels like a real step back in the right direction and I can't wait to see what they do next.",positive,steam_live,3008130,True,1778095820,2402,english,0,0.499054402112960815,True,False,False
Dying Light: The Beast,fun,positive,steam_live,3008130,True,1778095428,1359,french,0,0.5,True,False,False
Dying Light: The Beast,Eminem fights against Doctor Faucci and his minions.,positive,steam_live,3008130,True,1778092941,1637,english,2,0.541045725345611572,True,False,False
Dying Light: The Beast,VERY GOOD GAME I RECOMMEND IT FOR THE PEOPLE WHO TIRED OF THE STANDART ZOMBIE GAMES AND KYLE CRANE IS THE GOAT!!!!!!!!!!!,positive,steam_live,3008130,True,1778091543,8294,english,0,0.499054402112960815,True,False,False
Dying Light: The Beast,"Good story, good combat gameplay, just the story is a bit short",positive,steam_live,3008130,True,1778087386,2939,english,0,0.499054402112960815,True,False,False
Dying Light: The Beast,"худшая часть соу фар. Первые две мне куда больше эмпонируют. 
слишком много неоригинальных идей. Секретная лаборатория где разрабатывают биологическое оружие, которое сбегает и творит хаос, и при этом главарь лаборатории тесно подвязан к фармацевтической компании, которое должно было помогать в борьбе с биологическим оружием? Я это определенно где-то видел.

ровно как и наличие фансервиса. Я понимаю, что идея вернуть Крейна существенно забустило продажи, но это мало чем спасает ситуацию. Героя развивать некуда.
И как же меня умиляет то, что Horizon и  вариации используется на протяжении всей игры. Как будто они искупают вину за то, что вообще забили на эту музыку во второй части, заюзав ее только в предыстории перед сюжетом.",negative,steam_live,3008130,False,1778087172,505,russian,0,0.453333348035812378,True,False,False
Dying Light: The Beast,"it's so peak ;-;
definetly lived up to the hype.",positive,steam_live,3008130,True,1778078067,2939,english,0,0.499054402112960815,True,False,False
Dying Light: The Beast,"If you can forgive the (clumsily handled) plot ""twist"" of Kyle suddenly popping back into the picture, there's a lot of fun to be had in this slightly-bigger-than-a-DLC standalone game. It's not doing anything drastically original, but it doesn't need to. Parkouring zombie beat-em-up is all you need to know.",positive,steam_live,3008130,True,1778073004,5420,english,0,0.5,True,False,False
Dying Light: The Beast,Достойное продолжение серии. Понравилась больше чем Дайнг Лайт 2.,positive,steam_live,3008130,True,1778072678,3378,russian,1,0.5,True,False,False
Dying Light: The Beast,Im kylin mcraning on this one,positive,steam_live,3008130,True,1778065250,8861,english,0,0.5,True,False,False
Dying Light: The Beast,"peak n stunning
actually good gameplay",positive,steam_live,3008130,True,1778051253,1239,english,0,0.5,True,False,False
Dying Light: The Beast,"truly the ""beast"" game",positive,steam_live,3008130,True,1778050215,2416,english,0,0.5,True,False,False
Dying Light: The Beast,"WEAK COMPARED TO THE OTHER TWO. MAP MAKES IT HARD TO PARKOUR LIKE THEY WANT YOU TO DRIVE IN A MAP THATS TRASH FOR DRIVING IN. WORST PART IS PROBABLY FIGHTING, WEAPONS LAST MAYBE 10 ZOMBIES  AND THEN YOURE REPAIRING IT. I WONT BE FINISHING THIS ONE, DISAPPOINTED.",negative,steam_live,3008130,False,1778040490,432,english,3,0.489630788564682007,True,False,False
Dying Light: The Beast,"A fantastic game. The graphics are reminiscent of Farcry 5. The idea of ​​the hero transforming into the Beast is borrowed from Farcry New Dawn. The game's concepts, story, and dialogue are excellent. I thoroughly enjoyed the game. I hope all game companies pay attention to players and their opinions like the company that designed Dying Light and Beast did. My rating for the game is 9/10. Thank you, Techland.",positive,steam_live,3008130,True,1778038685,5005,english,0,0.495049476623535156,True,False,False
Dying Light: The Beast,"https://youtu.be/MgAnjV7BhBo?si=2elSE_vZIyI6F6ec

Graphics- 9.5/10- awesome graphics. Great monster designs. The best gore effects of all time in my opinion. I will take .5 points for seeing the same zombies over and over again. 

Gameplay- 8.5 Man the combat is top notch, the gun play was really good too! that surprised me because typically dying light games are 90 % melee focused. I liked how you could use guns a lot more, with a price- noise. also there were plenty of explosives and fun stuff to play with.

Story- 6 weak point of the game for sure. Kyle is a decent character- so much anggeerrrrrr. I could care less about the Baron or the cave people, town hall people ect. Olivia was decent- Kyle defiantly had a crush haha. I'm fine with the story being lack luster, but could you imagine a dying light game with a top notch story????? The Baron was a nastyyyyy dude. Very good villain.


Settings- 8 There is a lot of diversity in this map. Very pretty graphics help it alot. I really enjoyed running around in the world.



Replay/ value- I got on sale for $40, I think that is a great price. 20 plus hours played here- thats $2 an hour- honestly this is a good game for $60 in my opinion.
With the new game mode- Restored Land! I'd like to play through the game with this mode turned on.
Food and water
no respawns for supplies
can actually clear zombies



Spoilers- Aiden coming back was pretty cool- I had no idea he was the beast until they directly pointed it out and he spoke. GRE coming in at the end was a cool kickback- DLC?

 pros: Gameplay, graphics, Kyle Crane is a beast- pun intended. Also, I liked Olivia. The monster designs and Chimeras were incredible. The parkour system was great!
This game is kinda like a far cry game with zombies. Weapon variations! GORE!



Negatives: The story was just ok, but that didn't detour me from having a really good time. Also, the game starts out really slow, but once things get going- man its a fun time. Only other complaint is with my ocd of clearing the zombies and they just spawn in everywhere sometimes i'd spend soooo much time clearing an area just to have another hoard around the corner.


my score- 8/10 I think it would be more like a 9 playing the restored lands mode- maybe I'll revisit?",positive,steam_live,3008130,True,1778036851,1426,english,0,0.5,True,False,False
Dying Light: The Beast,good game but im not restarting for restored lands poopoo decision,positive,steam_live,3008130,True,1778034177,4135,english,0,0.5,True,False,False
Dying Light: The Beast,so good,positive,steam_live,3008130,True,1778026718,2076,english,0,0.5,True,False,False
Dying Light: The Beast,Arcydzieło Techland oby tak dalej,positive,steam_live,3008130,True,1778023905,2419,polish,0,0.5,True,False,False
Dying Light: The Beast,"Everything that made the series great, distilled into one experience. The Restored Land update only made it better.",positive,steam_live,3008130,True,1778013925,1767,english,0,0.5,True,False,False
Dying Light: The Beast,"Wokeism and girlbossing.
 
Had fun with my friend but the writing, the villains, heroines were so ♥♥♥♥♥♥♥ woke and cringe. We be here forgiving everyone.

Also village in the ♥♥♥♥♥♥♥ european mountains have more ♥♥♥-nogs/tacos than white people lmao.",negative,steam_live,3008130,False,1778010319,2308,english,1,0.440280169248580933,True,False,False
Dying Light: The Beast,Really enjoyable so far.,positive,steam_live,3008130,True,1778005656,507,english,0,0.5,True,False,False
Dying Light: The Beast,Si vienes buscando algo divertido e informal con zombis como Dead Island 2 VA A SER QUE NO. Este juego te da un puto palo del suelo y te pone a darte de guantazos con un bicho de 3 metros para sacarle el juju e inyectártelo en una vena del nepe. De ahí todo a peor. 10/10,positive,steam_live,3008130,True,1777990686,2365,spanish,2,0.52173912525177002,True,False,False
Dying Light: The Beast,If u really wanna play go play DL1 or DL2 again.,positive,steam_live,3008130,True,1777982398,1130,english,0,0.481132060289382935,True,False,False
Dying Light: The Beast,,negative,steam_live,3008130,False,1777982310,66,schinese,0,0.5,True,False,False
Dying Light: The Beast,brak niemieckiego agenta Tuska,positive,steam_live,3008130,True,1777980218,4316,polish,0,0.5,True,False,False
Dying Light: The Beast,差远了,negative,steam_live,3008130,False,1777967749,323,schinese,0,0.5,True,False,False
Dying Light: The Beast,"Restored Land mode is the most fun I have had in AGES. This is the kind of game mode I have waited years for... You can actually see your efforts as you clear the land. 

The only downside of Restored Land mode is that for some odd reason, Legend Levels are not part of this mode. I also think that It would not be that hard to make this mode coop. Me and my mate wanted to play this mode but couldnt.

I can also say that coop is still quite buggy... Certain things wont trigger when you need them to. Often, I had to go in to a location and do the puzzle single player to get the puzzle to work and then invite my mate in when the puzzle was done. OH and the runner zombies in coop mode are completely overkill... You get mobbed by like 7-10 of them at once if you make a loud sound. And your surrounded so quick you end up with zero stamina to run away or defend yourself.

But overall... I think I will probably being playing throught Restored Land mode for a LONG damn time...

As for story I persoanally think they knocked it out of the park. Satifying characters, great villian (despite the dumn name) and a certain event near to the last mission had me pumped.

If only they would patch the first 2 games with Restored Land modes I would be playing these games for a couple of years!",positive,steam_live,3008130,True,1777966308,9121,english,0,0.5,True,False,False
Dying Light: The Beast,"Excellent game showcasing an incredible physics engine. My first Dying Light game and the one most recommended to me to play, from Stalker fans.  I played Restored Lands on Brutal and cherished the hardcore challenge.

The best melee system in any FPS I've played. Great gunplay and wonderful parkour (except the grapple hook, how do I even use this properly??). 

A ridiculously good driving/racing system. And an excellent loot system to top it off (finally we can pop the boot of a car, look for fuel in cars and see what's in the cupboard under the sink!).

You will find hiccups, but relatively few for a game this expansive and detailed. The setting is brilliant, the locations wonderfully realised, subtly guiding the player to landmarks whilst allowing heaps of room for scouting out very well-hidden and designed secrets.

Main issue I have with the game is the button mapping overload, which extends to keyboard mouse play. Having F to trigger traps can cause issues when near a trap, and trying to loot or perform a finisher, which are both also mapped to F. 

Same with the camouflage button, which in my case was also mapped to the tool button, leading to accidentally molotiving and pipebombing myself.

Trying to dodge and getting a jump input as well makes the spacebar overloaded and can result in some unwanted and potentially lethal misinputs as hops when you're trying to dodge. 

I think for non-essential inputs like triggering traps or camo, this could be bound to a different button, or else use kind of shift-button system similar to a game series like Nioh, where one button is used as a modifier for other buttons. 

In future games in this engine it'd be great to have dodge and jump on completely separate buttons. This might also be good for grapple and jump, which can also result in misinputs.

I think group finishers would be a good idea. Stamina management can be a nightmare but managing to stagger multiple enemies and put them at distance with a timely finisher would be nice. If not just getting some space back, then the ability to finish 3 or more zombies at once. 

The game seems to have a hidden combo system that triggers with certain weapons and attack sequences mixed with kicks etc (may just be damage output based). This could be more concrete, with a training dummy to practice combos on. I.e. light light kick, finisher - light charge light, finisher etc.

This all said the system as it stands is brilliant and combat basically never got tiresome, even if it was a little frustrating at times due to the dodge/jump situ and stamina management. 

Additional to this the only other issue I had was just managing equipment via the menu. The pie menu is counterintuitive at times - it'd be great if there were just more slots. And dedicated slots for various types of tools so the pie menu actually serves muscle memory. It'd be great to also be able to consume things like food from the menu without having to swap out stuff from the pie menu. Using inhalers is a great concept for a buff system but it's cumbersome and slow just swapping them out with meds/food with only 4 slots.

That's all. Incredible game. I hope it finds the success it deserves with time.",positive,steam_live,3008130,True,1777963153,7474,english,0,0.5,True,False,False
Dying Light: The Beast,"Unpolished RPG and Parkour elements, known issue from main game (Dying Light 2); 
If you aren't aware, this was a DLC originally and a lot of the mechanics from the main game carry over, for worse.

Next game, 
hopefully with power to the original developers, needs to remove map zoning (as to require a certain level weapon to defeat a red skull enemy, Ubisoft style) and allow for more natural exploration.

As for this game, 
the boss fights feel very similar with okay ideas but there is a necessity at higher levels to use more and more consumables to remove ever-increasing waves of fodder enemies, its a zombie game, theres going to be tons of basic zombies to bludgeon with a sharp weapon 4-5 times, but it may just be overdone for some fights that would benefit from the focus on a single enemy, souls-like style. That last bit might be personal preference, some people enjoy the grindy (this is a Ubisoft leveling RPG) challenge.

TLDR;
Not worth buying at the price of a full game, has the polish and (from my experience so far, the) content of a DLC.
Get this on sale for 10 at most.",negative,steam_live,3008130,False,1777959143,285,english,0,0.5,True,False,False
Dying Light: The Beast,"Dying Light: The Beast is a return to form for the franchise and provides a much tighter, focused experience that's just a lot of fun to play. The parkour was great, the environment was beautiful, and the gameplay is a blast. There's a few new things that I wasn't a huge fan of, like level gated areas or some aspects of the story, but they didn't impact my overall enjoyment. I'd definitely recommend playing The Beast if you're a fan of the franchise (and it's more fun in co-op)",positive,steam_live,3008130,True,1777954417,727,english,0,0.5,True,False,False
Dying Light: The Beast,"Teniendo en cuenta que me gustaron tanto el primer como el segundo juego de la saga, The Beast también me gustó en el sentido de que no cambiaron lo que no tenían que cambiar. 
Los gráficos me gustaron bastante y la iluminación tanto del amanecer como el amanecer están bonitos. Los infectados también tienen bastantes detalles a mi parecer aunque con el tiempo si es verdad que te puedes topar con el mismo infectado otra vez (en el sentido de que te puede volver a salir aquel infectado que eliminaste hace 5 minutos) pero eso no es algo de lo que muchos títulos se liberen.
También están estos que tienen habilidades ya saben: los que corren mas rápido, los que atacan a distancia, los que explotan xd y asi. (eso esta chido)
En el tema de mundo abierto también le doy un puntito, si andas corto de recursos te puedes guiar por el mapa para checar que lugares es mas probable que encuentres lo que necesites :)
Hay muchas cosas mas que tiene este juego como lo de manejar un vehículo, el árbol de habilidades, salir de noche uUuUuUuU, las armas de fuego y etcétera.",positive,steam_live,3008130,True,1777950390,1632,spanish,1,0.523809552192687988,True,False,False
Dying Light: The Beast,"Short version of review:
This game is very disapointing, almost everything on it is a downgrade from the other two games. U can really feel that this game was originally planned to be a DLC and its very expensive for how little content it has. The only good things about it is that the performance and Coop are better then the secound one.

Long version:

The Parkour:
- Feels much slower overall.
- Very clunky with Craine sometimes no grabbing ledges or sometimes getting stuck floating for abit before landing on certain areas.
- Some Parkour moves were heavily nerfed making them basically useless. Exp: Jumping of a Zombie, both vertical and horizontal moves from valting.
- [spoiler] No glider [/spoiler]

The Map:
- [spoiler] Is much smaller then the other to games, and only having one map while both the first and the secound game had 2 not counting dlcs. [/spoiler]
- there is only one some what big town and other very small villages.
- buildings just copied from the secound and first game.
- Very empty with mostly forests and grass plains.
- No combat or parkour challanges

The Cars:
- a worst version of the ones in DL1's dlc.
- cant get upgraded at all outside of one or two perks on skill tree
- very slow overall, with no nitro/boost.
- cant even fit on the main town because the streets are to small.

Combat:
- much slower and less satisfying then the other games.
- Zombies are overall tankier, even the slow little ones, making it so stamina becomes way more of a problem overall
- Most of the bigger zombies play and look the same.
- Headstomping is very buggy, randomly deciding when it allows u to stomp on a downed zombie
- Completly removed the ability to stomp on zombies that are climbing up to u
- The guns feel okay but the damage they do is much worst then in the other two games

The Positives:
Overall much better performance compared to the secound game
Multiplayer Coop feels alot less buggy
Graphics are great(kinda a standered now a days tho)",negative,steam_live,3008130,False,1777947020,887,english,1,0.454545468091964722,True,False,False
Dying Light: The Beast,ma achter une uv light o pc,positive,steam_live,3008130,True,1777946661,2450,english,0,0.5,True,False,False
Dying Light: The Beast,"Dying Light: The Beast ist der dritte Teil der Serie und lang ersehnter direkter Nachfolger von Dying Light. Es ist die dringend benötigte Kurskorrektur nach dem eher durchwachsenen Dying Light 2, welches trotz zahlloser Updates in fast sämtlichen Belangen ein deutlicher Rückschritt zum ersten Teil war. Das Engagement der Entwickler war löblich, konnte aber grundlegende Probleme kaum beheben. DLTB zeigte schon bei seinen Trailern, dass man hier back to the roots gehen wollte. Nicht nur ist Kyle Crane zurück, auch Schusswaffen und Fahrzeuge stehen dem Spieler wieder zur Verfügung. Parkour- und Kampfsystem fühlen sich wieder richtig gut an, spielen sich snappy, präzise und dennoch wuchtig. In vielen Belangen klaut DLTB die besten Aspekte seiner Vorgänger, macht daraus jedoch mehr als die Summe seiner Teile. Das merkt man schon an der Spielwelt, die immersiv und glaubwürdig wirkt, anders als das künstlich anmutende Villedor aus DL2. Die Karte ist nicht gewaltig groß und vermeidet glücklicherweise Ladebildschirme zur Aufteilung in verschiedene Distrikte. Das kleine, urige Land Castor Woods bietet dabei angemessen abwechslungsreiche Areale, wirkt aber keinesfalls wie ein aufgesetzter Theme Park, der nur Settings abhaken will. Egal ob Altstadt, Wald, Gebirge oder Ackerland, alles ist wunderschön und authentisch in Szene gesetzt und ein gelungenes Beispiel für eine mittelgroße, aber hochdetaillierte Open World. Bezaubernde Vistas und Landschaften wecken dabei schon oft aus großer Entfernung das Interesse des Spielers, was die Erkundung der Spielwelt ungezwungen und organisch macht. Das Gesamtbild wird durch die stimmungsvolle Beleuchtung und eindrucksvollen Wettereffekte zusätzlich abgerundet. Lange hat mich kein Spiel mehr so stark mit seinen Regenschauern und Gewittern beeindruckt. Zu Fuß kommt man dabei in Castor Woods ebenso gut wie mit PKWs voran, welche aber anders als in Dying Light: The Following randomisierte, respawnende Verbrauchsobjekte sind. Sämtliche Mechaniken rund um den persönlichen Buggy von Crane fehlen leider, was ein unerwarteter Rückschritt im Spieldesign ist.
Egal wie aber erkundet wird, die phänomenale Musik macht es stets zum großen Vergnügen. Orchestrale wie elektronische Stücke sind fantastisch, erzeugen jederzeit stets die richtige Stimmung. Atmosphärische Tracks machen das Erkunden der Wildnis zu einem geradezu meditativen Erlebnis, anmutige und sentimentale Klänge beklagen die verlorene alte Welt, gruselige Stücke erzeugen Gänsehaut für die finstersten Momente. Und auch die fetzigen Beats bei Kämpfen sind zurückgekehrt. Das generelle Sounddesign kann sich problemlos mit der hervorragenden Musik messen und erzeugt mühelos eine immersive, dichte Stimmung. Schrittgeräusche, die Interaktion mit Gegenständen, hektische Gefechte, das Stöhnen der Zombies in den Straßen, raschelnde Blätter, peitschender Höhenwird, entfernte Klänge des Gebirges oder Schusswechsel in weiter Ferne, nichts wirkt deplatziert. Auch die Kämpfe wertet das Sounddesign enorm auf, lässt zersplitternde und brechende Knochen, reißendes Fleisch und blubbernde Eingeweide ebenso unappetitlich wie beeindruckend erklingen. Die Atmosphäre der Open World wird so sehr durch Musik, Sounddesign und Environmental Storytelling getragen, wie tausend Seiten Dialog es nicht könnten. Castor Woods wirkt trotz seiner natürlichen Idylle dabei oft sehr beklemmend. Ein Ort, über dem stets die bedrohliche Stimmung eines unmittelbaren Unheils liegt. Überwältigender Horror, der hinter jeder Ecke lauern könnte, ganz sicher jedoch nachts sein Antlitz zeigt. Der Einbruch der Nacht ist wieder absolut genial inszeniert. Abends flaut zunächst der Wind ab, dann piept der Alarm der Armbanduhr, eine beklemmende Stille mit ominösem Rumpeln in den Bergen tritt ein, bevor die markerschütternden Schreie der Schattenjäger ihr Erscheinen ankündigen. Dieser ganze Ablauf ist ein Beispiel von perfekt geplantem und exakt bemessenem Horror. Er funktioniert perfekt und steht im reizvollen Kontrast zu den beruhigen Klängen der Natur am Tag.
Die Nacht lockt bei großem Risiko wieder mit großen Belohnungen. Die nächtlich verdoppelten XP und seltene Ressourcen beschleunigen das Vorankommen bei dringend benötigten Upgrades. Auf den höchsten Schwierigkeitsgraden wird DLTB zwar lange kein Soulslike, machte mir aber schnell deutlich, dass man keinen Vorteil ausschlagen und im Zweifel lieber gut equipped und überlevelt sein will. In kleinerem Format bieten die zurückkehrenden Dark Zones die gleiche Erfahrung, ködern zudem mit einzigartigen und Belohnungen. Leider werden die Dark Zones schnell repetitiv und öde. Ein Dilemma, da man auf die wertvollen Ressourcen angewiesen ist, dafür jedoch Langeweile ertragen muss. 
Die primäre Gameplay-Formel wird dadurch aber kaum runtergezogen, welche durch das gelungene Kampfsystem glücklicherweise stark aufgewertet wird. Kämpfe sind hart, oft ressourcenintensiv, dabei aber stets fair und nachvollziehbar. Wenn man stirbt, geschieht dies meist blitzschnell. In den frühen Phasen der Story ist man noch schwach und sehr auf fleißiges Plündern, vorsichtiges Vorgehen und die geschickte Nutzung der Umgebung angewiesen, bevor sich ein angenehmer Power Creep einschleicht und man vom Gejagten zum Jäger wird. Selbst in Bosskämpfen bekommen wir dabei praktisch komplett freie Hand, dürfen Nahkampfwaffen in jeder Situation Seite an Seite mit Schusswaffen, Sprengstoffen und anderen exotischen Werkzeugen nutzen. Das Gunplay ist solide, aber das Hauptfeature bleibt natürlich das elaborierte Nahkampfsystem. Das rudimentäre aber überraschend funktionale Schleichsystem hat mich beeindruckt und wer gerne mit Bögen kämpft, wird hier voll auf seine Kosten kommen. Bei den Skills gibt es alte Bekannte und so manche spaßige Neuerung. Die große Attraktion ist natürlich der titelgebende Biest-Modus, welcher als temporärer Power-Boost funktioniert, eigene Skills mit sich bringt, dabei aber leider etwas hinter meinen Erwartungen zurückbleibt und schnell zur routinemäßigen Mechanik ohne echte Nachteile wird. Ich hätte mir eine tiefergehende Einbindung durch die Story gewünscht.
Denn die Story ist auch in diesem Teil der Reihe die objektiv größte Schwäche, zum Glück aber weit von einem Totalausfall entfernt. Die Geschichte bleibt angemessen spannend und man will immer erfahren, was als nächstes geschieht. Charaktere und Plot funktionieren, bleiben dabei nachvollziehbar und interessant, anders als im oft sehr linkisch geschriebenen DL2. Weniger ist manchmal mehr und so bekommen wir keine großen Fraktionsmechaniken und Entscheidungen geboten, sondern eine sehr bodenständige und persönliche Geschichte, die extrem von Kyle als bekanntem Protagonisten profitiert und bewusst einen kleineren Fokus setzt. Kyle funktioniert als Charakter auf einer fundamentalen, menschlichen Ebene und wächst dem Spieler richtig ans Herz. Seine Vergangenheit plagt ihn, aber auch die Gegenwart vermag ihn zu quälen. Ein paar Twists waren vorhersehbar, andere weniger. Manche Handlungsstränge verlaufen etwas ziellos und inkonsequent und einige Charaktere hätte ich mir pointierter gewünscht. Man bekommt das Gefühl, dass nicht alles auserzählt wurde und der Plot manche Figuren noch etwas besser hätte ausarbeiten können. Es kommt hinzu, dass die Handlung sich gegen Ende regelrecht überschlägt, obwohl es vorher eher gemächlich zuging. Das ist aber nur holpriges Pacing und grundlegend ist die Story gelungen, immer wieder unerwartet reif und berührend.

Insgesamt bin ich sehr zufrieden mit Dying Light: The Beast. Ich bin froh, dass es nicht wie ursprünglich geplant als Addon für das eher missglückte Dying Light 2 endete, sondern zum eigenständigen Spiel aufgewertet wurde. Es ist exakt, was die Reihe zum jetzigen Zeitpunkt gebraucht hat. Nicht alles ist perfekt, doch zusammengenommen macht Dying Light: The Beast so unerwartet viel Spaß, dass es für mich zum absoluten Überraschungshit geworden ist.",positive,steam_live,3008130,True,1777943438,6187,german,3,0.545454561710357666,True,False,False
Dying Light: The Beast,Fun if ur into dying llight,positive,steam_live,3008130,True,1777942173,338,english,0,0.5,True,False,False
Dying Light: The Beast,"Great game, so much fun killing zombies, getting perks to improve skills, looking around and finding new gear.  Lots to do, a LOT of optional content.  Keep at it and you can max out your skills.
I appreciate the devs keeping at it and giving us a new game mode where killing zombies keeps em dead, makes each kill special and another way to play just clearing out zones if desired.  I also like them keeping at the new mode and giving the players the choice of how they wanted to play it.  Myself I hate survival games (and never thought of Dying Light in too much of that vein) where I have hunger meters so was thrilled and jumped into new mode as soon as I could turn starving off.
I'm expecting and looking forward to another game in this series, for me it just keeps improving.",positive,steam_live,3008130,True,1777939036,4391,english,7,0.595234036445617676,True,False,False
Dying Light: The Beast,I like the game,positive,steam_live,3008130,True,1777934557,1847,spanish,0,0.5,True,False,False
Dying Light: The Beast,bro ts game lowk sum ass just play it w ur boy if u alrdy f$#king got it and cant get a damn refund like me,negative,steam_live,3008130,False,1777934176,1055,english,0,0.424164503812789917,True,False,False
Dying Light: The Beast,even more zombe :),positive,steam_live,3008130,True,1777927155,5108,english,0,0.5,True,False,False
Dying Light: The Beast,"Story: 7/10
Map: 1/10
Weapon selection: 2/10",negative,steam_live,3008130,False,1777927028,1449,german,1,0.523809552192687988,True,False,False
Dying Light: The Beast,dying light: the electrician,positive,steam_live,3008130,True,1777923078,747,english,0,0.5,True,False,False
Dying Light: The Beast,bom demais descer a porra em zumbi,positive,steam_live,3008130,True,1777923064,1455,brazilian,0,0.5,True,False,False
Dying Light: The Beast,666,positive,steam_live,3008130,True,1777913641,3559,schinese,0,0.5,True,False,False
Dying Light: The Beast,по сравнению с предыдущими частями калл редкостный,negative,steam_live,3008130,False,1777913562,1516,russian,4,0.459849566221237183,True,False,False
Dying Light: The Beast,"Eceller sıkıntı, özellikle daha da zor oynuyorsanız daha fena...",positive,steam_live,3008130,True,1777911991,265,turkish,0,0.5,True,False,False
Dying Light: The Beast,"as always with DL franchise, Absolute Cinema. (DL2 still my favorite, DLTB lacks content in compare to DL2 and sometimes feeling was kinda hollow, but it it's still great game, Recommending.",positive,steam_live,3008130,True,1777909588,6271,english,0,0.5,True,False,False
Dying Light: The Beast,"Все 3 части,бомба!",positive,steam_live,3008130,True,1777908825,1109,russian,0,0.47826087474822998,True,False,False
Dying Light: The Beast,игра супер,positive,steam_live,3008130,True,1777907881,7729,russian,0,0.5,True,False,False
Dying Light: The Beast,"Es decente, recupera la esencia del primero y es muchísimo mejor que el 2

7,5/10",positive,steam_live,3008130,True,1777906628,1917,spanish,0,0.5,True,False,False
Dying Light: The Beast,I'm craning it,positive,steam_live,3008130,True,1777901996,927,english,0,0.5,True,False,False
Dying Light: The Beast,올리비아 죽이고싶다,positive,steam_live,3008130,True,1777893622,1505,koreana,0,0.5,True,False,False
Dying Light: The Beast,super the beastmode,positive,steam_live,3008130,True,1777892698,2809,polish,0,0.5,True,False,False
Dying Light: The Beast,"Peak

قمة",positive,steam_live,3008130,True,1777887762,4482,english,0,0.5,True,False,False
Dying Light: The Beast,狗屎，越玩越火，跑酷跑不爽，战斗杀不爽，走路上百分百要被僵尸挠一下，动不动就上来抱，我他妈十一级砍六级区的僵尸还要三刀，麻痹三四个僵尸在室内就各种抱，砍一会体力就没了，火的很，什么都感觉差点，任务指引做的一坨狗屎，剧情也烂，操，我很喜欢消光，但这部很失望,negative,steam_live,3008130,False,1777877630,1341,schinese,1,0.52173912525177002,True,False,False
Dying Light: The Beast,"Great addition to the dying light universe.  If you enjoyed the first two games, you will love this one as well.",positive,steam_live,3008130,True,1777871347,2414,english,0,0.5,True,False,False
Dying Light: The Beast,Way better than DL2 but not as good as DL1. Very solid game overall,positive,steam_live,3008130,True,1777867693,871,english,0,0.5,True,False,False
Dying Light: The Beast,"Вот я и закончил проходить все трилогию (пока что) dying light. И единственное что могу сказать - это было ОФИГЕННО. Если первая для меня считается эталоном серии, а вторая часть отличной игрой (хоть и с некоторыми минусами) то вот the beast я считаю очень крутым экшеном, в который каждый любитель зомби и крови должен сыграть. The beast можно сказать вернула тот дух первой части (а также некоторые механики) , и выдала нам офигенную игру с потрясающим открытым миром и паркуром, вернула нам Кайла Крейна в качестве главного героя и вернула огнестрельному оружию снова высокую роль в игре. Рекомендую купить и почувствовать весь этот кайф.",positive,steam_live,3008130,True,1777858881,1830,russian,1,0.523809552192687988,True,False,False
Dying Light: The Beast,"Clearing up the backlog series/thing;

As a start Huge Dying Light fan, and going back further Dead Island fan.
I wasn't sure what to think with this one, as Dying Light 2 was a step back from me and in a way felt like a completely different game BUT....
The Beast has manage to patch some of these holes for me and its done a brilliant job, I think the story was great, the fighting satisfying and really played on both DL1 and 2s Strengths. 
As I am speed running my back log, I WILL BE RETURNING TO THIS!

The Restored Land update is like a kiddish dream I had when I used to play zombie games, and the fact it's here now is insane. 

Similar to what I said in another review this isn't on the same wavelength as DS3 or Sekiro, but for my personal enjoyment it was a masterpiece so I will give it a 9.5/10 - yet again more of a personal score than a critical score - but truly enjoyed my time with this and will be returning to clear the map of the undead.",positive,steam_live,3008130,True,1777849507,1544,english,0,0.5,True,False,False
Dying Light: The Beast,bueno,positive,steam_live,3008130,True,1777849219,10146,spanish,0,0.5,True,False,False
Dying Light: The Beast,nostalgia bait.,negative,steam_live,3008130,False,1777847310,928,english,1,0.52173912525177002,True,False,False
Dying Light: The Beast,免费获得当它dlc玩玩还算是诚意满满，要是花钱当正统续作买那真是拉完了。,positive,steam_live,3008130,True,1777844244,3021,schinese,0,0.5,True,True,False
Dying Light: The Beast,"sais devenue un de mes jeux préféré!!
réalisme très remarcable mais quelque détail de déplacement du perssonage qui pourrais être amilioré comme la posture sur un pied ou se tenir sur les bord, sur cela très bon jeux je le recommande fortement!",positive,steam_live,3008130,True,1777843879,2080,french,0,0.476190477609634399,True,False,False
Dying Light: The Beast,"Игра имеет спорные моменты, которые заставляют сомневаться в том, что это полноценная игра, а не дополнение (DLC). Сюжет чрезмерно растянут, и основное внимание уделено беготне по локациям.

Положительным моментом является возвращение к стилю боёвки и физики из первой части. Однако в игре изначально мало контента, а дополнения в патчах кажутся незначительными. В сравнении с первой частью, где дополнительного контента было больше, чем основного сюжета, здесь ситуация обратная.

После нескольких прохождений на высоком уровне сложности можно с уверенностью сказать, что назвать это полноценной игрой сложно. Разработчикам стоило бы выпустить это как DLC, а не как новую часть по полной стоимости.

Тем не менее, если брать игру по скидке, она может оказаться неплохой, особенно для совместного прохождения. В плане геймплея, механик и графики вопросов нет — всё отлично. За более чем 100 часов игры баги не встречались (на релизе, возможно, они были, но были исправлены патчами).

Надеюсь, разработчики добавят действительно стоящий контент, а не только косметические изменения. После двух прохождений для получения достижений в игре может стать скучновато из-за отсутствия новых занятий.

Считаю, что игра приносит удовольствие, но не стоит полной стоимости. Тем не менее, игру рекомендую для проведения времени в компании пары друзей!",positive,steam_live,3008130,True,1777833543,6465,russian,0,0.5,True,False,False
Dying Light: The Beast,"Я пытался заставить себя поиграть несколько раз.
Ну это же буквально предыдущие части с новым сюжетом...",negative,steam_live,3008130,False,1777829876,1708,russian,2,0.477222800254821777,True,False,False
Dying Light: The Beast,Muito boa continuação do Crane. Estou achando legal até agora.,positive,steam_live,3008130,True,1777822249,858,brazilian,0,0.5,True,False,False
Dying Light: The Beast,"Fun game. Loved the first game, liked the second. This one combines the best of both. Overall very satisfied, and even after several new game+ playthroughs, the restored land brought a fresh challenge that I enjoy.",positive,steam_live,3008130,True,1777814460,6730,english,0,0.5,True,False,False
Dying Light: The Beast,ABSOLUTE CINEMA,positive,steam_live,3008130,True,1777808269,1681,english,0,0.5,True,False,False
Dying Light: The Beast,"Estaba en un vacío en el que ningún juego ni nada me llenaba. Picoteando con uno y otro. Tenía este en la lista porque me gustaron mucho los dos anteriores, sobre todo el uno. Y en solo hora y media, ya estoy ultra mega dentrísimo. Se ve increíble, se juega increíble y tiene lo mejor de Dying Light elevado al máximo. Vuelve esa sensación de impacto real bastante chula al machacar zombis que tenía el uno y parece que se perdió un poco en el 2. Ahora me da pena tener unas ganas tremendas de fumármelo como si nada porque no quiero volver al vacío :( Armas de todo tipo, parkour, vehículos, la progresión, el crafteo, el mundo abierto, físicas y satisfacción pura al golpear a los zombis. Hasta la música, que no es algo a destacar en estos juegos, parece que en éste han querido destacarla un poco más y mola bastante. Me encanta todo. Gracias Techland. A viciar.",positive,steam_live,3008130,True,1777803239,487,spanish,0,0.5,True,False,False
Dying Light: The Beast,"que juegazo 
arreglaron todo lo mal que hicieron en dying light 2 y plasmaron este juegazo",positive,steam_live,3008130,True,1777786985,2015,latam,0,0.476190477609634399,True,False,False
Dying Light: The Beast,yessssssssssssssssssssssssssssssssssssssssssssssssssssssssssssssssssssssssssssssssssssssssssssssssssssssssssssssssssssssssssssssssssssssssssssssssssssssssssssssssssssssssssssssssssssssssssssssssssssssssssssssssssssssssssssssssssssssssssssssssssssssssssssssssssssssssssssssssssssssssssssssssssssssssssssssssssssssss,positive,steam_live,3008130,True,1777786930,4343,english,0,0.5,True,False,False
Dying Light: The Beast,runs like ♥♥♥♥ ngl,negative,steam_live,3008130,False,1777775685,2837,english,0,0.5,True,False,False
Dying Light: The Beast,"If you're a fan of the previous games and have an itch for more Dying Light, then maybe give this one a try if it's on sale. Otherwise, I can't recommend this game. 

A lot of my frustrations stem from a lack of visual cues that could give the player a better idea of what the game designer wants them to do. For example, part of this game is climbing buildings, but not everything is climbable. This is fine but there needs to be a clear distinction between what objects on a building can and can't be climbed. When everything is the same poop color theme, the player has to spend extra time trying to figure out what to do. 

I might forgive the lack of visual cues and attribute my negative experience unique to me but the other part of my frustrations with this game is poor mission design. The prime example of this is one mission where the objective is time sensitive. You're required drive to location and have to exit the the vehicle in a specific area otherwise the game will tell you need to get back into the vehicle - even if you're already clearly at the objective. The objective is within a house and your only indicator is that you're within the objective area and that you have to look for the room you need to go to while the timer is running out. I failed this multiple times because the house is empty and the there's no clear indication of what room I need to go into. I ultimately had to look up a youtube guide to learn that I'm supposed to open door immediately on my left after entering the house to trigger completion of the objective. Looking at the comments of the video, my experience was definitely not unique. This mission could benefit from a visual cue of what door the player needs to open or simply trigger the objective complete once entering the house and trigger the cut scene.",negative,steam_live,3008130,False,1777773584,3519,english,0,0.5,True,True,False
Dying Light: The Beast,"Fantastic, it feels like a true return to form after the bloated mess that was Dying Light 2. It really feels like what Dying Light 2 should've been. 

The graphics are stunning, it's very optimized (which is unfortunately not the standard nowadays) and the gameplay is fun. The parcour feels great and the combat is super weighty and incredibly brutal. The story feels like some kind of b-movie revenge splatter film and is just some simple fun. Kyle Crane is back and still the GOAT and i love the cheesy lines he spews throughout the story. 

I heavily recommend it, especially if you loved the first Dying Light.",positive,steam_live,3008130,True,1777762220,3883,german,1,0.5,True,False,False
Dying Light: The Beast,"Great sequel to DL2, I'm really enjoing it. I hope they keep adding content and expanding on it. Also that they include it in the arnory at the pilgrim outpost would be cool. I want more, a lot more.",positive,steam_live,3008130,True,1777757949,1829,english,0,0.5,True,False,False
Dying Light: The Beast,MOLA con amigos,positive,steam_live,3008130,True,1777756700,828,spanish,0,0.5,True,False,False
Dying Light: The Beast,f,positive,steam_live,3008130,True,1777751295,2338,german,0,0.5,True,False,False
Dying Light: The Beast,"A great game. They combined the good from the first and second games! 

Fun parkour, interesting story, and nice missions. The villian didn't get a lot of screen time but his scenes are pretty impactful.",positive,steam_live,3008130,True,1777749923,2192,english,0,0.5,True,False,False
Dying Light: The Beast,supeer,positive,steam_live,3008130,True,1777749762,1056,czech,0,0.5,True,False,False
Dying Light: The Beast,+++,positive,steam_live,3008130,True,1777747524,1414,russian,0,0.5,True,False,False
Dying Light: The Beast,"Que juegazo aunque algo corto , estaria bien si metieran mas misiones y eventos como en el Dying Light 2. CTM colerico alpha, prros sustos saca cuando salgo de una zona y el wey me espera afuera.",positive,steam_live,3008130,True,1777742722,2879,latam,0,0.5,True,False,False
Dying Light: The Beast,"Coop-ed with 2, was great fun. Better coop than the previous games, decent story, lots of zombies :)",positive,steam_live,3008130,True,1777741204,1903,english,0,0.5,True,False,False
Dying Light: The Beast,Juegazo,positive,steam_live,3008130,True,1777739343,4013,english,0,0.5,True,False,False
Dying Light: The Beast,"Dying Light: The Beast shows strong potential with its fast-paced parkour, tense combat, and immersive open-world design. It feels engaging, with a solid mix of exploration and survival mechanics. Performance is decent, running around 100 FPS on average at 4K maxed out, with lows around 80 FPS, keeping gameplay smooth and responsive overall.",positive,steam_live,3008130,True,1777736619,60,english,0,0.472440958023071289,True,False,False
Dying Light: The Beast,good very nice game,positive,steam_live,3008130,True,1777736082,6724,english,0,0.5,True,False,False
Dying Light: The Beast,Fajna Fabuła i wgl wszystko jest bardzo realistyczne oceniam gre 10/10,positive,steam_live,3008130,True,1777733481,1893,polish,1,0.523809552192687988,True,False,False
Dying Light: The Beast,"O que dizer dessa obra de arte? Dying Light The Beast é um jogo de puro fan service incrível mantiveram muitas coisas do DL2 e melhoraram muitas outras coisas, o combate está fantástico, parkour melhorou muito mesmo, as habilidades da árvore foram muito bem pensadas, o gancho foi nerfadasso mas agora vc se sente o homem-aranha balançando por castor hoods,",positive,steam_live,3008130,True,1777733047,3550,brazilian,0,0.5,True,False,False
Dying Light: The Beast,nqkoi da mi go sloji,positive,steam_live,3008130,True,1777732186,415,english,0,0.5,True,False,False
Dying Light: The Beast,Legkomolyabb :D,positive,steam_live,3008130,True,1777730948,5347,hungarian,0,0.5,True,False,False
Dying Light: The Beast,it is fun,positive,steam_live,3008130,True,1777730611,982,english,0,0.5,True,False,False
Dying Light: The Beast,"This is a amazing game. If you enjoyed the first game, This is what the second game should have been like. I look forward to spending and enjoying many hours in this game. I cannot wait until extra content is added. the best part is, it still runs well on a 3 year old MSI labtop. Well done!",positive,steam_live,3008130,True,1777728631,16816,english,0,0.5,True,False,False
Dying Light: The Beast,impressive game,positive,steam_live,3008130,True,1777727312,3756,english,0,0.5,True,False,False
Dying Light: The Beast,Неожиданно - смогли :),positive,steam_live,3008130,True,1777726656,2847,russian,0,0.5,True,False,False
Dying Light: The Beast,"Как человек, которого Dying Light затянула ещё с первой части и не отпускает до сих пор, я просто обязан высказаться. The Beast — это именно то, чего душа просила. Я не спал до трёх ночи, проходил миссию за миссией, и оторваться было нереально.

Смотрите, по сюжету: Крейн возвращается, и он теперь не просто выживший с битой, он сам стал чем-то бóльшим. В нём просыпается звериная сущность, и это не просто галочка для сюжета — это реально работает. Ты носишься по карте, разрываешь заражённых голыми руками, рычишь, прыгаешь как одержимый, и оно ощущается чертовски круто. Как будто тебе наконец дали ту самую силу, которой так не хватало, когда ты прятался по крышам в первой части.

Мир, кстати, не пытается притворяться огромным ради галочки. Он камерный, плотный, каждый уголок чем-то занят. Исследуешь — и постоянно натыкаешься на какие-то детали, заметки, истории. Если не хочется идти по сюжету, можно просто гулять ночью и проверять нервы на прочность. Ночь тут всё так же прекрасна в своей жестокости. Звук поставлен так, что ты сидишь в наушниках и реально вертишь головой на каждый шорох.

Отдельно скажу про атмосферу. Она гнетущая, мрачная, но при этом красивая до мурашек. Закаты над мёртвым городом, туман в лесу, полуразрушенные дома — рука так и тянется делать скриншоты. Я не фанат фоторежимов обычно, но тут реально залипал.

Косяки есть, куда без них. Текстуры иногда подводят, пару раз было забавное, когда враг застрял в стене и дёргался как в конвульсиях. Но после первого патча стало уже лучше, и это вообще не мешает удовольствию. Ночные миссии всё так же выжигают нервы — если не любите хорроры, может быть тяжеловато. Но это же Dying Light, тут по-другому и быть не должно.

В итоге: это не просто игра на вечер, это полноценное возвращение туда, где хорошо и страшно одновременно. Если скучали по Крейну, по ночным забегам, по этой уникальной смеси паркура и зомби-апокалипсиса — берите не думая. Я уже часа тридцать наиграл и останавливаться не собираюсь.",positive,steam_live,3008130,True,1777723857,2826,russian,2,0.545454561710357666,True,False,False
Dying Light: The Beast,EXTREMELY BAD,negative,steam_live,3008130,False,1777722461,1232,english,0,0.5,True,False,False
Dying Light: The Beast,"Лучшая игра серии из возможных, возвращение легендарного Кайла Крейна с новой мотивацией и способностями. Из минусов пожалуй только то что тут значительно стало меньше места для паркура, но бегая по округе или катаясь на машине вообще этого будто и не замечаешь
11/10",positive,steam_live,3008130,True,1777714528,6755,russian,0,0.5,True,False,False
Dying Light: The Beast,just like the rest of their games this game is amazing,positive,steam_live,3008130,True,1777711433,540,english,0,0.5,True,False,False
Dying Light: The Beast,游戏是好的，画面好，操作流畅，剧情中规中矩，但就是内容太少了，流程较短，装备道具少而且没什么特点，载具也没升级和自定义选项，就只有一些没意义的皮肤，很明显不值得249￥，建议多增加一些游戏内容，装备，道具，避难所什么的,negative,steam_live,3008130,False,1777708717,2550,schinese,0,0.5,True,False,False
Dying Light: The Beast,찾았다 내 인생게임,positive,steam_live,3008130,True,1777708080,2069,koreana,0,0.5,True,False,False
Dying Light: The Beast,GRA LEPSZA OD DL2. MOIM ZDANIEM NA ROWNI Z DL1,positive,steam_live,3008130,True,1777699554,1729,polish,0,0.5,True,False,False
Dying Light: The Beast,"Absolutely loved this game, both in Original and Restored Land modes.  Have played all 3 installments in the Dying Light Franchise and recommend them all.",positive,steam_live,3008130,True,1777693605,13160,english,0,0.5,True,False,False
Dying Light: The Beast,I feel like a beast on the toilet and it reminds me of this game,positive,steam_live,3008130,True,1777691403,2856,english,0,0.5,True,False,False
Dying Light: The Beast,THE BEAST,positive,steam_live,3008130,True,1777687779,1139,english,0,0.5,True,False,False
Dying Light: The Beast,There 3rd drop kick zombie simulator. 10/10,positive,steam_live,3008130,True,1777686588,267,english,0,0.5,True,False,False
Dying Light: The Beast,"I really like all the games in the series, with 2 being my favorite. Though i recommend this entry the other two games cost a lot less and connect directly to The Beast's story so i would recommend those first. The other games also have a lot more content over all. 

likes:
the additions to the lore of dying light. way better gun play and weapon models, guns are also more available and there are more kinds of weapons like saw blade thrower and flame thrower. powers are cool.

dislikes:
Bugs from the first game are still in this game, nothing major but they are still annoying. Fewer missions, three too many carrying the heavy thing missions. And the world feels less alive compared to two. Felt very boss rush, and the bosses arent very good. Side mission structure could've been better in contrast to the main story.

thoughts on the ending
[spoiler] The ending was decent and its a really good villain scene but i thought it was kind of a waste to kill Spike, and spike is kinda like father figure to Aiden and i felt like that aspect wasn't fully explored in this or the second game, also too many betrayals. [/spoiler]",positive,steam_live,3008130,True,1777682415,4793,english,0,0.5,True,False,False
Dying Light: The Beast,狗屁龟男原谅剧情,negative,steam_live,3008130,False,1777677564,1431,schinese,2,0.53580176830291748,True,False,False
Dying Light: The Beast,"♥♥♥♥♥ zajebista fabuła najlepszy zakończenie 
mechanika gry ŁAŁ tylko no w 1 i 2 wydaje mi się trochę bardziej rozbudowana 
grafika perfekto
nowe zombiaki to więcej wyzwań 
nie wiem co mogę więcej na temat tej gry powiedzień no Absolut cinema moi drodzy",positive,steam_live,3008130,True,1777672341,3087,polish,0,0.5,True,False,False
Dying Light: The Beast,muy buen juego,positive,steam_live,3008130,True,1777671802,5943,latam,0,0.5,True,False,False
Dying Light: The Beast,"███████████████████████████
███████▀▀▀░░░░░░░▀▀▀███████
████▀░░░░░░░░░░░░░░░░░▀████
███│░░░░░░░░░░░░░░░░░░░│███
██▌│░░░░░░░░░░░░░░░░░░░│▐██
██░└┐░░░░░░░░░░░░░░░░░┌┘░██
██░░└┐░░░░░░░░░░░░░░░┌┘░░██
██░░┌┘▄▄▄▄▄░░░░░▄▄▄▄▄└┐░░██
██▌░│██████▌░░░▐██████│░▐██
███░│▐███▀▀░░▄░░▀▀███▌│░███
██▀─┘░░░░░░░▐█▌░░░░░░░└─▀██
██▄░░░▄▄▄▓░░▀█▀░░▓▄▄▄░░░▄██
████▄─┘██▌░░░░░░░▐██└─▄████
█████░░▐█─┬┬┬┬┬┬┬─█▌░░█████
████▌░░░▀┬┼┼┼┼┼┼┼┬▀░░░▐████
█████▄░░░└┴┴┴┴┴┴┴┘░░░▄█████
███████▄░░░░░░░░░░░▄███████
██████████▄▄▄▄▄▄▄██████████
███████████████████████████",positive,steam_live,3008130,True,1777669394,477,russian,0,0.5,True,False,False
Dying Light: The Beast,Best game ive played since the last 2 came out,positive,steam_live,3008130,True,1777667553,1769,english,2,0.523809552192687988,True,False,False
Dying Light: The Beast,it funny game i love this game,positive,steam_live,3008130,True,1777666301,3526,thai,0,0.5,True,False,False
Dying Light: The Beast,"Excelente juego para descargar la furia interna destruyendo cabezas de no muertos, mientras haces movimientos exquisitos de ejuciones totalmente gore y brutales, es un juego viciante, si no tenes mucho tiempo vas a tener que saber administrarlo por que te consume la vida el jueguito... más si sos como yo y queres hacerle el 100%, a diferencia del 2 se siente mucho más ""fps"" como el 1, que a mi parecer es excelente, ya que el 2 no terminó de atraparme. en resumen compralo si te gustó el 1 por que es lo mismo con mejores graficos y más gore :P",positive,steam_live,3008130,True,1777666052,1912,latam,0,0.5,True,False,False
Dying Light: The Beast,如果这是你的第一部消光，那它就是神作；如果它是第二部，那它就是中规中矩的i小体量战斗爽游；如果这是你的第三部消光，那你就是找史大王😋,positive,steam_live,3008130,True,1777660055,4218,schinese,11,0.665184676647186279,True,False,False
Dying Light: The Beast,----,negative,steam_live,3008130,False,1777654186,1614,english,0,0.450000017881393433,True,False,False
Dying Light: The Beast,A worthy sequel !,positive,steam_live,3008130,True,1777651294,2779,english,0,0.5,True,False,False
Dying Light: The Beast,"I am somebody who has LOVED this franchise since DL1, growing up with games like this was fun, a simpler time, I HEAVILY recommend this game to any fellow Dying Light enjoyer, I've encountered some glitches here and there, but that's to be expected from newer releases, at least one glitch or bug",positive,steam_live,3008130,True,1777650679,2142,english,0,0.5,True,False,False
Dying Light: The Beast,"Пока что лучшая dl из всей серии игр. Да dl никогда не умел в сюжет но все таки в dl не ради сюжета играют , а ради отличного паркура и отличной и очень отзывчивой боевки. 10 крейнов из 10",positive,steam_live,3008130,True,1777642243,2632,russian,0,0.5,True,False,False
Dying Light: The Beast,New mode is a master piece for dead island beginners of good zombie games.,positive,steam_live,3008130,True,1777637772,2224,english,1,0.523809552192687988,True,False,False
Dying Light: The Beast,im craning it,positive,steam_live,3008130,True,1777630686,936,english,0,0.5,True,False,False
Dying Light: The Beast,Tuffest game of whole franchise,positive,steam_live,3008130,True,1777622832,2816,english,0,0.5,True,False,False
Dying Light: The Beast,лучшая и ♥♥♥♥♥♥♥♥ игра с чадами,positive,steam_live,3008130,True,1777619673,1387,russian,0,0.5,True,False,False
Dying Light: The Beast,"PLENTY TO DO, MANY PLACES TO RUN, MANY BUTTONS TO MASH AND MANY ZOMBS TO PUNISH",positive,steam_live,3008130,True,1777618765,1489,english,0,0.5,True,False,False
Dying Light: The Beast,抓勾玩的太憋屈了移动机制勉强还行但就有些地方就抓不住😡😡😡😡😡😡😡,negative,steam_live,3008130,False,1777608305,2233,schinese,0,0.5,True,False,False
Dying Light: The Beast,Отличная игрушечка просто бомбочка!,positive,steam_live,3008130,True,1777595287,2393,russian,0,0.5,True,False,False
Dying Light: The Beast,Me ha encantado.,positive,steam_live,3008130,True,1777594207,7655,spanish,0,0.5,True,False,False
Dying Light: The Beast,"Solid experience so far, its very much what you would expect from a Dying Light experience.
While its way better than the second game in almost all regards; it can't beat the iconic nature of the first game. 
The Story is fine? It's better than 2 and more memorable but thats not saying much. 
It's pretty campy and there are some wonderfully cheesy lines from Crane when he goes Beast mode in story moments, but thats kinda a part of the fun, nobody really expects a masterpiece in storytelling.
It has it's moments but mostly its what you're gonna expect from DL (Action movie get the big bad and save the day while fighting your own demons type story)
It held my attention for the most part, but I was more curious and having fun than actually emotionally invested.

A few things that are massively improved from the second game would be:
1. Actual pitch-black dark and terrifying night gameplay that skips the UV mechanics of the second game that eventually bec ome redundant mid-to-late game.
2. Way better gunplay in every way (could use some more variety however)
3. Better feeling melee combat with improved ragdoll physics that they somehow managed to mess up a little in DL2.
4. Bigger focus on zombies and not humans like the second game while not cutting out what made human encounters good.
5. Really good weather effects: the rain was absolutley gorgeus, the day/night cycle felt fleshed out and it was very clear even without looking at your watch when the night was coming.
6. More grounded map without massive immersion-breaking glowing chemical spills. The map is truly beautiful and packed with cool locations.

I would've liked a bigger map or maybe even a second one in theme with how the first and second game setup their maps. While there is A LOT of content here I can still sense the DNA of the DLC it was supposed to be at first.
In hindsight I probably should've paced myself a little, I ended up finding all of the safe spots before I was even done with the main plot and retracing the map for story quests felt a bit like a grind by the end.

Either way I had a great time and I loved being Crane again and slapping the undead around like they owed him money.
If you loved DL1/The following and liked DL2 then you're gonna enjoy this one a lot. It takes from both games and mixes it into a delicious gory soup, just for you.",positive,steam_live,3008130,True,1777592759,2687,english,0,0.5,True,False,False
Dying Light: The Beast,tam bir başyapıt bir oyunun yüzde yüzü mü efsane olur o vuruş hissi oyunun mantığı herşey mükemmel devamını sabırsızlıkla bekliyoruz,positive,steam_live,3008130,True,1777590744,4406,turkish,0,0.5,True,False,False
Dying Light: The Beast,"Nothing much to say, honestly one of the best games i ever played in my life!",positive,steam_live,3008130,True,1777587625,4075,polish,1,0.523809552192687988,True,False,False
Dying Light: The Beast,"Runs a little choppy here and there with the fps wobbling around in areas with large amount of infected.

Beast mode pretty much gives you a front row seat to viltrumite backhanding 101.",positive,steam_live,3008130,True,1777585920,1889,english,0,0.5,True,False,False
Dying Light: The Beast,bom,positive,steam_live,3008130,True,1777585349,1894,brazilian,0,0.5,True,False,False
Dying Light: The Beast,"Devs made a video of them presenting the new patch, but it's their images moving with an AI animation tool. 

Just for using AI, and not specifying it on the steam page: NOT RECOMMENDED. And also frack off.",negative,steam_live,3008130,False,1777580006,1531,english,1,0.449162900447845459,True,False,False
Dying Light: The Beast,чотко,positive,steam_live,3008130,True,1777579761,1167,russian,0,0.5,True,False,False
Dying Light: The Beast,Kyle Crane Alpha,positive,steam_live,3008130,True,1777574563,2726,russian,0,0.5,True,False,False
Dying Light: The Beast,"This game lacks soul. The voice acting is painfully cringe. The world feels dull and lifeless. The quests are a drag and the story is predictable and uninspired. I wish the combat felt better, but as far as melee goes, it feels like you are swinging a pool noodle at zombies. The guns are great and actually deal good damage. The crafting is also good and feels nice to use. If you like killing zombies, then this game might scratch that itch, but I feel like I was forcing myself to play it just for the sake of not feeling like I wasted money on the game. Overall opinion is that the game is super boring and left me unsatisfied.",negative,steam_live,3008130,False,1777567532,1229,english,1,0.458333343267440796,True,False,False
Dying Light: The Beast,"Got this game thanks to the Dying Light 2 Ultimate edition i bought over 4 years ago, and as usual techland being absolute GOATs GAVE IT TO ME FOR FREE. Fricking love this company and this game franchise. Probably the biggest Dying Light Fanboy in my country. Definitely Recommend it as it effectively captures the vibe of the first game and adds so much more. Stunning Visuals and Exciting gameplay, what we've come to expect from Techland and Dying Light. Probably gonna drop 200+ hours on this like i did its predecessors lol",positive,steam_live,3008130,True,1777566914,5,english,0,0.5,True,True,False
Dying Light: The Beast,Controller does not keymap properly. Apparently it a common issue.,negative,steam_live,3008130,False,1777566901,26,english,0,0.5,True,False,False
Dying Light: The Beast,coop akiyo,positive,steam_live,3008130,True,1777565658,1364,turkish,0,0.5,True,False,False
Dying Light: The Beast,굿,positive,steam_live,3008130,True,1777564981,3531,koreana,0,0.5,True,False,False
Dying Light: The Beast,oynanış önceki oyunların aynısı sadece ateşli silahları eklemişler. Hikayesi iyiydi devamı gelir .  indirimdeyken alınabilir .  grafiklerde gözüme önceki oyunlarla aynı geldi . Seriyi seviyorsanız alınır oynanır .,positive,steam_live,3008130,True,1777562566,1651,turkish,0,0.5,True,False,False
Dying Light: The Beast,,positive,steam_live,3008130,True,1777559713,8380,russian,0,0.5,True,False,False
Dying Light: The Beast,супер норм,positive,steam_live,3008130,True,1777559612,1289,russian,0,0.5,True,False,False
Dying Light: The Beast,type shi,positive,steam_live,3008130,True,1777552238,3405,english,0,0.5,True,False,False
Dying Light: The Beast,"Максимально пытается быть первой части, но при этом ее основа это вторая часть с ее никакущим интерфейсом.

Боевка кардинально не далеко ушла от 2 части, она просто норм
Расчлененка пойдет, в 1 части было попросту лучше.

Смена времени суток это позор, слишком резко меняется, почти на глазах, не припомню такого даже в убогой второй части.
Restored Land это абсолютный пик, с радостью поиграл бы в подобное в первой части.
 
Внедорожник довольно слаб по сравнению с ВЕЛИКИМ БАГГИ, как средство передвижения по большой карте пойдет, но улучшить его нельзя, быстро ехать он не в состоянии, максимальная скорость всего 60 км/ч.

Саундтрек нету, буквально главная тема это ремикс из первой части и один трек который постоянно играет за рулем машины, надоело слушать эти помои и выключил музыку в игре на половине прохождения.

Продолжая тему того как игра копирует во всем DL1, структура сюжета частично буквально взята из первой игры, бегаешь, помогаешь людям в Ратуше (ака Башня местная), а потом всю игру остальную помогаешь людям из пещеры и про чубриков которым помогал сначала даже не вспоминаешь. 
Местный главный злодей по имени Барон, сделан лучше Раиса на мой взгляд (даже не смотря на то что у второго был небольшой бэкграунд который хорошо объясняет его действия, правда это было спрятано в записках в заднице мира) с ним даже есть нормальный босс файт. 

Оптимизация нормальная, жаловаться не на что, багов не встречал.

Итог - лучше чем DL2, хуже чем DL1, поиграть можно.",positive,steam_live,3008130,True,1777551758,1691,russian,0,0.5,True,False,False
Dying Light: The Beast,"meh , dl1 was the best",negative,steam_live,3008130,False,1777550582,289,english,1,0.512987017631530762,True,False,False
Dying Light: The Beast,"Dobra co mogę powiedzieć RESTORED LAND to KOMPLETNE DOŚWIADCZENIE, imersja jest zwiększona w sposób nie zwykły, bawiłem się świetnie 99% fabuły ma sens jedyne co to niektóre części ostatniej misji były po prostu na siłę i po ludzku dla mnie głupawe xD Takie starę złe nawyki Techlandu ale tak po za tym? Kurde Świetna robota ludzie każdy side quest (ominąłem 1 bo go nie znalazłem) był bardzo dobry a w najgorszym wypadku po prostu dobry xD 

Widzicie ? Jak nie zmieniasz 4 głownych scenarzystów i którzy rotują częściej niż atomy, gra ma ład i skład. Lepsze jest wrogiem dobrego, a w tym przypadku zayebiste jest wrogiem zayebistrzego, nie zmieniajcie składu na jakiś Amerykanców co zrobili dobrą gre ostatnio 10 lat temu bo tą częścią udało wam się uratować 2 odsłone. Zostawcie tych samych ludzi bez jakiś eksperymetów zróbcie dosłownie to samo tylko więce, poprawcie małe błedy/nonsensy j i tyle... 

No i proszę poukładajcie jakoś fabułe między 2 a 1 bo ktokolwiek wpadł na te pomysły fabularne utrudnił stworzenie sensownego serialu w dużym stopniu. 

Restored Land powinien być podstawowym trybem i jakby wyszedł w dzień premiery na maksymalnym hype rozwalili byście system. 

Podsumowując kilka niedociągnieć jest ale naprawdę małych, stworzyliście coś pięknego najlepsza gra w świecie zombie od lat  w mojej opinii (Restored Land). 

Budujcie na tym nie róbcie tego co z dwójką nie myślcie nawet o zburzeniu tych fundamentów xD

Super Robota Techland!",positive,steam_live,3008130,True,1777550075,2509,polish,0,0.5,True,False,False
Dying Light: The Beast,"Love it, if you're a fan of Dying Light 1, don't hesitate! I got it for free as I own DL2 Ultimate edition, didn't even know for half a year. Worth it!",positive,steam_live,3008130,True,1777544651,2029,english,0,0.495867788791656494,True,True,False
Dying Light: The Beast,"Le doy manita arriba por que es DL y Techland, y es imposible no dársela, AHORA BIEN....

Soy muy fan del dying light, pero este me recuerda demasiado al the following.

Lo he empezado a jugar directamente en ""Restored Land"" lo cual cambia bastante (y lo hace la experiencia interesante) pero sinceramente, este juego no me aporta gran cosa comparado a los anteriores y menos a 60€ que vale, es que se nota que iba a ser un DLC/Expansión, que bajo mi punto de vista es lo que debería haber sido y a 30€

Es un mal juego? no, pero siendo jugador de los anteriores se queda corto, quitado que el mapa es mi favorito, el resto de cosas no sé, el modo bestia está bien, pero sin más.

El colérico alfa lo matas y sigue respawneando, incluso en restored land, estoy un poco harto de ir a las zonas oscuras y una y otra vez el mismo pesao dando x cul0, tienes que ir a buscar los nidos y romperlos, y aun así, es una mecánica que se hace pesada. Hubiera sido interesante una vez lo matas se acabó, pero así, vaya tostón.

Las armas de fuego están implementadas desde el día 1, lo que las hace estar integradas y que no pase la cagada del 2, aun así, creo que el tema arcos/armas de fuego era mejor en el 1.

La historia a grandes rasgos es la misma que en los otros 3, un protagonista (2 veces Crane y 1 Aiden) contra un malo malísimo que quiere experimentar con el virus y controlar el territorio, no me estoy enterando demasiado por que ya paso, sinceramente.

Gráficamente ya cumple justito, tiene los mejores NPC de todas las sagas y el mapa bosque es bonito, pero tiene texturas de PS2, jugando en 2k en ultra, es que cosas del escenario, muchas de ellas, cuando te acercas a conectar corrientes se ven casi manchurrones de colorines en 2026.

El combate? bien, mas lento que en el 2 pero más flojo que en el 1

hay gente que dice que es el más terrorífico, yo creo que ni por asomo se acerca al 1.


No se, es buen juego pero creo que por lo menos para mí ya no vale el mas de lo mismo aunque esté bien hecho y lastra unos cuantos problemillas.

El que nunca haya jugado DL flipará (Como con cualquiera de la saga), ahora si ya llevas bien de horas en sus entregas.... no es que me haya sorprendido demasiado",positive,steam_live,3008130,True,1777543034,1566,spanish,0,0.5,True,False,False
Dying Light: The Beast,"Nice Graphics, Fast & Smooth Gameplay, Interesting Parkour System.",positive,steam_live,3008130,True,1777540769,1387,english,0,0.494937747716903687,True,False,False
Dying Light: The Beast,"Sehr sehr Schlecht. Wer die anderen teile kennt verpasst rein garnichts.
Teil 1/2 sind um Welten besser, da dieser fast nur aus Kopieren und Einfügen besteht.",negative,steam_live,3008130,False,1777530890,3413,german,1,0.4845714271068573,True,False,False
Dying Light: The Beast,Basically a lot less fun Dead Island 2,negative,steam_live,3008130,False,1777521405,1369,english,3,0.475323349237442017,True,False,False
Dying Light: The Beast,"No soy de hacer reseñas pero lo absoluto vale, me he pasado creo que 5 veces o más la campaña, incluyendo cuando el juego no lo tenia adquirido en una tienda, cada vez que me pongo a recordar lo genial que es el modo bestia tengo unas ganas de abrir el juego otra vez y divertirme destruyendo todo lo que se me cruza en mi camino, el combate es muy divertido y bueno, me gusta que el mapa se sienta tan diverso con diferentes ambientes como ciudad o naturaleza, y para aquellos que les guste terminar lo más rápido posible el juego se añadió el viaje rápido, el primer Dying Light que lo hace, no soy el mejor haciendo reseñas pero te aseguro a que si le das una oportunidad y unas misiones te terminara enganchando, solo tienes que ahorrar un poco para adquirirlo, absoluto cine (recomiendo las voces en ingles).",positive,steam_live,3008130,True,1777520716,5024,spanish,0,0.5,True,False,False
Dying Light: The Beast,Good game.,positive,steam_live,3008130,True,1777519980,6367,schinese,0,0.5,True,False,False
Dying Light: The Beast,"Dying Light 2 is way better than this game. The story is missing, the controls are off and not user friendly. I was expecting better...truly sad to see this game not do well or live up to the hype",negative,steam_live,3008130,False,1777515501,656,english,3,0.502569735050201416,True,False,False
Dying Light: The Beast,"juegazo, nada mas que decir.",positive,steam_live,3008130,True,1777510195,4343,spanish,0,0.5,True,False,False
Dying Light: The Beast,I wouldn't say its as good as the first one but still a good game. Props to the fact you can take Kyles shirt off.,positive,steam_live,3008130,True,1777509618,2136,english,0,0.494937747716903687,True,False,False
Dying Light: The Beast,"El maldito goty.

Atte,
El Oso",positive,steam_live,3008130,True,1777509479,1257,latam,0,0.5,True,False,False
Dying Light: The Beast,"Much better than the second game. And the restored lands is a very nice addition as well. Yall should make a zombie survival game like PZ, Vein, or something that would be cool. Overall great game and a true sequel in my opinion",positive,steam_live,3008130,True,1777506603,2198,english,0,0.494937747716903687,True,False,False
Dying Light: The Beast,"i finished the whole game mutiple times and also 100% it twice with the new restored land update and this is my honest review. (dont be angry at my bad english :( )

this game is a great step up from dying light 2 which honestly was a big disappointment.

story:
for starters i like the story in dying light the beast way more then 2. the story in dying light 2 was so annoying. like the main point is that i want to save my sister, but all these useless factions with their annoying ways of talking get in the way. like how am i supposed to care for what happens to them when i really dont give a f*ck. in dying light the beast the story is just straight. i hate the baron and i want to kill him. i go find some help to do it but its not like i dive into their lives completely.

map: the map is really beautiful the graphics is amazing and the city really looks like it was lived in. the parts of the map which not many people go to like the sides also have a lot of detail which is cool.

gameplay:
i really like the gameplay in this game. the grappling hook is really good and was like the grappling hook in dying light 2 day 1. i also like that you start with some movement techniques instead of having to learn it all because thats always a drag. the combat is also good i really feel it when i hit a zombie and the weapons also look cool just like dying light 1. the beast mode is really fun. i like it when i fight a horde of zombies and i can just go crazy in between them swinging around and doing ground pounds.

now onto things that i dont really like:

enemy variety: i dont care for some of the zombie types. like there are on the top of my head 7 types. the bosses are sometimes the same boss but reskins. like i get that its hard to think of new zombie boss types but come on. i have to fight the demolisher again but with a mask?????

skill tree: the skill tree (the main one not the beast) was kind of mid. like the skills i got weren't skills that had much impact. the only skill i really always wanted to get early was headstomp.

map: (yeah i know again) the map also has downsides. the buildings where to parkour are really grouped so the movement which is really good cant really be used everywhere. you have to drive a car to get to places or it takes so long (excluding fast travel which is new). if there is going to be a dlc for this game i hope they'll make a map with a lot of buildings and places to parkour.

the hunger and flashlight battery: its not that this is bad it just never was an issue. the food and batteries were plenty so i never had to worry about running out. most of the time it was annoying because it took an inventory slot.

but yeah even if i can list all the bad things its still a very good game. it felt like dying light 1 again even though nothing can compare to that masterpiece.",positive,steam_live,3008130,True,1777499937,6366,english,1,0.518756330013275146,True,False,False
Dying Light: The Beast,"Wow, they actually made a game worse than DL2. Same engine but some how made the combat feel clunkier and more stale. Please do yourself a favor(whoever is reading this), do not purchase this game. It's a genuine downgrade from every prior iteration. They some how with every new dying light game find out a way to ♥♥♥♥ over the player not only accessibility wise, but also the way players fight, how long fights go on for, and how spongey enemies are. There's no real design in the enemies that makes them hard whatsoever, everything just hits super hard, if you get hit. It's a copy and paste of DL2 but all the worst aspects. Little to no parkour, I'm supposed to run on roof tops but there's nothing that allows you to progress to other rooftops so you end up choosing a vehicle instead. Don't think I'll be purchasing another game from Techland. Especially when I can get games far better for $60.

Edit: Shortest and worst story of all time, don't know who wrote this but ♥♥♥♥♥♥♥♥ does the ludonarrative dissonance really ruin the entire story. Especially the ending.",negative,steam_live,3008130,False,1777498252,482,english,1,0.479204744100570679,True,False,False
Dying Light: The Beast,"This game fills in the gap between what happened to Crane from Harran to now. New mechanic called ""beast mode"" is super fun, ripping through enemies in this game is very fun. I will say though, at launch it was kinda rough, but funny rough. Every now and then you would have to restart the game because the day/night cycle would stop working, giving you the horrible experience of volatiles chasing you in broad daylight. Also with the new restored lands expansion, you can actually clear out the zombies. Along with some new vocal stims that I gained from it. Like ""crane hungy"" as well as the old one, like saying ""I'm beasting it"" over and over while I'm in beast mode.",positive,steam_live,3008130,True,1777496717,3545,english,0,0.499054402112960815,True,False,False
Dying Light: The Beast,Crain,positive,steam_live,3008130,True,1777496447,4081,english,1,0.522866010665893555,True,False,False
Dying Light: The Beast,I Love To Kill... Zombies...,positive,steam_live,3008130,True,1777493744,6082,english,0,0.5,True,False,False
Dying Light: The Beast,This should absolutely not be verified for steam deck. I don’t know if it’s just restored land that makes the game run like ♥♥♥♥ but wow. Tried for an hour to get the frames above 30 but it just wouldn’t. Most I got was 20-25,negative,steam_live,3008130,False,1777493535,56,english,1,0.504132270812988281,True,False,False
Dying Light: The Beast,Gameplay in itself feels good like they took most of the good mechanics from 1 & 2 and put them in this fun to play especially with friends but i cant give good on story i feel like they made the game then added the story seemed rushed to put together but im still playing it for the drop kicks,positive,steam_live,3008130,True,1777481408,3240,english,0,0.5,True,False,False
Dying Light: The Beast,да,positive,steam_live,3008130,True,1777479930,791,russian,0,0.5,True,False,False
Dying Light: The Beast,i dont like the graphics but its scary as ♥♥♥♥,positive,steam_live,3008130,True,1777479504,267,english,0,0.5,True,False,False
Dying Light: The Beast,parkuru zevkli zombi keserkende güzel sitres atılıyor,positive,steam_live,3008130,True,1777478200,732,turkish,0,0.5,True,False,False
Dying Light: The Beast,t社用了几分心思做的这个？很多设计都是拖时间的，本来打的凶残难度，打到结局看要打这么多个奇美拉给气笑了，果断调成最简单的打。真不知道你当年怎么做的1代，还一大堆商单吹这个玩意呢,negative,steam_live,3008130,False,1777475006,1578,schinese,0,0.5,True,False,False
Dying Light: The Beast,"I won't mince words. If you like the original dying light, the gameplay here is essentially the same but with more guns. The combat is still very fun, the movement is satisfying, and the looting and crafting still feels rewarding. The infected rage mode (devil trigger) you get early on is quite fun, and feels like becoming the doom marine for 20 seconds or so every half hour of gameplay. Easily 8/10 fun zombie punching sim.

The story though... its really, really bad. 

The story in the first game wasn't gold by any means, but you still felt attachment to your friends in the tower, and Ryze was an entertaining (if predictable) villain. It did its job giving you a narrative to build strength and slowly explore the world.

In this game, the characters are all painfully shallow, with no real friends or relationships developing at all. Kyle is an absolute ♥♥♥♥♥♥♥ to everyone, and they treat him much the same way. The ones that will ultimately betray you (and BOY are there a lot of those) can easily be predicted from the very first moment you meet them. The villain is literally just a D-tier resident evil scientist who becomes a big zombie for you to punch at the end.

In the original, the story missions pulled me into new areas, showed me new mechanics, and helped expand the world and story. In this one, the story missions made me sigh disappointedly as I waited for Kyle to be betrayed AGAIN, so that I could pull out my flaming lightning sword and/or shotgun, absolutely obliterate whatever obstacle was in front of me, then proceed to lose in the cutscene afterward.

Still though, I had fun. Make another and write Kyle with more depth than 'angry Arnold noise' and you might just get GOTY.",positive,steam_live,3008130,True,1777430114,2390,english,0,0.476190477609634399,True,False,False
Dying Light: The Beast,"Movement is clunky, constantly got me killed during chimera fights. The story also lacks creativity.",negative,steam_live,3008130,False,1777425914,6460,english,0,0.476190477609634399,True,False,False
Dying Light: The Beast,Herzamanki gibi çok sürükleyici,positive,steam_live,3008130,True,1777421679,3024,turkish,0,0.5,True,False,False
Dying Light: The Beast,"Dying Light: The Beast по ощущениям это прям смесь первой части и Dying Light 2: Stay Human: от второй взяли какие-то механики и стрельбу, а вот атмосфера, напряжённые ночи и чувство опасности — это чисто вайб первой игры.

Если честно, для меня вторая часть вообще самая слабая в трилогии, и первая до сих пор остаётся лучшей. Но при этом The Beast - реально хорошая игра, которая будто пытается вернуть серию в правильное русло.

Геймплей тут всё такой же: паркур, мясной ближний бой и постоянное ощущение, что ночью лучше лишний раз не высовываться. Плюс добавили этот «режим зверя», который временами делает тебя машиной для убийств, хотя местами он ощущается скорее как ситуативная фишка, чем что-то прям глубокое.
Карта стала менее вертикальной, из-за чего паркур иногда ощущается слабее, чем хотелось бы, но зато сама атмосфера и напряжение держат отлично - особенно в тёмное время суток.

Короче, игра не идеальная, но кайф от процесса ловится стабильно.

**Плюсы:**

* атмосфера и особенно ночи
* жесткий и сочный боевой геймплей
* возвращение духа первой части
* в целом более «собранная» игра без лишнего перегруза

**Минусы:**

* слабый и предсказуемый сюжет
* местами скучные локации и меньше вертикальности
* Beast Mode быстро приедается
* ощущается не таким масштабным, как вторая часть

В итоге: первая часть всё ещё топ, вторая — самая слабая, а The Beast где-то посередине, но ближе к хорошему.",positive,steam_live,3008130,True,1777418797,2564,russian,0,0.5,True,False,False
Dying Light: The Beast,JUEGARDO,positive,steam_live,3008130,True,1777418393,2236,spanish,0,0.5,True,False,False
Dying Light: The Beast,"What did the Rock say?
Oh yeah!
What's my motherf***ing name?
IT'S KYLE CRANE.

So yeah, people are saying, that this game is way worse than the 11 year old game, it's predecessor, Dying Light 1. 
Do I share the same opinion? No, not even closely.
Is the map smaller? Yes.
Are the cars slower? Yeah.
Do I enjoy the ever living sh** out of the game?  HELL YEAH.

You have to realize, that by this, Techland is coming closer to it's roots. The story, and I haven't even finished the game, is already way more better and clearer, than the story of the AIDENBOBAIDEN (Gosh that game really did make me hate kids even more) of DL2.

Is the story worse than DL1? I do not feel so so far, no. It's the same thing, but way better than DL2. 
The characters do not yapp, Kyle is annoyed by them too.

What I do feel like is that the dialogues are more cringe than it needs to be (Yeah ,,YOU REALLY DON'T WANNA SEE ME ANGRY"" chuunibyou energy is a bit too much).

But hell, I'm straight and hearing Crane huff, puff and groan every time I open the inventory activates my monke neurons. I have never screamed from happiness and enjoyment in a game as I did every time my Rage mode activated and I could just smash the zomboids around me, laughing like a madman while doing so.

So champs, reload your muscles like Henry Cavill, get that shotgun and blow everyone to bits, enjoy the game and don't listen to those discord mods that just cry ,,OOWGH, IM HURT, MY KYLE (,,THE CHAD"" btw) CRANE IS NOT AIDENBOBAIDEN, OR KYLE CRANE FROM DYING LIGHt ONE"". Make your own decisions about this game. 

ALSO RIP ORIGINAL GRAPLING HOOK, WILL ALWAYS REMEMBER YOU.

BE HIGH ON LIFE, BROTHERS",positive,steam_live,3008130,True,1777416857,2798,czech,0,0.5,True,False,False
Dying Light: The Beast,gra jest fajna,positive,steam_live,3008130,True,1777412511,4208,polish,0,0.5,True,False,False
Dying Light: The Beast,"ну ничего так, можно под пивко пройти",positive,steam_live,3008130,True,1777411680,1813,russian,0,0.5,True,False,False
Dying Light: The Beast,​†,positive,steam_live,3008130,True,1777411363,378,russian,0,0.5,True,False,False
Dying Light: The Beast,No worth,negative,steam_live,3008130,False,1777411239,1215,english,0,0.462427735328674316,True,False,False
Dying Light: The Beast,"It started as a DLC but became its own thing.

The story is short and the map is smaller, but the gameplay is actually better than Dying Light 2. The parkour is still great, there is more weapon variety, and it just feels more polished. It’s a smaller experience, but a more focused one.

If you like the series, it’s a must-play, especially for the return of Kyle Crane.",positive,steam_live,3008130,True,1777408823,2400,english,0,0.5,True,False,False
Dying Light: The Beast,eren hoca,positive,steam_live,3008130,True,1777406837,2410,turkish,1,0.523809552192687988,True,False,False
Dying Light: The Beast,"♥♥♥♥♥, опять ♥♥♥♥♥♥ посёлок городского типа  закинули",positive,steam_live,3008130,True,1777406396,155,russian,0,0.5,True,False,False
Dying Light: The Beast,"Juegazo, no sé por qué hay reseñas malas si realmente es un buen juego, con buenos gráficos, y sí llega a dar miedo en situaciones. La jugabilidad, el parkour y las mecánicas están bien hechas; recomiendo el juego al 100%.",positive,steam_live,3008130,True,1777402009,3200,spanish,0,0.5,True,False,False
Dying Light: The Beast,GOOD,positive,steam_live,3008130,True,1777398527,2748,english,1,0.523809552192687988,True,False,False
Dying Light: The Beast,bão pra porra,positive,steam_live,3008130,True,1777397997,3327,brazilian,0,0.5,True,True,False
Dying Light: The Beast,"Вся игра просто бомба,графика,сюжет. НО Я ♥♥♥♥♥ ВСЕЙ ДУШОЙ НЕНАВИЖУ РАЗРАБОВ ЗА ЙОБАНУЮ СИСТЕМУ ДРАК И ГРЕБАННЫХ ХИМЕР(боссов) а так же по мелочу тупость(УЕБАНСТВО) персонажей и гг",negative,steam_live,3008130,False,1777397660,2249,russian,1,0.494699656963348389,True,False,False
Dying Light: The Beast,"Even though the graphics look good at first glance, you quickly realize that it’s only superficial. The character’s shadow doesn’t match their actual movements. In fact, there are many shadows that don’t line up. The character’s animations are stiff, which is particularly noticeable in a game like this. In the first 10 minutes alone, the dialogues and monologues make no sense. “I have made peace with death,” and a little later, the moment finally comes when the protagonist is released. But no, he hasn’t found peace with death; he wants to live. So why then the line, “I have made peace with death”? 

The game hasn’t evolved, and personally, I don’t like it at all. It’s just a shame I can’t get a refund anymore... 

“Half hearted” is the only word that comes to mind",negative,steam_live,3008130,False,1777391888,260,german,0,0.461396485567092896,True,False,False
Dying Light: The Beast,Çok seks,positive,steam_live,3008130,True,1777387223,2609,english,1,0.523809552192687988,True,False,False
Dying Light: The Beast,good thing there arent any little baby infected here i hate drop kicking em,positive,steam_live,3008130,True,1777385082,4146,english,0,0.5,True,False,False
Dying Light: The Beast,6666666,positive,steam_live,3008130,True,1777380232,4874,schinese,0,0.5,True,False,False
Dying Light: The Beast,"Игра полная шляпа. Я проходил её с другом и даже так не осилил, скучная нудятина, не советую к покупке, особенно, если вы планируете играть в соло. Прошел полностью с другом вторую часть, такое же говно как и это",negative,steam_live,3008130,False,1777378301,1187,russian,2,0.493150681257247925,True,False,False
Dying Light: The Beast,This game always not disappoint me,positive,steam_live,3008130,True,1777374467,2089,english,0,0.5,True,False,False
Dying Light: The Beast,<3,positive,steam_live,3008130,True,1777367600,2753,english,0,0.5,True,False,False
Dying Light: The Beast,저에게 있어서는 최고의 게임이었습니다. 전작 2편에서 아쉬운 부분들을 잘 개선하였으며 또한 1편 분위기를 잘 따라왔습니다. 하지만 아쉬운 점이라면 일단 맵이 너무나도 평지처럼 되어있고 건물들도 너무 없어서 전작들 처럼 건물들 지붕위로 올라가 파쿠르를 하는 재미가 줄었습니다. 그 외에는 전부 괜찮았어요. (내가 알던 크레인이 맞나?),positive,steam_live,3008130,True,1777366953,6234,koreana,0,0.5,True,False,False
Dying Light: The Beast,"В целом неплохая часть, но очень короткая и как для полной игры не пойдет, просто разрабы решили хапнуть больше мани вот и всё",positive,steam_live,3008130,True,1777366946,4219,russian,0,0.5,True,False,False
Dying Light: The Beast,"Not sure how everyone else feels, but I personally think this is the best in the series. Gameplay is the best it's ever been, movement as well. The story is a little cookie-cutter, but whatever. I've beaten the game multiple times, New Game+, beaten One Life mode in Restored Lands, now i'm doing more runs in Nightmare mode. Its very fun, very replayable in my opinion. So yeah, favorite Dying Light game to date. Would 100% recommend to any zombie survival lover.",positive,steam_live,3008130,True,1777351025,9183,english,0,0.5,True,False,False
Dying Light: The Beast,Fun game.,positive,steam_live,3008130,True,1777330888,153,english,0,0.5,True,False,False
Dying Light: The Beast,"Jogo muito top, só achei ele meio curto, mas estou zerando pela segunda vez.",positive,steam_live,3008130,True,1777330436,2539,brazilian,0,0.5,True,False,False
Dying Light: The Beast,"[h2]Барон бежал в страхе, когда увидел, какой урон лезет из Крейна.[/h2]

Ну что ж, времени в игре проведено достаточно, большая часть контента пощупана — можно и пару слов-то написать.

Между тем: это первая игра, которую брал на релизе. После ниочёмошной второй части на Биста особых надежд не возлагал. Но, видимо, зря. Получилось крайне годно.

Боевка ощущается как реальная боевка, а не как бессвязное рубилово. Более детализировали повреждения по зомбарям, вес оружия теперь ощущается куда лучше. Разнообразие расчленёнки и добивок невелико, но и не одно на всю игру. К количеству оружия вопросов нет: милишка всё также доминирует, но и с огнестрелом не обделили — первую пушку получить можно уже на первых часах игры. Форма зверя — кайф в чистом виде: в боях эффективно, визуально — шик.

Сюжетка напоминает по повествованию первую часть. Коротенькая, линейная, пусть и до жути банальная, но цепляет. Сайды также очень добротные. Их немного, проходятся быстро, истории интересные, поэтому пропускать не стоит. Музыка тематически вписалась везде просто великолепно, да и сами треки балдёжные.

[h3]Теперь по минусам:[/h3]

Самый главный, как по мне, недостаток — количество контента. Уже после релиза игру активно допиливали: коллабы, уровни легенды, НГ+, новые уровни сложности, всяческие ивенты. Но вся их суть завязана на гринде. Основная сюжетка проходится в спокойном темпе часов за 8. Столько же или чуть больше — на сайды. Дальше — гринд. Гринд легендарного оружия, гринд платины, гринд уровней легенды, гринд тех ивентов, на которых уже почти никто не принимал участия, перепрохождения на НГ+ на других сложностях. С недавней обновы и вовсе — перепройти игру в ещё более хард-режиме, а для платины… снова закрывать сохранку на 100% и гриндить.

В общем, к чему это — растягивать пребывание в игре за счёт добавления только лишь фарма — идея не очень, мягко говоря. Да и если брать в учёт, что она изначально планировалась как DLC, то ситуация ещё хуже.

Если жаждете выбить платину — придётся жёстко фармить. Игра слишком привязана к этому: придётся буквально гоняться за каждой коллекционкой в разные уголки карты.

[h3]По итогу:[/h3]

За свои 100+ часов успел пройти сюжетку 6 раз, поднять 300 легенды, разжиться достаточным количеством лута и, самое главное, получить удовольствие от игры (даже при наличии узкого разнообразия контента).

Если вам в принципе нравится DL — можете брать, пройти сюжетку и погонять в коопе будет самое то. Новшествами по сравнению с двумя другими частями Зверь не блещет, так что, если были мысли на счёт этого — можно забыть. Придётся она по душе или нет — вопрос к вашему отношению к серии и желанию найти тут что-то своё.",positive,steam_live,3008130,True,1777327698,6639,russian,15,0.652747452259063721,True,False,False
Dying Light: The Beast,"This games combat was a step up from the previous installments and deff is one of my fav in the franchise, I loved the story, combat (of course), beast mode all of it was super good and learning more about the virus in the dying light world was a real treat and the baron is a brilliant villian I love him to death. 8.5/10 Super fun and replayable my only complaints are there were not many substories in the game and they were mostly forgettable.",positive,steam_live,3008130,True,1777327103,2210,english,0,0.5,True,False,False
Dying Light: The Beast,"Overall the game felt like a copy of previous games and the story except one detail was largely predictable, just another hunt down the guy who experimented on you with a mix of a resident evil type boss fight. I didn't get the same connection to the game as i got in the previous 2 games. the story just had this ""when will it be over"" feeling for most of it, very rinse wash repeat.

Graphics are pretty good and it feels more realistic when it comes to night activities.

Finally the lack of other human NPC's throughout the world just makes this game seem very small compared to the previous game.

Its an ok game but get it at a discounted price for sure    (2 of 5 Stars)",negative,steam_live,3008130,False,1777325852,4753,english,1,0.5,True,False,False
Dying Light: The Beast,Aiden adamdır,positive,steam_live,3008130,True,1777323174,1364,turkish,1,0.52173912525177002,True,False,False
Dying Light: The Beast,"Czas gry: 56 godzin | Status: Miałem przetrwać apokalipsę, a zostałem nocnym kurierem parkouru

⭐️⭐️⭐️⭐️⭐️⭐️⭐️⭐️⭐️☆ (9/10)

Kupiłem Dying Light: The Beast, żeby rozwalać zombie i biegać po dachach.
Po 15 minutach:

- spadłem z dachu, bo „na pewno doskoczę”,
- uciekając w nocy zrobiłem więcej błędów niż na sprawdzianie z matmy,
- a pierwszy lepszy zombiak przypomniał mi, że to nie jest spacer po parku.

Gra w skrócie:
✔️ Parkour jak marzenie.
✔️ Zombie wszędzie.
✔️ Noc = nagle zaczynasz podejmować bardzo złe decyzje.

Z rzeczy, które osiągnąłem:

- Przebiegłem pół mapy, bo bałem się odwrócić.
- Zginąłem sekundę przed bezpieczną strefą (klasyk).
- Ulepszyłem broń tak, że czułem się jak boss… przez jakieś 5 minut.

Plusy:
✔️ Ruch i parkour są mega płynne – samo bieganie daje frajdę.
✔️ Klimat nocy robi robotę, serio można się spocić ze stresu.
✔️ Walka brutalna i satysfakcjonująca.

Minusy:
❌ Czasem powtarzalne zadania.
❌ AI bywa dziwne – raz głupie, raz nagle geniusz.

Ocena końcowa:
9/10 – Świetna zabawa i masa adrenaliny. Przyszedłem zabijać zombie, a skończyłem jako gość, który panicznie patrzy na zegarek, żeby tylko nie zastała go noc.",positive,steam_live,3008130,True,1777322363,3368,polish,0,0.5,True,False,False
Dying Light: The Beast,kotu bi yanı yok,positive,steam_live,3008130,True,1777322038,3649,turkish,0,0.5,True,False,False
Dying Light: The Beast,hikaye açısından dy serisi sevdigim bir oyun serisidir yapımcı stüdyoda bunun  sevenlerini kaybetmicek şekilde sürdürüyor dy 1 ve 3 yani 1 ve beast serideki sevdigim oyunlardan ama 2 pek oyannış olarak olmamıştı ama the beast ile seri 3lü yü tamamladı 4. vedevam oyunlarını iyi bir izlenimle bekliyorum,positive,steam_live,3008130,True,1777321641,796,turkish,0,0.5,True,False,False
Dying Light: The Beast,"Gra nie zawodzi. Pierwsza część była rewelacyjna, druga nudna jak flaki z olejem nawet mi się tego kończyć nie chciało, ale The Beast to majstersztyk. Wszystkiego jest w sam raz i dokładnie w punkt tzn. Akcji, fabuły, sidequestów itd. Polecam z całego serca.",positive,steam_live,3008130,True,1777321612,2274,polish,0,0.5,True,False,False
Dying Light: The Beast,"zajebiste, restored land permadeath + pacyfikator 101%",positive,steam_live,3008130,True,1777318941,5092,polish,0,0.5,True,False,False
Dying Light: The Beast,It's hot af,positive,steam_live,3008130,True,1777318923,679,english,0,0.5,True,False,False
Dying Light: The Beast,tóperson,positive,steam_live,3008130,True,1777318585,1475,brazilian,0,0.5,True,False,False
Dying Light: The Beast,pretty good,positive,steam_live,3008130,True,1777315096,1959,english,0,0.5,True,False,False
Dying Light: The Beast,"Krótka, lecz zajebista. Nic więcej nie mam do dodania.",positive,steam_live,3008130,True,1777313853,2414,polish,0,0.5,True,False,False
Dying Light: The Beast,"Grałem w DL 1 na premiere jeszcze na PS4. DL 2 jakoś mnie ominęła może keidys nadrobię ale DL TB jest czymś co jest powiedzmy kontynuacją dwójki częściowo pomijając DL2. Czy ta gierka sie udała ? Uważam, że tak. Czy czuć, ze to miało być bogate DLC do DL2 ? Trochę - ale nie przeszkadza to aż tak, myślę, że nawet wychodzi to na plus. Otwarty świat ale nie ogromny, nie wyrozciagany do granic, spoko kampania i postacie, powrót Kylea i klimatu z jedynki. Polecam fanom DL i otwartych światów z zombiakami.",positive,steam_live,3008130,True,1777309946,1882,polish,0,0.5,True,False,False
Dying Light: The Beast,Throughly enjoyable nonsense!,positive,steam_live,3008130,True,1777301129,3737,english,0,0.5,True,False,False
Dying Light: The Beast,"Franchement, ça reste exactement le même jeu que les anciens, un copier-coller. Donc oui, ça reste fun… mais à un moment faut arrêter.

Pour un jeu sorti il y a 8 mois, il est encore blindé de bugs, c’est abusé. Les loots qui ne spawn pas, les armes coincées dans le sol, les cadavres impossibles à fouiller… tu perds des ressources juste à cause du jeu. Ça devient vite insupportable.

La carte est elle aussi complètement bugée : les points d’intérêt s’affichent quand ils en ont envie. Résultat, ça te perd dans ta progression, tu sais même plus ce que t’as déjà fait ou pas. C’est juste chiant et frustrant.

Le coop ? Une catastrophe. Rien ne marche correctement, c’est instable et frustrant.

Et le grappin… sérieusement, qui a validé ça ? Il est inutile, sauf en mode beast où justement t’en as même pas besoin. Complètement raté.

Et toujours aucune option simple pour decraft tout ton inventaire d’un coup… en 2026, après autant de jeux du même genre, c’est juste se foutre de la gueule des joueurs.

À un moment, faut arrêter de sortir des jeux à moitié finis.",positive,steam_live,3008130,True,1777291173,3238,french,0,0.476190477609634399,True,False,False
Dying Light: The Beast,"БРАТЬ ТОЛЬКО ПО СКИДКЕ!!!

За полную стоимость (какой бы она ни была) - эта игра не стоит своих денег. В разы слабее DL2 и более нудная. Если сранивать, в DL2 было гораздо интереснее и насыщеннее, а мир был более живой (хотя тут концепция текущей части возможно заставила сделать мир в таком формате, но тем не менее). Как обычно - игру растягивали как могли бесконечными перемещения с одного на другой конец карты (и вот только в недавнем обновлении догадались добавить быстрые перемещения между базами (и то не между любыми, а только особенными), 3-мя одновременно боссами, чтобы надо было дольше их всех убивать. 
Сюжет средний, интересно было только в начале и в конце. Всё остальное можно было бы выбросить и сделать насыщенную игру на 15-20 часов.",positive,steam_live,3008130,True,1777283633,3643,russian,0,0.5,True,False,False
Dying Light: The Beast,"You're never going to believe this, but Techland made a good zombie game.",positive,steam_live,3008130,True,1777279434,3659,english,0,0.5,True,False,False
Dying Light: The Beast,SErinin en iyi oyunu sanırım. Tavsiye ederim kesinlikle.,positive,steam_live,3008130,True,1777278876,2332,english,0,0.5,True,False,False
Dying Light: The Beast,"Історія та розкриття сюжету 0/2
Графіка 2/2
Озвучка 2/2
Геймплей 2/2
Реіграбельнійсть 2/2
Загальна: 8/10",positive,steam_live,3008130,True,1777274093,2774,ukrainian,0,0.5,True,False,False
Dying Light: The Beast,"What a BEAST of a game. The developers absolutely nailed what they were going for with this. Brutal, kinetic, propulsive, and get this—pure fun. Eurojank, but without the jank!

If anything, I think Dying Light: The Beast is underrated. If Capcom or id Software released this it would be held up as a blockbuster. 

It reminds me a lot of a more violent (and frankly just better) version of what Far Cry could have become. 

The climbing and movement mechanics are the star of the show, and it just feels so good to be storming around the environment. That alongside the gore tech for lopping off zombie limbs. 

The graphics are quality too—this is exactly the kind of game some devs would have tried to use UE5 for, and it would have been a mess. Instead we get a custom engine designed to do what it does well. The European forest and mountain vibe, plus the concentrated old city and industrial areas, all feel like someone actually cared.

Even the story isn’t too bad. I mean, it’s not what I came for. But again, I quite liked a few of the twists and turns. And I think Kyle’s voice actor did a pretty good job of the pure rage plus slightly exhausted and knowing lines. Serious enough without being too serious. A lost art in writing these days. 

Is it the best game ever? No, of course not. But is is a £50 banger of an 8/10 game that nails what it wants to do, and never lets the fun stop? Yes! Highly recommended. Congrats to the developers.",positive,steam_live,3008130,True,1777269423,1472,english,1,0.5,True,False,False
Dying Light: The Beast,miałem większe oczekiwania ale i tak git gra,positive,steam_live,3008130,True,1777266249,2741,polish,0,0.5,True,False,False
Dying Light: The Beast,内容太少了，感觉是没做完。,negative,steam_live,3008130,False,1777263495,2203,schinese,0,0.5,True,False,False
Dying Light: The Beast,สนุกกว่าภาค 2 มาก ใครชอบภาค 2 ภาคนี้ดีกว่าทุกด้านครับ,positive,steam_live,3008130,True,1777261392,2619,thai,0,0.5,True,False,False
Dying Light: The Beast,"Good fun! I think the gameplay is better than DL2 but story is not as strong as DL1. 

Positives (+)
-Actual, good cinematics (unlike the other DL games which stuck to only first-person)
-Combat
-Side quests are great (some better than the main ones)
-Game performance
-The return of Kyle Crane!
-Night time is terrifying
-Serviceable and engaging albeit bare-bones story
-Lore
-Plenty of surprises!

Mixed (~)
-The characters (not developed enough)
-The villain (cliche but has his moments, not utilized enough)
-Game length (good for those who like it short and sweet, bad for those wanting a more well-rounded adventure)

Negatives (-)
-Lots of quests fall into the ""Kyle is nothing but an errand boy"" territory again
-Map is small
-Not a lot to explore (or incentive too)
-Skill tree is weak
-I didn't find much reason to ever be out at nighttime (where the other games encourage you to do so more often)
-Some of the writing can be eye-rolling (cheesy, etc).

Overall, a solid 7 out of 10 
Would recommend (✔)",positive,steam_live,3008130,True,1777256465,2737,english,1,0.5,True,False,False
Dying Light: The Beast,"Dying Light: The Beast offers an expansion on Kyle Crane's story. Intially I had high expections and for the most part they were met. 

The graphics are fantastic and stunning, gore feels toned up. Parkour feeling much smoother and seamless, it doesn't feel forced and you can create your own route. Perks are limited but feel unique especially beast mode. Weapon customization feels good and stands out. Theres also a fair amount to do apart from quests. Music also has similar notes from DL1. 

I started my first playthrough on brutal/hard and it can be frustrating early on with limited stamina and damage sponges for zombies. Zombie grabs are also a little extreme at times especially during boss encounters. Story is meh but its not what your playing Dying Light for anyway. 

Overall great. Crane is back.",positive,steam_live,3008130,True,1777245366,2145,english,2,0.544516623020172119,True,False,False
Dying Light: The Beast,the crane dropkicks anything that speaks,positive,steam_live,3008130,True,1777245219,1470,brazilian,0,0.5,True,False,False
Dying Light: The Beast,Gelen güncellemeden sonra ikinci kez bitirdim şimdi ise diğer toplanabilir'lerin hepsini toplayıp tüm zombileri öldürücem bir başka oyun çıkana kadar bununla idare etmek zorundayım artık.,positive,steam_live,3008130,True,1777242749,4795,turkish,2,0.540636062622070312,True,False,False
Dying Light: The Beast,"This game is masterpiece really love it here why i love this game:

-Beast mode is insane(so brutal)
-Guns are usefull then before games
-Devs finally added fast travel
-Weapon finishers are awesome
-Finally devs added fast travel
Parts i didnt like:

-Routine missons
-Storyline is not great (its peak in gameending)",positive,steam_live,3008130,True,1777241460,2211,english,18,0.576139211654663086,True,False,False
Dying Light: The Beast,bon jeux,positive,steam_live,3008130,True,1777235956,1761,french,1,0.523809552192687988,True,False,False
Dying Light: The Beast,peak,positive,steam_live,3008130,True,1777235043,1512,polish,0,0.5,True,False,False
Dying Light: The Beast,"DL2 Reskin.
very cinematic, alot of cutscenes when talking to NPC's
+ finish animations on Infected and humans are pretty cool
+ different Loadout presets that you can custimize, just like in Terraria
+ you get your 2x bonus XP instantly, not after succesfully surviving the night. Kinda nice
-+ side characters are forgettable, only a few stick out
- clunky animations when doing anything
- basic bugs not fixed after half a year
- as soon as you're seen by a volatile, you get swarmed and die. Can't fight back.
- mechanics are same as DL2 with little new ones
- main and side quests are meh
- car routing is ♥♥♥♥♥♥♥. It takes a way longer way then it could
- you only get significant xp from quests, so killing zombies yields nothing but loot, which was not the case in DL1
- movement and parkour feel clunky and not as freely as in DL1
- zombies are extremely annoying to fight, because they stun you while hitting sometimes and virals are even worse
- weapons sell for a laughable amount, making it more worth to dismantle them, but you get enough of those materials either way. --> useless

Only reason I played it was because of DL1. I just wanted to see how the story continues. Waste of time. Could have watched a Letsplay.",negative,steam_live,3008130,False,1777234965,1834,english,4,0.5,True,False,False
Dying Light: The Beast,"I still had my fun in Coop but idk. It feels like a downgrade from DL2. The parkour got worse, you mostly climb to a ledge and then hold A/D to climb sidewards, grabbing after a jump feels very inconsistent. The map is a little boring, high buildings are very rare, it is very two-dimensional. The story is one of the most boring I've seen, even for an action game. I'd say Far Cry 5 made more sense. The graphics are kind of okish, RT looks good but some textures like plants, rocks are a bit low res/low number of polygons. Visuals are a bit washed out. Looks a bit like modded Skyrim. 

All-in-all, it felt more like a downgraded DL2 Dlc. If this was single player only, I would have most likely begged Steam support to refund it. Get it for 20€.",negative,steam_live,3008130,False,1777233239,1600,english,3,0.523809552192687988,True,False,False
Dying Light: The Beast,если говорить кратко сюжет слабый персонажи такие же как в дл2,positive,steam_live,3008130,True,1777230570,1432,russian,0,0.5,True,False,False
Dying Light: The Beast,Awsome!,positive,steam_live,3008130,True,1777230471,6070,norwegian,0,0.5,True,False,False
Dying Light: The Beast,guzelmis,positive,steam_live,3008130,True,1777228973,4579,turkish,0,0.5,True,False,False
Dying Light: The Beast,"zombee run, zombee hit, zombee fun",positive,steam_live,3008130,True,1777227783,495,english,1,0.5,True,False,False
Dying Light: The Beast,jebać tych plujących kwasem śmieci,positive,steam_live,3008130,True,1777227648,2955,polish,0,0.5,True,False,False
Dying Light: The Beast,It is clear the talent left long ago. I deeply regret buying this.,negative,steam_live,3008130,False,1777225941,5700,english,4,0.512845635414123535,True,False,False
Dying Light: The Beast,Awesome graphics! Best for those who played DL1!,positive,steam_live,3008130,True,1777225020,1916,english,1,0.5,True,False,False
Dying Light: The Beast,"I didn't bother with dying light: become human but I loved the first game and then wanted to try this one out. Graphically I enjoy the game and I also appreciate how long the campaign is. Very action packed. My only criticism is that I don't really like some of the movement / mechanics which felt smoother in the first game, particularly the jumping and grabbing onto objects, I got pissed off alot in The Beast, falling many times when I shouldn't have.",positive,steam_live,3008130,True,1777224765,3862,english,1,0.5,True,False,False
Dying Light: The Beast,"Cara esse jogo e muito bom. gráficos fora da curva, meter a porrada no zumbi e ver o bixo tudo frouxo ate a roupa rasgar em alguns e doideira, os bosses são tops em sua maioria. É um pouco repetitivo as vezes mas as missões são bem divertidas. Aproveitem quando entrar em promoção de 30% ou mais, vale muito a pena . O valor cheio também vale, mas se for pobre igual a mim kk e melhor esperar um preço bom. Recomendo o game.

Desabafo:
(quando iniciei o jogo após 8h em escritório e Excel o dia todo (esse dia não precisei fazer hora extra), Matei todos os zumbis na base da porrada e depois fiquei incrédulo macetando um zumbi no chão com uma Faca pra ver ele rasgando de tudo que e jeito kkkkkkkkk real até d+) tem isso em outros jogos mas nesse e um detalhe top.

Detalhe: o Jogo e bem otimizado dependendo da sua configuração consegue rodar tudo no máximo. Vou deixar as minhas que não são lá grande coisa que roda no máximo com um pouco de raytracing (mas desativo pq acho ruim isso visualmente.)",positive,steam_live,3008130,True,1777223067,723,brazilian,2,0.54356849193572998,True,False,False
Dying Light: The Beast,fasza,positive,steam_live,3008130,True,1777216470,1810,hungarian,0,0.5,True,False,False
Dying Light: The Beast,"This was a massive improvement from dying light 2. The story was good, combat was great especially with beast mode and the characters were a bit cringe at times but i will let it pass. Kyle cranes return was tuff.
8.7/10",positive,steam_live,3008130,True,1777215659,9117,english,1,0.457516342401504517,True,False,False
Dying Light: The Beast,"The most recent Dying light game and it Was in my opinion the best because firstly when I first played it felt like dying light the following which i highly enjoyed. The Recent update Restored land made it highly enjoyable for me because it made the game like project zomboid were loot doesn't respawn and so do the zombies.
Overall : 9.8/10",positive,steam_live,3008130,True,1777215542,5014,english,0,0.5,True,False,False
Dying Light: The Beast,"И так, я хочу рассказать о том, стоит ли покупать игру Dying Light : The Beast. Безусловно, серия игр Dying light уникальная в своем роде, такой атмосферы и геймплея не может предложить ни одна игра в мире. У игры множество плюсов, но есть и очевидные минусы, среди этого хочу выделить:
-Достаточно короткий сюжет, но с учетом того, что игра планировалась как DLC данная проблема не столь велика.
- Маленькую систему прокачки, в прошлых частях она была значительно больше, кому-то это может не зайти, но лично для меня это не было крупной проблемой.
- И также хочу выделить то, что в игре встречаются баги, но думаю разработчики это исправят.
Теперь перейдем к плюсам данного проекта:
- Невероятную атмосферу пост-апокалипсиса и ужаса: постоянно встречающиеся зомби, брошенные дома, а также фирменную часть всех игр Dying Light - Ночь, ночью игра становится совсем другой, вместо грозного хищника, мы играем за жертву, постоянный страх нарваться на прыгунов, погони и чувства, что ты никто против них - дает о себе знать.
- Отличную боевку : разные удары, приемы, добивания - выглядят потрясно и в этой части это сделано лучше всего.
- Систему паркура - это одно из самых главных достоинств игр Dying Light, паркур в этой части менее динамичный чем в прошлых частях, но все равно сделан и выглядит потрясно.
- Красивый и разнообразный открытый мир локации старого города, фермы, парки выглядят современно и графически приятно, нельзя упустить наличие в мире различных побочных активностей и случайных встреч.
Теперь хочу сделать общий вывод и рассказать в каких случаях стоит покупать игру, а в каких стоит подумать
  Игру стоит покупать если :
- Вы любите экшен, эта игра- отличное решение для покупки если вам нравятся игры в этом жанре.
- Нравится атмосфера пост-апокалипсиса - вам однозначно зайдет.
- Любите ощущение ужаса, неизбежности - эта игра однозначно напомнит вам о том, что такое страх.
Стоит задуматься о покупке если :
- Вам не нравится постоянный экшен : кровь, жестокие добивания, интенсивные бои - эта игра явно не для вас.
- Вы являетесь слишком впечатлительным - в игре встречается множество жестоких сцен, вам врятли это доставит удовольствие.
- Вы боитесь высоты,  - в игре есть паркур и это одна из главных механик игры, и если вы категорически не приемлете падений, прыжков с высоток - эта игра вам не зайдет
Теперь хочу вынести общий вердикт : Dying Light : The beast это отличное продолжение серии, сумевшее сохранить в себе все самое лучшее, что было в играх Dying Light.
Моя оценка : 9/10",positive,steam_live,3008130,True,1777215271,3599,russian,0,0.5,True,False,False
Dying Light: The Beast,müq,positive,steam_live,3008130,True,1777214138,2185,turkish,0,0.5,True,False,False
Dying Light: The Beast,W sumie to najlepszy  Dying Light nawet dwójka nie zrobiła na mnie takiego wrażenia,positive,steam_live,3008130,True,1777200989,1272,polish,0,0.5,True,False,False
Dying Light: The Beast,"Really liked this one!
The nights Were EVEN Scarier than the last game
I did NOT like the parkour though the last two games did it better
you should buy this game!!",positive,steam_live,3008130,True,1777200106,1111,english,0,0.5,True,False,False
Dying Light: The Beast,"вообще игра мусор полнейший, проходили в коопе, х.уй зайдешь к другу в лобби, но это не проблема игры а ркн душит. До конца думал что это приквел 2 части, но нет это сиквел",negative,steam_live,3008130,False,1777199862,2186,russian,1,0.523809552192687988,True,False,False
Dying Light: The Beast,"Крутямбовая штучка дрючка, в разы лучше второй части (чтобы переплюнуть вторую часть много ума не надо), почти дотягивает до уровня the following, а может быть и находится на равне с ней, много элементов растягивания прохождения и игра сама их высмеивает, есть машина-но она бесполезная, медленная, не поворотливая да и к тому же бензин быстро заканчивается, а заливать полный бак в тачку чтобы проехать 500 метров до задания не особо хочется, за всю игру не смог убить ни одного прыгуна-это круто, ночью реально сцыкотно как и в первой части, концовка правда смешная, да и как весь сюжет, но в целом если больше не будет экспериментов в серии как со второй частью, то следующая номерная часть будет такой же хорошей как первая, как длс к первой, и как вот эта, класна карочи",positive,steam_live,3008130,True,1777180194,2395,russian,0,0.5,True,False,False
Dying Light: The Beast,"This game does not have the same parkour focus from dying light 1 or 2. its more of a dying light 2's version of The Following DLC from DL1. 

If you're only interest in dying light is to play Mirrors edge in a zombie game than this is not gonna work for you.

I will say however, I have thoroughly enjoyed exploring this map than dying light 2. Dont get me wrong, dying light 2 has the most fun map to parkour ever. The Beast i've enjoyed the map itself, the different areas. 2 minute walks through the forest or driving makes me appreciate an area with buildings and stuff to climb. 
the buildings feel more thought out in this game and are honesty really detailed for what they even need to be.

The overall presentation of Castor woods is genuinely beautiful. It made me stop and just sit on a roof or hill side and watch the sun rise and sunset. Even the when it rains its just so atmospheric. The contrast of daytime and nighttime is honestly master craft from this dev team. It might be in my head, but this is how it feels to me. The daytime is bright and easy going, mornings are so pretty and calm but there's always the threat of zombies. You fall into a routine of scavenging and killing zombies and doing jobs. Then The sun starts to set. Everything gets this golden orange glow, the tree leaves radiate the suns light, the clouds have almost this painterly look. Then the light starts to fade. The music gets more early and your watch beeps a warning. As the light fades, what was 10 seconds ago so pretty now starts to get scary. Without the suns warm light, the mountains almost feel like your trapped in this valley, the sun retreating from this place. The trees have no shape and are these rustling blobs of darkness that could hide anything. Zombie groans can be heard all around but they blend into the tall grass and bushes. The music becomes hostile and the atmosphere is oppressive. The first nightfall I had, I rushed to a safe spot hunter stand and legit scrambled up it sweating running from volatiles. The only things I could see was what my flashlight cone could light up. After activating the safe zone I just stood there overlooking the valley that was once so pretty I stopped to take pictures now had me frozen in fear of the unknown. 


The nighttime has made me feel scared like Dying light 1 first did. Also Because crane is not Aiden Bo Baden with a glider and an entire downtown to run away in, You will be gangstalked by the volatiles. Let me be real with you. That first shotgun you get will not help you. I wish I had clip of the first time I tube dumped the shotgun into a volatile only for it to be even more pissed and its 3 friends that heard what I did came in and ripped me in half. 


The reviews downvoting because of main story are not playing the side quests. No spoilers, Do yourself a favor and please, at least, play the side quest for Starchild. It just handles a topic that could have been campy and overdone but was oddly mature and somber compared to the drop kicking mercs/zombies I had been doing. 

Honestly, smaller scope makes this game a ""finishable product"". Every open world game, especially DL2, has so much copy paste maps and boring fetch quests that finishing all the content is a test of will power. The beast has just enough content, for me at least, that I got a solid 38 hours. I skipped a couple quests that rewarded just xp and did not look for any of the scavenger hunt scribble drawing pages that you can pick up. So if you do everything you could easily get 40 to 45 hours of content. I actually wanted to see how side quests resolved and was interested the entire time, I know shocker for a story game. I cant say the same for a single part of DL2. I legit cannot remember a single thing about DL2's story or sidequests. I still can remember a lot of DL1 even after 10 years. The Beast maybe wont stick with you for that long, but it is miles better than dl2 on every front other than parkour. 

The parkour is not a focus at all in combat or traversal for a good 60 percent of the map. They give you a grappling hook and I felt like spider man in a corn field, like oh wow I can swing from a single tree before face planting. There needs to be an update to allow you to grapple anything. You can't grapple onto a lot of things that you'd think you could. In the woods you cant grapple any stone or mountain sides so I cratered and died a ton from volatile chases where I leap of faith off a cliff and the grapple refuses to lock onto anything. So I ended up really only using it in the city or to pull spitters and snipers of roofs. Grapple has a ""use"" its just very limited. 

Think they could've leaned into crane becoming more volatile/beast with more chimera blood so he gets faster and jumps higher and father. Almost like the hulk run jumping and slamming across the map if you choose not to drive. Also maybe some volatile vision that has a meter and more time spent hunting the chimeras. You just get called out by pretty lady that somehow hunted down and tracked a chimera on her own? Btw she's a scientist not a hunter, like she's hunting the most dangerous monsters in mom jeans and no weapons in a pickup truck? Think It would've been better if you hunted the Chimeras with the Sheriff and brought the blood back and upgraded with Scientist lady. So you get character development/motives from the sheriff out on the hunt and then come back and inject yourself in a safe place with the scientist. Maybe even have her care for crane after each injection because the more he takes, the worse the reaction is each time so he needs someone to monitor and care for him after he does it. I just say this cause they kinda lean towards maybe something romantic? or plutonic protecting each other? The Scientist trying to right her wrongs and Crane trying not to let more of his friends die? Idk I just felt like motivations and plot jumped so quickly that some twist did not really land and kinda came out of nowhere. Mainly because you don't spend enough time talking with either. Listen this is not a reason to hate the game, I understand the product I bought. Its a great campy, B rated action movie plot. I'm under no delusion that I was buying the next God of War or something. 


I don't think the main story of the dying light games will ever be GOTY material guys. They all have campy trope characters and they all make weird logic jumps and the narrative is always gonna be a  plothole ridden joy ride. Just stop being so hyper critical and enjoy the game.",positive,steam_live,3008130,True,1777174298,2356,english,1,0.499140232801437378,True,False,False
Dying Light: The Beast,"First words after finishing the game: ""Damn!""
Dying Light The Beast for me is THE best zombie game i've ever played. Out of every game in the series, this one has the most rich & enjoyable story. Though I lagged sometimes, I still had SO much fun, and the weapons are very nice. So whenever you have the chance, you should get the game. Also to mention, the game is on sale by 27% forever if you have the first Dying Light. To sum it up, Dying Light The Beast is the best in the series because of its rich & enjoyable story.",positive,steam_live,3008130,True,1777173380,2220,english,0,0.476190477609634399,True,False,False
Dying Light: The Beast,a game i will never put down.,positive,steam_live,3008130,True,1777170866,3043,english,0,0.5,True,False,False
Dying Light: The Beast,"recomendo a todos. sem dúvida, um dos melhores pontos é a trilha sonora, muito foda... mas tudo fluiu bem, história foda, gameplay foda.

por mais dying light redondinhos assim, techland.",positive,steam_live,3008130,True,1777167015,2046,brazilian,0,0.5,True,False,False
Dying Light: The Beast,it peak,positive,steam_live,3008130,True,1777165931,2888,english,0,0.5,True,True,False
Dying Light: The Beast,,positive,steam_live,3008130,True,1777159094,2883,polish,0,0.5,True,False,False
Dying Light: The Beast,kusursuz,positive,steam_live,3008130,True,1777156412,2012,turkish,0,0.5,True,False,False
Dying Light: The Beast,best game,positive,steam_live,3008130,True,1777155640,545,spanish,1,0.519999980926513672,True,False,False
Dying Light: The Beast,Ahui,positive,steam_live,3008130,True,1777153901,1396,russian,0,0.5,True,False,False
Dying Light: The Beast,"Writing is bad. Alpha volatile is terrible. The gameplay gets less fun the more you play. The map is AWFUL.
Am I going to keep playing it? yeah, probably cuz I spent my money on it and I gotta see through it. Will I enjoy it? no, probably not.",negative,steam_live,3008130,False,1777146405,1327,english,5,0.510748922824859619,True,False,False
Dying Light: The Beast,"The game is for sure a step towards what original DL1 was about, but still has the stench of DL2, and all the things I dislike (Upgrade mats were improved from DL2, but still it's not something I enjoy, just bring back DL1 style crafting with weapon bases, and blueprints for them), you can do better Techland.
Story as always is the most predictable thing ever, but I did not even expect anything else. Gameplay feels nice, Beast mode is awesome, even if it falls off in nightmare mode on new game+. 
Did not even bother with The Restored Land Mode, as I don't want to play through the game for the 3th time, good idea but it should've been there on release.

All and all 6/10",negative,steam_live,3008130,False,1777143580,3926,english,3,0.510897994041442871,True,False,False
Dying Light: The Beast,"The Beast is a masterclass in how to handle a standalone expansion. It trims the bloat often found in modern open-world RPGs, delivering a focused, 20-hour experience that honors the series' roots while pushing the mechanical boundaries of the genre.

​Pros: Exceptional atmospheric world-building in Castor Woods. Visceral and responsive ""Beast Mode"" combat mechanics. A focused narrative that provides long-awaited closure for Kyle Crane.

I love everything about Dying Light!",positive,steam_live,3008130,True,1777141399,5629,english,1,0.516129076480865479,True,False,False
Dying Light: The Beast,This game is 10/10. Seriously good!,positive,steam_live,3008130,True,1777140564,603,english,0,0.5,True,False,False
Dying Light: The Beast,"Déçu : 32 heures de jeu, et j'ai l'impression de jouer à une simulation d'agent EDF post apocalyptique. Respect aux agents EDF, mais pas à ce jeu bâclé !

Une belle salade de bugs pour ma part, des textures et des infectés buggés, des récompenses buggés, et j'en passe !

Sur presque chaque parcours, j'appréhendais que mon personnage ne suive pas le mouvement, ce qui est arrivé énormément de fois. J'aurais aimé voir plus de variétés d'exécutions et moins de quêtes répétitives ! Aucunes nouveautés sur les mécaniques de combats. Les moyens de déplacement sont aussi à revoir ! Grappin aléatoire, véhicules hyper rigides, et la base du jeu, le parcours (Assassin's Creed de 2007 faisait bien mieux).

Pour finir sur un bonne note, les musiques sont plutôt sympas.

PS : j'ai payé le jeu...",negative,steam_live,3008130,False,1777139721,1956,french,1,0.5,True,False,False
Dying Light: The Beast,дрочилка на 100+ часов. что бы пройти игру без смертей и на обновлении на реализм этим можно сделать ещё 8 круг ада,positive,steam_live,3008130,True,1777139687,3327,russian,0,0.5,True,False,False
Dying Light: The Beast,Great game,positive,steam_live,3008130,True,1777134212,2132,english,1,0.523809552192687988,True,False,False
Dying Light: The Beast,ZZZомби класс,positive,steam_live,3008130,True,1777131199,3604,russian,0,0.5,True,False,False
Dying Light: The Beast,"消光2冤种版白给的巨型dlc,不玩白不玩",positive,steam_live,3008130,True,1777125261,1864,schinese,3,0.56081080436706543,True,True,False
Dying Light: The Beast,"As amazing as the first two games plus the added beast, absolutely recommend especially if you liked the first two games.",positive,steam_live,3008130,True,1777121403,2200,english,0,0.5,True,False,False
Dying Light: The Beast,yeah,positive,steam_live,3008130,True,1777121219,1671,english,1,0.492076903581619263,True,False,False
Dying Light: The Beast,EIn geiles Game mit Spannenden Momenten,positive,steam_live,3008130,True,1777119843,497,german,0,0.5,True,False,False
Dying Light: The Beast,The 2nd best dying light game ever,positive,steam_live,3008130,True,1777119236,2044,english,0,0.5,True,False,False
Dying Light: The Beast,还不错  就是太短了点,positive,steam_live,3008130,True,1777113600,2744,schinese,0,0.5,True,False,False
Dying Light: The Beast,Ich hab alle Dying Light Titel gespielt...und ich war von keinem enttäuscht ;),positive,steam_live,3008130,True,1777109777,2668,german,1,0.517175972461700439,True,False,False
Dying Light: The Beast,tremendo juego le meti su vicio y necesito jugarlo mas pero andaba ocupado con re9 y pragmata asi que cuando termine el ultimo vuelvo a darle con todo a esto simplemente 10/10 bestia de juego,positive,steam_live,3008130,True,1777102005,806,spanish,0,0.5,True,False,False
Dying Light: The Beast,沒動力玩第二次,positive,steam_live,3008130,True,1777099737,9228,tchinese,0,0.5,True,False,False
Dying Light: The Beast,much like the first game but improved upon and u can still jump kick 10/10,positive,steam_live,3008130,True,1777093861,3780,english,0,0.5,True,False,False
Dying Light: The Beast,COOP DOESNT WORK HE SPENT 13 YEARS IN A LAB FOR NOTHING END YOUR LIFE,negative,steam_live,3008130,False,1777086438,1640,english,3,0.492957770824432373,True,False,False
Dying Light: The Beast,top,positive,steam_live,3008130,True,1777085899,1122,brazilian,0,0.5,True,False,False
Dying Light: The Beast,"Overall downgrade from Dying Light 1 in almost every way.

- Story is predictable and boring (we predicted almost all main plot twists)
- Quests mainly consist of fetch quests
- Lots of bugs half a year after release
- Boring skill tree with basically no choice
- Customization of weapons and clothing does not matter because the stat differences are so low that it's negligible
- Some of the writing is so cringe that it feels almost intentionally like a bad action movie
- The power fantasy of the first game where you can chop of multiple heads per swing late game does not exist 
- Not many cool hidden items or blueprints like in the first game

How this got 88% positive reviews is beyond me. Can't recommend it unless you are able to enjoy story thats so bad that it becomes funny which we could fortunately.",negative,steam_live,3008130,False,1777079385,1599,english,14,0.512644588947296143,True,False,False
Dying Light: The Beast,"Dying Light: The Beast is a ton of fun. If you played the first one, you'll love it. I just wish the grappling hook wasn't so badly nerfed. I'd way rather have that super fun mechanic than fast-travel or vehicles. I never bothered with the vehicles. The racing quest is the only incomplete quest I have. Overall though, especially with Restored Land, it is an awesome game. Runs great on my Deck.",positive,steam_live,3008130,True,1777077340,882,english,0,0.5,True,False,False
Dying Light: The Beast,"Olivia is top 10 videogame baddie of all time.

i will not elaborate further.",positive,steam_live,3008130,True,1777071216,661,english,0,0.5,True,False,False
Dying Light: The Beast,Wawa Wewa,positive,steam_live,3008130,True,1777070782,1187,english,0,0.5,True,False,False
Dying Light: The Beast,Love these games! Hardcore parkour and killin' zomboes and now FAST TRAVEL!!!,positive,steam_live,3008130,True,1777069853,6576,english,0,0.5,True,False,False
Dying Light: The Beast,good game 8/10,positive,steam_live,3008130,True,1777067865,1641,english,0,0.5,True,False,False
Dying Light: The Beast,"Тепер це не ""Good Night, Good Luck"". Вони дійсно змінили головний лозунг гри...

на середніх з фрейм генератором видавало стабільних 120 фпс, причому ноут не задихався, як від кс2 на високих.

Ну про гру писати мабуть не варто (але я таки спробую), повернення Крейна само за себе говорить. Був розчораваний другою частиною та був скептично налаштований щодо цієї, але вона приємно здивувала.
Часті баги з тим, що не можеш взяти зброю яка впала, бо вона чомусь наче під текстури провалюється в плані інтереактиву, хоча моделька цілком та повністю може лежати зверху. 
Спробую зачистити всі зони",positive,steam_live,3008130,True,1777065751,2903,ukrainian,1,0.52173912525177002,True,False,False
Dying Light: The Beast,"-SPOILER-
-SPOILER-
-SPOILER-
-SPOILER-
-SPOILER-

Spike'ın ölmesi, Aiden'in geri dönmesi, en sondaki Baron ile yaptığımız boss fighttan sonra DAÖ'den helikopterin gelip oyunun devamının geleceğini çaktırması çok iyiydi.

İçerik açısından çok dolu bi oyun değil yan görevler bile çok az.

Harita açısından yine boş bi harita olduğunu hissediyorsunuz keşke yapılabilecek daha fazla şey olsaydı.

En sondaki boss fight daha zorlu olabilirdi en azından 2-3 kere ölsek iyi olurdu biraz kolay geçti.

özet: dl serisi harika amk",positive,steam_live,3008130,True,1777064845,1615,turkish,3,0.498098880052566528,True,False,False
Dying Light: The Beast,s1,positive,steam_live,3008130,True,1777063079,5438,english,0,0.5,True,False,False
Dying Light: The Beast,Топ,positive,steam_live,3008130,True,1777062268,1739,russian,0,0.5,True,False,False
Dying Light: The Beast,o,positive,steam_live,3008130,True,1777060680,2715,polish,0,0.5,True,False,False
Dying Light: The Beast,"It'd be better w/out the dl2 asset city. I'm not sure I can get past that. Its a good game, but just not for me at this time",positive,steam_live,3008130,True,1777058261,398,english,0,0.5,True,False,False
Dying Light: The Beast,"It's really sad when a great series gets turned into a steaming pile of what it once was. Dying Light was a great game. Dying Light 2 was perfection itself. The Beast, does away with everything I loved about the first two. 

Did you enjoy the flowing parkour over rooftops? Gone. The only rooftops are on a hillside city that takes up maybe 10% of the map and since all the buildings are on different levels there is no more jumping between them without either climbing or falling to your death. The rest of the map is flat or forest which requires no parkour. 

Did you enjoy a well rounded leveling skill system? Say goodbye to that. The skills in this game mostly seem useless, nothing you grow into is exciting or enhances your experience beyond basic powering up of what you already have. 

Did you enjoy the thrill of going out at night and trying to avoid volatiles and then the tense chases when they saw you? This game makes going out at night a death sentence. Volatiles just spawn close to you everywhere you go. Their wandering patterns never take them far enough away from you or each other to actually get by them. Oh, and the ""Master Stealth"" skill? Does absolutely nothing. Every enemy can see you perfectly in pitch blackness. 

The grapple hook? utterly pointless in a massive mostly flat partially forested map.

The interesting power puzzles? Gone. Now you just have to clear out the fenced area around the substations and flip a switch. 

About the only thing they added to this game that is remotely fun is driving trucks through large groups of zombies but even that gets old after a while. 

I don't know who was responsible for this utter disappointment but they ruined a beautiful franchise.",negative,steam_live,3008130,False,1777054278,2222,english,7,0.507628262042999268,True,False,False
Dying Light: The Beast,"Пока Кайл Крейн устраивает геноцид зомби, Леон сосёт в сторонке",positive,steam_live,3008130,True,1777049672,2206,russian,0,0.5,True,False,False
Dying Light: The Beast,"Гру пройшов в режимі Restored Land. Пару ачівментів з 0.3%) 
Грати рекомендую тільки в цей режим
Графіка  - 5
Геймплей - ну классика ДЛ
Музика - 4
Візуал, карта , атмосфера - 5
Автомобілі - 1
Реіграбельність - 50/50
Рекомендую всім фанатам ДЛ
Гра 4 із 5",positive,steam_live,3008130,True,1777045822,2733,ukrainian,0,0.5,True,False,False
Dying Light: The Beast,Best zombie smasher,positive,steam_live,3008130,True,1777045461,3390,english,0,0.5,True,False,False
Dying Light: The Beast,I played Dying light 1 when it first came out 10 or so years ago now and I dont really remember how things were lol. Recently playing it again last year and finishing the main game and the following DLC it was alot more fun than I remember! The vibe of 1 really creeped me out at times but I found it to be pretty funny at times and just overall a great system. I recently tried part 2 but I couldn't get into it whatsoever. It felt some what all over the place for me so I gave up on it. I did enjoy the mechanics though. I did not get The Beast at launch but just recently and I can say this felt like a more mature version of 1! The mechanics from part 2 but also the more creepy vibe it has its like you have to take it a bit more serious ( I know its just a game lol). I am only a few hours in but I can say its very fun and thr story seem quite straight foward so far,positive,steam_live,3008130,True,1777042328,756,english,0,0.5,True,False,False
Dying Light: The Beast,crashing at loading screen with no errors fix the fking game,negative,steam_live,3008130,False,1777040681,608,turkish,1,0.502074718475341797,True,False,False
Dying Light: The Beast,leuke game goed verhaal,positive,steam_live,3008130,True,1777038079,9104,dutch,0,0.5,True,False,False
Dying Light: The Beast,oyuna daha fazla yan görev gelmeli hikaye artı yan görevler güvenli alanlar vs hepsini açtım ve bitirdim güzel akıcı ama tekrara düştü,positive,steam_live,3008130,True,1777034333,3508,turkish,2,0.545454561710357666,True,False,False
Dying Light: The Beast,tam stres atmalik,positive,steam_live,3008130,True,1777034139,3416,turkish,0,0.5,True,False,False
Dying Light: The Beast,"классная игра, как будто в 2020 вернулся с короновирусом по улицам бегаю",positive,steam_live,3008130,True,1777033807,1297,russian,0,0.5,True,False,False
Dying Light: The Beast,tis so fun,positive,steam_live,3008130,True,1777032951,2055,english,0,0.5,True,False,False
Dying Light: The Beast,"DL: The Beast - Restored Land review

This is next level gaming boys (and girls). If you'r looking for one of the best survival zombie games up-to-date, this is it. The graphics and gameplay mechanics are a bomb and very realistic. I'm a very big fan of RE9 but this hits the survival/immersion aspect on a different level. A must try/must buy.

PS: I'm running my first playthrough of the game on highest difficulty (brutal) and bought the game after seeing DL release their ""Restored Land"" update, which grabbed my attention due to the ""survival"" changes they included. The new mode with it's challenging difficulty hits the zombie-survival immersion aspect really well and makes you think twice before taking any action. I recommend 100%",positive,steam_live,3008130,True,1777029483,5858,english,0,0.5,True,False,False
Dying Light: The Beast,"╰──────╮ Графика ╭──────╯
☐ Забываешь, где реальность
☑ Сойдет
☐ Глаза болят

╰──────╮ Геймплей ╭──────╯
☑ Затягивает с головой
☐ Можно поиграть
☐ Скучно, как на лекции

╰──────╮ Аудио ╭──────╯
☐ Оргазм для ушей
☑ Атмосферно
☐ Кровь из ушей

╰──────╮ Тех. требования ╭──────╯
☐ Минимальные
☑ Средние
☐ Высокие

╰──────╮ Сложность ╭──────╯
☑ Легко освоиться
☐ Нужно иногда думать
☐ Требует активной работы мозга

╰──────╮ Гринд ╭──────╯
☑ Если вам важно получить пару ачивок
☐ Средний уровень
☐ Слишком много

╰──────╮ Сюжет ╭──────╯
☐ Лучшее, что я видел в жизни
☑ Недурно
☐ Его здесь нет

╰──────╮Игровое время ╭──────╯
☐ Долгое
☑ Среднее
☐ Короткое

╰──────╮Цена ╭──────╯
☑ Стоит своих денег
☐ Только на скидках
☐ Деньги на ветер

╰──────╮Баги ╭──────╯
☐ Их нету
☑ Совсем немного
☐ Надоедают

╰──────╮ 8 / 10 ╭──────╯",positive,steam_live,3008130,True,1777024864,3533,russian,0,0.5,True,False,False
Dying Light: The Beast,666,positive,steam_live,3008130,True,1777023234,3524,schinese,0,0.5,True,False,False
Dying Light: The Beast,"купил исключительно потому, что Крейн стал красивым и накаченным",positive,steam_live,3008130,True,1777020494,1525,russian,2,0.545454561710357666,True,False,False
Dying Light: The Beast,"Al inicio la historia me pareció un poco aburrida, pero el final de la saga me gustó mucho.",positive,steam_live,3008130,True,1777017430,1588,spanish,0,0.5,True,False,False
Dying Light: The Beast,Swietna gra!!!,positive,steam_live,3008130,True,1777012808,1023,polish,0,0.5,True,False,False
Dying Light: The Beast,"2/10
全是通马桶的主线 从这里去那里 关键去了之后还要自己找路 折磨",negative,steam_live,3008130,False,1777012267,492,schinese,1,0.525547444820404053,True,False,False
Dying Light: The Beast,After the most recent update that adds fast travel and some other recent tweaks I find it a lot more fun to play.  DL2 still my favorite.,positive,steam_live,3008130,True,1776999661,5573,english,0,0.5,True,False,False
Dying Light: The Beast,best dying light in every way,positive,steam_live,3008130,True,1776998741,1127,english,0,0.5,True,False,False
Dying Light: The Beast,good game,positive,steam_live,3008130,True,1776993476,469,english,0,0.5,True,False,False
Dying Light: The Beast,gg,positive,steam_live,3008130,True,1776991069,1931,english,0,0.5,True,False,False
Dying Light: The Beast,The best dying light ever,positive,steam_live,3008130,True,1776983164,1276,english,0,0.5,True,False,False
Dying Light: The Beast,круто,negative,steam_live,3008130,False,1776979198,1245,russian,1,0.5,True,False,False
Dying Light: The Beast,this is my second dying light game and im loving every second of it,positive,steam_live,3008130,True,1776977613,2947,english,0,0.5,True,False,False
Dying Light: The Beast,"Dużo krwi <3 Wygląda obłędnie i od pierwszych minut czuć klimat starego DL1.

Obrażenia na zombie robią robotę. Po kilku uderzeniach szczęka wisząca na bok to norma, a walka daje ogromną satysfakcję. Mocny plus za zasoby, które nie świecą się nachalnie na ekranie. Dopiero po wciśnięciu Q widać je wyraźniej, co buduje klimat i zmusza do uważniejszego rozglądania się.

Przeszukiwanie lokacji to czysta przyjemność. Projekty sklepów i wnętrz są dopracowane, chce się zaglądać w każdy kąt i sprawdzać, co jeszcze można znaleźć.

Jeśli ktoś tęsknił za klimatem DL1 i lubi soczystą, brutalną walkę z zombie, to naprawdę było na co czekać.",positive,steam_live,3008130,True,1776976124,1700,polish,1,0.523809552192687988,True,False,False
Dying Light: The Beast,"Haven't played a lot of the game yet, but I already like it a lot more than Dying Light 2. I loved Dying Light 1 and got let down with Dying Light 2 big time. The second one had all of the flaws of the first with little to no novelty that I was impressed by. So I just bowed out and thought the devs lost their touch.
However Dying Light always was a great coop game and this is 4 players to boot. So me and my friends gave it a shot. The good reviews helped. And well, they were right. This game is what Dying Light 2 should have been.
A better Dying Light 1. The Beast mechanic is fun and handled well. It's not OP or anything. Just fun. 
Can't say much on the story or progression. But if you are on the fence, this is a pretty safe bet. 
If you enjoyed Dying Light 1, you will enjoy this one as well.",positive,steam_live,3008130,True,1776974751,1029,english,1,0.5,True,False,False
Dying Light: The Beast,3050 kadar boktan bir ekran kartına sahip olsam bile (artı olarak laptop) akıcı bir oynayış sağladı optimizasyon güzel bir kaç bölümde kasmasına rağmen gayet güzel bir deneyim yaşadım yeni parkur mekanikleri güzeldi techland'e bu güzel oyun için teşekkür ediyorum,positive,steam_live,3008130,True,1776970610,205,turkish,0,0.47413790225982666,True,False,False
Dying Light: The Beast,"Otro juegazo de esta saga, hay varias cosas que no me gustaron como que los zombis reaparezcan muy rápido. También al modo foto le hace falta una optimización porque algunas animaciones no se ven como esperas.",positive,steam_live,3008130,True,1776970399,7603,spanish,0,0.493710070848464966,True,False,False
Dying Light: The Beast,"Gostei muito da nova ambientação, trilha sonora. Um dos poucos jogos de zumbi e criaturas que me dá um leve susto ou receio de enfrentar algumas criaturas. Fiquei muito contente de voltarem com o protagonista do primeiro jogo, que até então é o que espero poder continuar jogando no futuro.",positive,steam_live,3008130,True,1776970191,3261,brazilian,0,0.5,True,False,False
Dying Light: The Beast,"played the game at 5x game speed and now i gave myself Tachypsychia
10/10",positive,steam_live,3008130,True,1776970191,7113,english,0,0.5,True,False,False
Dying Light: The Beast,güzel iyi parasına deger,positive,steam_live,3008130,True,1776969713,1384,turkish,0,0.5,True,False,False
Dying Light: The Beast,This game is awesome. Once you get into the game and work things out it is very enjoyable.,positive,steam_live,3008130,True,1776968425,6886,english,0,0.5,True,False,False
Dying Light: The Beast,Its great,positive,steam_live,3008130,True,1776968055,2931,english,0,0.5,True,False,False
Dying Light: The Beast,"Od pierwszej części jestem wielkim fanem serii, i tym razem też się nie zawiodłem. Po dodaniu restored land jest o niebo lepiej. Nie mogę się doczekać zakończenia fabuły i rozpoczęcia czyszczenia mapy na jednym życiu.",positive,steam_live,3008130,True,1776965865,3124,polish,0,0.5,True,False,False
Dying Light: The Beast,The latest in the Dying Light series has some nice throwbacks to the first game by bringing back Crane.  There could be a few more side quests if I'm honest but they do update this a lot and so you are constantly getting new content.,positive,steam_live,3008130,True,1776963740,7207,english,1,0.5,True,False,False
Dying Light: The Beast,o kyle crane sem camisa me da tesao,positive,steam_live,3008130,True,1776961077,415,brazilian,0,0.5,True,False,False
Dying Light: The Beast,"Oyunun hikayesi 2.oyuna göre kısa 1.oyuna yakın bi uzunlukta senaryo güzel yani ortalama üstü (oyunun son 1-2 saatinde olan görevler hariç onlar harikaydı) ara sahnelere baya calisilmis baya beğendim sunum şekillerini yalnız bir görevden diğerine gitme işinde cidden bi süre sonra gına geldi fast travel yok arabayla gitmek zorunda kalıyorsunuz

Parkur olarak bir gerileme var bence özellikle grapling hook konusunda nerdeyse hic kullanmadım güzel yapamamislar bence 2. oyundaki hook daha iyiydi gerçi kullanılacak yerde yoktu ♥♥♥ parkur momentumu konusunda da zayıf. Var yine tabi ama 2. ve 1. oyun kadar değil 

Müzik konusunda oyunun ikoniklesmis müzigi cokca farklı tonlarda kullanılmıs başlarda güzel gelse de bi süre sonra tekrar tekrar duymak sıktı bir tek oyunun son görevlerinde farklı müzik duydum 

Gameplay olarak zombi deşmek zevkli parçalanışını görmek,canavar modumuz güzel zevkli

Grafiksel olarak güzel iş çıkartmışlar optimizesi de gayet iyiydi ultra ayarlarda dlss acık bi şekilde baya rahat oynadım.

Sonuç olarak indrimlerde alınabilir diye düşünüyorum fakat dying light aşığı değilseniz biraz daha düşmesini bekleyebilirsiniz. İlk oyunun dlc sini 2.oyun mekanikleriyle deneyimlemiş gibi hissettirdi oyun bana,zevkli miydi zevkliydi tercihen ama 2.oyun kat kat daha iyi derim

7/10",positive,steam_live,3008130,True,1776960061,1067,turkish,0,0.5,True,False,False
Dying Light: The Beast,T社双亲和克兰身体素质一起升天,negative,steam_live,3008130,False,1776957731,108,schinese,1,0.507658660411834717,True,False,False
Dying Light: The Beast,"This is a reluctant thumbs up as I enjoyed the game, but with some large caveats.
The core game is sound, and it's fun, but it really gets boring after a while due to the narrow variety of things to do. This is made worse by the story and dialogue being abysmal. Really abysmal. The Baron character is laughably bad. I uninstalled by the time I got to the Volatile's Nest mission, as I was done.
My search goes on for a zombie game that has a dark atmosphere where there is a believable story where the situation feels desperate. 
Funland - please get a good writer in. This was really terrible.",positive,steam_live,3008130,True,1776957709,2699,english,0,0.5,True,False,False
Dying Light: The Beast,зомбальный мазге кушат,positive,steam_live,3008130,True,1776955726,897,russian,0,0.5,True,False,False
Dying Light: The Beast,Olmuş,positive,steam_live,3008130,True,1776955097,2919,turkish,0,0.5,True,False,False
Dying Light: The Beast,this game is make my dih get faster,positive,steam_live,3008130,True,1776954732,1368,english,0,0.5,True,False,False
Dying Light: The Beast,Nicht gut,negative,steam_live,3008130,False,1776949555,58,german,0,0.5,True,False,False
Dying Light: The Beast,Amazing co op Game,positive,steam_live,3008130,True,1776949501,2251,english,0,0.5,True,False,False
Dying Light: The Beast,Вогник супер потужно,positive,steam_live,3008130,True,1776948980,2670,russian,0,0.5,True,False,False
Dying Light: The Beast,"Was sceptical at first, but bought the game after they announced the Restored Land game mode, and that the game was on discount.

The good:

Everything good about DL1, smooth parkour, nights are terrifying, zombie-killing is very gory and satisfying. With all the new Chimeras, and zombie types, somehow Volatiles still remain as the scariest part of the game.

Puzzles: A lot more puzzles compared to DL1 during quests, or clearing stations, unlocking safe zones, which often involves parkour, sneaking, or looking through documents etc, initially quite annoying as there is zero hand-holding, they gave you the task, and you're just expected to solve it, no markers, no tips. The first few puzzles encountered I was so confused and had to look up youtube guides to solve, but after a while I got used to how they design these puzzles then it became much more easier to solve, and yet still satisfying after solving each one. The parkouring puzzles are especially fun and most are unique from one another.

Story is simple, serviceable. Its interesting enough to not make you skip it. Characters are also simple by design, no complex character arcs, predictable betrayals. Always seems black and white, not much gray areas when it comes to the story and characters, which wasnt a bad thing, considering that's not the main point of the game that focuses on killing zombies and parkour.

The beast mode feels amazing, clawing through hordes of zombies, hulk jumping around the field, slamming the ground with shockwaves, along with cinematic finishers, such as pulling of zombie heads, punching through the chest, smashing a volatile head repeatedly on the ground, always satisfying. Easily one of the best feature in the game.

Restored land game mode: Zombies actually stayed dead and clearing zones feels amazing, felt like actual progression when playing instead of ""killing them because they're in my way"" or ""vaulting over zombies cuz they just come back anyways"". Certain resources are limited (such as batteries) so that you actually need to be careful not to waste your resources unnecessarily (though there's so much food lying around it technically negates the whole hunger bar addition).

The bad (or not so good):

Chimeras: The new addition to the game which are basically ""boss battles"" but most of it is just a copy paste of existing zombie types and amp up the damage and health. On top of that, they all have the ""summon adds"" mechanic which is just annoying and doesnt add any depth to the fight, just adds clutter and annoyance espcially when you're focusing on the boss and a random biter grabs you and the boss lands a lethal 70% damage hit on you. Half of the chimeras are just big zombies that charge at you and smashes ground, and the other half are slightly more memorable such as Wraith with invisibility, Matriarch with Mist and the Toxin.

Human enemies: Just annoying to deal with in general, melee fighters can dodge everything and parry everything almost 80% of the time, while range enemies often you cant even see them and just get shot from no where.

Skill tree is overly simplified with 0 customization, its basically level up get this skill, might as well just remove the entire interface and just give different skills each time we level. Despite my praise for the beast mode, there's so much more they couldve added to the skill tree but didnt such as additional skills like thunderclap, forward pounces etc.

0 customizations for guns/ranged weapons. No silencers, extended mags etc. Guns are pretty boring in general, bows are good for sniping silently only. Very underwhelming overall but then again, most players will rely on melee weapons anyways so not the biggest deal, would've been cool though to have mods for guns.

Volatiles nest still makes no sense/doesnt work/bugged? I have not encountered a single nest that's active at night aside from the main story. Good thing is it doesnt really impact much on my enjoyment of the game, just feels rather pointless.

Lack of side quests around the old town (the main city), aside from being the heart of the main story, along with the best designed location compared to the outskirts of the town, it has very little side quests (about 3 if I remembered correctly) and they all start from the town hall (which is the main building). There were no quests from random survivors outside of the hall, or just random encounters, (like going into a random building and finding a kid in the closet hiding from dad-turned zombie), which makes the town feels more empty/hollow despite having more zombies around. However, there's decent amount of side quests after reaching the exiled cave which is the second main base for the main story.

Overall still a really good game, but still cant say I enjoyed this more than DL1 which till date is still a masterpiece, also considering DL1 costs only a fraction of this game. The game has at least 30-40 worth of meaningful content (main quests, side quests, clearing safe zones and dark zones) and can easily reach 70-80 hours if you plan to 100% the game, those who said there's too little content and stops after 15 hours basically just rushed the main story to the end without doing much of anything else. The game however, still costs $60 which is on the pricier side, and if you're comparing to other games in the same price range (such as Cyberpunk 2077), its hard to justify paying full price for the game. I would say, its definitely worth getting at a discounted price, or if you're dying for a dying light game that feels like the first, then get it, you wont regret it.",positive,steam_live,3008130,True,1776948767,2952,english,0,0.5,True,False,False
Dying Light: The Beast,"До последнего хотел написать этот отзыв по завершению прохождения, но лень разрабов заставила написать его меня прямо сейчас.
Начну конечно же с плюсов
ПЛЮСЫ:
•Графика, конечно кардинально она от 2ой части не отличается но все же стала лучше
•Сюжет, он хороший, но не идеальный
•Боевка, она шикарно сочетается с графикой(много крови/мяса, действия игрока)
•Паркур, он тоже особо не поменялся, но также хорошо
На этом все,а теперь перейдем к минусам)
МИНУСЫ:
•Скрипты
•Хитбоксы
•Зависание в воздухе и текстурах
•Пропажа смысла в убийстве прыгунов
•Периодически персонаж не цепляется за текстуру либо цепляется, но за другую
•На боковой поверхности(к примеру крыше)зомби начинает бить сильнее и быстрее
•Боевка с нпс постоянно при ударе в упоре делает уклонение и почему не проходит урон, а также система хп благодаря которой ты можешь 5 раз ударить кувалдой зомби, но ему будет ♥♥♥♥♥
•Некоторые нпс не открывают рот во время диалога
•Зомби видят тебя под водой
•Некоторые вещи не поднимаются либо находятся в текстурах
•Тригер зомби через стену
•Максимально конченое подключение в онлайне и дело не в моем интернете и не в интернете моего друга
В общем не смотря на перечисленные минусы(большая часть из которых не критична)игру можно рекомендовать к покупке.",positive,steam_live,3008130,True,1776937755,10174,russian,0,0.5,True,False,False
Dying Light: The Beast,啊？这当信徒DLC都显得单薄！这就敢248？哦对不起，白送的啊？好游戏！！！！！,positive,steam_live,3008130,True,1776936697,3707,schinese,1,0.5,True,True,False
Dying Light: The Beast,"Oyunun hikayesi 1. ve 2. oyuna göre biraz sönük kalmış ama yine de keyifliydi. Özellikle son sahnelerin üzerine uğraşıldığı belli; sade ama etkileyici olmuş. Zombi kesme kısmı benim en çok zevk aldığım şeydi. 2. oyunda parkur mekanikleri gerçekten zirveye çıkmış, bu konuda çok başarılı. Hikâye açısından ise 1. oyun biraz daha önde diyebilirim. Eğer 2. oyunu henüz oynamadıysanız, bu oyunu almadan önce onu denemenizi öneririm. Ben şahsen oyunu genel olarak beğendim; online ilerleme sistemi ve yeni modların eklenmesi de oyuna ayrı bir keyif katmış.",positive,steam_live,3008130,True,1776926284,2107,turkish,2,0.545454561710357666,True,False,False
Dying Light: The Beast,Zombie gore Nice,positive,steam_live,3008130,True,1776916065,8882,english,0,0.5,True,False,False
Dying Light: The Beast,"Увы, но я не понял эту игру. С самого начала плохо цепляла, а ближе к середине сюжета и вовсе забросил. Наверное, главное, что напрягло, это сомнительная система прогрессии, с этими уровнями.",negative,steam_live,3008130,False,1776913127,835,russian,2,0.519685029983520508,True,False,False
Dying Light: The Beast,amazing game,positive,steam_live,3008130,True,1776911538,1488,english,0,0.5,True,False,False
Dying Light: The Beast,"ES POR ESO QUE ES EL GOAT, EL GOAT",positive,steam_live,3008130,True,1776905599,10416,latam,0,0.5,True,False,False
Dying Light: The Beast,gud performance with this spec at 1440p,positive,steam_live,3008130,True,1776904198,5781,english,0,0.5,True,False,False
Dying Light: The Beast,goty 2026?,positive,steam_live,3008130,True,1776903744,1940,english,1,0.513027727603912354,True,False,False
Dying Light: The Beast,"Dident play the base game, restored lands lured me back to the dying light series. The last DL was kinda weak, this one dont pull its punches. 
I really like restored lands and i think the price is fair - took me 71 hours, I did not clear all dark zones, but did unlock all safezones, do all side quests and find all legendary weapons along with restoring all zones.
Story is grim and and classic, visuals are cool, the grappling hook seems much nerfed and nearly useless for anything other then chesse pull/headstump trash mobs.
Well worth its price I´d say.",positive,steam_live,3008130,True,1776892636,4451,english,0,0.5,True,False,False
Dying Light: The Beast,"баги и скука. никогда не думал, что мне может не понравиться игра из серии dying light",negative,steam_live,3008130,False,1776892465,2147,russian,0,0.5,True,False,False
Dying Light: The Beast,Oynanış olarak baya tatmin. Menü müziğinde altyapıda ilk oyunun müziği kullanılmış biraz da last of us esintisi şahane olmuş. Oyunu oynarken sanki ilk oyundaki harran haritasındaymışım gibi bir his aldım. Araç sürerken atmosfer the following dlc'sini anımsatıyor. İkinci oyuna göre tek eksiği parkur mekanikleri açısından geri kalmış onun sebebi de binalar arası mesafe çok fazla. Parkur olarak eksikleri var ama oynanış sırasında bu eksikliği ilk oyun hissiyatı vererek kapatıyor. Geceleri aynı ilk oyundaki gibi geriyor ikinci oyunda bu kadar germiyordu beni çünkü parkur yapma rahatlığı vardı. Bazıları skill ağacı yetersiz demiş zaten önceki oyunlarda puan harcayarak açılan çoğu özelliğe sahip karakter. Hikayesi basit bir temel üzerine oturtulmuş olsa da ikinci oyun kadar sinek değil. En azından ilk oyunun devamı olduğunu hissettiriyor. İkinci oyun spinn of + kötü bir hikaye olduğu için beğenmemiştim. Özetle ben bu oyunu genel itibarıyla beğendim. Gerçek dying light gurmelerinin bu oyunu seveceğini düşünüyorum.,positive,steam_live,3008130,True,1776889177,2561,turkish,0,0.5,True,False,False
Dying Light: The Beast,"I wish there was a 'Mixed' option for Steam reviews, as this game falls into that category for me. I *LOVE* DL1 & 2.

Overall, the game felt more like an addon/DLC akin to DL1's The Following.

The story and voice acting were (again) very good. This was the game's strong suit.

Gameplay-wise ... I just didn't 'feel' it. 

The parkour felt a bit clunky, I didn't ever feel like I 'flowed'. I didn't enjoy the map anywhere near as much as DL2's with its massive verticality, and I wonder if the design of the map made parkour feel quite stop/start. Also, I was *never* sure if I would make a jump/grab ... auto-grab was very hit and miss, and some ledges seemed easily reachable, but apparently there was no *insert code that makes a ledge grabbable*. The *only* parkour improvement over DL2 is the lack of the stamina bar for climbing.

The only use I found for the grapple was yanking Zs and headstomping them. That *was* fun (at first) ...

I found the combat quite flat, with the environmental effects on weapons and in the world being very underwhelming. No 'dropkick' manoeuvre, only a vault/dropkick. As you level up you need 2 headstomps to kill a downed enemy ... headstomp should *ALWAYS* be a finisher! I played Dead Island 2 last year, and the combat in that game (including environmental fx) really flowed and was real fun.

The Beast mode ... again, I found it really underwhelming. It took a lot to charge up, then was expended too quickly, even after I had fully upgraded The Beast skill branch. Maybe the Legend levels where they allow you to speed up charging and prolong The Beast mode make you feel like The Beast ... but you'd need at least another playthrough to get the XP to bump those skills up.

I really disliked the driving, and the trucks don't handle well enough (they turn like an oil tanker!) for the racing quest to feel fun - I completely swerved them (pun intended!).

Although I thought the map wasn't particularly large, it felt quite empty. I will say that the different zones (town/forest/farm/industrial) did all have distinct designs.

The crafting/upgrading weapons and items was a big downgrade from DL2 (I *LOVE* looting and hoarding components!).

I played @2560x1080 with settings maxed and upscaling 'Quality' and consistently hit 60fps.

Overall I expected more from the gameplay and was quite disappointed, but I'm glad I played the game for the story and world building which it does *really* well.

Despite my 'mixed' review, I look forward to the next installment in the DL universe.",positive,steam_live,3008130,True,1776888870,4119,english,3,0.546387851238250732,True,False,False
Dying Light: The Beast,"I liked: No stamina meter for vertical climbing (see Dying Light 2).  Healing system and inventory is well thought out and balanced and scales well.  Generally good quality of life.
Disliked:  No fast travel AT ALL.  Nighttime chases feel clumsy and random and are overpopulated with Volatiles.  Bows have been nerfed.",positive,steam_live,3008130,True,1776885856,3403,english,0,0.5,True,False,False
Dying Light: The Beast,"Very good game, I love gooning to Kyle Crane when we moans in my ear at low hp",positive,steam_live,3008130,True,1776884133,3290,english,1,0.503267943859100342,True,False,False
Dying Light: The Beast,ganz oke,positive,steam_live,3008130,True,1776883382,3962,german,0,0.5,True,False,False
Dying Light: The Beast,"nie moge powiedzieć dużo o tej grze, ponieważ nie grałem za długo ale jest ciekawa i napewno lepsza od dying light 2 stay human. jest tu nowa mechanika bestii i fabuła którą jak najbardziej lubie. jest warta spróbowania jeśli lubicie zombie, parkur i dobrą fabułe. ale oczywiście jeszcze trzeba mieć kase... ale to może macie (lub nie)",positive,steam_live,3008130,True,1776883214,1212,polish,0,0.5,True,False,False
Dying Light: The Beast,10/10,positive,steam_live,3008130,True,1776879371,1678,polish,0,0.5,True,False,False
Dying Light: The Beast,RDR kalk büyügün geldi,positive,steam_live,3008130,True,1776879288,1495,turkish,0,0.5,True,False,False
Dying Light: The Beast,TAM ANLAMIYLA MUHTEŞŞEM oyunda silah çeşitliliği aşırı fazla bir silahın kostümlü 1000 den fazla hali var beast moddan bahsetmiyorum bile mekanikleri aşşşşşşşırı iyiiiiiiiiiiiiiiiiiiiiiiiiiiiiiiiiiiiii daj dhjojajkudhs,positive,steam_live,3008130,True,1776876555,1649,turkish,0,0.5,True,False,False
Dying Light: The Beast,"отличная игра серии , все в этой игре отлично за исключением одного , ♥♥♥♥ бегать через всю карту туда сюда это то еще испытание , это просто жопа, ну вы сделайте телепорт из одного аванпоста в другой , ну нет зачем , надо носится как идиот из одного конца карты в другой конец и так постоянно , пустая беготня порой , вот это вот и бесит конкретно , убрать бег и игра сократится  наверно в двое , а так все замечтательно",positive,steam_live,3008130,True,1776870788,2750,russian,0,0.5,True,False,False
Dying Light: The Beast,"Bardzo fajna i ciekawa gra, podoba mi się każda jej część. Gorąco polecam.",positive,steam_live,3008130,True,1776869224,4302,polish,0,0.5,True,False,False
Dying Light: The Beast,"Si te gustó el primer juego, este te va a encantar. Si no has jugado el primero, empieza por ahí y luego vuelve a este. Y sobre el segundo, bueno...",positive,steam_live,3008130,True,1776868954,1144,spanish,0,0.476190477609634399,True,False,False
Dying Light: The Beast,f,positive,steam_live,3008130,True,1776868280,4330,english,0,0.5,True,False,False
Dying Light: The Beast,"Dying Light reste pour moi un des meilleurs jeux de zombie en monde ouvert et fun surtout en coop. De Dying Light 1, Dying Light 2 ou ici Dying Light: The Beast, je n'ai jamais été déçu.",positive,steam_live,3008130,True,1776858027,3383,french,0,0.5,True,False,False
Dying Light: The Beast,Muy buena jugabilidad e historia cautivadora,positive,steam_live,3008130,True,1776855001,2651,spanish,0,0.5,True,False,False
Dying Light: The Beast,First i was Craneing it but then i ascended and started Beasting it. You should do the same!,positive,steam_live,3008130,True,1776850493,2946,english,0,0.5,True,False,False
Dying Light: The Beast,el juego es claramente superior a sus otras entregas pera tiene un bug fatal que te deja bloqueado en una misión principal concretamente la del manicomio en la que no puedes coger la llave de un cadáver la solución que encontré fue tirar todas las minas que tenia no se porque pero funciono,positive,steam_live,3008130,True,1776845682,1280,spanish,0,0.5,True,False,False
Dying Light: The Beast,GRAAAAAAH I'M RELEASING MY BEAST RAAAAAAAAAAHHHH,positive,steam_live,3008130,True,1776836951,1774,english,1,0.500468313694000244,True,False,False
Dying Light: The Beast,"Tämä peli oli erittäin jännittävä ja todella sairas, alpha male votalie seurasi minua todella ilkeää, mutta tapon jälkeen tukalat tuskanhuudot loppuivat, tässä pelissä on kauniit maisemat niinkuin muissakin tämän pelisarjan peleissä ja vesisade oli erittäin leuka maassa moment koska en odottanut heti vessan jälkeen uudelleen käyntiä, olen tyytyväinen asiakas ja hymyilen, jos olisin nainen en tykkäisi tästä pelistä, miinukset : liian vähän ase-blueprint, missä crosbow blueprint, ihmis viholliset käyttäytyy kuin allah olisi näyttänyt niille mitä täytyy tehdä sotatilanteessa, hauskin ja omasta mielestäni hauskin lisäys oli se hauska lisäys missä Kyle Crane laittaa kauhistus modin päälle ja huutaa ja kiljuu ja itkee ja nauraa ja se oli omasta mielestä hauskin lisäys se laittoi naurattamaan ja taskut kolisemaan alivieska radion tornit ne nauroi ja kertoo tänäkin päivänä Kyle Cranen hurjittavista ja itkuttivista tarinoista, mahtava peli.",positive,steam_live,3008130,True,1776836151,6869,finnish,0,0.5,True,False,False
Dying Light: The Beast,"Peli oli hupaisan hauska sillä Kyle Crane on päähahmo jolla pelataan, saa muistella tuttua persoonaa mutta aikuistuneempana.

Pelissä keskeinen osa oli hemoglobiini narkkaus, joka voimisti Kyle Cranen supervoimia. Kyle Crane voi lentää hirviö moodissa kunhan hän on narkannut hirviöiden verta tarpeeksi.

Ärsyttävää oli shrekin mahakuva hyppypelotukset eli jumpscaret joita tulee lähes joka oven takaata jonka läpi menee.

Tähtilapsen ensimmäinen sivutehtävä oli aivan mainio, Kyle Crane pääsee muistelemaan menneisyyttään erittäin iloisesti ja mukavasti.

Silloin kun olet tappelussa ihmisiä vastaan joilla on tuliaseita sekä lähitaisteluaseita, tulet vammaantumaan sillä lähitaistelijat ryntää sinua päin kun muut ampuvat.",positive,steam_live,3008130,True,1776835308,5207,english,1,0.502074718475341797,True,False,False
Dying Light: The Beast,Kyle Crane,positive,steam_live,3008130,True,1776833037,2989,english,0,0.5,True,False,False
Dying Light: The Beast,"ok.. 3 hours in.. i think i barely finished the tutorial and i got some gripes in the game.. 1) even on easy.. i think everything is too agressive, it takes so many hits just to take out a zombie, and everything breaks too fast. when i play any game on the first time, i always play ""story"" difficulty to enjoy the actual story.. and then 2nd+ playthrough i aim for harder difficulty.  theres no reason for this game to be this difficult on story/easy mode.. please.. please throw me a bone and help a brotha out. 2) the look of the game... idk how to explain it. the zombies.. they have this.. plastic-y feel/look to them.. like the game tried very hard to make it ""look"" realistic but the issue is it makes it look even more...""fake"" and stuff.. maybe trying very hard to make the look..well look modern/updated (realism) was crancked too hard and should have been toned down. 3) the idea of the new mode sounds nice.. i just wish you could go further and custom it out a bit more. when everything breaking too easily and zombies taking like 4-5 hits and being super aggressive even on easy difficulty.. i see no incentive to play restored lands that forces like 10 negatives on you without balancing it out just a tad. maybe if there was a ""you can custom it"" so maybe X can be negative but Y is positive for you, they ""cancel"" out and there for its not leaning on too easy.. or something.. idk. ill stop rambling.. i just wish the game could let you tweak some annoying things a bit, or have the movement be more like 1 and less.. annoying like this game.",positive,steam_live,3008130,True,1776831721,1370,english,1,0.494382023811340332,True,False,False
Dying Light: The Beast,그냥 잼있음... 아무 이유없이 잼잇음....,positive,steam_live,3008130,True,1776831007,3406,koreana,0,0.5,True,False,False
Dying Light: The Beast,"needs more content cant believe dl2 got more than this 
a",positive,steam_live,3008130,True,1776828557,1605,english,0,0.5,True,False,False
Dying Light: The Beast,"通关后再也不想打开的一代，很佩服那些能吃到10周目的玩家。最恶心的两点：
一是小僵尸的超绝吸附，导致双手武器很少能用出重击，跑酷过程中经常莫名其妙被强制抓取，踩头在空中也能被肘一下，噩梦开荒被这样搞几下开局药就用光，后期也容易断节奏被打组合拳。
二是脑残任务点，不管主线支线，经常出现从地图北边跑到南边，然后再回头交任务的情况。傻逼t社就为了推它那汽车，这一作一半时间都花费在跑图上，传送点也舍不得给。
上面还只是个人觉得最严重的两点问题，剩下的小问题数不胜数，通关后没有能反复游玩的模式，野兽模式敷衍，剧情降智......价格没掉到19.9根本不值得入",negative,steam_live,3008130,False,1776827452,2880,schinese,2,0.525258660316467285,True,False,False
Dying Light: The Beast,"Absolutely a freakin' blast. LOVED the first two (well, several parts of the second one) and the third one brings in a refreshing mix of the parkour systems. Still getting the hang of being consistent with the grapple, but I've been going out more at night as of late ;)",positive,steam_live,3008130,True,1776822521,19089,english,0,0.5,True,False,False
Dying Light: The Beast,It's great as many others have probably said. The difficulty of some the later missions is questionable but still fun!,positive,steam_live,3008130,True,1776821545,2082,english,0,0.5,True,False,False
Dying Light: The Beast,estou sem palavras,positive,steam_live,3008130,True,1776819970,2374,brazilian,0,0.5,True,False,False
Dying Light: The Beast,"good night, good luck",positive,steam_live,3008130,True,1776816087,1450,english,0,0.5,True,False,False
Dying Light: The Beast,"A Very Fun continuation of the story
The Beast Gameplay feels alright
Graphics are great

A Bit short
But definitely worth playing :]",positive,steam_live,3008130,True,1776813742,3860,polish,0,0.5,True,False,False
Dying Light: The Beast,"если вы будете играть в сюжет ,то ждите вечных битвы с боссами и головоломки ,а так , если проходить побочки , то в целом приемлемо(если у вас видеокарта +-gtx 1650 ,то моя рекомендация поставить reflex и dx 11 в настройках *видео*, тогда будет в среднем 50-60 фпс ,в тяжелых локациях там +-45-50фпс)",positive,steam_live,3008130,True,1776812246,962,russian,0,0.5,True,False,False
Dying Light: The Beast,kyle!,positive,steam_live,3008130,True,1776808443,239,english,1,0.523809552192687988,True,False,False
Dying Light: The Beast,"10/10
NAJLEPSZA GRA",positive,steam_live,3008130,True,1776805714,1328,polish,0,0.5,True,False,False
Dying Light: The Beast,Zajebista gra cudowna fabuła.Powrót legendy Kale Crane.Super zabawa podczas gry. Polecam dla każdego fana seri Dying Light,positive,steam_live,3008130,True,1776800067,2305,polish,0,0.476190477609634399,True,False,False
Dying Light: The Beast,.,positive,steam_live,3008130,True,1776798733,980,brazilian,0,0.5,True,False,False
Dying Light: The Beast,"Após ter jogado mais de 100hrs e ter feito 100% das conquistas, acho que posso dar a minha opinião sincera do jogo.


O Dying Light The Best, não é ruim, mas está longe de chegar aos pés do primeiro.

Primeiro ponto: dá pra ver claramente que esse dying light era pra ser uma DLC, pois o jogo é pequeno demais, se você for tentar terminar o jogo sem fazer 100% das conquistas, você acaba em 16hrs ou até menos que isso, você percebe que foi um conteúdo mastigado e que o protagonista não era pra ser o Crane, eles só reimplementaram o Crane novamente pra vender o jogo, pois sabiam que o Crane seria um chamariz pra vendas, coisa que deu muito certo.

Segundo pronto: ao contrário do primeiro, nesse Dying Light falta aquele cenário caótico do primeiro jogo, aquele cenário de destruição, aquele bloom alaranjado que dava um toque de um mundo pós apocalíptico.

Terceiro ponto: você usa pouco parkour, pra ser mais específico, você usa o parkour somente dentro da cidade, a cidade é minúscula, 10% de cidade e o restante do mapa é só mato, e isso acaba tirando toda a proposta do primeiro jogo, e acaba que se torna cansativo demais ter que ficar andando de um lado pra outro num mapa totalmente vazio sem nada pra fazer.

Quarto ponto: eles colocaram missões muito distantes pra prolongar o tempo de jogo, mas acaba que isso é totalmente desnecessário e cansativo, você corre km, pra pegar um item pro cara que está na cidade, leva esse item pro cara, depois ele pede pra você voltar no mesmo local pra pegar mais um item, e cara, isso se torna enjoativo demais, chegou uma hora que eu não via o momento de acabar esse jogo e desinstalar da minha máquina.

Quinto ponto: a história do jogo é rushada o tempo todo, e diferente do primeiro jogo, você não consegue se apegar a nenhum personagem aqui, nem mesmo ao próprio Crane, são personagens sem sal, que não tem desenvolvimento algum durante todo jogo.

Sexto ponto: o Crane continua o mesmo bobalhão do primeiro jogo, acreditando nos outros e se ferrando depois, só que aqui é ainda pior. Fulano te trai, você fica put0 com o fulano e no final do nada esse fulano aparece te pedindo desculpas e o Crane simplesmente vai lá e aceita as desculpas como se nada tivesse acontecido, e isso acontece com mais de um personagem, e você fica tipo, ""Tá, esse fulano me traiu e só vou aceitar sem mais nem menos"".

Sétimo ponto: o principal vilão do jogo que é o barão, ele só aparece duas vezes no jogo, no início e no final, fora isso, você só fica ouvindo os outros personagens falar dele, o barão fez isso, o barão fez aquilo, o barão está fazendo uma nova pesquisa, e em nenhum momento você tromba com ele novamente sem ser nesses dois momentos, muito diferente do primeiro Dying Light, que o Rais o tempo todo é presente, fica te provocando, mata seus colegas na sua frente, faz o inferno na sua vida só pra ver você ficar put0 com ele, mas nesse aqui não existe isso, e acaba que você não cria aquela raiva do vilão, pois ele não é presente igual ao Rais. 

Oitavo ponto: o final desse jogo é que nem novela mexicana, um vilão que se acha o rei da cocada preta, que se gaba do poder que tem, e só nesse momento ele tenta fazer uma única m3rd4 pra tentar fazer você ficar com raiva dele, e cara, ficou um final bem b0st4, sem contar também uma personagem que a gente ajuda ela, pra ela conseguir um poder f0d1d0, que de acordo com ela aquele poder iria mudar tudo no jogo, pra chegar no final ela não fazer nada com o poder.


Então, o jogo tenta ser o que foi o primeiro mas não consegue. São cenários vazios, personagens sem desenvolvimento algum, vilão sem presença alguma, final bem m3rd4 e pouco tempo de jogo pelo preço que pedem nele.

Não vou indicar o jogo da forma que se encontra devido todas essas falhas, recomendo esperar uma baita promoção, e se tivesse uma recomendação razoável, essa seria minha recomendação pra esse jogo.

Nota = 6/10",negative,steam_live,3008130,False,1776796765,6076,brazilian,3,0.514803647994995117,True,False,False
Dying Light: The Beast,tak,positive,steam_live,3008130,True,1776793051,2144,english,0,0.5,True,False,False
Dying Light: The Beast,"Dying Light: The Beast is exactly what fans of the series wanted — brutal combat, intense parkour, and a darker, more survival-focused atmosphere. The world feels dangerous at every moment, especially at night, and the game does a great job of making you feel constantly on edge.

The movement is smooth and satisfying, with parkour feeling even better than before. Combat is brutal, fun, and gives you plenty of freedom in how you deal with enemies. The graphics and environment design are also impressive, making the world feel alive and immersive.

What really stands out is the tension and atmosphere. Exploring abandoned areas, scavenging for supplies, and trying to survive against stronger infected creates a great mix of excitement and fear.

Overall, Dying Light: The Beast is a fantastic experience for both long-time fans and newcomers. It keeps what made the original games great while adding enough new features to make it feel fresh.",positive,steam_live,3008130,True,1776791003,1779,english,0,0.5,True,False,False
Dying Light: The Beast,the real beast is inside my pants,positive,steam_live,3008130,True,1776790222,327,turkish,4,0.581749081611633301,True,True,False
Dying Light: The Beast,"Dying Light 2 has redressed the Beast. An old game, but the requirements for the video card are like for a new one.
1. plot 5\10, Aiden's story was more interesting.
2. graphics - almost unchanged from Dying Light 2, a slight improvement.
3. parameters. 1\10 - how could the requirements for the old game be increased? You can't fly here, the map is smaller. But the requirements for the video card ... 
4. weapons - well, couldn't you have made a larger selection of firearms? Also a question why you can't tune weapons with body kits like a silencer. 

very disappointed, although I'll wait for part 3.",positive,steam_live,3008130,True,1776787823,580,ukrainian,0,0.5,True,True,False
Dying Light: The Beast,im craning it,positive,steam_live,3008130,True,1776784329,1492,english,0,0.5,True,False,False
Dying Light: The Beast,Love the series and the Restored land is wonderful feels more real when the zombie count goes down after a hard day of clearing an area,positive,steam_live,3008130,True,1776783745,12845,english,0,0.5,True,False,False
Dying Light: The Beast,best game ever story wise but also the soundtracks is something else I love this game with a passion.,positive,steam_live,3008130,True,1776782654,1550,english,0,0.5,True,False,False
Dying Light: The Beast,"Desde mi punto de vista el mejor título de Dying Light hasta la fecha, lo único que no me convenció del todo fue el mapa.",positive,steam_live,3008130,True,1776780487,1754,spanish,5,0.598540186882019043,True,False,False
Dying Light: The Beast,过于罐头而导致可玩性远远不如一代，剧情更是平淡如水。攀爬手感非常奇怪（和一代比），并且钩爪的便捷程度没有一代好。不建议购入，建议喜欢的人直接去玩一代,negative,steam_live,3008130,False,1776778925,887,schinese,1,0.501597464084625244,True,False,False
Dying Light: The Beast,"very enjoyable, though that can be said due to my bias towards all the dying light games",positive,steam_live,3008130,True,1776778859,1618,english,0,0.5,True,False,False
Dying Light: The Beast,"у друга вылетает в кооп режиме постоянно, пришлось перестать играть",negative,steam_live,3008130,False,1776778127,5497,russian,0,0.5,True,False,False
Dying Light: The Beast,имба,positive,steam_live,3008130,True,1776773873,2482,russian,0,0.5,True,False,False
Dying Light: The Beast,"Fajne , dobra gra  , fajnie się zombie obrażenia dostają",positive,steam_live,3008130,True,1776769801,2406,polish,0,0.5,True,False,False
Dying Light: The Beast,打斗爽，剧情难评,positive,steam_live,3008130,True,1776768725,3664,schinese,0,0.5,True,False,False
Dying Light: The Beast,"作为原本定位为《消逝的光芒2》DLC的《消逝的光芒：困兽》（下称《困兽》），据说是因为体量越做越大，才最终转正成为了一部外传性质的正式作品。 拥有《消逝的光芒2：终极版》的玩家可以免费获得该游戏，但该版本目前已经在Steam停售。 虽然一开始《困兽》是作为《消逝的光芒2》的DLC而立项的，《困兽》的剧情时间线也处于《消逝的光芒2》之后，但本作玩家将要扮演的主角却回归了一代的“哈兰战神”——凯尔·克兰。
在一代结局中变身为夜魔之后，克兰被“男爵”所领导的势力捕获，送至了欧洲阿尔卑斯山下一个名为河狸谷的小镇，并遭受了十多年人体实验的折磨，成为了体内同时具有人类和夜魔两种DNA的“混种”，但至少恢复了人类的理智和形态。
现在，克兰逃出来了，猜猜他要找谁去寻仇?
在复仇之前，让我们先来深入认识一下克兰目前所在的河狸谷。
就像开头所说的那样，这是一个坐落在阿尔卑斯山下的小镇，主要发展以自然风光为主题的旅游业，河狸波波就是它们的吉祥物，因此城镇规模不大，大部分地区建筑密度也不甚高，更不像二代一样的到处都是高楼大厦，不过不少建筑都依然能够进入探索，也有沼泽、农田、森林等较为多样的地形地貌。
在复仇之前，让我们先来深入认识一下克兰目前所在的河狸谷。
就像开头所说的那样，这是一个坐落在阿尔卑斯山下的小镇，主要发展以自然风光为主题的旅游业，河狸波波就是它们的吉祥物，因此城镇规模不大，大部分地区建筑密度也不甚高，更不像二代一样的到处都是高楼大厦，不过不少建筑都依然能够进入探索，也有沼泽、农田、森林等较为多样的地形地貌。在复仇之前，让我们先来深入认识一下克兰目前所在的河狸谷。
就像开头所说的那样，这是一个坐落在阿尔卑斯山下的小镇，主要发展以自然风光为主题的旅游业，河狸波波就是它们的吉祥物，因此城镇规模不大，大部分地区建筑密度也不甚高，更不像二代一样的到处都是高楼大厦，不过不少建筑都依然能够进入探索，也有沼泽、农田、森林等较为多样的地形地貌。另外，我强烈推荐大家去好好体验河狸谷中的支线任务，因为本作的支线任务不仅没有大量重复的通马桶内容，在剧情方面还能够提供十分充足的情绪价值。
比如在接取任务时要是碰上一些强人所难的要求，克兰会化身玩家的嘴替，主动直接地开口质疑任务的必要性，以欲拒还迎的手段让对面放低身段，以恳求的姿态请求自己的帮助。在任务提供了一些分支选项，并且玩家进行了选择以后，也少有人会以道德标兵的姿态跳出来指责玩家，而是会代入克兰的视角为玩家辩解。而完成任务以后，任务发布者还会不吝自己的夸赞之语，来感激玩家所付出的苦功。这些方面的改变，让《困兽》里玩家完成支线任务所能带来的正反馈直接拉满，甚至能让相对平淡的跑图环节变成调剂剧情节奏的手段，反倒是让人有些意犹未尽，只愈发觉得支线任务数量太少了。
再者说了，本作的载具刷新点几乎算得上是随处可见，点出技能后载具自带的油量差不多足够玩家开遍全图，上车后还有全息导航实时指引任务路线。虽说这样设计确实削减了不少跑酷玩法的戏份，但奈何河狸谷本来就有一半的地方没有任何建筑，就算是成龙恐怕也很难只靠双脚，就能在除了树木就是丧尸的地方跑酷吧。除非他也拥有本作的辅助跑酷道具——“爪钩”。
本作爪钩的运作机制和二代一样，需要通过消耗体力来发动。其拉力虽然不足以让角色直接位移到目标地点，但能通过摆荡来提升速度和缩进距离，也可以通过朝高处连续出钩的方式来快速上楼。只不过由于体力消耗被提高（也可能是体力上限下降）了，主角能够连续出钩的次数也大幅减少了。除此以外，爪钩还能直接将敌人钩倒在地，点出倒地处决技能后能够快速清理杂兵。
另外，滑翔伞并不会在本作出场。　而在基础系统层面，制作组的选择是让《困兽》回归初代那种偏向生存体验的底层设计。
不仅制造各种武器道具的材料需求所有增加，近战武器的耐久也会随着使用不断减少，玩家从一个拿枪的敌人身上搜到的弹药同样变得非常吝啬，通常只会搜到一两发子弹，且子弹面对血厚的敌人时消耗速度很快。　说到装备和武器，在《困兽》中克兰可以装备包括头部、手套、护腕、服装、运动裤、运动鞋在内的6项装备，大部分装备都可以在暗区、安全区和任务奖励中得到，并且都会带来倾向不同的效果。例如其中的“野性”套装的效果就能减少近战武器的体力消耗，并增加伤害和治疗效果，虽然集齐6件“野性”套装后并不会触发什么额外的特殊效果，但仅仅是数值上的提升就足以让玩家的生存能力强上许多了。《困兽》在武器的多样性上也迎来了一个较大的提升。
近战武器现在可以通过“模改”装上最多四个改装模组，其中尖端和柄部的模组能为武器提供传统的电击、燃烧、中毒、冰霜和冲击特效，握把和挂件模组则能够提供减少耐久度消耗、增加伤害等永久激活的被动和数值加成。　远程武器虽不能改装，却通过新增不少武器类型的方式来让玩家能玩到尽兴。
细细数来，本作大概有弓箭、弩箭、手枪、左轮、步枪、射手步枪、冲锋枪、霰弹枪、火焰喷射器、榴弹发射器、锯片发射器等不下十种的远程武器，且只要解锁，玩家就可以随时在工作台对它们进行升级与制作。
和前两作一样，本作玩家在前期弹药相对紧缺，但在中后期资源一旦累积起来，也能短暂摆脱掉弹药焦虑，带着上百发的备弹去正面硬刚BOSS。通过限制资源获取数量，提高资源消耗速率，以期让玩家在游戏的早期时刻处在资源焦虑之中，这正是Techland认为造成消光一口碑成功与消光二口碑失败的关键差异点。　此外，除了制造资源焦虑，本作对敌人的战斗力也进行了加强。
河狸谷的白天出现较多的是人类敌人和普通丧尸。
近战型的人类敌人现在不会无脑上前攻击，而是会以退为进，更倾向于在闪过或者防住玩家的攻击过后再出手;远程型的人类敌人则会优先在远处寻找掩护，并在玩家靠近时不断转移掩体。
而原本在前两代作为杂兵存在，只有数量稍多时才具备一点威胁的普通丧尸，在本作中的攻击欲望变得更强了，而且经常会以能够硬控玩家的“投技”起手，寻常攻击时也会预判玩家的位置。玩家路过尸群时，一旦离它们稍微近了一点就会被挠上几爪子，走慢了马上就会被它们扑过来抱住，等到挣脱过后转头一看，周围已经要被围得水泄不通了。当夜幕降临，夜魔也会如期而至。
这是一种运动能力极强的丧尸，堪称游戏中除了主角以外的最强战力。它们也能畅通无阻地在房顶上穿梭跑酷，不仅能跟得上克兰跑酷时的脚步，甚至偶尔还会超过主角。这种可能从任何角落发起袭击的“猎手”般的存在，让玩家时刻如履薄冰。
而主角则因为夜晚能见度极低，光源主要依赖手电筒，光影交错下，废墟和阴影中仿佛随时会冒出敌人，未知性和恐惧感油然而生。另外在夜间，感染者的低吟、嘶吼、脚步声，以及风吹过废墟的呼啸声，都极具沉浸感。紧张的背景音乐会在危险逼近时响起，进一步加剧玩家的心理压力。
从这些点就能看出，在营造“威胁感”这个方面，《困兽》确实下了一番苦功。在普通敌人和夜魔之外，《困兽》主推的“奇美拉”——男爵制造出来的强大丧尸——则是更加特殊的存在。
游戏中共存在8只奇美拉，每一只奇美拉都只有在主线剧情中才能遇见。不同的奇美拉拥有各自不同的能力，Techland从这个方面下手，设计出了多场演出和互动都颇具差异的BOSS战。　比如玩家第一个遇到的奇美拉“死神”，就是将右手的骨头当成骨刀来挥舞的近战型丧尸，其形象设计比较接近于大众印象中的死神形象，攻击方式也主要依靠挥舞骨刀。整体感受下来还算有挑战性，不过玩家也很容易就能找到应对之策。
奇美拉和大地图上会刷新的各种类型的精英丧尸不同，会使用一些新招式，而且血量更厚、体型更大、有专门的对战场地，血量下降到一定程度还会分阶段召唤小丧尸。在击败奇美拉之后，克兰可以从它们的身上提取到“GSB”并注入自己体内，然后就会获得相应的“野性点数”，也就是可供升级“野性技能”的技能点。这个分支中的技能只能在野兽模式下使用，而在点出最后一项之前——也就是游戏主线流程的中后期——玩家只能等野性之力计量条填满以后才能主动开启野兽化。　至于其他三条技能分支，由于本作的等级上限为15级，后期每升一级都会得到多个技能点，所以每一条只有7项技能，分别对应着力量、敏捷和生存，其内容十分接近前两作技能树的融合精简版。
开启野兽化后，克兰会像《消逝的光芒2》中夜魔化的艾登一样，收起手中的武器，抡圆了一双大手准备和敌人肉搏。这个状态下的克兰身体素质会得到全方位飞跃式的提升，在攻击夜魔和BOSS以外的敌人时可能会自动触发处决攻击，带来更加血型刺激的战斗场面。点出相应的技能以后，更是可以一蹦三尺高，或者违反物理定律在空中徒手直线拉钩爪，直观地演绎为什么克兰被叫做哈兰超人。对了，现在克兰所在的地方是河狸谷，应该改口叫河狸谷超人。总而言之，《消逝的光芒：困兽》是一次对系列初代精神的诚恳回归，也是一次在有限框架内的稳健拓展。
它凭借资源管控和敌群强化成功找回了生存恐怖应有的紧张与压迫，又借由河狸谷丰富精致的探索内容和人性化的任务设计，为玩家提供了张弛有度的节奏体验。尽管奇美拉BOSS战未能完全摆脱重复与套路，略显遗憾，但从暗区潜行的颤栗，到化身“河狸谷超人”横扫尸群的爽快，《困兽》依然精准地复现了那些让玩家爱上《消逝的光芒》的核心乐趣.它或许不是一场革命，但对于渴望在末日中再次感受那份挣扎与突围的玩家而言，这无疑是一场值得投入的复仇之旅。",positive,steam_live,3008130,True,1776765330,2023,schinese,0,0.476190477609634399,True,False,False
Dying Light: The Beast,"балдеж 
ДОБАВТЕ КАРТОЧКИ",positive,steam_live,3008130,True,1776765156,5088,russian,0,0.5,True,False,False
Dying Light: The Beast,muito bom,positive,steam_live,3008130,True,1776759320,2730,brazilian,0,0.5,True,False,False
Dying Light: The Beast,"This game is genuinely impressive. The mechanics feel well-built and responsive, while the environment design and sound are exceptional, they create a tense, immersive atmosphere that really pulls you in.

The story is engaging and keeps you invested, but what truly stands out is the intensity of the gameplay. Encounters with major enemies like chimeras are intimidating, you’ll often hesitate before even starting a fight. And nighttime? Facing volatiles is on another level entirely, pushing the game close to overwhelming.

This is not a beginner-friendly experience. The difficulty is high, and it demands patience and strategy. But if you’re looking for a truly immersive zombie survival game with a strong story and constant tension, this is easily one of the best options available right now.

Big thanks to the developers for delivering such a powerful and entertaining experience.",positive,steam_live,3008130,True,1776750948,3040,english,0,0.5,True,False,False
Dying Light: The Beast,GOOD. UPDATE IS FIRE.,positive,steam_live,3008130,True,1776750019,1519,english,0,0.5,True,False,False
Dying Light: The Beast,kyle crane is back baby. love this game too,positive,steam_live,3008130,True,1776743712,4512,english,0,0.5,True,False,False
Dying Light: The Beast,"el mejor juego de zombies de la época. Pasen el modo historia con el modo restored land con una vida activada y desactiven todo el HUD, experiencia totalmente inmersiva.",positive,steam_live,3008130,True,1776732254,6558,latam,2,0.545454561710357666,True,False,False
Dying Light: The Beast,"Muy buena continuación de la franquisia, me encanto, buena historia y jugabilidad, un digno continuador de la historia del prota del primero",positive,steam_live,3008130,True,1776732252,3215,spanish,0,0.5,True,False,False
Dying Light: The Beast,POLECAM CIEPLUTKO :D,positive,steam_live,3008130,True,1776724707,1857,polish,0,0.5,True,False,False
Dying Light: The Beast,"Если вы когда нибудь думали, вот бы совместили все хорошее из 1 и 2 части, поиграйте в эту часть, игра вышла на мой взгляд крайне удачной, и прошел ее с огромный удовольствием.",positive,steam_live,3008130,True,1776721865,1492,russian,0,0.5,True,False,False
Dying Light: The Beast,"The Beast is felt as big DLC and not next full game. It is like The Following. It has some trouble with identity. What it's want to be... It is no were near polished and complex as Dying Light 2.
It is not really brining any new things...
Given all those things, games feels overpriced.

+ Finally improved vegetation
+ RT global illumination is must have
+ zombie gore
+ Beast mode
+ Impressive implementation of Frame generation 
+ Still great parkur and combat
+ Nice weather effects
+ Nighs are realy dark

- even worse optimalization
- still ugly wather
- ugly level design of edges on the map
- map is small and empty
- no new combo's 
- still basic crafting
- still bad balance of RPG elements
- boring flat story
- same bugs
- old game engine
- crashes
- same enemies",positive,steam_live,3008130,True,1776720118,5314,english,0,0.5,True,False,False
Dying Light: The Beast,Walka z bossami prawie co misje. Kotwiczka jest bezużyteczna. Szybciej na pieszo niż samochodem. Parkour jakiś taki sztywny. Bardziej by to pasowało jako dodatek do gry. Przeciwnik jednym unikiem dodguje 15 ciosów i oneshotuje ♥♥♥♥♥ ze snajperki na blisko z dokładnością do 1mm,negative,steam_live,3008130,False,1776718891,1077,polish,1,0.5,True,False,False
Dying Light: The Beast,"not so imersive as DL1 and 2, and I really enjoyed the hated second game, but still a great game. spetacular parkour, satisfying combat and the history with Olivia is interesting, however the ending is meh and the map design ain't as near the size nor the quality of Haran.. 52h and i did all side quests and upgraded several gear, including fire arms, so I might say its worth buying even at full price.",positive,steam_live,3008130,True,1776716117,3102,english,0,0.5,True,False,False
Dying Light: The Beast,"I've played the first game ( 250+ h ) , dl stay human 2 ( 400 h ) . I can say that the beast is a combination of these games , short answer is worth it 100%  even better if it's at a discount .",positive,steam_live,3008130,True,1776715717,2247,english,0,0.5,True,False,False
Dying Light: The Beast,"Was super excited, preordered and liked it. Although the campaign could be a bit longer.",positive,steam_live,3008130,True,1776713784,1632,russian,1,0.523809552192687988,True,False,False
Dying Light: The Beast,"Luxusní třetí díl luxusni herní série Dying Light. Doufám, že pokud vyjde čtvrtý díl, bude v něm možnost přepínat mezi Kylem a [spoiler]Aidenem[/spoiler].",positive,steam_live,3008130,True,1776712194,2325,czech,0,0.5,True,False,False
Dying Light: The Beast,"i love zombie games.
but this one i cannot play it.

- bad control mechanics  (bad design, bad choices, not responsive, not intuitive)
- bad fighting mechanics (the distance when striking, it's weird and counter intuitive. you have to strike when enemies appear like 2 meters away from you, it just seems a bit too far, but the game wants it that way.. you have to strike when you feel like you're gonna hit nothing but air, when you feel like the enemy is not close enough yet. that's the time when the game wants you to strike otherwise you'll miss. )

- excessive player weakness and inconsistency in its performances.. 
(even base zombies are a threat, and i mean: you're doing great, good .. good .. without transition in an instant you're super weak you risk death, ok you're dead now.. this every 30sec to a minute when picking up a fight. i spent almost more time being dead or respawning, loading game than playing the game. 
even your weapons are weak and break all the time. they made the player like a chihuahua, if someone sneeze you risk heart attack and die. they made you a punching bag for zombies. it should be the other way around. they reused the same formula from previous games. in dying light 1 it was also not great but it was expected they would later improve it.. but instead they kept the formula and made it their standard. that's bad. 3rd game and persisting in error.)

- bad ergonomics (use of inventory,  equip weapons, use consumables, use menus: all counter intuitive )
- bad lighting effects getting in the view: bad use of lens flares all the time outside in day light.

the rest is ok .. like, graphics and ambiance.. the scenario is meh but could be forgiven. and sound and music are ok too, not great just ok. this game would be nice to play but because of bad controls, bad ergonomics, bad fight mechanics, and excessive player weakness because of these points , the game cannot be played for me.

better play ""the last of us"" especially the last of us part 2, it **excels** in combat, and world design, immersion, tension, ambiance, graphics, music ..everywhere.. (but admittedly: zero choices for outcomes, zero freedom of going where you want and also the worst thing: being morally bankrupt with disgusting story: killing joel , sending the nice ellie character into the pits of hell as a human being, and planting ♥♥♥♥♥♥♥ everywhere in the story, even despite all that, the last of us part 2 is _stellar_ compared to ""dying light 3 the beast"" .",negative,steam_live,3008130,False,1776711873,559,english,3,0.504950463771820068,True,False,False
Dying Light: The Beast,太贵 内容少 游戏性削弱 前期后期都是路边,negative,steam_live,3008130,False,1776710285,3852,schinese,0,0.5,True,False,False
Dying Light: The Beast,"В целом чуть лучше графика чем во 2 части . прикольно всё сделано , но видно что делалось как DLC ко 2 части",positive,steam_live,3008130,True,1776709700,3142,russian,0,0.5,True,False,False
Dying Light: The Beast,"the existence of the alpha volatile is an affront to game design. If you are trying to get ANYTHING done at all during the night inside a building, the alpha can spawn exactly 6 feet away from you from a vent with the only message announcing its presence also showing up in that same exact moment where it spawns. If you arent outside at a ledge where you can cheese it or have your beast mode ability ready, you die or you have to run to a safe zone. There is no counterplay. There is nothing to be gained from this mechanic. There is literally 0 point to this thing being in the ♥♥♥♥♥♥♥ game. Good ♥♥♥♥♥♥♥ luck trying the permadeath mode.",negative,steam_live,3008130,False,1776709525,1901,english,2,0.504504501819610596,True,False,False
Dying Light: The Beast,peak,positive,steam_live,3008130,True,1776707191,6863,polish,0,0.5,True,False,False
Dying Light: The Beast,The game is very good and full of things to do.,positive,steam_live,3008130,True,1776705580,4767,english,0,0.5,True,False,False
Dying Light: The Beast,i hate it,positive,steam_live,3008130,True,1776700078,947,english,0,0.5,True,False,False
Dying Light: The Beast,"Я обожаю вселенную Dying Light! И эта игра не стала исключением!)

Моя оценка: 10/10

Сюжет мне понравился, не знаю что люди пристали к нему)) От концовки у меня даже были мурашки от кайфа

Дополнительные миссии тоже очень понравились, обязательно проходите все, их не так уж много) 

Геймплей как всегда огонь, боевка супер, паркур супер

Графика в игре мне тоже очень зашла, очень красивые локации, цветокор огонь

Озвучка на русском просто шикарна (отдельное спасибо за отличный голос Крейна)

Музыка в игре тоже мне понравилась) 

Режим зверя тоже классный, хотя не так уж прям часто я им пользовался)) 

За 45,5 часов игры я прокачался до последних уровней, прокачался полностью (проходил на среднем уровне)

Кстати, кто-то жалуется, что нет быстрых перемещений - поверьте они в этой игре не нужны (это вам не the following), всё очень комфортно в плане перемещений 

ВСЕМ СОВЕТУЮ. КТО ЛЮБИТ КРЕЙНА - ОБЯЗАТЕЛЬНО К ПРОХОЖДЕНИЮ!)) 

P.S. Кто-то пишет, что игра короткая, НУ конечно игра короткая если вы тупо идете по сюжету и пару доп миссий - без исследования мира и тд. Игра по продолжительности очень даже хороша - 45 часов это не мало) И то, там по сути ещё можно чем заняться) 

(Я покупал игру со скидкой -25% - этих денег игра стоит на 100%)",positive,steam_live,3008130,True,1776699343,2760,russian,0,0.5,True,False,False
Dying Light: The Beast,"Игра просто вишенка на торте, сюжет разнообразный, интересный, режим зверя не описать словами, игра не лагает всё плавно на ультра настройках",positive,steam_live,3008130,True,1776698832,8496,russian,0,0.5,True,False,False
Dying Light: The Beast,"Середнячок, больше всего бесит, что нет телепортации нет смысла вышки захватывать... прошел всю за 50 часов вместе с доп. квестами",positive,steam_live,3008130,True,1776693167,3038,russian,0,0.5,True,False,False
Dying Light: The Beast,"Jechanka z zombiaczkami :D
Good game, lets go!",positive,steam_live,3008130,True,1776692192,2353,polish,0,0.5,True,False,False
Dying Light: The Beast,"I bought the game when it came out, and i liked it coulndn't bring myself to complete it. After the ""Restored Land"" update everything changed. Looting became fun instead of a chore, killing zombies was more than just free XP and nights became trully terrifying. If you haven't played this game, now is the time.",positive,steam_live,3008130,True,1776691500,2601,english,0,0.5,True,False,False
Dying Light: The Beast,.,positive,steam_live,3008130,True,1776690925,1245,english,1,0.516129076480865479,True,False,False
Dying Light: The Beast,"Ultimo juego de la franquicia que compro, me encantó el primero y su expansión, el segundo no tenia nada que ver y el combate parkour obligatorio era penoso y una mala evolución, pero este The Beast ... el combate ya no es agil, seguimos con problemas de colisión y algunos objetos en el suelo NO se pueden coger, el parkour ya no es agil ..., el gps de los coches va fatal y apenas se distingue de la carretera  y hasta que no arrancas el coche y te mueves no se enciende con lo cual a veces iras en dirección contraria ... el imbecil que decidio que el mismo botón sirve para curarse, hacer un ""fatality"" y coger cosas del suelo es un verdadero iluminado, se han cargado la franquicia una verdadera lástima.",negative,steam_live,3008130,False,1776688857,2324,spanish,0,0.476190477609634399,True,False,False
Dying Light: The Beast,"Проходил с корешем, всё качественно сделано и доведено до баланса, вообщем  зашло и  отдельно хочу выделить очень сильный сюжет",positive,steam_live,3008130,True,1776687053,1596,russian,0,0.5,True,False,False
Dying Light: The Beast,"~ DIFFICULTY ~

▢ My 90 year old grandma could play it
▢ Easy
🟩 Normal
▢ Hard
▢ Impossible

~ GRAPHICS ~

▢ What is this?
▢ Meh
▢ Good
🟩  Great
▢ Beautiful
▢ Masterpiece

~ SOUND/MUSIC ~ (Using headphones)

▢ Bad
▢ Nothing special
▢ Good
🟩 Great
▢ Beautiful
▢ I´m gonna cry

~ STORY ~

▢ This game has no story
▢ Like playing ""candy crush"" for the story
🟩 It´s alright
▢ Well written
▢ Epic story
▢ Kingdom hearts on cocaine

~ PRICE ~

▢ Free
▢ Underpriced
🟩 Perfect price
▢ Could be cheaper
▢ Overpriced

~ REQUIREMENTS ~ (Ultra settings)

▢ A stone could run this
🟩 Average
▢  High end
▢ NASA computer

~ LENGHT ~

▢ Very short (2-7hours)
▢ Short (2-15hours)
🟩 Average (15-50hours)
▢ Long (50-200hours)
▢ Neverending (200-...hours)

~ FUN ~

▢ I´d rather watch paint dry
▢ Hard to enjoy
▢ Repetitive
▢ It´s okay
🟩Fun to be had for sure
▢  The kind of fun you will remember
▢ Life changing

~ REPLAYABILITY ~

▢ One-time experience
🟩 Only for achievements
🟩 If you wait a few months/years
▢ Definitely
▢ Infinitely replayable
▢To get all endings
~ WORTH BUYING ~

▢ No
▢ Wait for sale
🟩Yes
▢  YES YES YES",positive,steam_live,3008130,True,1776684346,5155,english,0,0.5,True,False,False
Dying Light: The Beast,daha fazla yan görev olabilirdi,positive,steam_live,3008130,True,1776683706,1744,turkish,0,0.5,True,False,False
Dying Light: The Beast,"感觉制作组是有意愿往一代方向做的，能找回来一点一代的影子，虽然还是憋了坨大的。
地图太小感觉还没一代大，剧情一般流程也太短，小地图也没了，图纸装备感觉比前代抠门了不少，把一二代主角搬回剧情联动，加上单流程剧情可以看出制作组是想把这一代做的精致一点尝试回到一代的模样，也有可能是二代制作的多剧情结局玩家不买账导致的，不过我倒是挺喜欢这种自己选择剧情路线的玩法。我也非常喜欢跑图和搜集，但是这一代的地图真的是小到让我难以接受，搜集的物品图纸也没多少抠得要死，不过里面收集金色武器还有一代的黎明和mc的彩蛋倒是还行。这一代唯一有创意的点也只有变身开狂暴了吧（虽然二代也可以开），大反派男爵更是小丑一个，人物塑造和魅力不如一代的赖斯，战力和boss战不如二代的华尔兹。如果还有续作下一代反派是不是该打GRE了？
本以为消光一只是开始，没想到已经是巅峰了。",positive,steam_live,3008130,True,1776682517,1868,schinese,0,0.5,True,False,False
Dying Light: The Beast,"Originally a DLC that was released as a full standalone game after some additional work.
It's bad. Price is too high, it should cost at least half of current pricetag.

Positives:
- Coop story game
- It now has cars (just as The Following DLC lol)
- Location is picturesque
- Connects DL1 and DL2 together in some way

Negatives:
- Storyline is stupid, short and makes almost no sence
- ""Plot twists"" are laughable
- Story and characters are written by 10 y.o. child
- Price is too high
- Location lacks continious parkour
- Missions are too repetitive
- World does not make sense at all at this point
- Looting EVERY SINGLE ENEMY AND CONTAINER hurts my finger after an hour
- Skills and progression mean almost nothing
- Clothing means almost nothing
- Idiotic fight when you have only a baseball bat and 3 medpacks (WTF?)
- No Ukrainian localization

Seems like small DLC has been bloated with repeats of story ""turns"" again and again just to double the ""content duration"".
Whole plot now feels even more like idiotic resident evil type of story with 0 logic.
Labs, scientists, weapons, gasoline, eletricity, research bases, lab materials/drugs after so many years - uh, yeah, sure.
It's just like a trash horror movie that has a rating 2 out of 10.
I thought DL2 had a weak story, but OMG this one is plain awful.

I can rate this ""game"" as 4/10, it's below average.",negative,steam_live,3008130,False,1776682133,2604,english,22,0.524824738502502441,True,False,False
Dying Light: The Beast,"很好，非常好，预购玩家[h1]第二次被刺，[/h1]要爽感没有，原本有的击杀慢动作和Xray给关掉了，是给模组作者搞mod出来吗？如果是这样，模组不能超过5个，也就是data7后面的数字不算已经安装内容了。其实就是自己流程短，玩家速通一快，原本承诺18消逝时长变得不值一提，所以在2代数值基础上一顿大削。DLC吃相还是老样子的难看，说明白点制作组其实知道自己在干什么，知道自己的技术达不到自己心目中的那样，但为了自己员工分红还是整出价格高的DLC，关键是DLC武器数值还不如本体数值，他们是遵守绝对不能让玩家通关太快，另外让自己的财报好看点整出湿地复苏再收割一波，告诉流失玩家，看！我们整出了新更新，快来下回来玩吧。他们创意性不是没有，而是这个组内人员不想做，就是懒，别再说什么产能跟不上，跟不上是你们自己不行。

总之，结论如果你不是非常热爱消光系列的粉丝，这个作品不值得购买，不要看它打折多少，如果你不想被恶心还受一肚子憋屈，不要购买",negative,steam_live,3008130,False,1776679928,5929,schinese,2,0.52173912525177002,True,False,False
Dying Light: The Beast,"Game runs smoothly on my hardware, killing zombies is always fun but my problem with this ""Restored Land"" is-

I bought this game after they announced and released Restored Land, I thought it was a cool concept but while playing I eventually got bored of clearing areas, ITS NOT SATISFYING, at first yes it is, you see people for time to time but that's just it. only NPCs standing or sitting... no new store/shop because you restored this area, no new missions because you restored this, or even atleast see an area cleaned and repopulated because it has been cleared. you clear an area and it still stay the same but with less zombies and the occasional NPCs that show up. it didnt get cleaned or ""RESTORED"" as the name of the game mode suggests. it just got a lot more quiet. DL2 had more people and felt more alive, no clearing areas required.

Still im giving this game a positive because the base game itself is fun, I have DL1, 2 and The Beast, the formula still works, day time is fun and easy, night time is stressful(somewhat it becomes easy as you progress) and dangerous. I only wish devs did more than just turn off zombie respawn during the day and slapped ""Restored Land Mode"" then call it a day. 7/10",positive,steam_live,3008130,True,1776677387,1484,english,0,0.5,True,False,False
Dying Light: The Beast,the best zombie game ever,positive,steam_live,3008130,True,1776676641,1713,russian,0,0.5,True,False,False
Dying Light: The Beast,"Just get dying light 2 it's better/the same in every way. For gods sake the movement gimmick of this game is ""trucks"". random trucks you just find always the same make, always the same model.  Because the devs want you using the truck there's just a TON of open empty space between islands of the parkour terrain the franchise if famous for.",negative,steam_live,3008130,False,1776658975,3204,english,0,0.5,True,False,False
Dying Light: The Beast,w,positive,steam_live,3008130,True,1776657763,2307,english,0,0.5,True,False,False
Dying Light: The Beast,I like it but it really feels like a DLC there is not as many side missions for one compared to previous titles the map isn't all that big considering we can drive a vehicle but I did enjoy the ending teaming up with Aiden was so cool and I messed around a lot and completed the entire map with every side mission completed so I guess it was worth it but I just wish there was more I mean DL2 main game had 2 maps and one had sky scrapers in it with tons of random side missions but DLTB only got like maybe 10 side missions and I'm already bored of the game where as DL2 I had over 500 hours of playtime,positive,steam_live,3008130,True,1776656077,4786,english,0,0.5,True,False,False
Dying Light: The Beast,the beast truly came inside me,positive,steam_live,3008130,True,1776645716,2829,english,2,0.528907954692840576,True,False,False
Dying Light: The Beast,"Given the positive reviews I expected this game to be similar in quality to dying light one, which was fantasatic, but somehow in this the parkour is significantly worse and more janky/laggy feeling. Parkour in Dying light 1 was very responsive and had a lot different unique parkour routes. The boss fights in this feel almost less inspired than the original dying light also. It feels like a re skinned watered down dying light one. The visuals are nice and I like the idea of Kyle getting powers but the game increasingly feels like a rip off of the prototype series but with poorer execution.",negative,steam_live,3008130,False,1776638629,112,english,0,0.476190477609634399,True,False,False
Dying Light: The Beast,atmosfera,positive,steam_live,3008130,True,1776635947,6002,czech,0,0.5,True,False,False
Dying Light: The Beast,"I adored DL1. I have played DL2 on launch day and in co-op and it was trash - especially the story and co-op problems.  Therefore I was very hesitant to buy this game and give it a chance.

To my surprise, DL: The Beast is actually a very good game. Story is, in my opinion, the best out of three. Gameplay wise it's not DL1, but it's still a fun and engaging game to play and finish.

24 hours is how long it took me to finish Main quests + safe zones + certain aditional task + all side quests except for one. So I'd say 25 hours is, give or take, the length of the game. And that's without playing the NG+ or Restored Land Mod.

At the moment the game is worth buying, especially during sale.",positive,steam_live,3008130,True,1776634667,1708,english,0,0.5,True,False,False
Dying Light: The Beast,Lepsze od DL1,positive,steam_live,3008130,True,1776631470,11777,polish,1,0.518518567085266113,True,False,False
Dying Light: The Beast,Приятно разделывать зомбей на части. 7.5/10.,positive,steam_live,3008130,True,1776629944,1998,russian,1,0.52173912525177002,True,False,False
Dying Light: The Beast,"went into a school, found 25 bottles of vodka, whisky, and an fully automatic gun,

also saw zombie tittys, 11/10",positive,steam_live,3008130,True,1776629606,379,english,0,0.5,True,False,False
Dying Light: The Beast,"Not gonna lie its a really great game, gameplay wise, but ♥♥♥♥♥♥♥♥♥ there's so many small annoying stuff that all gather up and makes the overall experience so ♥♥♥♥♥♥, the hitbox of the zombies how sometimes they will never get hit/shot no matter how perfect your aim is. how the dodge doesn't work MOST of the time, the swimming system is so ♥♥♥♥♥♥ i wish they never have give us the ability to swim, and one huge thing that made me put a dislike here its that they give u the choice in some little stuff in the game and not in major plots, like when you do that one misson where u dig up some ammo from the river you can either give some too the people who helped you with the zombies or kill them all, but when the shirff betray us you don't give me a choice to forgive her or take my revange?
what kind of weak ahh story this is? where you don't make some good plots for the player to feel their influence on the game, to get to choose either to forgive or take their revange rightfully, 

to sum up, good game play{mostly} and a ♥♥♥♥ show story wise",negative,steam_live,3008130,False,1776628264,7853,english,0,0.5,True,False,False
Dying Light: The Beast,"Dying light the beast is so far the best dying light game. It has horror, and requires you to find recourses, rather than just kill zombies. The story is good, but it really is just a huge improvement to dying light 2.",positive,steam_live,3008130,True,1776627767,4472,english,0,0.5,True,False,False
Dying Light: The Beast,"This is the return of A team in Techland, idk what happed in the development of the 2. game, because that was soooo sloppy and boring. This is like a mix of DL 1&2 but only the good stuff is kept. Get this and skip DL2, its not worth it.",positive,steam_live,3008130,True,1776623247,871,english,2,0.519841313362121582,True,False,False
Dying Light: The Beast,Good game,positive,steam_live,3008130,True,1776622956,3530,english,0,0.5,True,False,False
Dying Light: The Beast,"Fun game, fun story, great new update. 10/10.",positive,steam_live,3008130,True,1776618724,4356,english,0,0.5,True,False,False
Dying Light: The Beast,"Gra oferuje mroczny klimat, dynamiczne starcia i satysfakcjonującą eksplorację.
Minusem jest dość przewidywalna fabuła i momentami mniejsza ilość parkouru niż w poprzedniej części, ale sama rozgrywka daje dużo frajdy.",positive,steam_live,3008130,True,1776617771,2466,polish,3,0.565217375755310059,True,False,False
Dying Light: The Beast,스트레스 유발기네요 ㅎㅎ 버그에다가 좀비들은 버그로 사라졌다가 뒤에서 나타나서 갑자기 죽이네요 ㅎㅎ 참 잼이있으닌 요즘 스트레스 받지 못하신 분들에게 추천드려요!!!,positive,steam_live,3008130,True,1776616851,4208,koreana,0,0.5,True,False,False
Dying Light: The Beast,wonderful,positive,steam_live,3008130,True,1776616074,1383,english,0,0.5,True,False,False
Dying Light: The Beast,It's good but I think it would be scarier if the volatiles had massive swinging hogs like in the movie 28 years later,positive,steam_live,3008130,True,1776614948,615,english,0,0.5,True,False,False
Dying Light: The Beast,"Its perfect, just perfect.

Its like a glow up from the folowing games in the most the graphics, the easter eggs are massive.

So for me a 10/10.",positive,steam_live,3008130,True,1776614126,1612,spanish,0,0.5,True,False,False
Dying Light: The Beast,good story,positive,steam_live,3008130,True,1776612031,1342,english,0,0.5,True,False,False
Dying Light: The Beast,gerçekten çok güzel serinin hakını veren oyunlardan oynanış süresi olarak 2. oyun kadar fazla değil kısa sürede tüm yan görevler dahil bitiyor.,positive,steam_live,3008130,True,1776611775,2250,turkish,1,0.525547444820404053,True,False,False
Dying Light: The Beast,soktumun oyununda gece görev yapmayın ecel sizi gördüğü gibi sülalesini çağırıyor gtünüzden ellemeye geliyor,positive,steam_live,3008130,True,1776607997,1568,turkish,0,0.5,True,False,False
Dying Light: The Beast,jest spoczko,positive,steam_live,3008130,True,1776607199,6801,polish,0,0.5,True,False,False
Dying Light: The Beast,jest git,positive,steam_live,3008130,True,1776603400,1393,polish,0,0.5,True,False,False
Dying Light: The Beast,"В игре ужасные тени, ужасное небо. затянутый сюжет чисто засчёт побегушек по всей карте от одного конца к другому. Да анимации и режим зверя это круто, но всё остальное это чисто та же самая фигня и местами даже хуже. крюк например работает ну просто ужасно, передвигаться на нём вообще не приносит удовольствия. А машины это отдельная песня. Я их использовал 4-5 раз за 20 часов игры и они вообще бессмысленные. Они просто нихрена не едут. Сюжет - это просто УБИТЬ БАРОНА, НАЙТИ БАРОНА, Я СЛИШКОМ СЛАБ ЧТОБЫ ДРАТЬСЯ С БАРОНОМ, ПРИЕХАЛ ОТРЯД БАРОНА И Т.Д. КАК БУДТО ♥♥♥♥ В ДИАЛОГЕ ТЫ ИГРАЕШЬ НЕ ЗА ПРОФЕССИОНАЛЬНОГО СОЛДАТА МОНСТРА, А ♥♥♥♥ ЗА ТУПОГОЛОВУЮ ОБЕЗЬЯНУ, КОТОРАЯ КРОМЕ СЛОВА 'БАРОН"" НИЧЕГО В ЖИЗНИ НЕ СЛЫШАЛА ♥♥♥♥♥.
РЕКОМЕНДУЮ ПОИГРАТЬ В ЭТУ НЕВЕРОЯТНУЮ ИГРУ! ТАКОЙ ОПЫТ ИГРЫ ЗА ТУПОГО ОСЛА Я ЕЩЁ НЕ ВИДЕЛ...",negative,steam_live,3008130,False,1776603263,1796,russian,4,0.506896555423736572,True,False,False
Dying Light: The Beast,돈값하네 ㅋㅋ,positive,steam_live,3008130,True,1776603083,3815,koreana,0,0.5,True,False,False
Dying Light: The Beast,CINEMA,positive,steam_live,3008130,True,1776602487,1984,english,0,0.5,True,False,False
Dying Light: The Beast,"i recommend playing dying light 1 and 2 first before this 
dying light 1 / dlc = best parkour play (thanks to grappling hook)
dying light 2 = best exploration
dying light 3 (the beast) = combat in melee and gunplay
play ""restored land"" if you have no plans playing this game on co-op and 80 hours 
playing restore land has better exp imo due to max out the feel of exploration progress.",positive,steam_live,3008130,True,1776600325,2213,english,0,0.5,True,False,False
Dying Light: The Beast,玩久了容易腻    刚开始有新鲜感后面就没有了,positive,steam_live,3008130,True,1776598441,1647,schinese,0,0.5,True,False,False
Dying Light: The Beast,好玩,positive,steam_live,3008130,True,1776598017,1721,schinese,0,0.5,True,False,False
Dying Light: The Beast,"Huge fan of Techland's zombie games, had the OG Dead Island games on 360 and spent countless hours playing them, Dying Light on PS4 had tons of hours in that, got it again on Epic for free and played the ever loving hell out of it. DL2 I wasn't too impressed by when it first released but I was super keen when the trailer for The Beast came out, the game is exactly what I was hoping for and a bit more. Gameplay is toptier, bit janky but so much fun, plus the movement is probably the best we've had so far, as much as I miss the old grappling hook the new one is fun as heck. Loving this game so far. Well done Techland <3",positive,steam_live,3008130,True,1776596132,3314,english,0,0.5,True,False,False
Dying Light: The Beast,เกมนี้สมุกมาก เหมาะเเก่การฆ่าเวลาอย่างยิ่ง เล่นทั้งเดือนก็ยังไม่เบื่อ มีของให้ฟาร์มเรื่อยๆ ความตื่นเต้น ลุ้นระทึกคือที่สุด  โดยเฉพาะตอนหนี volatile หัวใจเเทบหยุดเต้น เเนะนําอย่างยิ่งสําหรับสาย เอาชีวิตรอด ฟาร์มเลเวล ข้อเสียอย่างเดียวคือ บัคเยอะมาก,positive,steam_live,3008130,True,1776587960,2950,thai,2,0.545454561710357666,True,False,False
Dying Light: The Beast,"Solid successor to Dying Light. Takes the best of Dying Light 1 and 2 and puts them together, mostly. My main complaint is the map design being split between parkour and driving like The Following DLC from the first game. The combat feels a lot better, and the story had some nice surprises.",positive,steam_live,3008130,True,1776587782,2240,english,0,0.494505524635314941,True,False,False
Dying Light: The Beast,A good story and good environment,positive,steam_live,3008130,True,1776587346,2261,english,0,0.5,True,False,False
Dying Light: The Beast,I have always been a huge fan of this series sence the first game I Love Dying Light. The Beast is the best one so far amazing and balanced combat with not quite ad much parkour as i would have like but the parkour it has was well thought out. And the addition of Chimeras was an amazing. Also who does not love the fact Kyle is back in action.,positive,steam_live,3008130,True,1776583893,2494,english,0,0.5,True,False,False
Dying Light: The Beast,游戏二周目新鲜感很少，地图是真的小，跟二代没法比。后期升枪械要15个零件，升得快武器等级就跟不上，传奇后更是，一个主线任务几乎就是一级，做完后又得去找零件。,negative,steam_live,3008130,False,1776583762,6153,schinese,0,0.5,True,False,False
Dying Light: The Beast,"Giga Ultra Mega Nazi
Buy it my nega 👍",positive,steam_live,3008130,True,1776581865,2072,latam,0,0.5,True,False,False
Dying Light: The Beast,"I've enjoyed all the other dying light games but this one is a stinker for a few bad reasons.  First and foremost...it crashes all the time.  Doesn't matter if I have frame gen on or off.  I'm playing this on a RTX 5080 with a 7800x3d and 32gb of ram and I still crash enough to make me not want to play this game.  Other than that, there is just more annoying crap in this episode like climbing and other PITA chores that suck the fun out of this game.  I know the other games have a lot of climbing too but they are easier to navigate.  So sad I bought it :(",negative,steam_live,3008130,False,1776580426,3506,english,0,0.5,True,False,False
Dying Light: The Beast,pretty good,positive,steam_live,3008130,True,1776580393,390,english,0,0.5,True,False,False
Dying Light: The Beast,вколоть сперму прыгуна и пускай течёт она в твоей вене. 10 проколотых вен из 10,positive,steam_live,3008130,True,1776572075,1766,russian,1,0.509803950786590576,True,False,False
Dying Light: The Beast,fun game,positive,steam_live,3008130,True,1776571522,1897,english,0,0.5,True,False,False
Dying Light: The Beast,爽,positive,steam_live,3008130,True,1776571291,3282,schinese,0,0.5,True,False,False
Dying Light: The Beast,"I really enjoyed the game. Overall, it felt better than the first one, especially in gameplay, even if the story and skills were not as good.

The gameplay was just really fun. The graphics and particle effects looked great, and the gunplay was a huge improvement compared to the first game. Storms felt so immersive, and the overall atmosphere and sound effects were great. The music was also solid, with different versions of the main track from the first game. The bosses were good too, most of them looked unique and had their own mechanics. There was also a big variety of zombies. I also wasn’t sure about the Beast feature at first, but it turned out to be insane. Hahah

I bought the game because of The Restored Land update, and I’m glad I did. Fighting zombies, looting, managing hunger and flashlight battery, and driving around all felt very engaging. A true survival zombie experience, like the ones you dream as a child.

That said, there were some downsides. The most obvious one is the skill system. Many of them felt a bit boring and could have been more interesting. I also wish there was a personal truck with its own inventory. Instead, trucks just spawn and despawn randomly and don't have inventories. The legendary weapons, especially the guns, could have had more depth too, like silencers, better scopes, extended magazines, etc. Lastly, movement felt a bit slow when going sideways or backward, which was pretty annoying at times.

Overall, I really liked the game. 9/10",positive,steam_live,3008130,True,1776564954,3092,french,0,0.5,True,False,False
Dying Light: The Beast,اللعبة جميلة جدا وتستحق التجربة,positive,steam_live,3008130,True,1776559101,4382,english,0,0.5,True,False,False
Dying Light: The Beast,if you like scarry yes,positive,steam_live,3008130,True,1776556332,2837,english,0,0.5,True,False,False
Dying Light: The Beast,tam istediğim Dying Light bu abi fena bisey ya gore mekaniği,positive,steam_live,3008130,True,1776555409,3781,turkish,0,0.5,True,False,False
Dying Light: The Beast,"Amazing, one of the smoothest close combat experiences ive ever had in a game. Absolute cinema.",positive,steam_live,3008130,True,1776555093,2474,english,0,0.5,True,False,False
Dying Light: The Beast,"Bardzo dobry Dying Light, czekam na kolejnego :)",positive,steam_live,3008130,True,1776555033,2260,polish,0,0.5,True,False,False
Dying Light: The Beast,:),positive,steam_live,3008130,True,1776554914,2595,polish,0,0.5,True,False,False
Dying Light: The Beast,"Za mě naprostá paráda, příběh byl perfektní, gameplay hrou jsem si užil. Byla vidět snaha se vracet zpátky do DL 1 s prvkama DL 2, vytknul bych maximálně velkou obtížnost v boji proti volatilům jinak to byla super jízda, doporučuju všem co rádi prošli DL 1 a DL 2",positive,steam_live,3008130,True,1776553319,2556,czech,0,0.5,True,False,False
Dying Light: The Beast,"I got so much to say about this game that left me appalling.

First of the overall game is fantastic it has some nice updated mechanics when it comes down to the battle against zombies when you are one on one with those. The driving is phenomenal, I like this addition of a place that feels remote, and you need to drive trough it. It feels here like the fallowing from the first game. The environment is quite unique. But equal to what the following has.  

These are things  that is a step up from the second installment. But that is actually about it. Everything is the same in regards to what the first one did and the second one implemented a bit better. This is what bothers me about the game, the story. I do not know why, why Techland in mid development if that happen like so, desire to implement this game as a stand alone game and did not wait to cook this game more in the story department.

The gameplay and new additions are fine and all but what is up with this restored land which feels incomplete in a way when it comes to what it supposed to make you feel? You see, the second installment was a well rounded lively world build into two factions that game nuance to this franchise and make this franchise bigger than the previous installment from the second one. 

This is not what this third/dlc is at all. How can you make a slam dunk with the second game in all regards from the story, world building and its complexity into a this ""third entry"" made out of curiosity. The game has potential, but Techland did not let this game have a complex story. A better ending and twist that I by the way at least saw it coming since the very start of the game when Crane ask some one a few questions and that made such character evade it.

My mind was quickly in two lanes of though, in regards of what it did not pay off for me at the end because I saw it coming. This story of this game was predictable and more head scratching when you see this figure that is the antagonist being very secret in his persona presentation that you think he might be a really well complex character to see him looking like he is just another pompous all over himself classical music listener antagonist.

This game in regards to story has very similitudes to both games combine, at the end of the game when you face the main antagonist like in the first one and this so support characters that have some similitudes with how Lawan wanted to do in one of the conversations in regards to what Lawan said to Aiden when first meet him.

I was sitting here thinking, wait what this seems familiar, it feels like many things were copy and pasted in this story development and how all plays out. But at least all is not lost because even if the story is somewhat not that intriguing at least was fair enough to what it wanted to tell but that is it.

The miss opportunity in this third entry is wild. The fact that they introduce this new update with restored the land had me exited and since I was in the very first part of the game I decided to give it a go. This is another part of the game that made me think they should release this game with this as the core element of the game and more fleshed out. It had to be more fleshed out. 

More so when you come from a second installment that blew out the proportions of what the first one did. Having to safe the land and restored it is a good addition to this gameplay. Having to see how it is restored, is very anticlimactic in seeing real reason to do it and experience what it could have been. Seeing a few survivors roaming the streets in balconies, playing guitar, with two groups together is all fine, but still not what could have been if for example, we could have seen places of interest in the game that could be occupied with these survivors. 

Seeing survivors just standing there and doing nothing else, was for me like, ""is this it"" The idea is phenomenal and experience what it is as of now is okay but when you had in the second a living world full of places and people to talk to and have works to do stories to know and be part of, is a bit of a bad implementation in this one.

Again that is why I think Techland should have really take its time with this one and since they decided to do a full fleshed game out of this what was going to be a dlc, then I think Techland you should have implemented it really well and completed it to be beyond what the second is and it offers already. Because even though, the map is small, the map has a lot of potential to grow from what it is and even open places that could allocate these survivors to build or as I wrote earlier, location of interest and make it theirs as survivors. 

One thing I see lacking also is this battles that happen between these other faction in the game that you encounter them, but do not know nothing more outside of a mission that you have to choose to aid them in the moment or not but that is it. You see them in the open, fighting zombies and or the soldier of the Baron, but that is it. This game suffers so much from a complex of what this world and place offers that again, feels rush and incomplete. 

The whole idea of three faction that this game seems to have but only two are part of the story is weird. I could understand that, if Techland wanted to created it like that? Like this third faction of survivors that are the bad people too are in the game but you do not know nothing about, just in that interaction to create this sort of ""wow there is more people out here"" but the story did not make me feel that if that was the intention. 

Knowing there is more people out there but no seeing them or knowing nothing outside of the open world activities nor a place that can be seen and never interact at least. This game has a lot of questionable decisions when it comes to what they decide to do with it mid production and most important the story. I do not know if this game will have a expansion that will be more fleshed out? But it seems that the game really finish to a fourth installment. This was a foul play Techland, the game is good because of the gameplay and everything that makes this franchise unique, but the lack of a deep complex well put together story for me at least was head scratching.",positive,steam_live,3008130,True,1776553146,5621,english,18,0.574165880680084229,True,False,False
Dying Light: The Beast,good game ( thumbs up emoji ),positive,steam_live,3008130,True,1776552665,677,english,0,0.5,True,False,False
Dying Light: The Beast,平庸的续作，体量少，剧情无脑还血压高，为了做游戏消费一二代主角的完整形象，不推荐原价入,negative,steam_live,3008130,False,1776543409,1945,schinese,1,0.5,True,False,False
Dying Light: The Beast,"-Game feels half finished the atmosphere that has been show in the trailer is no where to seen.
-Skill tree is not good enough
-Beast mode sucks 
-Story is ass but keep getting showed on our faces 
-*SPOILER* Whole scenario goes around someone betraying us and afterwards we forgive them
-Baron is the main villian in the game but total time you see him or hear him probably not even full 30 mins 
-Baron and his boss fight is really bad might be the one of the worst ones that I could see he is just typical kimera  1-2 different attack move 
-Parkour is not well done character suddenly stops sprinting and starts to run it wont climb on obivious steps feels like a downgrade from DL2 

Game is meh but for full price I wouldn't buy this game. At least wait for %50 sale so it would worth your money.",negative,steam_live,3008130,False,1776542380,1313,turkish,2,0.518850207328796387,True,False,False
Dying Light: The Beast,so fun light the og days of the first one,positive,steam_live,3008130,True,1776542172,3928,english,0,0.5,True,False,False
Dying Light: The Beast,"I picked up The Beast specifically because the ""Restored Land"" game mode concept looked incredible and I’ve had a great time diving into it. For anyone wondering about the ""vibe"", the graphics and atmosphere are top tier and really pull you into the world.

The gameplay loop is genuinely fun but there is one significant immersion breaker I’ve run into, it's Volatile behaviour in Dark Zones:

1. Spawning Issues: While I’m in the middle of clearing a Dark Zone, I’ve noticed Alpha Volatiles suddenly spawning through walls in spots that were empty just a second prior.

 2. Glitchy AI: Overall, the Volatiles are pretty buggy in the dark zones. They don't always navigate the environment naturally, I've seen them jittering or straight up teleporting instead of chasing me properly when I get to a safe area.

Verdict:

It’s a fantastic addition to the series with a great hook but the Dark Zone AI definitely needs a patch to address those random spawns and teleporting enemies. If they can smooth out the night time bugs, it’ll be perfect.",positive,steam_live,3008130,True,1776534813,2291,english,0,0.5,True,False,False
Dying Light: The Beast,Это. Весело. Какашки. Прилагаються. В. Подарок.,positive,steam_live,3008130,True,1776534374,1751,english,0,0.5,True,False,False
Dying Light: The Beast,Goty,positive,steam_live,3008130,True,1776532802,945,spanish,0,0.5,True,False,False
Dying Light: The Beast,"I am a huge fan of dying light, but that one feel like a joke to me, full price for a game half done... I wish i could recommend this game but not in my heart. I really enjoy the crafting and the fighting feel insane but for the map content i am very disappointed..",negative,steam_live,3008130,False,1776531765,958,english,1,0.5,True,False,False
Dying Light: The Beast,x,positive,steam_live,3008130,True,1776529613,732,french,1,0.523809552192687988,True,False,False
Dying Light: The Beast,"Awesome graphics, good exploration",positive,steam_live,3008130,True,1776524758,7184,brazilian,0,0.5,True,False,False
Dying Light: The Beast,,negative,steam_live,3008130,False,1776523834,1070,english,1,0.512953341007232666,True,False,False
Dying Light: The Beast,"Игра просто пустышка, сюжет ужасный и геймплей скучный. 
Сравнивать с 1 и 2 частью тут попросту нечего, над этой игрой никто не старался когда её делал.",negative,steam_live,3008130,False,1776517837,2002,russian,1,0.48598131537437439,True,False,False
Dying Light: The Beast,Mükemmel canavar olarak zombi domaltıyon,positive,steam_live,3008130,True,1776517009,1605,turkish,0,0.5,True,False,False
Dying Light: The Beast,looking forward for next adventure,positive,steam_live,3008130,True,1776510045,1690,english,0,0.5,True,False,False
Dying Light: The Beast,kinda good for me,positive,steam_live,3008130,True,1776505636,5910,english,0,0.5,True,False,False
Dying Light: The Beast,i only dislike the leveling system but other than that it's a fantastic opportunity for me to play the sh*t out  this game. Bring some dlc to this game please.,positive,steam_live,3008130,True,1776497103,11120,english,0,0.5,True,False,False
Dying Light: The Beast,tuff,positive,steam_live,3008130,True,1776479661,745,english,0,0.5,True,False,False
Dying Light: The Beast,"Dying Light: The Beast is a franchise sticking to its vision. Techland has stayed the course since the beginning, delivering the same core style of gameplay they’ve always been known for. It may not be a Game of the Year contender, but it’s still absolutely worth the time and money.
The storyline, boss fights, and weapon‑crafting system are all engaging and familiar in the best way. The game knows what it is and doesn’t pretend otherwise.
The only real criticism I have is that it might be time for a fresh framework. Reusing older assets and systems speeds up production, sure, but true creative excellence sometimes comes from starting clean - especially when you’ve learned so much over the years. A new foundation could open the door to ideas that the current engine simply can’t support.
Overall, it’s a solid entry that delivers exactly what longtime fans expect.",positive,steam_live,3008130,True,1776474962,3733,english,1,0.518867909908294678,True,False,False
Dying Light: The Beast,nah....just nah,negative,steam_live,3008130,False,1776468162,1675,english,0,0.486111104488372803,True,False,False
Dying Light: The Beast,the light died and i went beast mode,negative,steam_live,3008130,False,1776468125,1440,english,1,0.509933769702911377,True,False,False
Dying Light: The Beast,"Why include an entire parkour system if the only world map is smaller than every map in every installment that came before it and it's 90% flat woods with nothing to parkour on? Also no point in going out at night because there's no more parkour XP, if you trigger a chase might as well quit to menu and restart.",negative,steam_live,3008130,False,1776467422,6574,english,1,0.509933769702911377,True,False,False
Dying Light: The Beast,Awesome,positive,steam_live,3008130,True,1776464726,9465,english,0,0.5,True,False,False
Dying Light: The Beast,im kyle crine and im dine,positive,steam_live,3008130,True,1776461935,264,english,0,0.5,True,False,False
Dying Light: The Beast,esta chido el juego,positive,steam_live,3008130,True,1776460080,5946,latam,0,0.5,True,False,False
Dying Light: The Beast,i'm kyle crine and i'm dine,positive,steam_live,3008130,True,1776457310,4759,english,0,0.5,True,False,False
Dying Light: The Beast,Best zombie game series ever.,positive,steam_live,3008130,True,1776454868,487,english,0,0.5,True,False,False
Dying Light: The Beast,htfhretdgrefdgrdegfesfers,positive,steam_live,3008130,True,1776452035,1084,french,0,0.5,True,False,False
Dying Light: The Beast,The best zombie game,positive,steam_live,3008130,True,1776449557,5894,english,0,0.5,True,False,False
Dying Light: The Beast,"Dying Light: The Beast è tipo: “ok facciamo parkour, zombie e paura”… ma qualcuno ha alzato tutto al massimo e ha staccato il freno.
Di giorno ti senti abbastanza figo: corri sui tetti, salti da un palazzo all’altro, fai acrobazie che nella vita reale ti porterebbero direttamente al 118. Tutto bello… finché non sbagli un salto e il gioco ti ricorda che NON SEI SPIDER-MAN e che la gravità è ancora una cosa reale.
Poi arriva la notte e qui la differenza con Dying Light 2 Stay Human si sente subito, lì era “ok attenzione”, qui è proprio “CIAO, SEI MORTO IN ANTICIPO”. Ti fa davvero cagare addosso. Tipo che inizi a correre senza motivo, anche se non ti sta inseguendo niente, perché il tuo cervello ha già deciso di non fidarsi più del buio.
Senti i rumori, li senti TROPPO BENE, e inizi a pensare che ogni cespuglio abbia un problema personale con te. Ogni ombra è un possibile errore fatale.
E la cosa bella è che ti diverti comunque. Perché mentre urli dentro, stai anche ridendo fuori. È quel tipo di gioco dove dici “basta, l’ultima missione” e poi ti ritrovi ancora lì a mezzanotte a scappare da qualcosa che non vuoi nemmeno guardare.",positive,steam_live,3008130,True,1776446233,3301,italian,4,0.583333313465118408,True,False,False
Dying Light: The Beast,Намного лучше второй части,positive,steam_live,3008130,True,1776443201,2548,russian,0,0.5,True,False,False
Dying Light: The Beast,cuk iyi,positive,steam_live,3008130,True,1776437246,2794,turkish,0,0.5,True,False,False
Dying Light: The Beast,"Embora seja um jogo mais curto e com um mapa menor em relação ao jogo anterior, a profundidade e outros aspectos dos títulos anteriores foram melhorados nesse título, a gameplay é fluida e não há bugs que atrapalham a progressão, a história tem seus pontos fracos mas há reviravoltas interessantes ao decorrer ( o final é simplesmente incrível ) 
pagar preço cheio? não
esperar uma promoção? sim
vale a pena jogar ? com certeza sim",positive,steam_live,3008130,True,1776434676,5954,brazilian,0,0.5,True,False,False
Dying Light: The Beast,bug that makes you stuck and cant go anywhere,negative,steam_live,3008130,False,1776434533,1250,english,0,0.5,True,False,False
Dying Light: The Beast,"Dopo la grande delusione del secondo capitolo, Dying Light: The Beast è stato un po' come tornare a casa, a quelle sensazioni che mi aveva dato il capostipite della serie.
Finalmente una mappa non gigantesca con duemila icone inutili ma grande il giusto e facile da esplorare. Il Parkour la fa da padrona e con il rampino si svolazza che è una bellezza.
Ritorna il nostro amato Crane, sempre grosso ed ignorante pronto a tirare calci volanti al primo non morto che lo guarda troppo storto.
Trama semplice, un po' troppo forse alla resident-evil con un cattivo un po' macchiettistico ma che fa il suo e tirando le somme intrattiene per tutta la sua durata.
Sistema di Perk composto da quattro rami d'abilità più le abilita bestia, sempre molto semplice forse alcuni di questi potenziamenti lasciano il tempo che trovano e solo alcuni si riveleranno veramente interessanti in termini di gameplay.
Le armi bianche sono tante e molto interessanti, anche se sono presenti in quantità minore rispetto al primo capitolo e bocche da fuoco che non sono moltissime ma che sono sempre divertenti da utilizzare.
Infatti, il gore è bello deciso e gli smembramenti uniti alla fisica dei corpi daranno una soddisfazione immensa nel colpire sia gli zombie che i nemici che ci troveremo davanti.
Il sistema di guida lascia il tempo che trova ma è così marginale che per quanto brutto non inficia così tanto sull'esperienza totale.
Peccato per la nuova modalità che non si può giocare in coop (una assurdità se pensiamo di che titolo stiamo parlando) e per il fatto che non possiamo utilizzare il nostro salvataggio principale (così facendo si buttano un po' tutte le ore passate in NG+).
Questa terza iterazione per me è promossa, forse perché è più contenuta del secondo capitolo (di cui in origine doveva essere un DLC) e che diverte per tutta la sua durata senza essere tedioso con ammennicoli inutili solo per riempire il gioco di ore di gameplay spazzatura.",positive,steam_live,3008130,True,1776433308,3197,italian,1,0.505208373069763184,True,False,False
Dying Light: The Beast,还不错中文配音也很给力,positive,steam_live,3008130,True,1776432572,3422,schinese,1,0.516129076480865479,True,False,False
Dying Light: The Beast,meilleur opus de dying light,positive,steam_live,3008130,True,1776430083,4589,french,0,0.5,True,False,False
Dying Light: The Beast,值得一玩,positive,steam_live,3008130,True,1776419621,452,schinese,0,0.5,True,False,False
Dying Light: The Beast,"Dying Light: MrBeast nám předvedl, že pokud vezmete starej příběh, okořeníte ho správně, tak máte úspěch skoro zadarmo. Příběh se jim fakt povedl až na zakončení, kde dost chybělo dotáhnout do konce příběh té sexy čubky Olivie.

Tvůrci tuto hru původně zamýšleli jako DLC ke dvojce a pak když zjistili, že to je větší projekt, tak na to akorát nalepili větší cenovku... Je to ale poznat, gameplay je fakt úplně stejnej jak ve dvojce, bohužel nevrátili starou fyziku z jedničky, dokonce je někdy ještě zabugovanější než ve dvojce...
Slíbili nám navrácení auta, jenže to je teď v podobě obecného vehiclu na mapě a ne něco, co by bylo vaše a tunili jste si to (jak tomu bylo ve DL: the Following).
Taky mě mrzelo jak malá mapa byla a že na ní každý otazník byl buďto convoy nebo noční skrýš nebo ""volatile nest"". A ten ""volatile nest"" byl extrémní zklamání oproti jedničce. Místo toho aby to byla nějaká cave plná volatilů a byla to challenge, tak to byl vždycky jenom nějakej respawnující žebrák přilepenej k zemi pod mostem...

Ve shrnutí: Je to jak Dying light 2, akorát příběh není kopa sraček

7,5/10",positive,steam_live,3008130,True,1776418611,5540,czech,1,0.5,True,False,False
Dying Light: The Beast,Игра норм. Надеюсь вернут btz сюда. Больше всего понравились анимации и приколы с крюк-кошкой.,positive,steam_live,3008130,True,1776407258,2462,russian,0,0.5,True,False,False
Dying Light: The Beast,ta weno,positive,steam_live,3008130,True,1776407170,4342,latam,0,0.5,True,False,False
Dying Light: The Beast,"игра ♥♥♥♥♥, зря деньги потратил",negative,steam_live,3008130,False,1776387519,1386,russian,0,0.5,True,False,False
Dying Light: The Beast,"Четкая игра, рекомендую",positive,steam_live,3008130,True,1776385301,2351,russian,0,0.5,True,False,False
Dying Light: The Beast,"Лучше второй части. Убрали рак в виде выносливости при паркуре. Вернули гг из первой части, сделали неплохой сюжет. Хорошие побочные миссии, на уровне основного. Отличная оптимизация, симпатичная картинка. 

Кароче, разрабы поняли свои ошибки, сделанные во второй части и вернулись к истокам, что пошло игре на пользу.",positive,steam_live,3008130,True,1776385160,1561,russian,0,0.5,True,False,False
Dying Light: The Beast,.,positive,steam_live,3008130,True,1776379002,8069,turkish,0,0.5,True,False,False
Dying Light: The Beast,absolute cinema,positive,steam_live,3008130,True,1776376102,1350,turkish,1,0.523809552192687988,True,False,False
Dying Light: The Beast,"I've bought the game in good faith of those early 90% ratings, but this is a rare occasion where the rating doesn't fit the actual game at all. I got deceived and oh boy where do I even start...

The game has horrible writing and dialogue, And I mean that!. It's sooo bad. Kyle is portrayed as this tough guy whose always on edge and the interactions between him and the other characters are super short and hella corny. Everything feels forced and unnatural. 

World looks pretty lifeless in some areas, the amount of times I've come across places where the level design just feels off. I found so many textures weird overlaps especially on the rocky areas, floating decals 
and so on.

The level and weapon scaling also doesn't make sense, they divide areas in Lvl 1, 6, 11 zones and getting higher level barely changed how our weapons felt against the infected. Even after getting to legend level the weapons felt so bad. Especially against Armed Soldiers - How come a crossbow is the most useful weapon with one shot potential but using my melee feels like I am having a boss fight with every enemy and then same reversed - How come melee does so much more damage against boss enemies but my armed weapons suddenly become BB guns. 

So many things just don't make sense. It feels rushed and unpolished - This is BARELY a DLC not a full priced standalone title. It rests on the huge popularity of the first game and it shows. 

4 / 10",negative,steam_live,3008130,False,1776373158,2048,english,3,0.51845163106918335,True,False,False
Dying Light: The Beast,goated,positive,steam_live,3008130,True,1776369135,4944,english,0,0.5,True,False,False
Dying Light: The Beast,"Game is great, would reccomend co-op play as it is very fun w a friend!",positive,steam_live,3008130,True,1776368274,1716,english,0,0.5,True,False,False
Dying Light: The Beast,Не интересная часть если понимаешь что это планировалось как бесплатное DLC для 2 части. За такой ценник уж точно не стоит покупать DLC,negative,steam_live,3008130,False,1776367415,846,russian,0,0.5,True,False,False
Dying Light: The Beast,"Good game, story could be longer but dodge & jump should be two different buttons",positive,steam_live,3008130,True,1776366352,2162,english,0,0.5,True,False,False
Dying Light: The Beast,"Super gra polecam, Można zastać spider-manem",positive,steam_live,3008130,True,1776365592,2472,polish,0,0.5,True,False,False
Dying Light: The Beast,Its a good game. You can get carried away playing it.,positive,steam_live,3008130,True,1776364526,3692,english,0,0.5,True,False,False
Dying Light: The Beast,Really frustrating game. when dying light 1 was peak,negative,steam_live,3008130,False,1776363718,1688,english,1,0.523809552192687988,True,False,False
Dying Light: The Beast,норм,positive,steam_live,3008130,True,1776360469,1004,russian,0,0.5,True,False,False
Dying Light: The Beast,all-in,positive,steam_live,3008130,True,1776357656,1114,polish,0,0.5,True,False,False
Dying Light: The Beast,"버그가 있지만 재미있어서 용서 되는 게임 그리고 1,2에 비해 플탐 많이 길어졌다",positive,steam_live,3008130,True,1776349599,2047,koreana,0,0.5,True,False,False
Dying Light: The Beast,"Definitely the best game in all three games, first game had gameplay but didn't had much of a story, was repetitive, haven't played 2nd game but heard that it was the worst of all 3.
everything was on point, gameplay, story, parkour, weapons, upgrades, I have nothing to complain about except my PC is getting old to run these new games.",positive,steam_live,3008130,True,1776346248,3442,english,0,0.5,True,False,False
Dying Light: The Beast,most brutal game ever,positive,steam_live,3008130,True,1776345231,3808,english,0,0.5,True,False,False
Dying Light: The Beast,mükemmel bir oyun en azından dying light da crane ne olduğunu öğrendik ve inşallah gelen yeni oyunuda ve oyunlarıda görürüm (favori tekme atanımsın crane,positive,steam_live,3008130,True,1776342761,3200,turkish,0,0.5,True,False,False
Dying Light: The Beast,"I hold the Dying Light series dear to me, but I cannot in good faith recommend this at full price. Not even if it's on sale.

The story was underwhelming, and despite the fact that I did 90% of the side quests, it totaled to about 28~ hours at the time of this review.
The plot was very, very cliche. And I failed to understand the Baron's at all.
The ending was also extremely mediocre.

Will delve into spoiler content about the ending here, so beware;
[spoiler]It really pisses me off that from my POV, the Baron just seems to be a psychopath madman that's drunk on his powers, speaking of, how'd he even rise to that point? The game didn't try to delve into this as much as I had hoped, and I wish they did.[/spoiler]

[spoiler]I think it's a cool reveal that at the end, Aiden, alongside Spike, were the one to rescue Kyle, but that's about the only highlight of the story for me. Spike's death was really, really unnecessary and was just used as fuel to hate the Baron even more than we already have. It was very cliche and the Baron, as a villain, didn't work for me. I did not feel satisfied to finish the story at all.[/spoiler]

Overall, this just felt really cliche, and the story didn't work for me. DL: The Beast feels more like a nostalgia trip for veterans of the previous 2 games, rather than a sequel. The gameplay part was fine for the most part, but not exactly astounding. I really wish that the parkour in this game was more incorporated into and used more. It would've helped with the repetitive fetch quests that you had to do.",negative,steam_live,3008130,False,1776335272,1716,english,0,0.5,True,False,False
Dying Light: The Beast,i like when its hehe and so about hehe,positive,steam_live,3008130,True,1776324769,2378,polish,0,0.5,True,False,False
Dying Light: The Beast,"They decided to turn what could have been a solid DLC for Dying Light 2 into a standalone, full price game. 

But it still has less content than either of the previous games.

Parkour has been gutted, and the map is the worst in the series. There is no fluidity or momentum to parkour, as the majority of the map is open space with no opportunities to parkour. The vertical spaces the map does have are horribly designed, and you end up having to stop very often to try and figure out a way up a sheer wall or across a street. Seemingly, the devs put no care into designing throughways and routes for you to parkour fluidly and effectively.

Traversing the open spaces of the map is boring, too. In The Following, you had a really cool buggy that you could customize and upgrade, as well as unlock skills in a dedicated skill tree for. You could unlock flamethrowers, boosters, an electric cage, spikes, better suspension, the whole shebang.

In The Beast, you get . . . A truck!

Can you upgrade it? No.
Can you customize it? Barely.
Is there a whole skill tree for it? 

...It has a skill for fuel consumption and a skill for durability.

That's it.

And the open world just looks bad. A lot of the map genuinely looks like what someone would make in a community map editor. The mountainous areas of the national park are particularly badly put together, and it seems like they just slapped together 2 or 3 ""cliff"" assets, and it is so painfully obvious that it wasn't designed with any actual realism or cohesion.

The Beast does get some things right, particularly in the QoL, but at this point it goes without saying that QoL should be good by now.

I just cannot justify this being a standalone, full priced game. Everything it does, has been done better in either DL1 or DL2. I am lucky to have gotten it for free, and with the knowledge I have after playing it, I do not recommend anyone spend full price on it. Wait until at least a 25% sale.",negative,steam_live,3008130,False,1776319156,3362,english,23,0.659862816333770752,True,True,False
Dying Light: The Beast,имба,positive,steam_live,3008130,True,1776315324,1686,russian,0,0.5,True,False,False
Dying Light: The Beast,"great game , hope they add onto it with extra side missions",positive,steam_live,3008130,True,1776311294,3532,english,0,0.5,True,False,False
Dying Light: The Beast,"This game has no right being this good yet it puts other games from the same category to shame. (Why is this game so optimize my pc is not going on a racing car) any way, good game, good ending, good mechanics, if someone spoils it you can still completed, if you haven't play any of the other dying lights you most this game is extreme fan service :). I just started playing the new dlc added, restore lands, the fact that you can clear infecteds forEVER thats so cool. :)",positive,steam_live,3008130,True,1776306799,2516,english,0,0.5,True,False,False
Dying Light: The Beast,"Good game, bit harder than previous ones though if your playing the new Restored Lands version.  Runs pretty good too.",positive,steam_live,3008130,True,1776299175,6237,english,0,0.5,True,False,False
Dying Light: The Beast,Really good game!!,positive,steam_live,3008130,True,1776299043,6365,english,0,0.5,True,False,False
Dying Light: The Beast,好玩,positive,steam_live,3008130,True,1776298088,4679,schinese,0,0.5,True,False,False
Dying Light: The Beast,"I haven't played much of the game yet, but personally I like it. feels like the best of both worlds from the original and from Dying light 2.",positive,steam_live,3008130,True,1776297908,423,english,0,0.5,True,False,False
Dying Light: The Beast,ta bueno w,positive,steam_live,3008130,True,1776297028,2355,spanish,0,0.5,True,False,False
Dying Light: The Beast,"Bro the story is written so bad, I still can't believe it. What a cash grab of a game.",negative,steam_live,3008130,False,1776292916,1937,english,2,0.510204076766967773,True,False,False
Dying Light: The Beast,Epic,positive,steam_live,3008130,True,1776292832,1599,swedish,1,0.523809552192687988,True,False,False
Dying Light: The Beast,too much bugs dl 2 better,positive,steam_live,3008130,True,1776286223,1770,english,1,0.497925341129302979,True,False,False
Dying Light: The Beast,it's alright. Dying Light 1 is still by far the best. But it's a good experience. buy it when it's on sale tho,positive,steam_live,3008130,True,1776285774,1053,german,2,0.545454561710357666,True,False,False
Dying Light: The Beast,Ни о чём,negative,steam_live,3008130,False,1776283903,1497,russian,0,0.5,True,False,False
Dying Light: The Beast,"I have played both of the previous games. Absolutely loved almost all aspects of the first game. The second game wasn't as widely praised, but I still enjoyed it a good bit but not to the same extent as the first. The first two games combined I have about 200 hours.

*I did not finish this game*
The Beast: Points 1-3 positive, 4-7 Negative
1. The combat against the larger foes & chimera felt pretty good (sometimes a little tanky, but not by a lot). Although they were pretty easy, and the main pay off for learning the attack pattern is simply DPS.
2. I liked the map in how it looks and plays. I liked the combo of areas with plenty of parkhour, and where some areas had less.
3. The side missions I did were pretty enjoyable story wise and had you to go unique locations you may have not found otherwise.

4. The dialogue and character interactions of the main story are just bad and some make no sense logically or socially. Especially in the beginning. The overarching story seems interesting, but the numerous mistakes in small story details pretty much made me lose interest. 
5. How often weapons broke combined with the limited inventory space (for no reason) just made it annoying and didn't add anything positive to combat. It felt way worse than in the other two previous games.
6. The previous point is made worse because it felt like the early zombies were more tanky than previous game solely to encourage the ""beast mode"". This is combined the zones being defines by levels which means there are some zones that are more annoying to explore early on because zombies are way more tanky compared to your weapon level. Also, When using a level 6 weapon (lots more damage than lvl 1) the level 1 zone enemies took a few less hits than previously but still were too much considering the level difference.
7. While I liked the side stories, there were no characters that I specifically connected with or even liked. Most of them felt bland, or on the negative side due to the dialogue.",negative,steam_live,3008130,False,1776283293,577,english,2,0.52173912525177002,True,False,False
Dying Light: The Beast,"This game has been on my radar, but I wasn't sure about the parkour aspects. Nonetheless, I played the Restored Lands mode and absolutely had a blast. I echo all the great things people are saying about this game... my only ""complaint"" is that only brutal difficulty, its not possible doing anything at Night.",positive,steam_live,3008130,True,1776281452,3809,english,0,0.5,True,False,False
Dying Light: The Beast,i feel the beast coming inside me,positive,steam_live,3008130,True,1776281445,4093,english,0,0.5,True,False,False
Dying Light: The Beast,pas mal,positive,steam_live,3008130,True,1776281283,1444,french,0,0.5,True,False,False
Dying Light: The Beast,This is a really REALLY fun zombie game that I think Techland has really started to nail especially with the Restored Land update.,positive,steam_live,3008130,True,1776280485,3739,english,0,0.5,True,False,False
Dying Light: The Beast,我不建议任何消光系列的老粉丝买这款，很难想象我第一次在玩消光的时候有了全程吃屎的感觉，我一代二代各200多个小时，这是唯一一代我通关后就不想再碰的玩意儿，剧情恶心人，战斗体验恶心人，跑酷体液还恶心人，从头吃屎吃到尾，没有开心过任何一次,negative,steam_live,3008130,False,1776279282,3980,schinese,11,0.644262552261352539,True,False,False
Dying Light: The Beast,Craaaane,positive,steam_live,3008130,True,1776279115,3448,english,0,0.5,True,False,False
Dying Light: The Beast,Really enjoying it.  Loved the original Dying Light and took a chance on this.  Can't put it down.  So atmospheric and addictive.,positive,steam_live,3008130,True,1776277587,4739,english,0,0.5,True,False,False
Dying Light: The Beast,имба игра советую всем особенно играть онлайн,positive,steam_live,3008130,True,1776277302,745,russian,0,0.5,True,False,False
Dying Light: The Beast,当初信徒结束之后，以为克兰的旅程到此结束了，没想到居然迎来了后续，而且看得出故事远没有结束，整体游玩体验还是可以的，我还是能找到一些当初一代的味道，缺点是剧情过于生硬，玩法还是有些单一，任务依然都是些通马桶任务，但部分任务还算是有趣，整体流程其实也就是二十个小时左右，内容太少，但是能再次扮演克兰，我可以接受这些缺点,positive,steam_live,3008130,True,1776271925,2405,schinese,0,0.5,True,False,False
Dying Light: The Beast,имба,positive,steam_live,3008130,True,1776271766,2579,russian,0,0.5,True,False,False
Dying Light: The Beast,peak,positive,steam_live,3008130,True,1776271466,1302,czech,0,0.5,True,False,False
Dying Light: The Beast,оч хороша чертовка,positive,steam_live,3008130,True,1776267835,895,russian,0,0.5,True,False,False
Dying Light: The Beast,aga daying light cesrt un jeux tranquillle,positive,steam_live,3008130,True,1776267811,1819,french,0,0.5,True,True,False
Dying Light: The Beast,si,positive,steam_live,3008130,True,1776263821,328,spanish,0,0.5,True,False,False
Dying Light: The Beast,"Mejora el gameplay y los sistemas de los juegos anteriores de la saga y se desase de la mayoria de las cosas malas.
Dura lo suficiente como para que no se haga muy tedioso, algo que con las entregas anteriores me desgustaba un poco.",positive,steam_live,3008130,True,1776255592,1797,english,0,0.5,True,False,False
Dying Light: The Beast,"Main game is amazing and I would recommend it.

BUT

Restored Land is so laughably bad, I had to change my review.

The whole concept of it is that loot and enemies are not respawning so you need to manage resources and plan accordingly. Would be interesting sadly it just doesnt mean much in real gameplay. There is just so much loot already on the map, it would probably be enough for 5 playthroughs and traders refresh as well undermining the whole concept. Besides that, loot and enemies actually respawns, not everything but just enough to make advantage of it. 

And THE WORST part, Restoring the Land itself aka killing all the zombies so human npcs can roam free, its VEEEERYY BOOORING process. You will be looking for those few remaining zombies for ages. 
And for what? Empty map. 
Human npcs that show up after area is restored are not that common and all they do is just drop a line when you get close and that’s basically it. They add nothing to the game.

Whoever at Techland made this patch into reality needs to be investigated for corporate sabotage.

Get your rewards and forget it ever existed.",negative,steam_live,3008130,False,1776254179,9282,english,0,0.5,True,False,False
Dying Light: The Beast,вроде да а вроде и нет но больше нет,negative,steam_live,3008130,False,1776253560,2527,russian,1,0.523809552192687988,True,False,False
Dying Light: The Beast,"SMALL SPOILER WARNING
story: 10/10 (i nearly cried)
visuals: 9/10 (just running around to see the details put into it felt amazing)
bugs: 5/10 (i got softlocked 3 times and encounted some bugs like enimes going to their base poses of the models after death. and some hitboxes are annoying esspecially breakable wood planks as sometimes you cant kick them)
parkour: 10/10 (dying light game need i say more)
characters: 10/10 (their well written though where the ♥♥♥♥ did the sheriff go after the game we didnt see her die so where is she)
map: 10?/10 (even after completion alot of the map i still havent seen i may up[date this i might never update this reveiw after seeing the full map)
 overall id give the game a 8/10 why 8? because of the softocks other than that amazing game!",positive,steam_live,3008130,True,1776244546,2050,english,0,0.5,True,False,False
Dying Light: The Beast,AAAAAAAAAAAAAAAAAAAAAAAAAAAAAAAAAAAAAAAAAAAAA,positive,steam_live,3008130,True,1776236521,1133,turkish,0,0.5,True,False,False
Dying Light: The Beast,"Mobilidade e parkour legal, mas só tem mato. E a história é curta mas até q da pro cara curtir.
Bem legal, mas NÃO SE COMPARA ao primeiro jogo.",positive,steam_live,3008130,True,1776235725,1938,brazilian,0,0.5,True,False,False
Dying Light: The Beast,10/10,positive,steam_live,3008130,True,1776230876,1185,latam,0,0.5,True,False,False
Dying Light: The Beast,"Was hyped when the game came out, and honestly was fairly disappointed, compared to the last 2 Dying Lights, it really felt like a DL2 $30-40 DLC, one of those DLCs that introduces A LOT, but can't qualify to be a game. I was looking at the library and saw Restored Land and it had me intrigued, I am about as far as I got when it came out and I am now seeing as it's own standalone game, Restored Land really kinda lifted the experience by giving the game something to set it apart from the previous 2. Kinda like how DL2 had the Glider.",positive,steam_live,3008130,True,1776229261,5952,english,0,0.5,True,False,False
Dying Light: The Beast,Fun but the xp grind and weapons not being as readily available really kills alot of the fun.,negative,steam_live,3008130,False,1776220058,549,english,2,0.520547926425933838,True,False,False
Dying Light: The Beast,Kyle Crane da goat,positive,steam_live,3008130,True,1776215890,2093,english,0,0.5,True,False,False
Dying Light: The Beast,the spec list is very non up to date i5-12600kf 64gb ddr4 ram gtx 1660ti and i cant reach even 50 fps great game but not an easy game to run,positive,steam_live,3008130,True,1776215737,2339,english,0,0.47826087474822998,True,False,False
Dying Light: The Beast,0/10 not the postal movie so its mid,negative,steam_live,3008130,False,1776208461,3387,english,1,0.460955291986465454,True,True,False
Dying Light: The Beast,peak,positive,steam_live,3008130,True,1776208058,2878,english,0,0.5,True,True,False
Dying Light: The Beast,"Dying Light 1 + Dying Light 2 = Dying Light the beast
Good game. Short but very good. My biggest complaint is Parkour. 
Its better than DL1, less extreme than DL2. Its just right. Shame less than half the map is any kind of landscape that makes use of it.",positive,steam_live,3008130,True,1776208051,2133,english,0,0.5,True,False,False
Dying Light: The Beast,its fun and clean graphics,positive,steam_live,3008130,True,1776207222,1237,english,0,0.5,True,False,False
Dying Light: The Beast,"dying light 2 is just more fun, this is just dying light 2 but you play as the different guy and it runs worse and has less depth, brought back mechanics from dl1 that dont fit with the general gameplay from dying light 2",negative,steam_live,3008130,False,1776206407,1084,english,0,0.5,True,False,False
Dying Light: The Beast,very good,positive,steam_live,3008130,True,1776205373,2683,english,0,0.5,True,False,False
Dying Light: The Beast,es cine que decirles,positive,steam_live,3008130,True,1776201840,1796,spanish,0,0.5,True,False,False
Dying Light: The Beast,No,negative,steam_live,3008130,False,1776197002,1351,english,0,0.476190477609634399,True,False,False
Dying Light: The Beast,RIDICULOUS AMOUNT OF FUN. PERIOD. FULL STOP. NICELY DONE TEAM.,positive,steam_live,3008130,True,1776196936,3664,english,0,0.5,True,False,False
Dying Light: The Beast,Super sigma game.,positive,steam_live,3008130,True,1776193614,2888,english,0,0.5,True,False,False
Dying Light: The Beast,"My review of Dying Light The Beast & Dying Light The Beast: Restored Land

The Base Game:
Story: 7/10
Graphics: 8/10
Combat: 5/10
Gore: 8/10
Climbing (Parkour Stuff) 6/10

Restored Land:
The mechanic where nothing respawns is interesting.
Alpha Volatile: go burn in hell/10

Notes:
The combat feels a bit weird. When you attack and a zombie is too close, it can grapple through your attack and then you deal no damage.

Then there are the Volatiles. I know that, at least in Restored Land, you can reduce their numbers by clearing hives, but come on having 4 Volatiles spawn around the player & slowly move toward you (unless they spot you and start a hunt) is just annoying. From my perspective, the game basically says: don’t even try to explore at night.

As for the Alpha Volatile, I have no idea what’s going on. Sometimes, I’m inside a building, and it just spawns in and instantly kills me.
----
Would I recommend the game?
Yes
even if it’s annoying at times.",positive,steam_live,3008130,True,1776192161,4211,english,0,0.5,True,False,False
Dying Light: The Beast,"Muy bueno, aunque de primeras impresiones un poco distinto a lo que nos tenia acostumbrado con las anteriores entregas, este titulo es mas intenso y tetrico, vibes de desolación",positive,steam_live,3008130,True,1776190151,1444,spanish,0,0.5,True,False,False
Dying Light: The Beast,zombiler abur cubur görmüş arkadaşlarım gibi,positive,steam_live,3008130,True,1776189754,3165,turkish,1,0.523809552192687988,True,False,False
Dying Light: The Beast,"I just finished the game and it was incredible I must say it was not really promising at first but I loved it and I have some suggestions for the next game some of them is why not some of them is must to do

-MUST keep this play style second game was so easy to fight with infected but it was harder for humans but not that hard but this is incredible the best melee weapons I had in the end game was 2 shotting infected in second game I was one shotting infected on my 5th hour maybe 4th

-MUST ADD MORE MELEE WEAPONS variety this game didnt had variety of weapons(melee bcs what can they put into this game as a gun) I expected there was 2 maybe 1 katana i could see and modifications was werent good clubs didnt had their looks like in the first game PLEASE put more weapons in the next game and there was some legendary weapons that didnt had their blueprints in the game pls don't do that again

-Please put a settings for the graphics to be more colorful like the second game I love the vibe of darker tones of colors in the game but still I would love to play the next game colorful like second(probably I could just turn up the gamma a little bit)

-add uv bars blueprints for the next game

-PLEASE PUT MORE MELEE WEAPONS IN THE NEXT GAME

-PLEASE PUT MORE MELEE WEAPONS IN THE NEXT GAME

-PLEASE PUT MORE MELEE WEAPONS IN THE NEXT GAME

-PLEASE PUT MORE MELEE WEAPONS IN THE NEXT GAME

-and worse city design for a game like this parkour is everything please do the next game more like the second: choices, parkour based city and second game had more mechanics I think it had more parkour mechanics it was good I think the second game was better than the beast but not in some kind of ways like zombies or gore is another level in this game parkour could be better like in the second game melee was better in the second game but I can't put my finger on it grapple hook is peak in the second game

in the short terms: second game was better in parkour, grapple hook, melee in some kind of way that I can't put my finger on it gore is pretty good in the beast I loved it melee weapon variety was not good players deserved more variety for MELEE weapons they tried something like not putting blueprints for the  katana and uv bar in this game game musics was better in second game graphics are REALLY GOOD in the beast but it will be good if we could had a choice for it look like the second game and the difficulty of the game is like the first game pretty good second game was too easy it needed to be like first game they made the beast like the first game and I loved it 

AND REMEMBER if mama aint happy nobody happy",positive,steam_live,3008130,True,1776186027,3110,turkish,1,0.523809552192687988,True,False,False
Dying Light: The Beast,Ca aurait du être ca DL2 ...,positive,steam_live,3008130,True,1776186016,2161,french,0,0.5,True,False,False
Dying Light: The Beast,iyi güzelde eski tadı yok oynarrken anlıyorsunuz,negative,steam_live,3008130,False,1776185476,993,turkish,1,0.51327437162399292,True,False,False
Dying Light: The Beast,it's zombies..,positive,steam_live,3008130,True,1776185452,7278,english,0,0.5,True,False,False
Dying Light: The Beast,Gud Game,positive,steam_live,3008130,True,1776184762,2356,english,0,0.5,True,False,False
Dying Light: The Beast,"Played for 8 hours initially. Got distracted. Came back for Restored Land. Got hooked.

Max graphics. Frame gen and DLSS quality. 80 fps. How lovely.",positive,steam_live,3008130,True,1776184405,3353,english,0,0.5,True,False,False
Dying Light: The Beast,"[h2]В целом игра заеbись.[/h2]
Очередная часть приключений Коляна крановщика, на сей раз одержимого чертями. Сюжетка короткая, но [b]очень эпичная[/b] и практически без духоты. Багов практически нет, хотя редко, но метко встречаются. Ценник в 3к ничем не обоснован, что, конечно, не делает игру хуже, но остальных заставит задуматься перед покупкой. Рекомендую покупать игру, когда она получит скидку в 50% и получит больше полноценных патчей. Отдельный респект за возможность собирать бобров, это именно то, чем я мечтал заниматься в survival horror игре!

[b]Crane on the Crane[/b]",positive,steam_live,3008130,True,1776184296,1886,russian,3,0.537366569042205811,True,False,False
Dying Light: The Beast,Boring,negative,steam_live,3008130,False,1776179897,1363,russian,0,0.5,True,False,False
Dying Light: The Beast,"if you liked the first game you will like this one. it gives you more combat options, a more varied map, and plenty of optional quests to get sidetracked with.",positive,steam_live,3008130,True,1776176761,1842,english,2,0.53947371244430542,True,False,False
Dying Light: The Beast,"A masterpiece. Insane graphics, story loyal and impressive combat system. Side missions are actually enjoyable and the weapons are fun to use. The ending is absolute cinema.",positive,steam_live,3008130,True,1776174982,1760,english,0,0.5,True,False,False
Dying Light: The Beast,Finishers <3,positive,steam_live,3008130,True,1776174759,6336,polish,0,0.5,True,False,False
Dying Light: The Beast,Add co-op to the restored land mode lol,negative,steam_live,3008130,False,1776173076,1694,russian,0,0.5,True,False,False
Dying Light: The Beast,">Blend DL1 & DL2 together with all the bugs and annoyances that comes with them. 
>Don't improve anything, just leave it as it is because the core gameplay is ""good"". Maybe make it worse for the sake of changing something.
>Make co-op experience unbearable.
>Pump some microtransaction in it.

Lo and behold, Dying Light vomit cake edition.",negative,steam_live,3008130,False,1776173051,1507,english,2,0.473509907722473145,True,False,False
Dying Light: The Beast,"Combat is awesome , graphics and story is amazing , overall a great game :D",positive,steam_live,3008130,True,1776171418,1127,dutch,0,0.5,True,False,False
Dying Light: The Beast,Vraiment pas ouf.,negative,steam_live,3008130,False,1776170976,151,french,0,0.5,True,False,False
Dying Light: The Beast,"Rezension: Dying Light: The Beast – Ein echtes Biest nach dem „Restored Land“-Update!
Bewertung: ⭐⭐⭐⭐⭐ (5/5)

Ich bin aktuell in meinem zweiten Spieldurchgang und muss sagen: Es fühlt sich fast wie ein neues Spiel an! Während der erste Run schon solide war, hat das große „Restored Land“-Update das Ruder komplett herumgerissen und das Potenzial des Spiels erst richtig entfesselt.

Das macht den Unterschied:
Sinnvolles Gameplay: Endlich macht es richtig Spaß, die Gebiete zu erobern! Durch das Update fühlt sich der Fortschritt in der Spielwelt viel belohnender an. Es ist nicht mehr nur „Abhaken von Symbolen“, sondern man hat das Gefühl, die Welt wirklich nachhaltig zu verändern.

Grafik-Upgrade: Ein riesiges Lob an die Entwickler! Die visuelle Überarbeitung ist deutlich spürbar. Die Beleuchtung ist atmosphärischer, die Texturen wirken schärfer und das gesamte „Restored Land“ sieht einfach fantastisch (und erschreckend real) aus.

Langzeitmotivation: Dass ich es direkt ein zweites Mal durchspiele, spricht wohl für sich. Die neuen Mechaniken greifen perfekt ineinander.

Fazit:
Wer Dying Light: The Beast zum Release gespielt hat, sollte unbedingt wegen des Updates zurückkehren. Wer es noch gar nicht kennt: Jetzt ist der perfekte Zeitpunkt zum Einsteigen. Das Erobern der Gebiete war noch nie so motivierend!",positive,steam_live,3008130,True,1776170886,5335,german,0,0.5,True,False,False
Dying Light: The Beast,从一玩到三，唯有热爱,positive,steam_live,3008130,True,1776168986,6926,schinese,0,0.5,True,False,False
Dying Light: The Beast,best,positive,steam_live,3008130,True,1776168597,1684,english,0,0.5,True,False,False
Dying Light: The Beast,Очень ждал,positive,steam_live,3008130,True,1776165939,1399,russian,0,0.5,True,False,False
Dying Light: The Beast,Yeah.. i think you should buy this,positive,steam_live,3008130,True,1776164736,5766,english,0,0.5,True,False,False
Dying Light: The Beast,Fajna gra tylko szkoda ze juz nie mozna dusic dzieci jak w pierwszej czesci,positive,steam_live,3008130,True,1776156951,4903,polish,0,0.5,True,False,False
Dying Light: The Beast,Bad script and disappointing parkour,negative,steam_live,3008130,False,1776153533,2553,russian,1,0.523809552192687988,True,False,False
Dying Light: The Beast,VERY GOOD,positive,steam_live,3008130,True,1776151868,1339,english,0,0.5,True,False,False
Dying Light: The Beast,It's good! Try it out.,positive,steam_live,3008130,True,1776151086,3884,english,0,0.5,True,False,False
Dying Light: The Beast,"Jako fan wszystkich części Dying Light mogę śmiało stwierdzić że gra jako gra mi się podoba i ma bardzo fajne mechaniki. Jedyne wady jakie mi przeszkadzają to Polski Dubbing i skrócona fabuła. W polskiej wersji dubbingu Aktor ma naprawdę świetny głos nawet pasujący do postaci, lecz nie wyraża on praktycznie emocji w swoich słowach, po prostu gada. Co gorzej, efekty dźwiękowe (wspinaczka/tryb bestii) Crane'a są nagrane przez angielskiego aktora głosowego co psuje immersję gdy Crane co sekundę zmienia swój głos. Co do krótkiej fabuły. wiadomo że fabuła jest krótsza bo ta gra oryginalnie miała być jedynie DLC do części drugiej, ale ma to niestety słaby efekt na postaciach w fabule które przez to znamy praktycznie z przelotu (po prostu są). Tak samo z antagonistą tej części, po prostu jest zły bo nie ma czasu pokazywać czemu i jak. Polskie napisy jeszcze jakoś ujdą, ale grając z angielskim audio czasami postacie mówią zupełnie co innego niż w polskiej wersji i napisy się nie pokrywają z tym co mówią. Osobiście zalecam grę przechodzić zupełnie po angielsku z angielskim audio. Mimo wszystko mega polecam!",positive,steam_live,3008130,True,1776148174,8389,polish,0,0.5,True,False,False
Dying Light: The Beast,"Dying light: The beast Restored Land is so fun! the graphics are amazing and the update is so peak, then new gameplay and mechs are so fun to play around, I been playing for hours and even before the update, it was so much fun!",positive,steam_live,3008130,True,1776139169,2330,english,0,0.5,True,False,False
Dying Light: The Beast,Best Dying Light game in the series. Techland merged the best parts of 1 and 2.,positive,steam_live,3008130,True,1776138551,11036,english,0,0.5,True,False,False
Dying Light: The Beast,It's a lot of fun. Huge improvement from when the second one came out,positive,steam_live,3008130,True,1776138311,614,english,0,0.5,True,False,False
Dying Light: The Beast,!,positive,steam_live,3008130,True,1776131127,3165,brazilian,0,0.5,True,False,False
Dying Light: The Beast,"If you love 1 and hate 2 this game will be a very welcome surprise.
As someone who has thousands of hours in DL1 on console and felt like DL2 destroyed the game,
this game brought it completely back for me. Only criticism I have is that I hope they add more to the late game.",positive,steam_live,3008130,True,1776130892,4834,english,0,0.5,True,False,False
Dying Light: The Beast,Goty 2026,positive,steam_live,3008130,True,1776130809,1937,brazilian,1,0.523809552192687988,True,False,False
Dying Light: The Beast,BEST GAME,positive,steam_live,3008130,True,1776128817,2748,spanish,0,0.5,True,False,False
Dying Light: The Beast,Probably the best one overall.,positive,steam_live,3008130,True,1776128210,2801,english,0,0.5,True,False,False
Dying Light: The Beast,mt bom,positive,steam_live,3008130,True,1776127948,5601,brazilian,0,0.5,True,False,False
Dying Light: The Beast,good,positive,steam_live,3008130,True,1776126534,3478,spanish,0,0.5,True,False,False
Dying Light: The Beast,Bro how big is this ♥♥♥♥♥♥♥ update I can't even play anymore,negative,steam_live,3008130,False,1776125808,943,english,0,0.476190477609634399,True,False,False
Dying Light: The Beast,"Good enough story, excellent parkour, and perfect zombie killing and physics.",positive,steam_live,3008130,True,1776124891,9232,english,0,0.5,True,False,False
Dying Light: The Beast,I'm unleashing my beast,positive,steam_live,3008130,True,1776124339,408,english,0,0.5,True,False,False
Dying Light: The Beast,peak,positive,steam_live,3008130,True,1776124314,2385,french,0,0.5,True,False,False
Dying Light: The Beast,Worth buying just for Crane,positive,steam_live,3008130,True,1776118257,1531,english,0,0.5,True,False,False
Dying Light: The Beast,It's fun.,positive,steam_live,3008130,True,1776114802,8296,english,0,0.5,True,False,False
Dying Light: The Beast,"Storyinszenierung ist so meh, aber der Rest ist eine deutliche Verbesserung zum 2ten Teil",positive,steam_live,3008130,True,1776114366,3554,german,1,0.5,True,False,False
Dying Light: The Beast,Diğer iki oyun gibi bu oyunda çok iyi. Parkur ve dövüş mekanikleri gerçekten çok keyifli fakat oyunun sürekli siyah ekrana ve cutscene e giriyor oluşu can sıkıcı. Daha akıcı ve sahnelerin bütün olması oyunun oynanabilirliği açısından daha iyi olabilir. Serinin üçüncü oyunu olmasına rağmen gelişme görmek yerine bir çok konuda gerileme ve tekrara düşme gözlemliyoruz. Mesela new game + modunda bazı değişiklikler görmek isterdik. Bunun yerine aynı şeyleri farklı zorluklarla önümüze sunmuşlar. Crossbow oklarımızı her zaman geri alamayacağımız şekilde buglar da var. Eğer bir bütünde inceleyecek olursak oyun ödediğimiz ücrete ve oynadığımız her dakikasına değer. Kesinlikle tavsiye edilir fakat oyuna puanım 8/10.,positive,steam_live,3008130,True,1776113919,3729,turkish,0,0.5,True,False,False
Dying Light: The Beast,"Jestli tam ještě jednou přidají nějaký achivementy a já to budu muset zase hrát od znovu, tak dostanu crash out :) jinak je to dost dobrý, plnohodnotný Dying Light zážitek s občasnou pachutí druhého dílu.",positive,steam_live,3008130,True,1776112548,3246,czech,2,0.545454561710357666,True,False,False
Dying Light: The Beast,"I played all Dying Light games and legit, this was the one I thought would be best. We got Kyle back and a skill tree for the beast, which you can at some point control, just for it to be utterly disappointing. I felt so weak and useless, like I mean come on, you don’t really get damage reduction or deal more damage. Why use something that is making you more vulnerable and lets you deal less damage? Total letdown. I legit thought that there would be something more, cause Aiden had a better beast mode than Kyle even before he injected himself with all those samples. You can’t be serious, even his normal skill tree was utterly garbage.

What sucked for me the most were the boss fights at the end of the campaign. You die, ah well, now you have to listen to all the same sentences from the Baron again, wait like 30 secs before the boss fight can start anew, double the time waste. Also, the side quests were just as bad as in the other games: huge map, little interesting things, and just ah nice, I’m done with the quest, where is the next one? Ah, at the other side of the map, oh man, here we go again, yay.

I mean, like most of the rewards were trash and the skill tree was underwhelming. In the previous parts they were way better and more interesting. Also instantly losing camo on any form of hostility... just make it the same way as in the parts before (Voletiles can still see trought your camo) and it would have been usable but so it was useless as well. Had times where I got out of camo for lightly bumping into a biter. Overall, I must say the first one was the best and the second was fine, but this? Hell nah. Still love Kyle, but the story was way too similar and he got fooled again and again. Never learned his lesson from getting betrayed.  What i almost forgot i had often times when i was watching youtube while playing and almost everything died and started lagging (some Crashes).",negative,steam_live,3008130,False,1776110655,2817,english,3,0.494117647409439087,True,False,False
Dying Light: The Beast,zorno,positive,steam_live,3008130,True,1776110141,7643,turkish,0,0.5,True,False,False
Dying Light: The Beast,Great Game! would recoomend,positive,steam_live,3008130,True,1776108963,2359,english,0,0.5,True,False,False
Dying Light: The Beast,"Dans l'ensemble c'est chouette mais je me rends compte de quelques prblemes qui commence à me deranger au bout de 20 heures de jeu et niveau en sachant que j'ai fait les precedemment dying light ( ps: j'avais grave kiffer) je trouve que le probleme de the beast c'est 
1 tu passes trop de temps à fouiller les cadavres et chercher du loot 
2 oui il y à les voitures mais j'aurais aimé quelque chose d'un peu plus fun car les voitures de ranger au bout d'un moment ça seche ..
3 les munitions qui sont je trouve pas aussi evident que ça à avoir 
4 ça aurait pu etre bien des voyage rapide à travers les differents endroits sécurisé et donc laissé au jouer le choix d'un voyage rapide ou faire du parcourt. 
5 peut etre une meilleure personnalition des armes ( on est plus en 2010 au bout d'un moment faudrait penser à nous proposer accesoires sur les armes) .
sinon étant un grand amoureux de la serie franchement le jeu est super. j'espere qu'a l'avenir le jeu sera quand mieux travailler dans sa pronfondeur car j'ai pas vraiment l'impression de voir un nouveau mais simplement une extension .... The beast était à la base un dlc de dying light 2 et je le resent vraiment pas comme un jeu mais plus comme un extension legerement ameliorer mais sans risque de la part des créateurs",positive,steam_live,3008130,True,1776107320,1825,french,0,0.5,True,False,False
Dying Light: The Beast,"If you loved the first *Dying Light*, you’ll definitely like this one. I did enjoy *Dying Light 2*, but that game is nothing compared to *The Beast*. This one takes all the best parts from both games and combines them into one.",positive,steam_live,3008130,True,1776106859,1062,english,0,0.5,True,False,False
Dying Light: The Beast,kyle's abs,positive,steam_live,3008130,True,1776106039,1539,english,0,0.5,True,False,False
Dying Light: The Beast,Geiles Game,positive,steam_live,3008130,True,1776105761,439,german,0,0.5,True,False,False
Dying Light: The Beast,Killing zombies has never been this much fun! Sometimes I just ran through the streets killing every zombie I can find 😅,positive,steam_live,3008130,True,1776104550,7766,english,0,0.5,True,False,False
Dying Light: The Beast,ЗАШЕЛ И ОХУЕЛ ОТ ДОБИВАНИЙ,positive,steam_live,3008130,True,1776102394,3106,russian,0,0.5,True,False,False
Dying Light: The Beast,классно но мало паркура,positive,steam_live,3008130,True,1776101857,2908,russian,1,0.523809552192687988,True,False,False
Dying Light: The Beast,"dropkicks, betrayal, zombies and a hallmark story line ? solid 9/10",positive,steam_live,3008130,True,1776101583,2288,english,0,0.5,True,False,False
Dying Light: The Beast,"[u]当我和朋友想找一个一起玩的游戏时消光困兽发售了，但当时人凑不齐所以也没买搭上车，直到某一次困兽促销的时候他买了一份后喊我赶紧搞起。到了商店页面时发现库中已有？嗯？？？但我完全没有购买的印象也没有购买记录，简单搜了一下说可能是当初预购消光2豪华版送的？但也有人说并不是因为他们也有豪华版但他们并没有拿到困兽，不过这个不重要主要还是提一嘴前情提要本作我是免费获得的[/u]

[h1]总结来说虽然对比前作相对缺乏亮眼的创新略显老套，但本作还是保持了系列闻名的流畅跑酷+近战的爽快玩法，本作依然是值得体验的佳作，下面唠唠叨叨拆开说说[/h1]

[b]说起困兽想着还是得提一嘴前作DL2，本作的很多内容都是基于DL2的内容迭代来的，除了新机制野兽模式以外并没有太大的变化[/b]
我和朋友联机打通了DL初代，于是满心欢喜的约好了一起预购的DL2。然而首发体验不好甚至可以说是灾难
游戏时常毫无征兆的卡死闪退，前期战斗和跑酷的节奏太慢战斗肌无力跑酷喘粗气。
而且我们是几个朋友一起买来玩的，我们当时联机过程也是十分曲折，从无法连接到开加速器连上后一个任务都做不完就掉线或者闪退。实在是啃不动这块硬骨头我就直接放弃了并且给了差评不推荐[b]（还是强调一下这是首发时的事了，现在没有拾起DL2玩不确定现在的情况怎么样）[/b]

而困兽则没有上述的这些问题，是从DL初代通关后久违的愉快的体验。本作优化不错整体帧数稳定丝滑流畅，几乎没有遇到过什么恶性BUG也没有遇到诸如闪退之类的搞心态的问题，联机体验也相当不错裸连绝大多数时候也没什么问题（有个加速器还是最好，虽然我们裸连也并没感受到明显的延迟，但是有加速器的加持体验会更稳定）而且本作精致的僵尸建模给到很好的击杀反馈，战斗的手感也很不错，可以说本作的优秀表现让我重新喜欢上了DL系列

新的机制野兽模式可以简单理解为赛亚人怒气值够了就可以短暂的变身超赛，期间缓慢回血攻击间隔缩短且可以出发耗气的的特殊攻击。攻击普通敌人时有概率秒杀，整体是很爽的。不过这个能力是通过进攻或者挨打来积蓄充能的，且前期只能充能满了就自动变身需要等到后期有足够的技能点以后才能解锁手动释放，这个设计有点影响游戏节奏，如果想积蓄能量留着打硬仗那就只能规避很多战斗，没办法随心所欲的去战斗爽。

[h1]本作还不错值得推荐，有条件的话拉上基友一起玩，联机乐趣更多[/h1]",positive,steam_live,3008130,True,1776101333,1371,schinese,1,0.52173912525177002,True,True,False
Dying Light: The Beast,Great gameplay. Feels like the first game.,positive,steam_live,3008130,True,1776100266,3618,english,0,0.5,True,False,False
Dying Light: The Beast,ilk 2 oyuna göre kısa ufak buglar var ama resident evil havası var son oyunda hikayesi falan fena değildi sonuna bakacak olursak sanırım 4. oyun da gelecek,positive,steam_live,3008130,True,1776099291,2117,turkish,0,0.5,True,False,False
Dying Light: The Beast,Wszystko ! Wyśmienita !,positive,steam_live,3008130,True,1776098886,1019,polish,0,0.5,True,False,False
Dying Light: The Beast,Best game ever.,positive,steam_live,3008130,True,1776098747,2268,english,0,0.5,True,True,False
Dying Light: The Beast,"This has to be the most overhyped piece of garbage I've ever played and I'm a moron for falling for it, I'm convinced everyone who says that this is the best entry in the series didn't play DL1, the only reason people are praising this is because Crane is back even if it doesn't make any sense because he turned into the Hunter in DL:F.

The combat is sluggish, enemies are overly tanky, they spam the annoying grab attack, there's no benefit to fighting enemies because they give like 20 XP for a kill when you need 30k to level up, I guess you can farm ingredients so you can upgrade your throwables if you like mindless grinding, I would like to say anything about the parkour but I can't because everything is a flat surface, every boss fight had trash mobs spawning because that makes fights so much better, I don't care about the Beast mode, it wouldn't make a difference if it wasn't there.

The 7 hours I played felt like a slog and all I could think was ""Man, I wish I was playing DL1 right now"" and you know what, I can, I don't understand how anyone can enjoy this over the original.",negative,steam_live,3008130,False,1776098550,427,english,2,0.500872611999511719,True,False,False
Dying Light: The Beast,屎一样的剧情和地图，屎一样的堆怪boss战，屎一样的战斗数值,negative,steam_live,3008130,False,1776095134,1181,schinese,0,0.5,True,False,False
Dying Light: The Beast,very goood yesyes,positive,steam_live,3008130,True,1776094836,2594,english,0,0.5,True,False,False
Dying Light: The Beast,New update makes the game too difficult,negative,steam_live,3008130,False,1776094416,3013,english,0,0.5,True,False,False
Dying Light: The Beast,"Bra tidsfördriv, skönt att kunna spela själv",positive,steam_live,3008130,True,1776093936,2913,swedish,1,0.52173912525177002,True,False,False
Dying Light: The Beast,все три части супер,positive,steam_live,3008130,True,1776093676,3325,russian,0,0.5,True,False,False
Dying Light: The Beast,Gra świetna . I faktycznie nowy tryb besti jest zarąbisty .,positive,steam_live,3008130,True,1776091410,2860,polish,0,0.5,True,False,False
Dying Light: The Beast,"Dobry Mocny Klimat miasta opanowanego przez Zombii ,idzie się mocno wczuć , adrenalina co raz skacze",positive,steam_live,3008130,True,1776091115,2242,polish,0,0.5,True,False,False
Dying Light: The Beast,"I'm a big fan of Dying Light in general. I do think all 3 games are very unique and should be played, and that's why I recommend them.

Having said that, I think the story in this one is too inconsistent. There are some very cool scenes/ideas, often followed by something that makes no sense (take the last mission as an example).
I think they had the potential to do something more, but a lot of the game feels ""unpolished"", like the introduction to driving and guns.

The last thing I would say is that I never saw abusable glitches in Dying Light as a problem. Even with NG+ boosting XP, not everyone wants to replay the game with scaled enemies; some people just want the possibility to be OP, like it was possible in DL. I think this is something that both DL2 and The Beast missed, and one of the reasons the first game is most people's favourite.",positive,steam_live,3008130,True,1776090845,2117,italian,0,0.494791686534881592,True,False,False
Dying Light: The Beast,в,positive,steam_live,3008130,True,1776089368,1782,russian,0,0.5,True,False,False
Dying Light: The Beast,es muy buen juego me encanta la historia etc,positive,steam_live,3008130,True,1776089295,1679,spanish,0,0.5,True,False,False
Dying Light: The Beast,"mega giera, zdecydownaie lepsza od 2 i na poziomie 1 części :D",positive,steam_live,3008130,True,1776088397,2744,polish,0,0.5,True,False,False
Dying Light: The Beast,+,positive,steam_live,3008130,True,1776088387,2058,polish,0,0.5,True,False,False
Dying Light: The Beast,nice storyline. amazing enviroment story telling if you want to look and explore. nice hidden creepy storries,positive,steam_live,3008130,True,1776087319,3730,english,0,0.5,True,False,False
Dying Light: The Beast,Игра бомба! Пройдена вся серия и это лучшая часть!!,positive,steam_live,3008130,True,1776087001,1668,russian,0,0.493670880794525146,True,False,False
Dying Light: The Beast,"отвратительный биом,сюжет и все что можно,разработчики просто вытянули деньги за очень слабую игру,самая худшая часть",negative,steam_live,3008130,False,1776086840,1181,russian,0,0.476190477609634399,True,False,False
Dying Light: The Beast,j,positive,steam_live,3008130,True,1776086439,1476,spanish,0,0.5,True,False,False
Dying Light: The Beast,the best game i the world,positive,steam_live,3008130,True,1776085915,2242,danish,0,0.5,True,False,False
Dying Light: The Beast,"Wenn der Gegner determiniert ist, kommt ein anderes Spielerlebnis aus. Ich finde es Top.",positive,steam_live,3008130,True,1776085008,9536,german,1,0.5,True,False,False
Dying Light: The Beast,another fantastic game in the franchise,positive,steam_live,3008130,True,1776083831,3871,english,0,0.5,True,False,False
Dying Light: The Beast,I never thought I would hate a game to the level I do this dumpster fire. I absolutely love the first game! I'm not interested in playing a game that is so hard that it becomes unenjoyable. Very short; not much story; the plot is unremarkable and you are forced to use multiplayer just to advance in the game. I will not be playing this anymore. Delete!,negative,steam_live,3008130,False,1776082073,5699,english,1,0.47968021035194397,True,False,False
Dying Light: The Beast,i saw a pair of dem yitties.,positive,steam_live,3008130,True,1776078734,231,english,0,0.5,True,False,False
Dying Light: The Beast,feels like dl1,positive,steam_live,3008130,True,1776078614,3284,english,0,0.5,True,False,False
Dying Light: The Beast,Stary dobry DL  :). Powrót do korzeni :),positive,steam_live,3008130,True,1776078075,36002,polish,0,0.5,True,False,False
Dying Light: The Beast,oyun çok güzel grafikleri vs gayet iyi ancak görevler çok çabuk bitti yan görev felan da kalmadı atlanacak çok lvl var sgklsşfk,positive,steam_live,3008130,True,1776076461,14489,turkish,0,0.5,True,False,False
Dying Light: The Beast,very good,positive,steam_live,3008130,True,1776075925,2460,danish,0,0.5,True,False,False
Dying Light: The Beast,"все чотко, только по оптимизации вопросы",positive,steam_live,3008130,True,1776075545,1619,ukrainian,0,0.5,True,False,False
Dying Light: The Beast,"go through electro convulsive therapy and have your entire memory wiped and replay dying light 1, not this.",negative,steam_live,3008130,False,1776074768,5061,english,4,0.529411733150482178,True,False,False
Dying Light: The Beast,fajna gierka polecam z rodziną,positive,steam_live,3008130,True,1776073864,453,polish,0,0.5,True,False,False
Dying Light: The Beast,"할인 아니면 사지 마라 답답해서 못한다
무기를 플라스틱으로 만들었냐 내구도가 씨발
일본 골판지 침대보다 못해ㅅㅂ",negative,steam_live,3008130,False,1776072555,352,koreana,0,0.454545468091964722,True,False,False
Dying Light: The Beast,烂,negative,steam_live,3008130,False,1776072357,370,schinese,0,0.5,True,False,False
Dying Light: The Beast,Beasting all over the restored land,positive,steam_live,3008130,True,1776070438,713,english,0,0.5,True,False,False
Dying Light: The Beast,크레인아 보고싶었어,positive,steam_live,3008130,True,1776069684,749,koreana,0,0.5,True,False,False
Dying Light: The Beast,666,positive,steam_live,3008130,True,1776066123,5702,schinese,0,0.5,True,False,False
Dying Light: The Beast,"After 100 hours i can say that i love this game,i got the first DL on steam the second on ps5 and this,i pre-order it when it come out the first day,i am a little disappointed because i buy it with like 70-80 (i don't remember exactly) and now they got some DLC-es fore it,and i need to pay separated ,in rest its what i wanted from Techland,hope they will still work more on it to improve it.",positive,steam_live,3008130,True,1776065546,7838,english,0,0.5,True,False,False
Dying Light: The Beast,"Not gonna lie, I bounced on Dying Light: The Beast.
Full disclosure I got this game for free (I'm honestly not sure [i]how[/i] but maybe it had to do with me also owning the Deluxe version of Dying Light 2 or something)

Let's just get on with it.
* The story? Meh. It's not engaging, a consistent problem from the 2nd game. CRANE IS BACK!... Except this time his mission is less focused and the only reason he was interesting was the fact that he was focused on a mission with conflicting priorities. I honestly can't name any of the characters.
* The parkour? Better than the second game, worse than the first. In the second game you had to spam C while jumping over literally any object to get slight speed boosts, here you just don't do that which makes it less annoying. Similarly movement is more like the first as I haven't gotten any gimmicks like the glider or grappling hook which, if both are missing, [b]good.[/b]
* Combat? Boring, repetitive, etc. Played part of this game on harder difficulties and it's just not fun in the slightest as every enemy is a sponge so I hope you're ready to soak multiple weapons into bosses! Normal and under the game is far easier but you'll still die due to the routine garbage that is this game's tendency of just having a ton of zombies hiding in corners waiting patiently to be annoying.
* Night time? Pretty bad. Large sections of the map are open so volatiles will see you easily so you'll constantly be in chase, and they are still just as deadly as always making getting caught out unfun.
* RPG mechanics maintain being garbage. This time the game locks several QOL specific upgrades behind several levels and boss kills which leads me into my next rant:
* The titular Beast Mode for Crane is [b]hoooorrreeeeennnnddddooooouuuuussssss[/b] and I can't state that loud enough. When you deal damage or take damage you build your Beast meter, and when it's full you are forced to unleash the Beast! If you've [i]ever played any game where you can go #beastmode on enemies you will know why this sucks already.[/i] For those who haven't: You don't really control when you go Beast mode, making it equal parts extremely strong and literally useless which is terrible for the [b]one[/b] innovation to the Dying Light formula that is here. Now you can buy the unlock to control when Beast Mode activates... After you kill [b]3 bosses[/b] which is exceptionally annoying. It's worth noting that it can't be just [i]any[/i] boss enemy, it explicitly has to be a boss for a story mode mission and these all are actual garbage! The first boss is a Charger enemy that you'll fight out in the wild, just bigger. The second is a leaping Hunter style enemy who will leap at you before scurrying away to try again and I can't even tell you what the 3rd one is cause I bounced. I can't express enough how absolutely [i]garbage[/i] it is to constantly activate #BeastMode on the final enemy of a horde because you [b]DARED[/b] to have fun and explore the game world, how annoying it is that during Beast Mode you can't heal so if you activate while already low on health you are an easy target for any enemy to kill. It's not all downsides though: Your punches heal you and you deal increased damage!... Which is again only useful if [i]you, the player[/i] get to decide when it happens, not the game, and that isn't how it is by default and having to buy a standard feature for this type of thing in a game is never good design as far as I'm concerned.
* UI is intensely bad and is made for console players pretty exclusively. Navigating it with Mouse + Keyboard is awful. Do you want to repair a weapon? You have two options: 1) Hold down the 3 button with your second finger that you have on W, then use your mouse to hover over the weapon, then hold the R key with your first finger to repair the weapon. Or 2) Open your inventory, wait 4 or 5 seconds for things to load in, find the weapon and click on [b]IT SPECIFICALLY THIS IS IMPORTANT[/b] then repair it, exit which takes a few seconds, and continue fighting. [i]Every single time a weapon breaks you will have to do this. You will be doing this in the middle of combat, you will be doing this while exploring, you will always be doing this. It is really, really, really garbage. I do not have words for how much I hated doing this after having to kill a single horde of zombies because, again, I had the gall to go exploring.[/i] During my Dying Light 2 review I said that Techland really has to pick a lane between either being a combat focused game where weapons don't break or being Breath of the Wild with Zombies and somehow The Beast kept the bad decisions from 2 (OP weapons if you craft them) while making durability far more of an issue. If there is a mod that disables weapon breaking, the game's economy might break but at least you can have some fun. This is just a microcosm of how bad the UI is, many other examples exist! The map, while flashy and cool, is unhelpful at best. The journal + quest log sucks. Equipping and unequipping items sucks. Everything is clearly made to be played with a controller in hand to such an extent that I don't even know why they bothered to include a Mouse + KB option.
* EDIT: I didn't mention the trucks but they... [i]Exist[/i] I guess. Not nearly as noteworthy as they were in The Following, still a massive downgrade in every way, control like garbage and they have limited fuel which adds yet another annoying chore to Dying Light: The Beast: Annoying Chores Land Edition.
* Restored Land is the biggest shrug I could ever give to anything ever. I have no clue why it exists and I don't think it adds anything to the game on any level.
* Stretched to give the game something positive, it has a very pretty sandbox for you to run around in, it's just very shallow.

There just isn't enough here and the pain points from prior in the series are not only still here but they are even worse than they were back then. This is definitely going to be my last Dying Light game, cause oh my goodness I'm really tired of this ride and [i]I want off.[/i]",negative,steam_live,3008130,False,1776062986,1462,english,1,0.489965140819549561,True,True,False
Dying Light: The Beast,"一代始發就入坑的老倉鼠玩家

1.遊戲整體規模
一代和二代都玩了130小時左右
困獸真的是DLC改來的作品，噩夢難度主線慢慢玩大概50小時第一輪主支線+暗區&安全屋全開
不得不說整體來說短了不少，但我個人是很滿足的，短小精悍且內容充實。
對於已經開始邁入中年的我而言，剛好在最完美的時間結束，這點我給予很高的評價，
遊戲不是脫台錢就好的，很多遊戲玩到後面就只是追求破關痛苦的玩著，困獸剛好在膩之前的甜蜜點結束。
很推薦一開始就用噩夢難度遊玩，恰到好處的資源限制和敵人強度，不會因為太簡單而感到乏味。
破關後感覺其實可以直接用夢魘模式，如此一來體驗更佳刺激。

2.地圖&跑酷
雖然跟二代比起來地圖小了很多，但明顯整體的精緻度比二代高，
跑酷起來的舒適度也比二代好很多，希望新的三代也能維持這種小而美且精緻的地圖製造模式。

3.跳臉驚嚇&戰鬥
各種門後和角落的敵人配置真的不是很友好...
也許喜歡跳臉驚嚇的玩家很多? 我只是個玩家所以我只能說我真的很不喜歡這味(一代跟二代我記得也沒有...)
戰鬥方面
普通感染者全體擒拿術達人且範圍很長，的確一開始玩很有壓迫感沒錯，但新鮮度過去後就只覺得非常令人煩躁而已...
夜魔的強度提升，2代的夜魔真的太弱了，沒有壓迫感... 困獸裡跟夜魔纏鬥真的是血脈噴張心跳狂飆，很棒。

4.劇情&人物塑造
很高興這代的人物都很正常，至少沒有二代的拉萬....
劇情任務跟整體描寫都很棒，沒有將軍十松莊的馬桶又塞了那種無意義的支線，每個支線都很有趣。(除了賽車支線...)

5.優化
50個小時的遊玩目前沒有遇到任何BUG和閃退
NV用自動最佳化設定個人感覺很流暢沒有明顯卡頓。

結語
跑酷&喪屍也僅此一家，且玩且珍惜。
這年頭不犯大錯就可惜可賀的年代個人很推薦困獸的，
但不推薦新玩家直接從困獸開始入坑此系列，
當然從1代開始最好，但畢竟是10年前的老作品了，畫面和遊戲性都有點過時，
建議從2代開始玩，對胃口再去補完1代最後再玩困獸，
1代的劇情在困獸裡有很重的描寫，至少我個人是很受感觸的。",positive,steam_live,3008130,True,1776062379,3192,tchinese,0,0.5,True,False,False
Dying Light: The Beast,左手力气大，右手大力气,positive,steam_live,3008130,True,1776062315,887,schinese,0,0.5,True,False,False
Dying Light: The Beast,"♥♥♥♥ yes, best game in the series",positive,steam_live,3008130,True,1776054101,2040,english,0,0.5,True,False,False
Dying Light: The Beast,"controls are ♥♥♥♥♥♥♥
fights are ♥♥♥♥♥♥♥
menus are ♥♥♥♥♥♥♥",negative,steam_live,3008130,False,1776050250,81,english,0,0.476190477609634399,True,False,False
Dying Light: The Beast,Good,positive,steam_live,3008130,True,1776047842,1365,english,0,0.5,True,False,False
Dying Light: The Beast,Was very enjoyable when it first came out - although the restored land update 100% brought in a much needed mode,positive,steam_live,3008130,True,1776045913,3073,english,2,0.545454561710357666,True,False,False
Dying Light: The Beast,Muy bueno,positive,steam_live,3008130,True,1776041086,3641,spanish,0,0.5,True,False,False
Dying Light: The Beast,its realistic and fun and the beast mode and finishers are awesome and the bosses,positive,steam_live,3008130,True,1776040963,1470,english,0,0.5,True,False,False
Dying Light: The Beast,it is a very fun and hard game,positive,steam_live,3008130,True,1776035885,1555,english,0,0.5,True,False,False
Dying Light: The Beast,"Хороша ностальгія.
Я хотів почекати десь рік, а потім купити десь за 800 грн, але не витримав та купив за 1200 (і це зі знижкою), бо зловив жорсткий гіперфікс на волохатих цицьках Кайла Крейна.

Графіка. Вона хороша. Не шедевральна — просто хороша. Про якість текстур нічого не скажу, бо я не графодрочер, та загальна атмосфера, ландшафт і кольорова палітра дуже приємні. Я не сумую за жовтизною Харану чи цвітастістю Вілідору. Тут просто гарно. На диво, з моєю збіркою ПК нерідко ловив вильоти. Грав десь на передмаксимальних — гра працювала стабільно, без тормозів, але просто вилітала на початку сюжетки.

Паркур. В DL1 він був «реалістичним», як деякі кажуть, але я б радше назвав його «приземленим» та дещо топорним, без особливого мувменту. Коротше, непоганий скетч, який треба було правити. В DL2 все підправили. Рухів більше, персонаж жвавіший — майже як Mirror’s Edge Catalyst, але ще краще: з паропланом, фізично правильним крюком та елементами «павер-фентезі». До речі, вважаю, що гравцю замість пароплану варто було давати крюк, бо занадто вже легко паркурити та тікати на початку гри. Так що ж по DL Beast? Рухи та анімації дуже подібні до DL2, але все трохи сповільнено та зроблено важчим. Іншими словами, стало більш заземлено. Місто по паркуру відчувається ніби «Старе місто» із DL1, але з невеличкими наворотами DL2.

Складність у мене була «Brutal», і це реально відчувалося як виживання. Зброї на початку мало, вона швидко ламається, набоїв небагато, але й ті не дуже ефективні проти зомбі. Ночі — реально можна обісратися. Який би кут зору ви не поставили, видима ділянка у вас — тільки кружечок ліхтарика. Ніби ти проходиш гру в кружечку Telegram. Які б відео ви не дивилися, знайте: вживу ти нічого не бачиш по боках. Та по ходу сюжету ви стаєте вправнішими, трохи спритнішими, проте дуже потужними. Режим Біста прикольний, але я його використовував тільки на босах або коли не вивозив солдатиків. Спробую якось побігати з ним по місту.

Сюжет. Він… простенький. Якийсь нарцисичний соціопат-вчений, який, типу, все спланував: він такий розумний, а всі — маріонетки… Але він не такий придуркувато-ідіотський, як у DL2. Діалоги реалістичні. Я вірю в те, як люди тут спілкуються. Кайл, як родзинка, постійно коментує свою ситуацію та положення, що розряджає напругу: «Вирвався з пекла, щоб працювати сантехніком». Моя англійська, якщо чесно, херовенька, але сюжет загалом зрозумів. На жаль, український текст ще не завезли, а фанатська локалізація лише нещодавно додалася для DL2. Зате русні дісталася повна локалізація. Поляки з Techland тут трохи зрадоньку зробили, на відміну від CD Projekt Red у Cyberpunk 2077 із хорошою текстовою локалізацією та припиненням голосової локалізації для Phantom Liberty.

Саундтрек приємний. Трохи однотипний, бо використовує за основу один трек із DL1, але акустичну гітару можна слухати довго — пробачаю.

Загалом не шкодую про її купівлю. Та вона відчувається короткою, і хочеться ще.",positive,steam_live,3008130,True,1776033616,3084,ukrainian,2,0.52173912525177002,True,False,False
Dying Light: The Beast,RECOMENDADISIMOOOO!,positive,steam_live,3008130,True,1776033438,3852,spanish,0,0.5,True,False,False
Dying Light: The Beast,"O dying light the beast é muito divertido, a gameplay, o craft, o próprio kyle crane mas o jogo peca em algumas coisas (minha opinião): as missões secundárias são muito genéricas, leva e traz item, vai numa área e mate determinado bicho, faça determinada ação na área, isso daí já está batido e ultrapassado, a história principal é muito simples e genérica (exceto uma das cenas finais), o vilão é igual da ubisoft, aparece no começo e depois só no final, não tem desenvolvimento, eu sou mal hahaha e acabou. Nota 7/10, recomendo pegar numa promoção!",positive,steam_live,3008130,True,1776030772,2017,brazilian,0,0.5,True,False,False
Dying Light: The Beast,"Nightmare mode has Exclusive loot (Legendary Charms), Cosmetics (Beaver Costume, and Car Skin.), and 2 Achievements. does the game get harder in nightmare? not really. They swing more often, and take more damage to kill, and deal more damage. thats it. They dont have exclusive animations or anything. the night mode being harder to explore is how they shouldve adjusted it. they shouldve not made the bosses ♥♥♥♥♥♥♥ bullet sponges. (learn from division.) i went thru ♥♥♥♥♥♥♥ all three melee weapons killing Reaper. and he still didnt die and doesnt pause when trying to repair your weapons. so boss fight became literally impossible. 
 - Side Notes - 
Modding is Horrible, and breaks game so much.
They have weapons that you can ""Buy"" with real cash. (recipes pretty much) - Which means Nightmare is only hard at the start, then you can be P2W.
For 60 Bucks, PLAY SOMETHING ELSE!
Buy it when its 20 or less (66% Sale.)",negative,steam_live,3008130,False,1776027544,704,english,0,0.5,True,False,False
Dying Light: The Beast,"The game is fun but unbearably unstable. I have been playing coop with a group of 3 other friends and the game will crash, on at least 1 out of 4 peoples computers (including mine), at least once every 30/45 minutes. We've stopped playing about 50% through the game because the crashing has gotten worse as the game has progressed. Please Fix. My rig should not be crashing this game. And my friends 5090, 4080, and 3090 rigs should also not be crashing this game... Not sure if it is their backend or what but the coop, currently,  does not work well... 
I am kind of upset because there are not many great coop games to play, this happens to be one of the best franchises, and the best entry, but the coop doesn't work...",negative,steam_live,3008130,False,1776025752,2170,english,0,0.5,True,False,False
Dying Light: The Beast,"great game, but dont play restored land one life if you respect your sanity in any way shape or form.
you will get 3 shot by normal ass zombies it is ♥♥♥♥♥♥♥ hell",positive,steam_live,3008130,True,1776021255,4360,english,0,0.5,True,False,False
Dying Light: The Beast,the first game is still the best one in the series. Its missing perks from the last two games and feels much slower. I am enjoying it but if you want to play a game like this the first one is still way better,negative,steam_live,3008130,False,1776020970,1435,english,0,0.5,True,False,False
Dying Light: The Beast,"Came back to try it out since the new update but because I have a mod installed, that changes the icon color of items when using survivor sense so I can actually see them, I am unable to regen stamina thus making the game unplayable. I will not be wasting my time looking for the mod to remove it, I will not be wasting my time verifying game files nor will I ever be playing the game again after I uninstall it right after writing this review. 

0/10 wouldn't recommend",negative,steam_live,3008130,False,1776019740,521,english,1,0.519999980926513672,True,False,False
Dying Light: The Beast,Açık ara oynadığım iyi oyunlardan alın aldırın parasını hakediyo baska pek elestirecek birsey yok ölmeden önce oynanmalı.,positive,steam_live,3008130,True,1776019409,2080,turkish,1,0.523809552192687988,True,False,False
Dying Light: The Beast,it was very good but the parkour system could have been better and i think the beast boss was difficult overall it was good but it still could have been better the story wasn’t perfect either but it was still quite good the price could have been a bit cheaper,positive,steam_live,3008130,True,1776018937,1556,turkish,0,0.5,True,False,False
Dying Light: The Beast,"Great game, very similar to Dying Light 1 with the quality of life updates from dying light 2. I think the beast mode is fun and engaging, making the fights more fun as well. I like that they brought back guns and volatiles are more scary now. Overall, a solid 8/10 and story is decent enough (probably more like just 7/10, but still decent)",positive,steam_live,3008130,True,1776018559,5322,english,0,0.5,True,False,False
Dying Light: The Beast,класный сюжет и концовка,positive,steam_live,3008130,True,1776018415,735,russian,0,0.5,True,False,False
Dying Light: The Beast,"Die Macher von Dying Light, machen (auch mit diesem Teil) ihrem Namen alle Ehre!
Ich kann dieses Game echt wärmstens Empfehlen.
Für alle, die auf dieses Genre stehen, holt es euch, denn es macht MEGA Laune...;)",positive,steam_live,3008130,True,1776018364,4904,german,0,0.5,True,False,False
Dying Light: The Beast,Schnellspeicherpunkte teils etwas konfus gewählt . Ebenfalls müssen alle Ressourcen manuell gelootet werden auch wenn sie direkt nebeneinander liegen (Quality of Live),positive,steam_live,3008130,True,1776018139,1356,german,0,0.5,True,False,False
Dying Light: The Beast,"Mir sind die Batterien ausgegangen, hat wer welche.. Vllt auch Snacks?",positive,steam_live,3008130,True,1776018101,1887,german,1,0.523809552192687988,True,False,False
Dying Light: The Beast,ok came to edit my review. we all know that the game comes with out vehicle settings or UV bars. personally I think this addon is awesome but at first couldn't complete due to inability to drive vehicle well added two mods from nexus vortex added UV bars and extra keyboard setting for the abilities to change setting for vehicle that suits the individuals comfort now I can play till my hearts content what is more awesome is after you complete game you can replay known as champion +1 then after you complete that it becomes more challenging with Champion + 2 all I have to say is love it especially now that I can drive with out pain on my wrist by changing keyboard setting and unlimited UV bars . graphic are totally awesome I highly recommend this game .,negative,steam_live,3008130,False,1776016722,41218,english,0,0.476190477609634399,True,False,False
Dying Light: The Beast,zombies,positive,steam_live,3008130,True,1776016542,1296,english,0,0.5,True,False,False
Dying Light: The Beast,im kyle fryin and im crine,positive,steam_live,3008130,True,1776015036,245,english,0,0.5,True,False,False
Dying Light: The Beast,"Я не могу оторваться от этой игры, она ахуеная!!!!!!!!",positive,steam_live,3008130,True,1776014335,102,russian,0,0.5,True,False,False
Dying Light: The Beast,"I was into the game - until I saw: guess what? The rain. The rain out of everything made me quit. White stripes pouring down on my screen, I felt like I was in a fun house trying not to get dizzy or lose balance. I could not even look at my screen and called it. The one thing they fixed was the raining inside buildings, however I doubt they will fix the rain itself.",negative,steam_live,3008130,False,1776012165,138,swedish,0,0.5,True,False,False
Dying Light: The Beast,loved it,positive,steam_live,3008130,True,1776009687,1313,english,0,0.5,True,False,False
Dying Light: The Beast,"DL: The Beast feels like a weak spin-off that somehow made everything worse. Like even worse than DL2's downgrades. Crane is supposed to be a juiced hybrid now but all the zombies are incredibly sturdy and all being juiced does is give you a very short hulk mode that you can't even control when it activates until many hours in. And who thought it was a good idea to put search, finishing move, and grapple toss all on the same button? I had to get a mod to make it so I search without the hold button delay it was so obnoxious. There's a bunch of other small annoyances like the dash mode not deciding if it's on or not so you can't tell if you're doing to do the running bash move. Just get Dying Light 1 with the expansion insead.",negative,steam_live,3008130,False,1776009593,823,english,1,0.504814326763153076,True,False,False
Dying Light: The Beast,"[h1] 8/10 [/h1]

Отличная игрушка, прошли с товарищем - нам понравилось! Единственное, что во второй, что в этой 
части кооператив малость кривоват. Также показалось, что игра короче предыдущей, но это как по мне пошло ей только на пользу, засорять игру пусть и контентом но пустым - гиблая затея. В плане геймплея и механик ничего не поменялось. Если кратко - это наш любимый Dying Light только с новым сюжетом и картой. Моя личная оценка 8/10",positive,steam_live,3008130,True,1776009449,1336,russian,0,0.5,True,False,False
Dying Light: The Beast,Jedna z najlepszych gier survival-action RPG w świecie zombie jakie grałem.,positive,steam_live,3008130,True,1776006573,2146,polish,2,0.529553651809692383,True,False,False
Dying Light: The Beast,One of the best zombie games,positive,steam_live,3008130,True,1776003895,3279,italian,0,0.5,True,False,False
Dying Light: The Beast,bom jogo,positive,steam_live,3008130,True,1776001317,1128,brazilian,0,0.5,True,False,False
Dying Light: The Beast,Yeah finished main game than new game + finished side missions and got 25 lvl on legend so was nice to play :D,positive,steam_live,3008130,True,1776000877,3722,english,0,0.5,True,False,False
