game_name,review_text,sentiment,source,app_id,voted_up,timestamp_created,playtime_forever,language,votes_up,weighted_vote_score,steam_purchase,received_for_free,written_during_early_access
Counter-Strike 2,кал страшний,negative,steam_live,730,False,1778961959,34792,ukrainian,0,0.5,True,False,False
Counter-Strike 2,импа а не игра,positive,steam_live,730,True,1778961929,17684,russian,0,0.5,True,False,False
Counter-Strike 2,мать габена жирная шкура,negative,steam_live,730,False,1778961899,3302,russian,0,0.5,True,False,False
Counter-Strike 2,good,positive,steam_live,730,True,1778961865,1883,english,0,0.5,True,False,False
Counter-Strike 2,müq,positive,steam_live,730,True,1778961820,5923,turkish,0,0.5,True,False,False
Counter-Strike 2,bullying,negative,steam_live,730,False,1778961771,81873,polish,0,0.5,True,False,False
Counter-Strike 2,ходишь убиваешь ну впринсыпе как в реальной жизни мой обычный день,positive,steam_live,730,True,1778961741,74197,russian,0,0.5,True,False,False
Counter-Strike 2,yh,positive,steam_live,730,True,1778961727,3066,english,0,0.5,True,False,False
Counter-Strike 2,Oyunda hiç hile yok,negative,steam_live,730,False,1778961702,5639,turkish,1,0.523809552192687988,True,False,False
Counter-Strike 2,"Ich bin viel zu schlecht für dieses game UwU!!!
Kann mich jemand carryn ⚢⚢⚢⚢⚢ bittie daddys",negative,steam_live,730,False,1778961663,9362,german,0,0.5,True,False,False
Counter-Strike 2,♥♥♥♥♥,positive,steam_live,730,True,1778961644,6660,russian,0,0.5,True,False,False
Counter-Strike 2,),positive,steam_live,730,True,1778961601,3801,french,0,0.5,True,False,False
Counter-Strike 2,GEILED SPIEL,positive,steam_live,730,True,1778961533,15119,german,0,0.5,True,False,False
Counter-Strike 2,Defold CS2,positive,steam_live,730,True,1778961485,347,russian,0,0.5,True,False,False
Counter-Strike 2,"Играть в принципе можно, желательно конечно не одному, а с друзьями. Так веселее.)",positive,steam_live,730,True,1778961465,2204,russian,1,0.523809552192687988,True,False,False
Counter-Strike 2,"Качаю звание, все супер",positive,steam_live,730,True,1778961448,249,russian,0,0.5,True,False,False
Counter-Strike 2,gowno jebbane,negative,steam_live,730,False,1778961395,42463,english,0,0.5,True,False,False
Counter-Strike 2,best license ever made.,positive,steam_live,730,True,1778961386,143525,french,0,0.5,True,False,False
Counter-Strike 2,нет,positive,steam_live,730,True,1778961368,14278,russian,0,0.5,True,False,False
Counter-Strike 2,game is full of cheaters and russians and kids there is no fun anymore,negative,steam_live,730,False,1778961351,50255,english,0,0.5,True,False,False
Counter-Strike 2,почему,positive,steam_live,730,True,1778961295,12412,russian,0,0.5,True,False,False
Counter-Strike 2,♥♥♥♥♥♥,negative,steam_live,730,False,1778961291,11942,russian,0,0.5,True,False,False
Counter-Strike 2,this is the best game in the world,positive,steam_live,730,True,1778961167,29771,english,0,0.5,True,False,False
Counter-Strike 2,"Отличная игра, топ",positive,steam_live,730,True,1778961144,1112,russian,0,0.5,True,False,False
Counter-Strike 2,норм игра,positive,steam_live,730,True,1778961128,4666,russian,0,0.5,True,False,False
Counter-Strike 2,.,positive,steam_live,730,True,1778961022,66162,english,0,0.5,True,False,False
Counter-Strike 2,ну плюс минус,positive,steam_live,730,True,1778960952,77734,russian,0,0.5,True,False,False
Counter-Strike 2,♥♥♥♥♥ полная,positive,steam_live,730,True,1778960910,5315,russian,0,0.5,True,False,False
Counter-Strike 2,"Skins zu kaufen fühlt sich geiler an als sex (hatte noch nie weil ich sowas spiele), aber kann meine skins kaum sehen weil ich durchgehend sterbe an gegener die eine thermalsicht durch wände haben",negative,steam_live,730,False,1778960910,1813,german,0,0.5,True,False,False
Counter-Strike 2,Игра сломана. Отзывы накручены. Из 10 каток в 9 попадаются читеры. Хотите Нервов играйте с удовольствием,negative,steam_live,730,False,1778960858,30246,russian,0,0.5,True,False,False
Counter-Strike 2,"Really adictive but hella fun but with low trust factor it has a high chance to play with cheaters and its an issue thats being handeled with but very slowly. (and just becouse some kid absalutely destroyed you with a SSG 08 doesnt mean they are cheating ""bek1nd"" so turning your trigger bot to max after round 2 doesnt cancel it out only ruins the game!)",positive,steam_live,730,True,1778960851,4641,english,0,0.5,True,False,False
Counter-Strike 2,njg,positive,steam_live,730,True,1778960782,414,russian,0,0.5,True,False,False
Counter-Strike 2,good team,positive,steam_live,730,True,1778960730,1597,english,0,0.5,True,False,False
Counter-Strike 2,good,positive,steam_live,730,True,1778960707,77293,english,0,0.5,True,False,False
Counter-Strike 2,Ничо нормална пойдет пиред,positive,steam_live,730,True,1778960706,4254,russian,0,0.5,True,False,False
Counter-Strike 2,bad,positive,steam_live,730,True,1778960702,66,german,0,0.5,True,False,False
Counter-Strike 2,"игра хорошая,играю с друзьями и сам. Очень дружелюбные союзники(не все)",positive,steam_live,730,True,1778960697,1967,russian,0,0.5,True,False,False
Counter-Strike 2,only cheters,negative,steam_live,730,False,1778960679,1930,english,0,0.5,True,False,False
Counter-Strike 2,ну норм,positive,steam_live,730,True,1778960636,4273,russian,0,0.5,True,False,False
Counter-Strike 2,у меня 67 часов,positive,steam_live,730,True,1778960601,4599,russian,0,0.5,True,False,False
Counter-Strike 2,hile yapmadığım halde ban yedim,negative,steam_live,730,False,1778960583,20786,turkish,0,0.5,True,False,False
Counter-Strike 2,best of the best,positive,steam_live,730,True,1778960551,2058,russian,0,0.5,True,False,False
Counter-Strike 2,yebat ruskow,negative,steam_live,730,False,1778960522,28213,polish,0,0.5,True,False,False
Counter-Strike 2,Good game,positive,steam_live,730,True,1778960432,19940,english,1,0.523809552192687988,True,False,False
Counter-Strike 2,bra,positive,steam_live,730,True,1778960429,5020,swedish,0,0.5,True,False,False
Counter-Strike 2,V社你乱改你老冯呢,positive,steam_live,730,True,1778960419,15744,schinese,0,0.5,True,False,False
Counter-Strike 2,"классная игра, советую не скачивать",positive,steam_live,730,True,1778960411,41319,russian,0,0.5,True,False,False
Counter-Strike 2,Зачем я покупал прайм если везде читеры. Обьясните мне,negative,steam_live,730,False,1778960411,11848,russian,0,0.5,True,False,False
Counter-Strike 2,nice,positive,steam_live,730,True,1778960386,77519,turkish,0,0.5,True,False,False
Counter-Strike 2,Ниче такая,positive,steam_live,730,True,1778960383,16712,russian,0,0.5,True,False,False
Counter-Strike 2,"Love getting shouted at and praised by Russians. Best game for stress relieving.

10/10 WOULD RECOMMEND",positive,steam_live,730,True,1778960356,18993,english,0,0.5,True,False,False
Counter-Strike 2,залупа,positive,steam_live,730,True,1778960353,4888,russian,0,0.5,True,False,False
Counter-Strike 2,".hjgnkömn
,",positive,steam_live,730,True,1778960348,30987,turkish,0,0.5,True,False,False
Counter-Strike 2,Говно 2 очень хороший шутер особенно для тех кто любит мужчин.,positive,steam_live,730,True,1778960176,1608,russian,0,0.5,True,False,False
Counter-Strike 2,yes,positive,steam_live,730,True,1778960171,984,english,0,0.5,True,False,False
Counter-Strike 2,good,positive,steam_live,730,True,1778960139,7337,swedish,0,0.5,True,False,False
Counter-Strike 2,щкууууууууууууууууууу,positive,steam_live,730,True,1778960125,18329,russian,0,0.5,True,False,False
Counter-Strike 2,Nice to play with your friends...  the way  how to become enemy...,positive,steam_live,730,True,1778960087,3640,english,0,0.5,True,False,False
Counter-Strike 2,"Fast, tense, and weirdly addictive. It’s the only game where walking slowly feels like genius strategy and missing every shot is clearly just “team support.” Fast, tense, and endlessly fun. 10/10 - would get flashed by my own teammate again",positive,steam_live,730,True,1778960052,156986,english,0,0.5,True,False,False
Counter-Strike 2,ВНКЕЕ,positive,steam_live,730,True,1778960038,1964,russian,0,0.5,True,False,False
Counter-Strike 2,GAME GOOD BUT BAD PLAYERS,negative,steam_live,730,False,1778960000,40096,polish,0,0.5,True,False,False
Counter-Strike 2,топ топ топ оооооооооооооооооооооооооооооооо,positive,steam_live,730,True,1778959936,7181,russian,0,0.5,True,False,False
Counter-Strike 2,дрисня от вольво во-первых баганое во-вторых ♥♥♥♥♥ собачая с читаками,negative,steam_live,730,False,1778959929,8563,ukrainian,0,0.5,True,False,False
Counter-Strike 2,spoko gra,positive,steam_live,730,True,1778959905,6341,polish,0,0.5,True,False,False
Counter-Strike 2,...,positive,steam_live,730,True,1778959868,10233,russian,0,0.5,True,False,False
Counter-Strike 2,You'll find less cheaters on Tinder,negative,steam_live,730,False,1778959835,6657,german,0,0.5,True,False,False
Counter-Strike 2,JEBAN E GÓWNO JEBAC DASTA 2,negative,steam_live,730,False,1778959811,71113,polish,0,0.5,True,False,False
Counter-Strike 2,TA,positive,steam_live,730,True,1778959811,442,polish,0,0.5,True,False,False
Counter-Strike 2,skatopaixnido,positive,steam_live,730,True,1778959802,328,english,0,0.5,True,False,False
Counter-Strike 2,top game for the top g's,positive,steam_live,730,True,1778959777,16163,english,0,0.5,True,False,False
Counter-Strike 2,Нерегает ничуя советую,positive,steam_live,730,True,1778959768,15128,russian,0,0.5,True,False,False
Counter-Strike 2,"CS2 has become one of the worst examples of corruption and neglect in competitive gaming. The game is completely infested with cheaters using hacks, wallhacks, aimbots, and every kind of blatant cheat imaginable, while VALVE and STEAM keep looking the other way.

It is impossible to believe that after so many years and millions of dollars earned, they are still unable to clean up the game. The reality seems very different: they do not want to do it because keeping those accounts active is profitable for them. As long as cheaters continue buying skins, trading items, and generating money through STEAM, nothing serious will ever be done against them.

Corruption has reached even the gaming industry. Legitimate players report cheaters for months or years, yet those same accounts remain active ruining matches every single day. VALVE and STEAM seem to side with hackers and cheaters instead of protecting honest players who only want a fair experience.

CS2 no longer rewards skill; it rewards whoever uses better hacks and is less afraid of getting banned. The anti-cheat system is a complete joke, and the competitive community has been destroyed.

After thousands of hours, I have decided to permanently quit this game. I will not continue supporting a platform that allows this level of garbage and negligence while they keep getting richer at the expense of normal players.

CS2 is dead for anyone who still believes in fair play.",negative,steam_live,730,False,1778959745,38758,english,0,0.5,True,False,False
Counter-Strike 2,ee,positive,steam_live,730,True,1778959725,2888,polish,0,0.5,True,False,False
Counter-Strike 2,paulin,positive,steam_live,730,True,1778959689,1878,polish,0,0.5,True,False,False
Counter-Strike 2,ну там стреляешь и круто,positive,steam_live,730,True,1778959639,2087,russian,1,0.523809552192687988,True,False,False
Counter-Strike 2,крутень,positive,steam_live,730,True,1778959623,1613,russian,0,0.5,True,False,False
Counter-Strike 2,0/10 game would definitely reccomend,positive,steam_live,730,True,1778959535,33230,english,0,0.5,True,False,False
Counter-Strike 2,кайф,positive,steam_live,730,True,1778959525,87933,russian,0,0.5,True,False,False
Counter-Strike 2,Aprendí un poco de brasilero gracias a este juego. 10/10,positive,steam_live,730,True,1778959524,31822,spanish,0,0.5,True,False,False
Counter-Strike 2,Исправили много багов,positive,steam_live,730,True,1778959513,499,russian,0,0.5,True,False,False
Counter-Strike 2,game is very fun,positive,steam_live,730,True,1778959510,1684,english,0,0.5,True,False,False
Counter-Strike 2,одни читеры,negative,steam_live,730,False,1778959405,4799,russian,0,0.5,True,False,False
Counter-Strike 2,топ игра,positive,steam_live,730,True,1778959404,7322,russian,0,0.5,True,False,False
Counter-Strike 2,so good,positive,steam_live,730,True,1778959401,9584,danish,0,0.5,True,False,False
Counter-Strike 2,читеров многа,positive,steam_live,730,True,1778959370,70302,russian,0,0.5,True,False,False
Counter-Strike 2,You'll find less cheaters on Tinder,negative,steam_live,730,False,1778959354,8085,english,1,0.5,True,False,False
Counter-Strike 2,waw,positive,steam_live,730,True,1778959180,47794,english,0,0.5,True,False,False
Counter-Strike 2,888,positive,steam_live,730,True,1778959111,53335,turkish,0,0.5,True,False,False
Counter-Strike 2,(,negative,steam_live,730,False,1778959088,42559,russian,0,0.5,True,False,False
Counter-Strike 2,best game ever,positive,steam_live,730,True,1778959024,20184,english,1,0.523809552192687988,True,False,False
Counter-Strike 2,a,positive,steam_live,730,True,1778959018,18873,turkish,0,0.5,True,False,False
Counter-Strike 2,круто,positive,steam_live,730,True,1778958933,9562,russian,0,0.5,True,False,False
Counter-Strike 2,remove russians from this game then 10/10,positive,steam_live,730,True,1778958902,9467,english,0,0.5,True,False,False
Counter-Strike 2,люблю когда меня в жопу ♥♥♥♥,positive,steam_live,730,True,1778958844,18926,russian,0,0.5,True,False,False
Counter-Strike 2,"EN| Counter-Strike 2 is completely unplayable right now. The game is full of cheaters using hacks and blatant wallhacks/aimbots in almost every match. Valve seems unable or unwilling to fix the problem, and it ruins the experience for legitimate players. What used to be a competitive and enjoyable game has turned into a frustrating waste of time. I can’t recommend this game to anyone anymore. I’ve personally stopped playing because the cheating situation is out of control.

ES| Counter-Strike 2 es completamente injugable ahora mismo. El juego está lleno de tramposos usando hacks y wallhacks/aimbots descarados en casi todas las partidas. Valve parece incapaz o sin intención de solucionar el problema, y eso arruina la experiencia para los jugadores legítimos. Lo que antes era un juego competitivo y divertido se ha convertido en una pérdida de tiempo frustrante. Ya no puedo recomendar este juego a nadie. Personalmente he dejado de jugar porque la situación con los cheaters está fuera de control.

FR| Counter-Strike 2 est complètement injouable actuellement. Le jeu est rempli de tricheurs utilisant des hacks, wallhacks et aimbots dans presque chaque partie. Valve semble incapable ou peu motivé à résoudre le problème, ce qui détruit totalement l’expérience des joueurs honnêtes. Ce qui était autrefois un jeu compétitif et amusant est devenu une expérience frustrante et une perte de temps. Je ne recommande plus ce jeu à personne. Personnellement, j’ai arrêté d’y jouer parce que la situation des cheaters est hors de contrôle.

RU| Counter-Strike 2 сейчас абсолютно неиграбелен. Игра переполнена читерами, использующими хаки, wallhack и aimbot почти в каждом матче. Valve, похоже, не способна или не хочет решать эту проблему, из-за чего честные игроки полностью теряют удовольствие от игры. То, что раньше было соревновательной и увлекательной игрой, превратилось в сплошное разочарование и пустую трату времени. Я больше никому не могу рекомендовать эту игру. Лично я перестал играть, потому что ситуация с читерами вышла из-под контроля.",negative,steam_live,730,False,1778958799,28621,english,1,0.5,True,False,False
Counter-Strike 2,wylewu dostalem,positive,steam_live,730,True,1778958708,34939,english,0,0.5,True,False,False
Counter-Strike 2,答辩,negative,steam_live,730,False,1778958689,4177,schinese,0,0.5,True,False,False
Counter-Strike 2,https://steamcommunity.com/profiles/76561198113666193/inventory/#730_2_30625055369,positive,steam_live,730,True,1778958640,4225,french,0,0.5,True,False,False
Counter-Strike 2,4,positive,steam_live,730,True,1778958633,27548,hungarian,0,0.5,True,False,False
Counter-Strike 2,我不是人机很好玩就是没有固排,positive,steam_live,730,True,1778958613,9869,schinese,0,0.5,True,False,False
Counter-Strike 2,BÃO!,positive,steam_live,730,True,1778958599,25883,brazilian,0,0.5,True,False,False
Counter-Strike 2,Very good game but too much cheaters who dont have parents.,positive,steam_live,730,True,1778958578,2032,english,0,0.5,True,False,False
Counter-Strike 2,gaben syn shlyhi ssanyi vac net ne rabotaet,negative,steam_live,730,False,1778958576,6534,russian,0,0.5,True,False,False
Counter-Strike 2,its csgo its amazing,positive,steam_live,730,True,1778958552,3947,english,0,0.5,True,False,False
Counter-Strike 2,jogo muito bom!,positive,steam_live,730,True,1778958498,99,brazilian,1,0.523809552192687988,True,False,False
Counter-Strike 2,"It is better to spend the time learning a new skill or work, imagine what thousand of hours could do outside of cs.",negative,steam_live,730,False,1778958495,68658,norwegian,0,0.5,True,False,False
Counter-Strike 2,в,positive,steam_live,730,True,1778958448,3566,russian,0,0.5,True,False,False
Counter-Strike 2,прикольная игра советую всем поиграть,positive,steam_live,730,True,1778958426,78164,russian,0,0.5,True,False,False
Counter-Strike 2,mamma mia,positive,steam_live,730,True,1778958424,20745,turkish,0,0.5,True,False,False
Counter-Strike 2,zajebista jest,positive,steam_live,730,True,1778958410,34865,polish,0,0.5,True,False,False
Counter-Strike 2,w game,positive,steam_live,730,True,1778958390,1581,german,0,0.5,True,False,False
Counter-Strike 2,игра говно но мне нравится,positive,steam_live,730,True,1778958329,43393,russian,0,0.5,True,False,False
Counter-Strike 2,lo mejor que puedes hacer en cs2 es jugar a otro juego.,negative,steam_live,730,False,1778958305,48569,spanish,1,0.5,True,False,False
Counter-Strike 2,.,negative,steam_live,730,False,1778958275,46630,russian,1,0.523809552192687988,True,False,False
Counter-Strike 2,ERTERT,positive,steam_live,730,True,1778958262,23484,russian,0,0.5,True,False,False
Counter-Strike 2,"Игра ♥♥♥♥♥, много читеров и ♥♥♥♥♥ ебейшая рега в придачу к читерам",negative,steam_live,730,False,1778958183,45011,russian,1,0.523809552192687988,True,False,False
Counter-Strike 2,"VAC nie działa
Hitboxy po prostu są
Tickrate gra marsza na bębenku 
Ale są skiny i skrzynki więc w sumie spoko",positive,steam_live,730,True,1778958118,71446,polish,0,0.5,True,False,False
Counter-Strike 2,top,positive,steam_live,730,True,1778958112,27660,brazilian,0,0.5,True,False,False
Counter-Strike 2,Learn very mach russian,positive,steam_live,730,True,1778958097,14873,english,0,0.497581213712692261,True,False,False
Counter-Strike 2,too maany cheaters,negative,steam_live,730,False,1778958089,3403,english,3,0.52600395679473877,True,False,False
Counter-Strike 2,you will cry like babyes before you die!!!!,positive,steam_live,730,True,1778958082,7969,english,0,0.497581213712692261,True,False,False
Counter-Strike 2,need a gold,positive,steam_live,730,True,1778958064,46746,english,0,0.497581213712692261,True,False,False
Counter-Strike 2,ну там стреляешь и круто сср напоминает,positive,steam_live,730,True,1778958033,1846,russian,0,0.5,True,False,False
Counter-Strike 2,67,positive,steam_live,730,True,1778958030,393,polish,0,0.5,True,False,False
Counter-Strike 2,ruslar aim çok iyi,negative,steam_live,730,False,1778958000,24977,turkish,0,0.5,True,False,False
Counter-Strike 2,213213,positive,steam_live,730,True,1778957974,76213,schinese,0,0.5,True,False,False
Counter-Strike 2,"Наиграл пару часиков, слишком легкая механика стрельбы и геймплей так себе",negative,steam_live,730,False,1778957957,168856,russian,0,0.5,True,False,False
Counter-Strike 2,MOŻNA BIĆ CZARNYCH POLECAM,positive,steam_live,730,True,1778957913,15131,polish,0,0.5,True,False,False
Counter-Strike 2,hilelerde olmasa süper,positive,steam_live,730,True,1778957902,37980,turkish,0,0.5,True,False,False
Counter-Strike 2,имба,positive,steam_live,730,True,1778957869,35657,ukrainian,0,0.5,True,False,False
Counter-Strike 2,baaaaaaaaaaaaaaaaaaaaaaaaaaaaaaa,positive,steam_live,730,True,1778957818,2124,turkish,0,0.5,True,False,False
Counter-Strike 2,круто,positive,steam_live,730,True,1778957809,18010,russian,0,0.5,True,False,False
Counter-Strike 2,♥♥♥♥♥.,negative,steam_live,730,False,1778957737,82104,english,1,0.502418816089630127,True,False,False
Counter-Strike 2,katastrofa,positive,steam_live,730,True,1778957700,16133,english,0,0.497581213712692261,True,False,False
Counter-Strike 2,gg,positive,steam_live,730,True,1778957680,6025,russian,0,0.5,True,False,False
Counter-Strike 2,♥♥♥♥♥ ♥♥♥ дрочилда,negative,steam_live,730,False,1778957672,50888,russian,0,0.5,True,False,False
Counter-Strike 2,"Counter-Strike 2:

Is a hard game for me to review, because my opinion has changed a lot over time.

When I was younger, Counter-Strike was easily an 8.5/10 experience for me. The combat, gunplay, teamwork, economy system, and round-based matches are still some of the best in any multiplayer FPS. It is simple to understand but hard to master, and that is what makes it so addictive. One good clutch, one clean headshot, or one close match can still remind you why this series became so popular.

CS2 also brings the game onto Source 2, with upgraded maps, better visuals, dynamic smoke grenades, redesigned audio/visual effects, and the move from CS:GO into the newer version. On paper, it is still one of the most important competitive shooters on PC.

The problem is that I do not enjoy it the same way anymore. The gameplay loop is still addictive, but it is also very repetitive, and the biggest issue for me is cheaters. In a game this competitive, cheaters can ruin the whole experience very quickly. When the match feels fair, CS2 can still be great. When it does not, it becomes frustrating fast.

The achievement side is almost not worth talking about anymore. Since CS:GO became CS2, there is basically just one achievement, so it is easy, but not really a proper achievement hunt.

I would recommend Counter-Strike 2 only to certain FPS players. If you enjoy competitive shooters and can handle the learning curve, repetition, and possible cheater problems, there is still a great game here. For me personally.

Overall: great combat and an iconic FPS, but hard to enjoy when cheaters ruin the match.",positive,steam_live,730,True,1778957643,91016,english,0,0.5,True,False,False
Counter-Strike 2,игрулька для подмышульки,positive,steam_live,730,True,1778957565,5004,russian,0,0.5,True,False,False
Counter-Strike 2,Não tem como alguém realmente gostar dessa bomba,negative,steam_live,730,False,1778957532,50685,english,0,0.5,True,False,False
Counter-Strike 2,🫂,positive,steam_live,730,True,1778957523,17944,russian,0,0.5,True,False,False
Counter-Strike 2,good ale cs go był lepszy,positive,steam_live,730,True,1778957438,42007,polish,0,0.476190477609634399,True,False,False
Counter-Strike 2,♥♥♥♥  разраьы ♥♥♥♥♥♥ ♥♥♥♥♥♥♥♥ ♥♥♥♥ не заходит повторно в игру ♥♥♥♥ из за этого бвн ♥♥♥♥ гандонв сдохните,negative,steam_live,730,False,1778957413,80822,russian,0,0.5,True,False,False
Counter-Strike 2,niszczyciel mentalnosci ludzkiej,negative,steam_live,730,False,1778957343,21634,polish,0,0.476190477609634399,True,False,False
Counter-Strike 2,CHINA NOMDER ONE,positive,steam_live,730,True,1778957337,30,english,0,0.5,True,False,False
Counter-Strike 2,Я мопс,positive,steam_live,730,True,1778957324,15744,russian,0,0.5,True,False,False
Counter-Strike 2,"В голову стреляешь, габен не видит
Тебе в голову попадают, габен смотрит
12\10",positive,steam_live,730,True,1778957274,42241,russian,0,0.5,True,False,False
Counter-Strike 2,👍,positive,steam_live,730,True,1778957146,2384,russian,1,0.523809552192687988,True,False,False
Counter-Strike 2,im now a gambling addict,positive,steam_live,730,True,1778957131,3292,english,0,0.5,True,False,False
Counter-Strike 2,"interesante juego, chiters pero bueno vamo ariba",positive,steam_live,730,True,1778957092,19319,latam,0,0.5,True,False,False
Counter-Strike 2,I LOVE ANIME AND ♥♥♥♥ CS2,positive,steam_live,730,True,1778957084,778,polish,0,0.476190477609634399,True,False,False
Counter-Strike 2,"Muito bom, o que mata é o anti-cheat.",positive,steam_live,730,True,1778957046,71495,brazilian,0,0.5,True,False,False
Counter-Strike 2,afk adamı atttığım için 2 saat ban yedim çok güzel oyun.,positive,steam_live,730,True,1778957033,1608,turkish,0,0.5,True,False,False
Counter-Strike 2,Best game I ever played so far.,positive,steam_live,730,True,1778957023,54056,english,0,0.5,True,False,False
Counter-Strike 2,gerçekten harika bir oyun,positive,steam_live,730,True,1778957005,1484,turkish,1,0.523809552192687988,True,False,False
Counter-Strike 2,so cool,positive,steam_live,730,True,1778957003,698,russian,0,0.5,True,False,False
Counter-Strike 2,adictivo,positive,steam_live,730,True,1778956917,4020,spanish,0,0.5,True,False,False
Counter-Strike 2,скоро в киберспорт,positive,steam_live,730,True,1778956892,26865,russian,0,0.5,True,False,False
Counter-Strike 2,"Esta muy bueno el juego, es una pena que nadie haga nada con los chiteros.",positive,steam_live,730,True,1778956858,4649,latam,0,0.5,True,False,False
Counter-Strike 2,"Качаю звание, все супер",positive,steam_live,730,True,1778956815,225,russian,0,0.5,True,False,False
Counter-Strike 2,"Визуальная составляющая
Графический движок демонстрирует высокий уровень детализации окружающей среды. Система глобального освещения обрабатывает прямые и отражённые источники света, формируя контрастные тени и блики на поверхностях моделей вооружения. Частицы дыма и огня имеют реалистичную физику распространения в пространстве, что подтверждается тестированием на всех доступных локациях. Температура цветовой гаммы приближена к естественной, без гипертрофированной насыщенности.

Игровые механики
Центральный режим предполагает разделение участников на две группы с противоположными целями: размещение взрывного устройства или его обезвреживание. Экономическая подсистема связывает эффективность в каждом раунде с доступным арсеналом в последующих. Временные интервалы раундов фиксированы, что исключает вариативность продолжительности матча. Система под названием ""суб-тик"" обрабатывает действия пользователей между стандартными обновлениями сервера, что должно отражаться на точности регистрации попаданий.

Звуковое сопровождение
Аудиоподсистема генерирует звуки шагов, перезарядки и выстрелов с учётом виртуального позиционирования. Пользователь способен идентифицировать направление источника звука с погрешностью до 15 градусов при использовании стереогарнитуры. Частотные характеристики выстрелов отличаются для каждого класса оружия: от низкочастотного импульса у винтовок до высокочастотного щелчка у пистолетов.

Технические требования и производительность
Аппаратные требования продукта классифицируются как выше средних. Для стабильной работы в разрешении 1920x1080 при средних настройках необходима видеокарта с производительностью не менее 4 терафлопс. В ходе тестирования зафиксированы случаи снижения частоты кадров на локациях с высокой плотностью геометрических объектов и эффектами частиц. Минимальные задержки ввода составляют 20–25 миллисекунд при оптимальных сетевых условиях.

Пользовательский интерфейс
Главное меню содержит следующие элементы: кнопку поиска матча, настройки, мастерскую, инвентарь. Внутриигровой интерфейс отображает состояние здоровья, боезапас, миникарту и экономическую информацию текущей команды. Шрифты выполнены в стиле без засечек, контрастность текста по отношению к фону достаточна для чтения. Анимация переходов между экранами меню занимает 0.3 секунды.

Выявленные недостатки
На основе статистики ошибок зафиксированы следующие проблемы:

Некорректная регистрация попаданий при значении пинга более 80 миллисекунд

Эпизодические просадки частоты обновления экрана в момент подбора предметов

Отсутствие встроенной системы обучения для неопытных пользователей

Ограниченное количество доступных игровых карт (менее десяти)

Итоговое заключение
Counter-Strike 2 представляет собой функциональный тактический шутер с современной графикой и отлаженной базовой механикой. Продукт не содержит принципиально новых жанровых решений, но демонстрирует стабильную работу перечисленных систем. Рекомендуется к использованию при наличии соответствующего аппаратного обеспечения и устойчивых навыков координации в трёхмерном пространстве. Конечный вердикт системы: ""Положительно, с оговорками""",positive,steam_live,730,True,1778956802,1529,russian,0,0.5,True,False,False
Counter-Strike 2,игра ♥♥♥♥♥,positive,steam_live,730,True,1778956742,10435,russian,0,0.5,True,False,False
Counter-Strike 2,"nm,.",positive,steam_live,730,True,1778956653,6101,russian,0,0.5,True,False,False
Counter-Strike 2,amına koyim arda şenin,negative,steam_live,730,False,1778956648,4210,turkish,0,0.5,True,False,False
Counter-Strike 2,я ненавижу эту игру,positive,steam_live,730,True,1778956611,14755,russian,0,0.5,True,False,False
Counter-Strike 2,this game is the best you should play it,positive,steam_live,730,True,1778956570,1979,english,0,0.5,True,False,False
Counter-Strike 2,"про*бал 11 каток в премьере вин стрика, из-за плачущего поляка говорящий про русских в кс...",negative,steam_live,730,False,1778956502,4713,russian,0,0.5,True,False,False
Counter-Strike 2,pizdets,positive,steam_live,730,True,1778956481,1490,russian,0,0.5,True,False,False
Counter-Strike 2,"Played CS for the first time since 2010. Really fun! Also with all the skins, tracks and rare stuff to collect really intreaging. Sometimes you wanna rage quit other times you get new friends from the other side of the world,",positive,steam_live,730,True,1778956396,1895,danish,0,0.5,True,False,False
Counter-Strike 2,.,positive,steam_live,730,True,1778956303,3687,turkish,0,0.5,True,False,False
Counter-Strike 2,GOT,positive,steam_live,730,True,1778956294,7854,spanish,1,0.523809552192687988,True,False,False
Counter-Strike 2,не люблю хорроры,negative,steam_live,730,False,1778956287,21158,russian,0,0.5,True,False,False
Counter-Strike 2,best game everr :Dddd,positive,steam_live,730,True,1778956276,26785,english,0,0.5,True,False,False
Counter-Strike 2,2/5 gwiazdek bo są ♥♥♥♥♥ ale nie takie hot jak myslalem ze mnie wydymają,negative,steam_live,730,False,1778956201,1519,polish,0,0.5,True,False,False
Counter-Strike 2,"Качаю звание, все супер",positive,steam_live,730,True,1778956123,1014,russian,0,0.5,True,False,False
Counter-Strike 2,Понравились новые дымы,positive,steam_live,730,True,1778956119,632,russian,0,0.5,True,False,False
Counter-Strike 2,点头yes摇头no，全甲野牛gogogo。,positive,steam_live,730,True,1778956071,16771,schinese,0,0.5,True,False,False
Counter-Strike 2,я свою маму тут потерял,positive,steam_live,730,True,1778956041,740,russian,0,0.5,True,False,False
Counter-Strike 2,это игра очень крутая,positive,steam_live,730,True,1778955971,2626,russian,0,0.5,True,False,False
Counter-Strike 2,游戏不合法，老杀人,negative,steam_live,730,False,1778955918,33499,schinese,0,0.5,True,False,False
Counter-Strike 2,херь,positive,steam_live,730,True,1778955916,13844,russian,0,0.5,True,False,False
Counter-Strike 2,MT BOM,positive,steam_live,730,True,1778955915,2004,brazilian,0,0.5,True,False,False
Counter-Strike 2,норм,positive,steam_live,730,True,1778955897,10143,ukrainian,1,0.523809552192687988,True,False,False
Counter-Strike 2,9,negative,steam_live,730,False,1778955834,26691,russian,0,0.5,True,False,False
Counter-Strike 2,67,positive,steam_live,730,True,1778955680,37193,english,0,0.5,True,False,False
Counter-Strike 2,"♥♥♥♥♥, почти в каждой катке орут ""ЖЕНЩИНААА"" а потом прилетает в ебвло с калаша",positive,steam_live,730,True,1778955649,12827,russian,0,0.5,True,False,False
Counter-Strike 2,iyi oyun,positive,steam_live,730,True,1778955520,11964,turkish,1,0.523809552192687988,True,False,False
Counter-Strike 2,игра калл. играл выйграл рому ковалева 2:0 на калашах. а так игра без смысла. кто быстрее среагировал тот и выйграл ток у ромы ковалева реакции 0  а стасяну рэспект,negative,steam_live,730,False,1778955514,40074,russian,0,0.5,True,False,False
Counter-Strike 2,"Counter strike 2
el juego que empezo con mi vicio en el farmeo de horas, todo fue gracias a un amigo que me recomendo comprar el prime, lo compre, y yo senti que me iba a aburrir de un dia a otro, asi que lo probe antes para saber si lo reembolsaba o no, despues de probarlo 30 minutos, supe que ese juego, me iba a dar una nueva experiencia diferente de los shooters que jugaba a diario, y estaba en lo correcto, despues de 2,351.5 horas de juego, y ya casi pasar a medalla de servicio rosa puedo decir que este juego es uno de los mejores que he jugado, tanto en farmeo de horas, toxicidad, gambling, y lo dificil que es encontrar una partida sin hackers.",positive,steam_live,730,True,1778955506,172257,english,0,0.5,True,False,False
Counter-Strike 2,"игра говно, разраб тоже",negative,steam_live,730,False,1778955483,31849,russian,0,0.5,True,False,False
Counter-Strike 2,"Хочу пепси.
Дайте +реп в профиль пж =)",positive,steam_live,730,True,1778955324,3432,russian,0,0.5,True,False,False
Counter-Strike 2,не регає ♥♥♥♥♥,negative,steam_live,730,False,1778955299,13484,ukrainian,0,0.5,True,False,False
Counter-Strike 2,nice game i love it but has a lot of cheaters,positive,steam_live,730,True,1778955265,13506,english,0,0.5,True,False,False
Counter-Strike 2,Cheaters in almost every normal game. This game should ban itself becuse they dont give a ♥♥♥♥. Play other games. Spit on all lacy workers.,negative,steam_live,730,False,1778955167,37877,swedish,0,0.5,True,False,False
Counter-Strike 2,игра говно не скачивайте,positive,steam_live,730,True,1778955132,16523,russian,0,0.5,True,False,False
Counter-Strike 2,can't even open the ♥♥♥♥♥♥♥ game,negative,steam_live,730,False,1778955118,33519,english,0,0.5,True,False,False
Counter-Strike 2,ок,positive,steam_live,730,True,1778955011,2600,russian,0,0.5,True,False,False
Counter-Strike 2,дерьмище,positive,steam_live,730,True,1778954953,7780,russian,0,0.5,True,False,False
Counter-Strike 2,всё,positive,steam_live,730,True,1778954824,15867,russian,0,0.5,True,False,False
Counter-Strike 2,"Jogo ta abandonado, empresa milionaria e jogo totalmente cheio de xit",positive,steam_live,730,True,1778954786,8532,brazilian,0,0.5,True,False,False
Counter-Strike 2,gg,positive,steam_live,730,True,1778954691,607,russian,0,0.5,True,False,False
Counter-Strike 2,игра плохая надо убивать людей,negative,steam_live,730,False,1778954689,10149,russian,0,0.5,True,False,False
Counter-Strike 2,ysdfdsfsdgsd,positive,steam_live,730,True,1778954674,318,turkish,0,0.5,True,False,False
Counter-Strike 2,çok güzel bir oyun ama hileler sıkıntı,positive,steam_live,730,True,1778954618,7780,turkish,1,0.523809552192687988,True,False,False
Counter-Strike 2,rf,positive,steam_live,730,True,1778954598,2040,russian,0,0.5,True,False,False
Counter-Strike 2,KPYTO,positive,steam_live,730,True,1778954586,21402,russian,0,0.5,True,False,False
Counter-Strike 2,good lucke,positive,steam_live,730,True,1778954552,31,english,0,0.5,True,False,False
Counter-Strike 2,"Comunidade péssima, o jogo é legal",positive,steam_live,730,True,1778954540,15072,english,0,0.5,True,False,False
Counter-Strike 2,,positive,steam_live,730,True,1778954499,7221,russian,0,0.5,True,False,False
Counter-Strike 2,trop de russes,positive,steam_live,730,True,1778954490,19399,french,0,0.5,True,False,False
Counter-Strike 2,♥♥♥♥♥♥♥ game. full with cheaters.,negative,steam_live,730,False,1778954471,273857,english,1,0.5,True,False,False
Counter-Strike 2,"Worst kind of people i have ever had the pleasure of speaking to, 10/10",positive,steam_live,730,True,1778954456,21238,english,0,0.5,True,False,False
Counter-Strike 2,норм,positive,steam_live,730,True,1778954419,440,russian,0,0.5,True,False,False
Counter-Strike 2,"flipping banger of a game, bit rough with cheaters tho and i love how alot of player have mics so can be easy to coordinate with others",positive,steam_live,730,True,1778954418,17338,english,0,0.5,True,False,False
Counter-Strike 2,я п и д роррор,positive,steam_live,730,True,1778954413,24459,russian,0,0.5,True,False,False
Counter-Strike 2,W,positive,steam_live,730,True,1778954348,30533,english,0,0.5,True,False,False
Counter-Strike 2,Lleno de chiteros,negative,steam_live,730,False,1778954281,17325,spanish,2,0.523809552192687988,True,False,False
Counter-Strike 2,jogo muito bom  vendi minha casa para comprar faca e luva e no outro dia uma atualizacao jogo tudo o preco na metade se loko muito incrivel o jogo,positive,steam_live,730,True,1778954199,23178,brazilian,0,0.5,True,False,False
Counter-Strike 2,Имба,positive,steam_live,730,True,1778954156,3436,russian,0,0.5,True,False,False
Counter-Strike 2,schmutz,negative,steam_live,730,False,1778954125,1947,german,0,0.5,True,False,False
Counter-Strike 2,10/10 makes you russophobic,positive,steam_live,730,True,1778954114,74802,polish,0,0.5,True,False,False
Counter-Strike 2,крутая игра,positive,steam_live,730,True,1778954025,89476,russian,0,0.5,True,False,False
Counter-Strike 2,On numara oyun ben yeni başladım ama sarıyor oynarım hep artık,positive,steam_live,730,True,1778953948,285,turkish,1,0.523809552192687988,True,False,False
Counter-Strike 2,Pain,positive,steam_live,730,True,1778953928,6594,english,0,0.5,True,False,False
Counter-Strike 2,♥♥♥♥ GAME DELETE,negative,steam_live,730,False,1778953921,36357,ukrainian,0,0.5,True,False,False
Counter-Strike 2,喜欢,positive,steam_live,730,True,1778953853,102045,schinese,0,0.5,True,False,False
Counter-Strike 2,qweq,positive,steam_live,730,True,1778953759,37764,russian,0,0.5,True,False,False
Counter-Strike 2,все супер 👍,positive,steam_live,730,True,1778953701,44985,russian,0,0.5,True,False,False
Counter-Strike 2,♥♥♥♥,negative,steam_live,730,False,1778953640,6105,russian,0,0.5,True,False,False
Counter-Strike 2,Легендарная игра,positive,steam_live,730,True,1778953616,335,russian,0,0.5,True,False,False
Counter-Strike 2,idk,positive,steam_live,730,True,1778953507,10355,english,0,0.5,True,False,False
Counter-Strike 2,yes,positive,steam_live,730,True,1778953462,1515,english,0,0.5,True,False,False
Counter-Strike 2,тема,positive,steam_live,730,True,1778953396,1912,russian,1,0.523809552192687988,True,False,False
Counter-Strike 2,♥♥♥♥♥♥♥ recommended,positive,steam_live,730,True,1778953379,32643,english,0,0.5,True,False,False
Counter-Strike 2,/,positive,steam_live,730,True,1778953290,8262,russian,0,0.5,True,False,False
Counter-Strike 2,p,positive,steam_live,730,True,1778953224,1004,greek,0,0.5,True,False,False
Counter-Strike 2,热爱,positive,steam_live,730,True,1778953158,59865,schinese,0,0.5,True,False,False
Counter-Strike 2,лучшая игра в мире провел в ней 1000 часов и ещё доволен и всем друзьям нравится,positive,steam_live,730,True,1778953129,2125,english,0,0.5,True,False,False
Counter-Strike 2,бебебе,positive,steam_live,730,True,1778953100,8576,russian,0,0.5,True,False,False
Counter-Strike 2,bom demais,positive,steam_live,730,True,1778953062,4916,brazilian,0,0.5,True,False,False
Counter-Strike 2,"play if racist, homophopbic or sexist :)",negative,steam_live,730,False,1778953051,25109,english,1,0.523809552192687988,True,False,False
Counter-Strike 2,tá meio bugado mas é bom ainda,positive,steam_live,730,True,1778953031,9985,brazilian,0,0.5,True,False,False
Counter-Strike 2,good fk very goood,positive,steam_live,730,True,1778952962,105089,czech,0,0.5,True,False,False
Counter-Strike 2,kk,positive,steam_live,730,True,1778952952,3647,polish,0,0.5,True,False,False
Counter-Strike 2,nice,positive,steam_live,730,True,1778952754,17751,schinese,0,0.5,True,False,False
Counter-Strike 2,.,positive,steam_live,730,True,1778952687,212754,turkish,0,0.5,True,False,False
Counter-Strike 2,"возможно частично да, но бурмалда",positive,steam_live,730,True,1778952594,42185,ukrainian,0,0.5,True,False,False
Counter-Strike 2,good,positive,steam_live,730,True,1778952574,456,english,0,0.5,True,False,False
Counter-Strike 2,Leuk.,positive,steam_live,730,True,1778952569,8463,dutch,0,0.5,True,False,False
Counter-Strike 2,best game,positive,steam_live,730,True,1778952549,62946,english,0,0.5,True,False,False
Counter-Strike 2,"l;,mkl",positive,steam_live,730,True,1778952436,37755,russian,0,0.5,True,False,False
Counter-Strike 2,"nice
men",positive,steam_live,730,True,1778952419,6874,english,1,0.523809552192687988,True,False,False
Counter-Strike 2,Cu toata increderea,positive,steam_live,730,True,1778952338,13419,romanian,0,0.5,True,False,False
Counter-Strike 2,кал,positive,steam_live,730,True,1778952337,19971,russian,0,0.5,True,False,False
Counter-Strike 2,"( """"",positive,steam_live,730,True,1778952319,10311,czech,0,0.5,True,False,False
Counter-Strike 2,sami cheaterzy gra niegrywalna pet simulator wymaga wiecej myslenia,negative,steam_live,730,False,1778952316,19679,polish,0,0.5,True,False,False
Counter-Strike 2,game is ah,negative,steam_live,730,False,1778952311,4858,german,0,0.5,True,False,False
Counter-Strike 2,too many cheats,negative,steam_live,730,False,1778952273,209019,english,2,0.5,True,False,False
Counter-Strike 2,"Самая ужасная игра на свете

Если вы хотите научиться отстаивать жизнеспособность своей матери, то эта игра — для вас.
Единственное полезное, что вы можете от неё получить, — это абсолютное и беспрекословное безразличие к оскорблениям, помыкательствам и другим видам психологического надругательства над вашей психикой",negative,steam_live,730,False,1778952272,64566,russian,0,0.5,True,False,False
Counter-Strike 2,хорошш,positive,steam_live,730,True,1778952237,2890,russian,0,0.5,True,False,False
Counter-Strike 2,antycheat nie działa,negative,steam_live,730,False,1778952229,24331,polish,0,0.5,True,False,False
Counter-Strike 2,bestttttt game ❤️,positive,steam_live,730,True,1778952188,47,english,0,0.5,True,False,False
Counter-Strike 2,.,positive,steam_live,730,True,1778952182,26853,english,0,0.5,True,False,False
Counter-Strike 2,j,positive,steam_live,730,True,1778952141,44974,english,0,0.5,True,False,False
Counter-Strike 2,好玩,positive,steam_live,730,True,1778952067,50317,schinese,0,0.5,True,False,False
Counter-Strike 2,rhenfz buhf,positive,steam_live,730,True,1778952017,5322,russian,0,0.5,True,False,False
Counter-Strike 2,Bästa spelet,positive,steam_live,730,True,1778952005,38411,swedish,0,0.5,True,False,False
Counter-Strike 2,Gambling 👍,positive,steam_live,730,True,1778952001,27231,english,0,0.5,True,False,False
Counter-Strike 2,м ааЫаыа,positive,steam_live,730,True,1778951848,36623,russian,0,0.5,True,False,False
Counter-Strike 2,Pzdc o'yin,positive,steam_live,730,True,1778951814,38549,english,0,0.5,True,False,False
Counter-Strike 2,"игра на 10 минут, зашел побегал вышел",positive,steam_live,730,True,1778951698,100654,russian,0,0.5,True,False,False
Counter-Strike 2,Оптимизация радует,positive,steam_live,730,True,1778951696,477,russian,0,0.5,True,False,False
Counter-Strike 2,böyle oyunun...,positive,steam_live,730,True,1778951684,3079,turkish,2,0.541284441947937012,True,False,False
Counter-Strike 2,无畏契约太好玩了,positive,steam_live,730,True,1778951679,30525,schinese,0,0.5,True,False,False
Counter-Strike 2,...,positive,steam_live,730,True,1778951609,7096,russian,1,0.523809552192687988,True,False,False
Counter-Strike 2,mam porytą banie ale spokojnie to nie przez cs :}},positive,steam_live,730,True,1778951562,43770,polish,0,0.5,True,False,False
Counter-Strike 2,es entretenido,positive,steam_live,730,True,1778951523,9879,spanish,0,0.5,True,False,False
Counter-Strike 2,!!!!,positive,steam_live,730,True,1778951502,5709,russian,1,0.523809552192687988,True,False,False
Counter-Strike 2,Отличная игра,positive,steam_live,730,True,1778951459,7968,russian,0,0.5,True,False,False
Counter-Strike 2,very toxic,negative,steam_live,730,False,1778951455,9442,english,1,0.5,True,False,False
Counter-Strike 2,guns,positive,steam_live,730,True,1778951405,23408,polish,0,0.5,True,False,False
Counter-Strike 2,=),positive,steam_live,730,True,1778951321,250,ukrainian,0,0.5,True,False,False
Counter-Strike 2,Juego para desquiciarte,positive,steam_live,730,True,1778951295,7063,spanish,1,0.523809552192687988,True,False,False
Counter-Strike 2,gut diese,positive,steam_live,730,True,1778951224,5306,german,0,0.5,True,False,False
Counter-Strike 2,sdfsdf,positive,steam_live,730,True,1778951200,19093,russian,0,0.5,True,False,False
Counter-Strike 2,Richtig geil beschissenes Game,positive,steam_live,730,True,1778951195,26688,german,0,0.5,True,False,False
Counter-Strike 2,WW,positive,steam_live,730,True,1778951160,747,english,0,0.5,True,False,False
Counter-Strike 2,Best game I have ever played in my entire life. Barely runs on my potato though,positive,steam_live,730,True,1778951156,2875,english,0,0.5,True,False,False
Counter-Strike 2,за 140 мегаящиков,negative,steam_live,730,False,1778951148,11693,russian,0,0.5,True,False,False
Counter-Strike 2,一款会带来不幸的游戏,positive,steam_live,730,True,1778951146,38353,schinese,0,0.5,True,False,False
Counter-Strike 2,♥♥♥♥♥♥ говно 2,negative,steam_live,730,False,1778951123,10085,russian,0,0.5,True,False,False
Counter-Strike 2,```````````````````````````````````````````````````,positive,steam_live,730,True,1778951108,5038,english,0,0.5,True,False,False
Counter-Strike 2,we need port for mac !!!!!!!!,negative,steam_live,730,False,1778951083,3635,english,0,0.5,True,False,False
Counter-Strike 2,",",positive,steam_live,730,True,1778951076,9199,hungarian,0,0.5,True,False,False
Counter-Strike 2,anger but stress is fun,positive,steam_live,730,True,1778950998,2262,english,0,0.5,True,False,False
Counter-Strike 2,hate it or love it. after all it's vain.,positive,steam_live,730,True,1778950969,78623,german,0,0.5,True,False,False
Counter-Strike 2,yes cs2 yes much good eys kabbom n shi. very nice and very good i think maybe i think so yes perhaps. and yes. mhm. yes i like it. cs2 was csgo but no cs2,positive,steam_live,730,True,1778950910,2371,english,0,0.476190477609634399,True,False,False
Counter-Strike 2,a,positive,steam_live,730,True,1778950882,6147,english,0,0.5,True,False,False
Counter-Strike 2,豪玩,positive,steam_live,730,True,1778950881,10200,schinese,1,0.523809552192687988,True,False,False
Counter-Strike 2,"good,норм игра рег нормальный,не ьакой как в ксго",positive,steam_live,730,True,1778950878,204279,russian,0,0.5,True,False,False
Counter-Strike 2,Катки ищутся быстро,positive,steam_live,730,True,1778950844,673,russian,0,0.5,True,False,False
Counter-Strike 2,<3,positive,steam_live,730,True,1778950793,6524,russian,0,0.5,True,False,False
Counter-Strike 2,НАЙС,positive,steam_live,730,True,1778950788,8194,russian,0,0.5,True,False,False
Counter-Strike 2,s,negative,steam_live,730,False,1778950762,183281,english,0,0.5,True,False,False
Counter-Strike 2,Понравились новые дымы,positive,steam_live,730,True,1778950746,778,russian,0,0.5,True,False,False
Counter-Strike 2,steam://openurl/https://steamcommunity.com/id/jL-13/inventory/#730_2_38824393599,positive,steam_live,730,True,1778950704,15610,schinese,0,0.5,True,False,False
Counter-Strike 2,надеюсь в будущем когда я стану киберспортсменом будет рег будет имба пк и будет имба а так стрелялка не регалка,positive,steam_live,730,True,1778950701,16243,russian,0,0.5,True,False,False
Counter-Strike 2,имба,positive,steam_live,730,True,1778950682,7639,russian,0,0.5,True,False,False
Counter-Strike 2,nice,positive,steam_live,730,True,1778950653,9734,brazilian,0,0.5,True,False,False
Counter-Strike 2,tem muita coisa pra melhorar!,positive,steam_live,730,True,1778950644,45425,brazilian,0,0.5,True,False,False
Counter-Strike 2,¯\_(ツ)_/¯,positive,steam_live,730,True,1778950585,34547,russian,0,0.5,True,False,False
Counter-Strike 2,Премьер режим топчик,positive,steam_live,730,True,1778950563,222,russian,0,0.5,True,False,False
Counter-Strike 2,"This game is dead. Valve didn't pay any attention to their VAC anticheat, you literally can see a cheater on every game. The shooting is broken with casino experience: you have a small square where your bullet may land. Not exact point. Area. Any point in this area picked randomly. If you like gambling in skill-based games, I highly recommend, otherwise - pass",negative,steam_live,730,False,1778950539,1557,english,1,0.5,True,False,False
Counter-Strike 2,ŞU RUSLARA ÖZEL SERVER AÇIN AQ,positive,steam_live,730,True,1778950527,204,turkish,1,0.523809552192687988,True,False,False
Counter-Strike 2,"Jogo mt bom, problema e a valve querer fazer o vac live funcionar",positive,steam_live,730,True,1778950437,5172,brazilian,0,0.5,True,False,False
Counter-Strike 2,♥♥♥♥♥ ♥♥♥♥♥♥♥,positive,steam_live,730,True,1778950427,24048,russian,0,0.5,True,False,False
Counter-Strike 2,lindo,positive,steam_live,730,True,1778950407,62271,portuguese,0,0.5,True,False,False
Counter-Strike 2,"♥♥♥♥♥ позорная в которую нужно задротить и смысл игры в том, чтобы заплатить 1,5 рублей чтобы пассивно получать дроп с еженеделек или с кейсов за звезды, больше смысла нет",negative,steam_live,730,False,1778950373,32499,russian,0,0.5,True,False,False
Counter-Strike 2,"хз,ещё как то не наигрался",positive,steam_live,730,True,1778950296,9993,russian,0,0.5,True,False,False
Counter-Strike 2,GG,positive,steam_live,730,True,1778950273,337,english,1,0.523809552192687988,True,False,False
Counter-Strike 2,TODOS CHITEROS,positive,steam_live,730,True,1778950250,2349,spanish,0,0.5,True,False,False
Counter-Strike 2,lol,negative,steam_live,730,False,1778950250,11600,german,0,0.5,True,False,False
Counter-Strike 2,0-0,positive,steam_live,730,True,1778950183,756,russian,0,0.5,True,False,False
Counter-Strike 2,gameplay great spoilt by cheats,positive,steam_live,730,True,1778950154,5590,english,0,0.5,True,False,False
Counter-Strike 2,top,positive,steam_live,730,True,1778950062,23375,brazilian,0,0.5,True,False,False
Counter-Strike 2,"TBH I used to go hard on this game, but now I just log in for my weekly drops to help fund my steam shenanigans <.<",positive,steam_live,730,True,1778950024,94522,english,0,0.5,True,False,False
Counter-Strike 2,ЖОПА,positive,steam_live,730,True,1778949949,3498,russian,0,0.5,True,False,False
Counter-Strike 2,good companion game to [CS2: perpetual skins upgrade] game that I play.  Occasionally I have time to log into the minigame where you shoot the skins that you've recently acquired.,positive,steam_live,730,True,1778949910,11886,english,0,0.5,True,False,False
Counter-Strike 2,very chill game >.<,positive,steam_live,730,True,1778949877,35582,romanian,0,0.5,True,False,False
Counter-Strike 2,25,positive,steam_live,730,True,1778949866,1753,turkish,0,0.5,True,False,False
Counter-Strike 2,LEGAL,positive,steam_live,730,True,1778949854,2460,brazilian,0,0.5,True,False,False
Counter-Strike 2,dawdaw,positive,steam_live,730,True,1778949816,1046,english,0,0.5,True,False,False
Counter-Strike 2,TR,positive,steam_live,730,True,1778949769,2937,russian,0,0.5,True,False,False
Counter-Strike 2,sensacional,positive,steam_live,730,True,1778949763,32602,brazilian,0,0.5,True,False,False
Counter-Strike 2,Зарегай 2,positive,steam_live,730,True,1778949716,24621,russian,0,0.5,True,False,False
Counter-Strike 2,top,positive,steam_live,730,True,1778949425,2756,russian,1,0.523809552192687988,True,False,False
Counter-Strike 2,so many cheaters,positive,steam_live,730,True,1778949251,27817,english,0,0.5,True,False,False
Counter-Strike 2,+,positive,steam_live,730,True,1778949080,11218,russian,0,0.5,True,False,False
Counter-Strike 2,no cheaters so fun to play no toxicity and u know what to do everytime. amazing game,positive,steam_live,730,True,1778949047,1781,czech,1,0.5,True,False,False
Counter-Strike 2,,positive,steam_live,730,True,1778949035,2774,turkish,0,0.5,True,False,False
Counter-Strike 2,"slot machine with a aim trainer, this is easily my favorite afk clicker by far.",positive,steam_live,730,True,1778949034,624,english,0,0.5,True,False,False
Counter-Strike 2,asdasdasd,positive,steam_live,730,True,1778949028,7902,russian,0,0.5,True,False,False
Counter-Strike 2,не очкен,negative,steam_live,730,False,1778948986,107282,russian,0,0.5,True,False,False
Counter-Strike 2,JOGO LEGAL DEMAIS,positive,steam_live,730,True,1778948922,28270,brazilian,0,0.5,True,False,False
Counter-Strike 2,z,positive,steam_live,730,True,1778948887,25709,russian,0,0.5,True,False,False
Counter-Strike 2,багато років еволюції відеогор пройшло не дарма в цій грі майже за 30 років не помінялось кс як і була єбаною помойкою так і лишилась якшо хочите шоб ваc пиздили ногами дома і по кругу пускали поляки рекомендую!!!!!!!!!!!!!!!!!!!!!!,positive,steam_live,730,True,1778948875,36545,ukrainian,1,0.523809552192687988,True,False,False
Counter-Strike 2,"Einer der besten, wenn nicht der beste Shooter.",positive,steam_live,730,True,1778948809,3191,german,0,0.5,True,False,False
Counter-Strike 2,"only cheaters, dont play premier",negative,steam_live,730,False,1778948764,6207,english,1,0.5,True,False,False
Counter-Strike 2,;),positive,steam_live,730,True,1778948762,10787,german,0,0.5,True,False,False
Counter-Strike 2,Bu office mapini yapanında anasını sikeyim 3 iq beyinle oynayan bütün orosbu evlatlarınıda sikeyim,negative,steam_live,730,False,1778948690,7597,turkish,1,0.5,True,False,False
Counter-Strike 2,Nice game to give a reason to break you're screen,positive,steam_live,730,True,1778948653,2487,french,0,0.5,True,False,False
Counter-Strike 2,EYİ,positive,steam_live,730,True,1778948638,297,turkish,0,0.5,True,False,False
Counter-Strike 2,ИГРА АХУЕНАЯ ЕСЛИ ВЫ КОНЧЕННЫЙ,positive,steam_live,730,True,1778948619,65499,russian,0,0.5,True,False,False
Counter-Strike 2,"Почти 3 года прошло с релиза. Просто мрак. Это же насколько разработчикам все равно на свое детище, что игроки играют на ОТДЕЛЬНОЙ ПЛАТФОРМЕ, чтоб не играть против читеров?? (там, кстати, все тоже не так радужно). Вальве откровенно плевать на свою игру. И ведь не надо даже проводить тесты: зайдите на любой ДМ в игре и ужаснетесь - 80% игроков боты для фарма кейсов. Заходишь в премьер - каждая вторая игра против читера. Кидаешь репорты - толку 0. ВАК это просто шутка какая-то для читеров. О каком удовольствии от игры может идти речь - я не знаю. Просто ХУДШАЯ поддержка своего же продукта. НЕ вкладывайте в это свои деньги!!! А лучше идите сразу на фасик, там ХОТЯ БЫ ПЫТАЮТСЯ бороться за честный матчмейкинг. А вальве позор за такую поддержку продукта.  Рекомендовать такое - это себя не уважать.",negative,steam_live,730,False,1778948608,149097,russian,0,0.5,True,False,False
Counter-Strike 2,"As a gamer, this is one of those games you need to experience, that's the reason I recommend it. If you keep reading, you'll read mostly complaints.

There is a video by NakeyJakey where he tells his journey with the game, he explains well what you need to do to become good at the game. I suggest you watch it and decide if that's the kind of thing you want to spend your free time on.
Basically you need to headshot your enemies, memorize maps to know where enemies may be and where to throw grenades (in game modes with grenades), learn to strafe left and right while shooting (to not be a sitting target). If you think that learning these things is a regarding, then go ahead. If you just want to jump into a shooter and have some fun shooting strangers, then this isn't that good of an option. The reason tends to be that too many players can be on the same game, that makes most game modes unplayable if you are new and want to learn the game. I must confess though that improving on CS2 has made me a better player at other shooters that have some kind of aim assist, I am more aware of the corners and doors on every map, also.

Shooting is solid, weapons have distinctive recoil, accuracy and damage. But frontal headshots are insta-kill, anywhere else requires 2 or more shots.

The cosmetics can be ridiculously expensive. In the past you paid for a key and could get an extremely rare skin, but new boxes are free to open and you can pay for the skin (with prices as ridiculous as the market prices). So if you want a rare skin, you'll have to pay big bucks.",positive,steam_live,730,True,1778948581,2799,english,0,0.5,True,False,False
Counter-Strike 2,,negative,steam_live,730,False,1778948465,7139,russian,0,0.5,True,False,False
Counter-Strike 2,FIX THE ANTI CHEAT other wise best game oat,positive,steam_live,730,True,1778948425,1875,english,0,0.5,True,False,False
Counter-Strike 2,cykaa,positive,steam_live,730,True,1778948408,168876,english,0,0.5,True,False,False
Counter-Strike 2,masakra ban na 20 h za mecz w premier bo bylo duzo cheaterow to poco ten premier ....,negative,steam_live,730,False,1778948349,6204,polish,0,0.5,True,False,False
Counter-Strike 2,Lots of Chinese,positive,steam_live,730,True,1778948338,173,vietnamese,0,0.5,True,False,False
Counter-Strike 2,good game,positive,steam_live,730,True,1778948315,59138,russian,0,0.5,True,False,False
Counter-Strike 2,крута,positive,steam_live,730,True,1778948268,220718,russian,1,0.523809552192687988,True,False,False
Counter-Strike 2,111,positive,steam_live,730,True,1778948266,28568,schinese,1,0.52173912525177002,True,False,False
Counter-Strike 2,топ игра,positive,steam_live,730,True,1778948238,37645,russian,0,0.5,True,False,False
Counter-Strike 2,ОФИГЕННО!!!!!!!!!!!,positive,steam_live,730,True,1778948047,577,russian,0,0.5,True,False,False
Counter-Strike 2,awreytv WE 3QWET Bew,positive,steam_live,730,True,1778948042,11885,schinese,0,0.5,True,False,False
Counter-Strike 2,hacks only,positive,steam_live,730,True,1778948008,10743,english,0,0.5,True,False,False
Counter-Strike 2,buen juego,positive,steam_live,730,True,1778947972,18953,spanish,0,0.5,True,False,False
Counter-Strike 2,Nice Game,positive,steam_live,730,True,1778947903,2094,english,0,0.5,True,False,False
Counter-Strike 2,spermex,positive,steam_live,730,True,1778947882,13726,polish,0,0.5,True,False,False
Counter-Strike 2,Hile var,positive,steam_live,730,True,1778947858,5151,turkish,1,0.523809552192687988,True,False,False
Counter-Strike 2,eeeee,positive,steam_live,730,True,1778947646,11308,polish,0,0.5,True,False,False
Counter-Strike 2,♥♥♥♥♥ для даунов,positive,steam_live,730,True,1778947638,11918,russian,0,0.5,True,False,False
Counter-Strike 2,казино еб?нн?е,positive,steam_live,730,True,1778947601,27877,russian,0,0.5,True,False,False
Counter-Strike 2,"Counter-Strike: the game where everyone is either cheating, accusing someone of cheating, or coping by opening cases.

10/10, financially ruined but entertained.",positive,steam_live,730,True,1778947597,1274,english,0,0.5,True,False,False
Counter-Strike 2,игра имба если ты не лоутаб,positive,steam_live,730,True,1778947591,965,russian,0,0.5,True,False,False
Counter-Strike 2,nb,positive,steam_live,730,True,1778947564,6721,schinese,0,0.5,True,False,False
Counter-Strike 2,wenn man schnell russisch lernen will top 10/10. nachteil ist wenn du klinisch gesund bist brauchst du nach einer woche blutdruck senker.,negative,steam_live,730,False,1778947524,1092,german,0,0.5,True,False,False
Counter-Strike 2,好玩,positive,steam_live,730,True,1778947486,20512,schinese,0,0.5,True,False,False
Counter-Strike 2,обзор кароче имеет вес,positive,steam_live,730,True,1778947458,11915,russian,0,0.5,True,False,False
Counter-Strike 2,best game ever,positive,steam_live,730,True,1778947447,38166,english,0,0.5,True,False,False
Counter-Strike 2,Awesome,positive,steam_live,730,True,1778947380,8796,english,0,0.5,True,False,False
Counter-Strike 2,прикольно,positive,steam_live,730,True,1778947334,6244,russian,1,0.523809552192687988,True,False,False
Counter-Strike 2,too many hackers,negative,steam_live,730,False,1778947276,8852,english,2,0.523809552192687988,True,False,False
Counter-Strike 2,this game is my favorite,positive,steam_live,730,True,1778947241,21497,russian,0,0.5,True,False,False
Counter-Strike 2,для будущих свошников сойдет❤️,positive,steam_live,730,True,1778947175,42097,russian,0,0.5,True,False,False
Counter-Strike 2,great gam,positive,steam_live,730,True,1778947171,1931,english,0,0.5,True,False,False
Counter-Strike 2,Best shooter game,positive,steam_live,730,True,1778947168,9725,hungarian,1,0.523809552192687988,True,False,False
Counter-Strike 2,The best shooter game of all time!,positive,steam_live,730,True,1778947153,23288,russian,0,0.5,True,False,False
Counter-Strike 2,надо перестать играть,positive,steam_live,730,True,1778947132,8227,russian,0,0.5,True,False,False
Counter-Strike 2,This game is a joke idk how people still play it and skins are worth something VAC is not working or people just trolling  10k players lossing to 1k shooting is 50/50 % gamble movement is trash idk why did i try it and buy prime cant refund... and most of reviews that are mark as good are negative people are crying how bad the game is but still nostalgic,negative,steam_live,730,False,1778947100,19381,english,0,0.5,True,False,False
Counter-Strike 2,hgood,positive,steam_live,730,True,1778947080,2389,english,0,0.5,True,False,False
Counter-Strike 2,HERKEZ OYNAMALI TAVSİYE EDİYORUM AMA FACE,positive,steam_live,730,True,1778947072,1178,turkish,0,0.5,True,False,False
Counter-Strike 2,Volvo fix your ♥♥♥♥♥♥ ass matchmaking and while at it fix the game itself too,negative,steam_live,730,False,1778947061,13447,polish,0,0.5,True,False,False
Counter-Strike 2,"Çok güzel bir oyun; her yaşa hitaben, tavsiye ederim.",positive,steam_live,730,True,1778947007,60446,turkish,0,0.5,True,False,False
Counter-Strike 2,thanks for 1cent skin gaben,positive,steam_live,730,True,1778946980,20454,french,0,0.5,True,False,False
Counter-Strike 2,почти зарегало 2,positive,steam_live,730,True,1778946949,104692,russian,0,0.5,True,False,False
Counter-Strike 2,♥♥♥♥♥♥ ♥♥♥♥♥♥♥♥ game,positive,steam_live,730,True,1778946879,88298,english,0,0.5,True,False,False
Counter-Strike 2,кал,negative,steam_live,730,False,1778946869,1327,russian,0,0.5,True,False,False
Counter-Strike 2,"Jeu vraiment très intéressant
Si vous voulez commencer à apprendre le russe, avoir de la paranoïa ainsi que de la schizophrénie ce jeu est fait pour vous !

Jeu très bien si vous voulez ne plus sortir de votre chambre, ne pas avoir de femme, de vie sociale, d'avenir et j'en passe. 

Je recommande tout de même ce jeu !",positive,steam_live,730,True,1778946866,22365,french,0,0.5,True,False,False
Counter-Strike 2,1,positive,steam_live,730,True,1778946764,75222,schinese,0,0.5,True,False,False
Counter-Strike 2,Piece of ♥♥♥♥♥♥♥♥♥♥♥♥,positive,steam_live,730,True,1778946644,39106,english,0,0.5,True,False,False
Counter-Strike 2,Геймплей просто аху...крутой,positive,steam_live,730,True,1778946617,73179,russian,0,0.5,True,False,False
Counter-Strike 2,топик,positive,steam_live,730,True,1778946552,2765,russian,0,0.5,True,False,False
Counter-Strike 2,норм,positive,steam_live,730,True,1778946537,2561,russian,1,0.523809552192687988,True,False,False
Counter-Strike 2,makes me wanna ropemaxx,negative,steam_live,730,False,1778946512,27759,hungarian,0,0.5,True,False,False
Counter-Strike 2,игра залупа полная,positive,steam_live,730,True,1778946500,13976,russian,0,0.5,True,False,False
Counter-Strike 2,вкап,positive,steam_live,730,True,1778946477,29615,russian,0,0.5,True,False,False
Counter-Strike 2,как приложение для монтирования видео-- не очень,positive,steam_live,730,True,1778946440,9151,russian,0,0.5,True,False,False
Counter-Strike 2,好评如潮,positive,steam_live,730,True,1778946410,5060,schinese,0,0.5,True,False,False
Counter-Strike 2,"Норм обнова, играем",positive,steam_live,730,True,1778946389,585,russian,0,0.5,True,False,False
Counter-Strike 2,mając 43 godziny na tym koncie polecam tą gre kiedys napisze kolejną recenzje,positive,steam_live,730,True,1778946330,2874,polish,0,0.5,True,False,False
Counter-Strike 2,"Игра огонь, рекомендую",positive,steam_live,730,True,1778946328,984,russian,0,0.5,True,False,False
Counter-Strike 2,too many hackers,negative,steam_live,730,False,1778946312,110611,english,1,0.5,True,False,False
Counter-Strike 2,BAD GAME IF UR STUPID,positive,steam_live,730,True,1778946299,26752,english,0,0.5,True,False,False
Counter-Strike 2,игра очень крутая больше нет читеров после покупки прайма,positive,steam_live,730,True,1778946297,1940,russian,0,0.5,True,False,False
Counter-Strike 2,пиструн,positive,steam_live,730,True,1778946283,42710,russian,0,0.5,True,False,False
Counter-Strike 2,ideal pour tout decompressé sur des inconnue apres une journée sur les nerf,positive,steam_live,730,True,1778946240,8718,french,1,0.523809552192687988,True,False,False
Counter-Strike 2,сигмо гейм,positive,steam_live,730,True,1778946168,21262,russian,0,0.5,True,False,False
Counter-Strike 2,"Игра огонь, но VAC-баны читерюг оставляют желать лучшего",positive,steam_live,730,True,1778946148,14047,russian,0,0.5,True,False,False
Counter-Strike 2,Symulator Nauki Rosyjskiego polecam,positive,steam_live,730,True,1778946091,25672,polish,0,0.5,True,False,False
Counter-Strike 2,too many russians,positive,steam_live,730,True,1778946073,921,english,0,0.5,True,False,False
Counter-Strike 2,"jogo lixo, jogarei mais vezes",negative,steam_live,730,False,1778946070,5110,brazilian,0,0.5,True,False,False
Counter-Strike 2,Премьер режим топчик,positive,steam_live,730,True,1778946036,467,russian,0,0.5,True,False,False
Counter-Strike 2,beenmedim,negative,steam_live,730,False,1778946033,6312,turkish,0,0.5,True,False,False
Counter-Strike 2,gud gaem,positive,steam_live,730,True,1778945973,29236,english,0,0.5,True,False,False
Counter-Strike 2,low this game,negative,steam_live,730,False,1778945830,526,russian,1,0.523809552192687988,True,False,False
Counter-Strike 2,şahane,positive,steam_live,730,True,1778945799,198735,turkish,1,0.523809552192687988,True,False,False
Counter-Strike 2,Лагает,positive,steam_live,730,True,1778945787,1770,russian,0,0.5,True,False,False
Counter-Strike 2,:P,positive,steam_live,730,True,1778945765,1075,spanish,1,0.523809552192687988,True,False,False
Counter-Strike 2,"Umarım bu oyunda emeği gecen tüm geliştiriciler testis kanseri gecirip hayatlarına kadın olarak devam ederler.Bu kadar zor olmamalı bir anti Cheat yapmak. Eşek yüküyle para kazanıyorlar hala adam akıllı anti-cheat üretemediler.
Yazık",negative,steam_live,730,False,1778945759,31005,turkish,0,0.5,True,False,False
Counter-Strike 2,"классная игра, лишился мамы, но теперь у меня два отца",positive,steam_live,730,True,1778945707,13898,russian,0,0.5,True,False,False
Counter-Strike 2,10/10,positive,steam_live,730,True,1778945679,29269,russian,0,0.5,True,False,False
Counter-Strike 2,.,positive,steam_live,730,True,1778945678,393,russian,0,0.5,True,False,False
Counter-Strike 2,ml,positive,steam_live,730,True,1778945595,403,french,0,0.5,True,False,False
Counter-Strike 2,ćwiczenie refleksu i fajna gierka,positive,steam_live,730,True,1778945593,809,polish,0,0.5,True,False,False
Counter-Strike 2,"Качаю звание, все супер",positive,steam_live,730,True,1778945573,64,russian,0,0.5,True,False,False
Counter-Strike 2,♥♥♥♥♥♥ как жаль свои 462 часа,positive,steam_live,730,True,1778945517,27762,russian,0,0.5,True,False,False
Counter-Strike 2,+5,positive,steam_live,730,True,1778945474,3818,russian,0,0.5,True,False,False
Counter-Strike 2,好玩,positive,steam_live,730,True,1778945423,61802,tchinese,0,0.5,True,False,False
Counter-Strike 2,"Пж зарегай 2 или другое название пж без мамкиных читеров 2. Опустили игру ниже плинитуса своими обновлениями, нет реги, читеры попадаются чаще чем ты дышишь.",negative,steam_live,730,False,1778945343,31620,russian,1,0.523809552192687988,True,False,False
Counter-Strike 2,You will sink your money and time into this game to get mediocre returns in both :),negative,steam_live,730,False,1778945301,78086,english,0,0.5,True,False,False
Counter-Strike 2,VAC = Valve Allows Cheats. The world's best cheat testing environment. Many thanks to Valve for proving to us live in 2-3 matches every day how third-party software destroys the game. Those who want to become mentally ill and lose their sanity can download it now.,negative,steam_live,730,False,1778945247,13247,turkish,1,0.5,True,False,False
Counter-Strike 2,"https://steamcommunity.com/id/donkgojo/inventory/#730_2_41640713724
https://steamcommunity.com/id/perf-/inventory/#730_2_23880241512",positive,steam_live,730,True,1778945246,215737,russian,0,0.5,True,False,False
Counter-Strike 2,OK,positive,steam_live,730,True,1778945245,110816,russian,0,0.5,True,False,False
Counter-Strike 2,я убил крысу а игра топ,positive,steam_live,730,True,1778945226,3174,russian,0,0.5,True,False,False
Counter-Strike 2,BEST,positive,steam_live,730,True,1778945209,7057,schinese,0,0.5,True,False,False
Counter-Strike 2,"New update prevents me from playing again,reinstalling and verifying files did not work.",negative,steam_live,730,False,1778945189,9712,english,0,0.5,True,False,False
Counter-Strike 2,"как выйти с этой помойки, где кнопка??7",negative,steam_live,730,False,1778945157,30346,russian,0,0.5,True,False,False
Counter-Strike 2,"наипрекрассная игра,первый раз зашел,за мной побежал семилетний пацан со словами:""Я чикатило""",positive,steam_live,730,True,1778945120,37832,russian,0,0.523809552192687988,True,False,False
Counter-Strike 2,good game,positive,steam_live,730,True,1778945043,33399,polish,0,0.476190477609634399,True,False,False
Counter-Strike 2,дада,positive,steam_live,730,True,1778944902,7537,russian,0,0.5,True,False,False
Counter-Strike 2,I met a lot of russians who speak such beautiful words i even learnoed some russian and the enemies have such skills that they can noscope me trough a wall in the head with a scout they are really good at the game,positive,steam_live,730,True,1778944878,26569,english,0,0.5,True,False,False
Counter-Strike 2,n1,positive,steam_live,730,True,1778944863,60434,english,0,0.5,True,False,False
Counter-Strike 2,normis,positive,steam_live,730,True,1778944838,1336,russian,0,0.5,True,False,False
Counter-Strike 2,abi bu oyun ♥♥♥ iyi ya hacoş,positive,steam_live,730,True,1778944760,1946,turkish,1,0.523809552192687988,True,False,False
Counter-Strike 2,накидали репортов зато что новичек игра топ,negative,steam_live,730,False,1778944745,493,russian,0,0.5,True,False,False
Counter-Strike 2,"anticheat bad , farming drops is all",negative,steam_live,730,False,1778944733,34367,english,1,0.5,True,False,False
Counter-Strike 2,НУ ПРОСТО ♥♥♥♥♥♥ ЕБАННЫЙ А НЕ ИГРА СУККА,negative,steam_live,730,False,1778944608,11851,russian,0,0.5,True,False,False
Counter-Strike 2,bought premium spent tons of money on cases and terminals gained pretty much nothing 10/10 would recommend,positive,steam_live,730,True,1778944590,2993,english,0,0.5,True,False,False
Counter-Strike 2,Рыготня подзаборной шафки отъёбанной бомжом под мефом,negative,steam_live,730,False,1778944555,11107,russian,0,0.5,True,False,False
Counter-Strike 2,vive l'ukraine,positive,steam_live,730,True,1778944505,3067,french,1,0.523809552192687988,True,False,False
Counter-Strike 2,"The game is full of cheaters, and Valve doing nothing with it...",negative,steam_live,730,False,1778944482,4669,czech,0,0.5,True,False,False
Counter-Strike 2,very russian,positive,steam_live,730,True,1778944455,38886,english,0,0.5,True,False,False
Counter-Strike 2,это просто ♥♥♥♥♥♥,positive,steam_live,730,True,1778944420,7698,russian,0,0.5,True,False,False
Counter-Strike 2,.,positive,steam_live,730,True,1778944379,6240,english,0,0.5,True,False,False
Counter-Strike 2,hile olmasa güzel oyun,positive,steam_live,730,True,1778944316,2527,turkish,1,0.523809552192687988,True,False,False
Counter-Strike 2,"⠀⣠⣤⣄⠀⠀⠀⠀⠀⠀⠀⠀⠀⠀⠀⠀⠀⠀⠀
⠀⠀⠀⠀⠀⠀⠀⠀⠀⠀⠀⢰⣿⣿⣿⡷⠀⠀⠀⠀⠀⠀⠀⠀⠀⠀⠀⠀⠀⠀
⠀⠀⠀⠀⠀⠀⠀⠀⠀⠀⠀⢀⣙⡛⠛⠁⠀⠀⠀⠀⠀⠀⠀⠀⠀⠀⠀⠀⠀⠀
⠀⠀⠀⠀⠀⠀⠀⠀⠀⠀⢀⣿⣿⣿⡆⠀⠀⠀⠀⠀⠀⠀⠀⠀⠀⠀⠀⠀⠀⠀
⠀⠀⠀⠀⠀⠀⠀⠀⠀⠀⣾⣿⣿⣿⣧⠀⠀⠀⠀⠀⠀⠀⠀⠀⠀⠀⠀⠀
⠀⠀⠀⠀⠀⠀⠀⠀⠀⢰⣿⣿⣿⠙⣿⣧⠀⠀⠀⠀⠀⠀⣾⣿⣿⣷⠀⠀⠀⠀⠀⠀
⠀⠀⠀⠀⠀⠀⠀⠀⠀⢻⣿⣿⣇⣴⣮⡿⣿.⠀⠀⠀⠀⣙⠿⠿⠋⠀⠀⠀⠀⠀⠀
⠀⠀⠀⠀⠀⠀⠀⠀⠀⠘⣿⣿⡏⣿⣿⣿⣾⣾⣿⣿⣿⣷⠀⠀⠀⠀⠀⠀⠀⠀
⠀⠀⠀⠀⠀⠀⢀⣀⣀⣀⣿⣿⡇⢿⣿⡇⠈⠉⠻⡿⣿⡏⠀⠀⠀⠀⠀⠀⠀⠀
⠀⠀⠀⠀⠀⠀⠘⠿⠿⠿⠿⠿⠧⠿⠿⠇⠀⠀⠀⠀⠿⠿⠿⠿⠗",positive,steam_live,730,True,1778944275,7655,english,0,0.5,True,False,False
Counter-Strike 2,нормас,positive,steam_live,730,True,1778944251,14472,russian,0,0.5,True,False,False
Counter-Strike 2,"pra que fazer um jogo tão ruim tendo uma lenda chamada cs go, nessa conta tenho só 200hrs só que  juntando outras contas da mais de 1k de hrs.
 VOLTEM COM CSGO PFV",negative,steam_live,730,False,1778944236,16554,brazilian,0,0.5,True,False,False
Counter-Strike 2,игра для конченых,negative,steam_live,730,False,1778944210,15214,russian,0,0.5,True,False,False
Counter-Strike 2,♥♥♥♥♥,negative,steam_live,730,False,1778944204,836,russian,0,0.5,True,False,False
Counter-Strike 2,very tuf,positive,steam_live,730,True,1778944202,4219,english,0,0.5,True,False,False
Counter-Strike 2,топчик,positive,steam_live,730,True,1778944102,70,russian,0,0.5,True,False,False
Counter-Strike 2,güzel,positive,steam_live,730,True,1778944024,13645,turkish,0,0.5,True,False,False
Counter-Strike 2,Jogo esta acabando por contas dos chiters...,positive,steam_live,730,True,1778943936,9322,brazilian,0,0.5,True,False,False
Counter-Strike 2,Я узнал много нового про свою родословную,positive,steam_live,730,True,1778943791,1254,russian,0,0.5,True,False,False
Counter-Strike 2,Very boyfriend friendly!,positive,steam_live,730,True,1778943744,1367,english,1,0.523809552192687988,True,False,False
Counter-Strike 2,ight,positive,steam_live,730,True,1778943738,111492,english,0,0.5,True,False,False
Counter-Strike 2,juego de mierda,positive,steam_live,730,True,1778943735,57441,latam,0,0.5,True,False,False
Counter-Strike 2,beautiful russiians,positive,steam_live,730,True,1778943705,1340,english,0,0.5,True,False,False
Counter-Strike 2,ф,positive,steam_live,730,True,1778943697,7913,russian,0,0.5,True,False,False
Counter-Strike 2,Отличное обновление,positive,steam_live,730,True,1778943635,2124,russian,1,0.523809552192687988,True,False,False
Counter-Strike 2,fsfsd,negative,steam_live,730,False,1778943628,1367,english,0,0.5,True,False,False
Counter-Strike 2,Muito bom,positive,steam_live,730,True,1778943587,2791,brazilian,1,0.523809552192687988,True,False,False
Counter-Strike 2,"Норм обнова, играем",positive,steam_live,730,True,1778943495,388,russian,0,0.5,True,False,False
Counter-Strike 2,veri gud nonsense bat gud,positive,steam_live,730,True,1778943490,4827,english,0,0.5,True,False,False
Counter-Strike 2,gjfgjfgfgjffgj,positive,steam_live,730,True,1778943475,2759,finnish,0,0.5,True,False,False
Counter-Strike 2,+REP,positive,steam_live,730,True,1778943458,7188,turkish,1,0.523809552192687988,True,False,False
Counter-Strike 2,jeu cancer mais bien,positive,steam_live,730,True,1778943375,30409,french,1,0.523809552192687988,True,False,False
Counter-Strike 2,przed chwilą zabiłem swojego teammate'a za bycie gównem,positive,steam_live,730,True,1778943210,5278,polish,1,0.523809552192687988,True,False,False
Counter-Strike 2,nice,positive,steam_live,730,True,1778943196,17076,russian,0,0.5,True,False,False
Counter-Strike 2,kocham cs2,positive,steam_live,730,True,1778943181,33864,polish,0,0.5,True,False,False
Counter-Strike 2,"pt pt pt pt 
CLANGM 
terrorists win",positive,steam_live,730,True,1778943172,1923,english,0,0.5,True,False,False
Counter-Strike 2,The game is lowkey ass,negative,steam_live,730,False,1778943162,46385,german,1,0.523809552192687988,True,False,False
Counter-Strike 2,"i hate and love this game 
i would definitely recomen it top othersa",positive,steam_live,730,True,1778943058,16195,english,0,0.5,True,False,False
Counter-Strike 2,valorant is better,negative,steam_live,730,False,1778943039,15951,english,0,0.5,True,False,False
Counter-Strike 2,it´s very good and fun game,positive,steam_live,730,True,1778943031,4985,czech,1,0.523809552192687988,True,False,False
Counter-Strike 2,best game,positive,steam_live,730,True,1778943020,45518,english,0,0.5,True,False,False
Counter-Strike 2,trash,negative,steam_live,730,False,1778943018,116865,czech,0,0.5,True,False,False
Counter-Strike 2,классно,positive,steam_live,730,True,1778942939,14906,russian,0,0.5,True,False,False
Counter-Strike 2,.,positive,steam_live,730,True,1778942892,36616,russian,0,0.5,True,False,False
Counter-Strike 2,rhenfqa buhf,positive,steam_live,730,True,1778942674,653,russian,0,0.5,True,False,False
Counter-Strike 2,тяжелый случай,positive,steam_live,730,True,1778942616,17980,russian,0,0.5,True,False,False
Counter-Strike 2,veri gud gejm aj rekomend,positive,steam_live,730,True,1778942609,12556,english,0,0.5,True,False,False
Counter-Strike 2,"我喜欢这款游戏，纯粹的fps,没有华丽的射击效果，没有眼花缭乱的技能，既有拟真的感觉又有竞技的内核，毫无疑问，cs2是我遇到的最好的fps游戏，可惜，我现在不能玩了，但我相信下次重逢一定是更加美好的相遇。",positive,steam_live,730,True,1778942589,26581,schinese,0,0.5,True,False,False
Counter-Strike 2,cool,positive,steam_live,730,True,1778942573,1461,russian,0,0.5,True,False,False
Counter-Strike 2,SO FUN,positive,steam_live,730,True,1778942569,1252,english,0,0.5,True,False,False
Counter-Strike 2,Good game but full of cheaters,positive,steam_live,730,True,1778942550,4305,english,0,0.5,True,False,False
Counter-Strike 2,"DONT DO IT, BUT DO IT",positive,steam_live,730,True,1778942549,487,english,0,0.5,True,False,False
Counter-Strike 2,Foarte buna joaca,positive,steam_live,730,True,1778942517,29,russian,0,0.5,True,False,False
Counter-Strike 2,люблю мазать с мухи,positive,steam_live,730,True,1778942507,735,russian,0,0.5,True,False,False
Counter-Strike 2,viciei nessa desgraça,positive,steam_live,730,True,1778942479,3939,brazilian,0,0.5,True,False,False
Counter-Strike 2,Nice game,positive,steam_live,730,True,1778942476,662,french,1,0.523809552192687988,True,False,False
Counter-Strike 2,все имба,positive,steam_live,730,True,1778942322,1515,russian,0,0.5,True,False,False
Counter-Strike 2,"Lots of hacker, unfair match making, too many reports yet no punishment on reported players.",negative,steam_live,730,False,1778942263,9618,english,1,0.5,True,False,False
Counter-Strike 2,in this game more cheaters than in tinder,positive,steam_live,730,True,1778942156,3725,english,0,0.5,True,False,False
Counter-Strike 2,"игра шикарная, каждая новая катка и я узнаю новые виды вертолётов",positive,steam_live,730,True,1778942129,13236,russian,0,0.5,True,False,False
Counter-Strike 2,пж зарегай 2,negative,steam_live,730,False,1778942097,37120,russian,0,0.5,True,False,False
Counter-Strike 2,super,positive,steam_live,730,True,1778942053,124805,turkish,1,0.523809552192687988,True,False,False
Counter-Strike 2,i like,positive,steam_live,730,True,1778941944,8555,spanish,0,0.5,True,False,False
Counter-Strike 2,габен жесткие дропы с еженедельного дает,positive,steam_live,730,True,1778941942,9372,russian,0,0.5,True,False,False
Counter-Strike 2,неплохо,positive,steam_live,730,True,1778941859,25756,russian,0,0.5,True,False,False
Counter-Strike 2,откалибровался на 11к сидя на лоутабе,positive,steam_live,730,True,1778941832,24750,russian,0,0.5,True,False,False
Counter-Strike 2,o melhor jogo ja criado.,positive,steam_live,730,True,1778941807,13969,brazilian,0,0.5,True,False,False
Counter-Strike 2,傻逼游戏优先模式都开转了照样不封禁,negative,steam_live,730,False,1778941807,43838,schinese,0,0.5,True,False,False
Counter-Strike 2,"кс - игра для нормисов и массовки, у которых нет воображения 
+тимы говно",positive,steam_live,730,True,1778941779,7263,russian,0,0.5,True,False,False
Counter-Strike 2,Все понравилось!,positive,steam_live,730,True,1778941758,22385,russian,0,0.5,True,False,False
Counter-Strike 2,класс,positive,steam_live,730,True,1778941703,6181,russian,0,0.5,True,False,False
Counter-Strike 2,КОГДА НОВЫЙ ТЕРМИНАЛ,positive,steam_live,730,True,1778941693,8503,russian,0,0.5,True,False,False
Counter-Strike 2,Jebać rosyjskie dzieci,positive,steam_live,730,True,1778941656,21312,polish,0,0.5,True,False,False
Counter-Strike 2,1,positive,steam_live,730,True,1778941518,64216,schinese,0,0.5,True,False,False
Counter-Strike 2,"really ok game dawg this goes insane with homies and just dudes

no women though at all like it's all over",positive,steam_live,730,True,1778941518,22,english,0,0.5,True,False,False
Counter-Strike 2,♥♥♥♥♥ мать габена умерла,positive,steam_live,730,True,1778941515,5676,ukrainian,0,0.5,True,False,False
Counter-Strike 2,güzel oyun,positive,steam_live,730,True,1778941513,20984,turkish,0,0.5,True,False,False
Counter-Strike 2,"La verdad meparece un juego muy bueno, tiene graficos buenisimos, la jugabilidad es buenisima, es un juego perfecto para mi gusto, lamentablemente esta repleto de gente usando hack y eso arruina muchisimo la experiencia sino seria un 10, pero por los hacers le doy un 7",positive,steam_live,730,True,1778941483,14673,spanish,0,0.5,True,False,False
Counter-Strike 2,It's literally a garbage dump,positive,steam_live,730,True,1778941483,27921,vietnamese,1,0.523809552192687988,True,False,False
Counter-Strike 2,♥♥♥♥♥ 2,negative,steam_live,730,False,1778941480,17633,russian,0,0.5,True,False,False
Counter-Strike 2,HHHHHHHHHHHHH,positive,steam_live,730,True,1778941460,2437,schinese,0,0.5,True,False,False
Counter-Strike 2,нраится,positive,steam_live,730,True,1778941426,5633,russian,0,0.5,True,False,False
Counter-Strike 2,заебись,positive,steam_live,730,True,1778941383,24433,russian,1,0.523809552192687988,True,False,False
Counter-Strike 2,Top game,positive,steam_live,730,True,1778941278,51,russian,0,0.5,True,False,False
Counter-Strike 2,Che dire? Ha fatto la storia!,positive,steam_live,730,True,1778941255,7354,italian,0,0.5,True,False,False
Counter-Strike 2,es muy bueno,positive,steam_live,730,True,1778941241,8158,spanish,0,0.5,True,False,False
Counter-Strike 2,Игра для даунов,positive,steam_live,730,True,1778941236,1365,russian,0,0.5,True,False,False
Counter-Strike 2,Норм,positive,steam_live,730,True,1778941194,2467,russian,1,0.523809552192687988,True,False,False
Counter-Strike 2,fps  기준이되는 게임,positive,steam_live,730,True,1778940977,10562,koreana,0,0.5,True,False,False
Counter-Strike 2,1111,positive,steam_live,730,True,1778940962,11862,schinese,0,0.5,True,False,False
Counter-Strike 2,9178,positive,steam_live,730,True,1778940907,349,schinese,0,0.5,True,False,False
Counter-Strike 2,karışık,positive,steam_live,730,True,1778940866,11621,turkish,1,0.523809552192687988,True,False,False
Counter-Strike 2,"best game but alot of cheaters, smurfers and annoying people",positive,steam_live,730,True,1778940813,20878,english,0,0.5,True,False,False
Counter-Strike 2,a,positive,steam_live,730,True,1778940793,2139,english,0,0.5,True,False,False
Counter-Strike 2,"игра для аутистов и макак,10/10",positive,steam_live,730,True,1778940777,32684,ukrainian,0,0.5,True,False,False
Counter-Strike 2,Düz çöp,negative,steam_live,730,False,1778940764,25110,turkish,1,0.5,True,False,False
Counter-Strike 2,lleno de chiteros y no hacen nada,negative,steam_live,730,False,1778940738,2546,spanish,1,0.5,True,False,False
Counter-Strike 2,иди в попу,positive,steam_live,730,True,1778940723,2299,russian,0,0.5,True,False,False
Counter-Strike 2,"Игра огонь, рекомендую",positive,steam_live,730,True,1778940681,750,russian,0,0.5,True,False,False
Counter-Strike 2,"почините игру, дети отсталых обезьян",negative,steam_live,730,False,1778940679,102031,russian,0,0.5,True,False,False
Counter-Strike 2,.,negative,steam_live,730,False,1778940678,45436,brazilian,0,0.5,True,False,False
Counter-Strike 2,adicdick,positive,steam_live,730,True,1778940651,45959,english,0,0.5,True,False,False
Counter-Strike 2,"Rampant cheating issues in both prime and non-prime matchmaking, premiere is a joke. Loved this game a few years ago now I'm just tired of shooters in general and that's definately a me issue and not the games fault. Even still, one of the biggest games on the platform pulling millions of players every day and still can't do anything about the cheaters in it. Make it make sense, P.S GOLD GOLD GOLD",negative,steam_live,730,False,1778940635,9898,english,1,0.5,True,False,False
Counter-Strike 2,9,positive,steam_live,730,True,1778940624,37632,russian,0,0.5,True,False,False
Counter-Strike 2,https://steamcommunity.com/id/donkgojo/inventory/#730_2_41640713724,positive,steam_live,730,True,1778940600,20861,russian,1,0.523809552192687988,True,False,False
Counter-Strike 2,!?强强？！,positive,steam_live,730,True,1778940580,802,schinese,1,0.523809552192687988,True,False,False
Counter-Strike 2,夯爆了,positive,steam_live,730,True,1778940561,8556,schinese,0,0.5,True,False,False
Counter-Strike 2,i recomend this game,positive,steam_live,730,True,1778940533,12803,english,0,0.5,True,False,False
Counter-Strike 2,很棒，特别是改了弹夹很傻,positive,steam_live,730,True,1778940526,119638,schinese,0,0.5,True,False,False
Counter-Strike 2,Топ за свои деньги,positive,steam_live,730,True,1778940457,393,russian,0,0.5,True,False,False
Counter-Strike 2,F,negative,steam_live,730,False,1778940354,24630,russian,1,0.523809552192687988,True,False,False
Counter-Strike 2,T6F,positive,steam_live,730,True,1778940330,71947,russian,0,0.5,True,False,False
Counter-Strike 2,the best game,positive,steam_live,730,True,1778940236,6957,english,0,0.5,True,False,False
Counter-Strike 2,Имба,positive,steam_live,730,True,1778940235,4635,russian,0,0.5,True,False,False
Counter-Strike 2,♥♥♥♥♥,positive,steam_live,730,True,1778940174,12092,russian,0,0.5,True,False,False
Counter-Strike 2,You need a Team to have fun ! Solo play is terible and 80% in the top 1000 are Cheaters,positive,steam_live,730,True,1778940090,7849,german,0,0.5,True,False,False
Counter-Strike 2,vac is ♥♥♥♥,negative,steam_live,730,False,1778940035,29962,english,0,0.5,True,False,False
Counter-Strike 2,♥♥♥♥,negative,steam_live,730,False,1778939991,2502,hungarian,0,0.5,True,False,False
Counter-Strike 2,1,positive,steam_live,730,True,1778939902,12158,russian,0,0.5,True,False,False
Counter-Strike 2,牛逼,positive,steam_live,730,True,1778939902,2008,schinese,0,0.5,True,False,False
Counter-Strike 2,good gejm,positive,steam_live,730,True,1778939880,7932,english,1,0.523809552192687988,True,False,False
Counter-Strike 2,good,positive,steam_live,730,True,1778939836,4651,english,0,0.5,True,False,False
Counter-Strike 2,nice game,positive,steam_live,730,True,1778939817,2666,polish,0,0.5,True,False,False
Counter-Strike 2,не советую эту игру на премьере очень много читеров и их не банят почемуто лудше всего играть через фейсит,negative,steam_live,730,False,1778939748,44025,russian,0,0.5,True,False,False
Counter-Strike 2,GG MENS,positive,steam_live,730,True,1778939704,1084,english,0,0.5,True,False,False
Counter-Strike 2,Melhor jogo,positive,steam_live,730,True,1778939661,26365,brazilian,1,0.523809552192687988,True,False,False
Counter-Strike 2,ak,positive,steam_live,730,True,1778939617,1314,russian,0,0.5,True,False,False
Counter-Strike 2,ъ,positive,steam_live,730,True,1778939429,3444,russian,0,0.5,True,False,False
Counter-Strike 2,это паража полная,negative,steam_live,730,False,1778939388,1782,russian,0,0.5,True,False,False
Counter-Strike 2,Lots of cheaters and VAC is SUCKS not recommended for new players find a better game,negative,steam_live,730,False,1778939284,5005,english,0,0.5,True,False,False
Counter-Strike 2,хуита,positive,steam_live,730,True,1778939177,73133,russian,0,0.5,True,False,False
Counter-Strike 2,пока наиграл касарь часов мою родословную отимела вся планета,positive,steam_live,730,True,1778939135,59978,russian,1,0.523809552192687988,True,False,False
Counter-Strike 2,Ta gra każdego dnia dodaje mi motywacji do życia. Pozdrawiam Serdecznie,positive,steam_live,730,True,1778939029,201674,polish,0,0.5,True,False,False
Counter-Strike 2,"great game, but too many hackers",positive,steam_live,730,True,1778939003,10430,russian,0,0.5,True,False,False
Counter-Strike 2,♥♥♥♥♥♥♥♥,positive,steam_live,730,True,1778938990,4865,english,0,0.5,True,False,False
Counter-Strike 2,не регает,positive,steam_live,730,True,1778938957,5650,russian,0,0.5,True,False,False
Counter-Strike 2,.,positive,steam_live,730,True,1778938940,60086,russian,0,0.5,True,False,False
Counter-Strike 2,:),positive,steam_live,730,True,1778938864,39509,russian,0,0.5,True,False,False
Counter-Strike 2,Я ЕЕ МАМУ ♥♥♥♥,positive,steam_live,730,True,1778938862,62648,russian,0,0.5,True,False,False
Counter-Strike 2,çok iyi bir oyun,positive,steam_live,730,True,1778938827,1532,turkish,1,0.523809552192687988,True,False,False
Counter-Strike 2,очень понравилась игра лучше стендоффа в стендофе много лагов а кс нету;),positive,steam_live,730,True,1778938818,1392,russian,0,0.5,True,False,False
Counter-Strike 2,♥♥♥♥♥♥ ♥♥♥♥♥,negative,steam_live,730,False,1778938726,3625,russian,0,0.5,True,False,False
Counter-Strike 2,gray green,positive,steam_live,730,True,1778938719,48,english,0,0.5,True,False,False
Counter-Strike 2,пчвпывчам,positive,steam_live,730,True,1778938653,3306,russian,0,0.5,True,False,False
Counter-Strike 2,6,positive,steam_live,730,True,1778938609,94483,schinese,0,0.5,True,False,False
Counter-Strike 2,its ♥♥♥♥ but its good,positive,steam_live,730,True,1778938583,7277,english,0,0.5,True,False,False
Counter-Strike 2,[eqyzs,positive,steam_live,730,True,1778938408,4606,russian,0,0.5,True,False,False
Counter-Strike 2,67 газан оценил бы эту п0ебень,positive,steam_live,730,True,1778938387,30706,russian,0,0.5,True,False,False
Counter-Strike 2,ничего,positive,steam_live,730,True,1778938320,2583,russian,0,0.5,True,False,False
Counter-Strike 2,"КаЛЬВЕ настолько жидкео обосрались, что у них в бой насмерть одни боты с аимом играют и им посрать вообще.",negative,steam_live,730,False,1778938216,72620,russian,0,0.5,True,False,False
Counter-Strike 2,good game,positive,steam_live,730,True,1778938170,31155,english,0,0.5,True,False,False
Counter-Strike 2,top,positive,steam_live,730,True,1778938124,4419,german,0,0.5,True,False,False
Counter-Strike 2,охуено регает,positive,steam_live,730,True,1778938096,4572,russian,0,0.5,True,False,False
Counter-Strike 2,无敌,positive,steam_live,730,True,1778938084,43455,schinese,0,0.5,True,False,False
Counter-Strike 2,very good,positive,steam_live,730,True,1778937973,34866,english,1,0.523809552192687988,True,False,False
Counter-Strike 2,"в игру играть смысла больше нет, читаков еще больше стало, так как анти чита в игре ВООБЩЕ НЕТУ, а разработчикам всеровно на игру, только добавляют никому не нужные обновления вот и всё",negative,steam_live,730,False,1778937919,8714,ukrainian,0,0.5,True,False,False
Counter-Strike 2,好玩爱玩！！！！！！！！！！！！！！！！！！,positive,steam_live,730,True,1778937886,183646,schinese,0,0.5,True,False,False
Counter-Strike 2,11222333,positive,steam_live,730,True,1778937882,9415,russian,0,0.5,True,False,False
Counter-Strike 2,her 2 maçta bir hile geliyor bence her el gelmeli,positive,steam_live,730,True,1778937879,8996,turkish,0,0.5,True,False,False
Counter-Strike 2,1,negative,steam_live,730,False,1778937802,8203,russian,0,0.5,True,False,False
Counter-Strike 2,"Игра хорошая, но античит почти не работает",positive,steam_live,730,True,1778937797,19237,russian,0,0.5,True,False,False
Counter-Strike 2,betiful game,positive,steam_live,730,True,1778937779,3828,english,0,0.5,True,False,False
Counter-Strike 2,.,negative,steam_live,730,False,1778937777,20636,polish,0,0.5,True,False,False
Counter-Strike 2,开了个小号才知道，原来真那么多挂，跳脸都不封的,negative,steam_live,730,False,1778937658,1336,schinese,1,0.523809552192687988,True,False,False
Counter-Strike 2,nice game,positive,steam_live,730,True,1778937634,479,russian,0,0.5,True,False,False
Counter-Strike 2,♥♥♥♥♥ ♥♥♥♥♥♥♥ ни регает ♥♥♥♥♥,positive,steam_live,730,True,1778937615,5711,russian,0,0.5,True,False,False
Counter-Strike 2,ФІіфв,negative,steam_live,730,False,1778937552,20811,ukrainian,0,0.5,True,False,False
Counter-Strike 2,зря скачал,negative,steam_live,730,False,1778937543,40062,russian,0,0.5,True,False,False
Counter-Strike 2,"стандофф круче, а это копирка тупая😭😭😭😭",negative,steam_live,730,False,1778937533,8180,russian,0,0.5,True,False,False
Counter-Strike 2,67,negative,steam_live,730,False,1778937522,14404,russian,0,0.5,True,False,False
Counter-Strike 2,"Muito bom, depois que comecei a jogar CS2 desenvolvi problemas de raiva, perdi o emprego e não jogo mais nenhum jogo. Totalmente viciante, tomem cuidado, pior que crack.",positive,steam_live,730,True,1778937515,30830,brazilian,1,0.523809552192687988,True,False,False
Counter-Strike 2,Крутая игра,positive,steam_live,730,True,1778937475,12549,russian,0,0.5,True,False,False
Counter-Strike 2,好玩,positive,steam_live,730,True,1778937465,266,schinese,0,0.5,True,False,False
Counter-Strike 2,ну что говорить кс она и в Африке кс зарегай пж 2,positive,steam_live,730,True,1778937447,10647,russian,0,0.5,True,False,False
Counter-Strike 2,xyeta,positive,steam_live,730,True,1778937424,24003,russian,1,0.523809552192687988,True,False,False
Counter-Strike 2,лучшая игра!,positive,steam_live,730,True,1778937419,953,russian,0,0.5,True,False,False
Counter-Strike 2,好玩,positive,steam_live,730,True,1778937410,5436,schinese,0,0.5,True,False,False
Counter-Strike 2,fun game but alot of cheaters,positive,steam_live,730,True,1778937374,93128,english,0,0.5,True,False,False
Counter-Strike 2,good game,positive,steam_live,730,True,1778937362,364,english,0,0.5,True,False,False
Counter-Strike 2,good game,positive,steam_live,730,True,1778937269,2000,english,0,0.5,True,False,False
Counter-Strike 2,"dont open cases u will get addicted,but a great game forsure",positive,steam_live,730,True,1778937232,3135,english,0,0.5,True,False,False
Counter-Strike 2,не регает,positive,steam_live,730,True,1778937222,68705,russian,0,0.5,True,False,False
Counter-Strike 2,говно,positive,steam_live,730,True,1778937143,8230,russian,0,0.5,True,False,False
Counter-Strike 2,Bots are now voting to kick us out of the game. valve ...,negative,steam_live,730,False,1778937057,880,turkish,1,0.5,True,False,False
Counter-Strike 2,Ruined game.,negative,steam_live,730,False,1778936861,13087,english,0,0.5,True,False,False
Counter-Strike 2,FULL PIESE OF ♥♥♥♥,negative,steam_live,730,False,1778936817,15570,bulgarian,0,0.5,True,False,False
Counter-Strike 2,.,positive,steam_live,730,True,1778936752,16173,portuguese,0,0.476190477609634399,True,False,False
Counter-Strike 2,Полная ♥♥♥♥♥,positive,steam_live,730,True,1778936729,7342,russian,0,0.5,True,False,False
Counter-Strike 2,Исправили много багов,positive,steam_live,730,True,1778936726,143,russian,0,0.5,True,False,False
Counter-Strike 2,依旧天才双子星,positive,steam_live,730,True,1778936722,16395,schinese,0,0.5,True,False,False
Counter-Strike 2,"do NOT buy this game. the servers are hosted on a potato that valve found in 2003. every lobby has one guy who sounds like he's calling in an airstrike from his bathroom and one guy who has never seen a keyboard before in his life. the anti-cheat is a suggestion. a vibe. a dream. cheaters running around like they pay rent here and valve is just watching with a coffee.

the map design makes me question god. my gun shoots where it wants, not where i tell it. i threw a grenade once and it killed me. HOW. i was standing STILL.

everything is broken. the economy is broken. my mental is broken. my mouse might also be broken i'm not sure anymore.

anyway i cannot stop. something is deeply wrong with me and also with this game.

buy it.",positive,steam_live,730,True,1778936712,28865,english,1,0.523809552192687988,True,False,False
Counter-Strike 2,Пж зарегай 2,positive,steam_live,730,True,1778936623,6897,russian,0,0.5,True,False,False
Counter-Strike 2,top,positive,steam_live,730,True,1778936604,47240,brazilian,0,0.5,True,False,False
Counter-Strike 2,Классная игра но одному скучно,positive,steam_live,730,True,1778936542,28831,russian,0,0.5,True,False,False
Counter-Strike 2,"dont buy prime not worth it , just keep playing non prime casuals way more fun  against the noops",negative,steam_live,730,False,1778936514,2080,english,0,0.476190477609634399,True,False,False
Counter-Strike 2,wow,positive,steam_live,730,True,1778936507,177628,russian,0,0.5,True,False,False
Counter-Strike 2,"Время потрачено не зря, сколько я глупостей за эти 950 часов мог сделать",positive,steam_live,730,True,1778936446,57059,russian,0,0.5,True,False,False
Counter-Strike 2,♥♥♥♥♥♥ говно 2,negative,steam_live,730,False,1778936399,21898,russian,0,0.5,True,False,False
Counter-Strike 2,Игра очень интересная привалекательная ходишь долбишь дереевья потом долбят тебя ты уже опять на бичке с камнем и факелом потом какаото добрый человек в мвк сете подходит к тебе и отдаёт хату ты ему спасибо а он тебя ракетыми потом заплёвывает круто очень лайк,positive,steam_live,730,True,1778936350,4391,russian,0,0.5,True,False,False
Counter-Strike 2,我太菜了玩不明白,positive,steam_live,730,True,1778936336,871,schinese,0,0.5,True,False,False
Counter-Strike 2,не оч,positive,steam_live,730,True,1778936328,503,russian,1,0.523809552192687988,True,False,False
Counter-Strike 2,"If you're reading the reviews of this game you're hunting for funny content, not actually looking for reviews",positive,steam_live,730,True,1778936313,29985,english,0,0.5,True,False,False
Counter-Strike 2,"good
 good",positive,steam_live,730,True,1778936262,5554,schinese,0,0.5,True,False,False
Counter-Strike 2,ы,positive,steam_live,730,True,1778936250,17066,russian,0,0.5,True,False,False
Counter-Strike 2,хзхз,positive,steam_live,730,True,1778936246,3117,russian,1,0.523809552192687988,True,False,False
Counter-Strike 2,jg ruim da porra,negative,steam_live,730,False,1778936177,8202,brazilian,0,0.5,True,False,False
Counter-Strike 2,O jogo é bom!,positive,steam_live,730,True,1778936158,180006,brazilian,0,0.5,True,False,False
Counter-Strike 2,античит имба,positive,steam_live,730,True,1778936117,14051,russian,0,0.5,True,False,False
Counter-Strike 2,k,positive,steam_live,730,True,1778936104,4790,polish,0,0.5,True,False,False
Counter-Strike 2,ПУСКАЙ ДОБАВЯТ ПУДЖА ИЗ ДОТЫ 2,negative,steam_live,730,False,1778936087,6403,russian,0,0.5,True,False,False
Counter-Strike 2,5,positive,steam_live,730,True,1778936063,1483,russian,0,0.5,True,False,False
Counter-Strike 2,четко,positive,steam_live,730,True,1778936046,42858,russian,0,0.5,True,False,False
Counter-Strike 2,very nice good yes,positive,steam_live,730,True,1778935995,4327,swedish,0,0.5,True,False,False
Counter-Strike 2,Too many Russians,negative,steam_live,730,False,1778935964,1678,english,0,0.5,True,False,False
Counter-Strike 2,"i like this game, but stupid ♥♥♥♥♥ report me for grief when i play normally and i get banned for a week again",positive,steam_live,730,True,1778935944,4991,english,0,0.5,True,False,False
Counter-Strike 2,weqr,positive,steam_live,730,True,1778935938,1266,danish,1,0.523809552192687988,True,False,False
Counter-Strike 2,热热特特哥哥个个人,positive,steam_live,730,True,1778935849,32922,schinese,0,0.5,True,False,False
Counter-Strike 2,Obvious cheating all game fix now valve,negative,steam_live,730,False,1778935631,1843,french,0,0.5,True,False,False
Counter-Strike 2,ПОМОЙКА ♥♥♥♥♥♥!!!!! УДАЛИТЬ!!!!!,negative,steam_live,730,False,1778935539,84876,russian,0,0.5,True,False,False
Counter-Strike 2,L,negative,steam_live,730,False,1778935509,8594,english,0,0.5,True,False,False
Counter-Strike 2,fd,positive,steam_live,730,True,1778935468,20224,russian,0,0.5,True,False,False
Counter-Strike 2,to much cheaters don t play this ♥♥♥♥,positive,steam_live,730,True,1778935281,60155,romanian,0,0.5,True,False,False
Counter-Strike 2,Good game,positive,steam_live,730,True,1778935224,8602,english,0,0.5,True,False,False
Counter-Strike 2,норм,positive,steam_live,730,True,1778935215,47282,russian,0,0.5,True,False,False
Counter-Strike 2,nice free game if u love play cheaters its better game,positive,steam_live,730,True,1778935214,36570,russian,0,0.5,True,False,False
Counter-Strike 2,i love my life,negative,steam_live,730,False,1778935174,6162,english,2,0.531914889812469482,True,False,False
Counter-Strike 2,"As of now, the games deatmatch and other similar modes are infested with AI bots. Occasionally even in competitive mode. Also game as huge cheater problem in comp/premier and the developers are doing nothing against it. So i highly recommend not to play this game.",negative,steam_live,730,False,1778935008,74491,english,1,0.508928596973419189,True,False,False
Counter-Strike 2,https://www.youtube.com/watch?v=DS8rwUK1ED0,positive,steam_live,730,True,1778935002,26507,russian,0,0.5,True,False,False
Counter-Strike 2,кайф,positive,steam_live,730,True,1778934993,7688,russian,0,0.5,True,False,False
Counter-Strike 2,мало денег,negative,steam_live,730,False,1778934989,469,russian,1,0.523809552192687988,True,False,False
Counter-Strike 2,.,positive,steam_live,730,True,1778934928,6982,english,0,0.5,True,False,False
Counter-Strike 2,Dieses Spiel ist einfach toll! :steamhappy:,positive,steam_live,730,True,1778934920,12294,german,1,0.523809552192687988,True,False,False
Counter-Strike 2,S++ HUETA,positive,steam_live,730,True,1778934883,44,russian,1,0.523809552192687988,True,False,False
Counter-Strike 2,唉，越改越烂,negative,steam_live,730,False,1778934777,4286,schinese,0,0.5,True,False,False
Counter-Strike 2,拉吉游戏，特别无聊,negative,steam_live,730,False,1778934774,60050,schinese,1,0.518518567085266113,True,False,False
Counter-Strike 2,класс,positive,steam_live,730,True,1778934741,14041,russian,0,0.5,True,False,False
Counter-Strike 2,我能打上海major,positive,steam_live,730,True,1778934610,10956,schinese,0,0.5,True,False,False
Counter-Strike 2,nice,positive,steam_live,730,True,1778934540,49049,english,0,0.5,True,False,False
Counter-Strike 2,3,negative,steam_live,730,False,1778934506,6584,russian,0,0.5,True,False,False
Counter-Strike 2,.,positive,steam_live,730,True,1778934468,138262,turkish,1,0.523809552192687988,True,False,False
Counter-Strike 2,bom,positive,steam_live,730,True,1778934458,45285,brazilian,0,0.5,True,False,False
Counter-Strike 2,nice and alot of rage,positive,steam_live,730,True,1778934446,4645,vietnamese,0,0.5,True,False,False
Counter-Strike 2,"рассказываю, почему не стоило бы заходить в эту игру, 1: - нервы, 2: много читеров, 3: практически нету античита, он как бы есть но он не работает, странно почему, но не работает, хотя должен работать на все 100%, 4: полностью упал рынок, что то вообще не возможно продать, либо же передать, 5: оптимизация у игры плохая, игра сама по себе просто бывает зависает, либо же какие недоработки, лаги. Буду очень рад и благодарен VALVE за то что они что то починят )))",negative,steam_live,730,False,1778934410,7531,russian,1,0.523809552192687988,True,False,False
Counter-Strike 2,"Fast, quick play, with ability to team up with friends",positive,steam_live,730,True,1778934407,3172,english,0,0.5,True,False,False
Counter-Strike 2,♥♥♥♥♥ ♥♥♥♥♥♥♥,negative,steam_live,730,False,1778934396,67655,russian,0,0.5,True,False,False
Counter-Strike 2,"Игра затягивает, но токсичные игроки🤕",positive,steam_live,730,True,1778934392,43676,russian,0,0.5,True,False,False
Counter-Strike 2,best game,positive,steam_live,730,True,1778934244,50,english,0,0.5,True,False,False
Counter-Strike 2,"已经1750个小时了，才想起来居然没给CSGO写过测评，简单写一下吧，与其说是测评，其实更像是感触吧。比起其他fps游戏杂乱又繁琐的技能，CSGO提供了一个绝对公平的竞技模式，你能依靠的只有手中的枪和子弹。

喜欢CS或许是因为游戏胜利队友毫不吝啬的赞美，输掉比赛后队友的一声nice try，拿下关键人头时队友的那一句好枪，每一次残局时肾上腺素飙升控制不住的心跳，时长会因为失误而自责，即使1:11也没有人选择投降，大比分落后，努力追平比分，获得胜利，每一个人都在为追分而努力着。即便最后没有赢，公频上的 gg (good game) 至少证明大家的付出。

CSGO的魅力不仅仅是它充满竞技压力，更多时候是队友之间的互相鼓励，肌肉记忆，团队配合，道具练习，预瞄，经济，道具理解，假拆假脚步，残局，赢下不可能获胜的残局后的心跳与成就感。

虽然有时候会被打破防，觉得自己很菜，在拖队友后退，也时常遇到外挂和压力哥，觉得再也不想玩这个游戏，卸载了，但是下一次还是会打开对局的",positive,steam_live,730,True,1778934226,104599,schinese,3,0.565217375755310059,True,False,False
Counter-Strike 2,‘’,positive,steam_live,730,True,1778934200,22676,schinese,0,0.5,True,False,False
Counter-Strike 2,XD,positive,steam_live,730,True,1778934109,3120,turkish,1,0.523809552192687988,True,False,False
Counter-Strike 2,♥♥♥ iyi,positive,steam_live,730,True,1778934108,22611,turkish,1,0.523809552192687988,True,False,False
Counter-Strike 2,ахерео,positive,steam_live,730,True,1778934099,1635,russian,0,0.5,True,False,False
Counter-Strike 2,Magnificent!,positive,steam_live,730,True,1778934087,5862,english,0,0.5,True,False,False
Counter-Strike 2,!!!!,positive,steam_live,730,True,1778934034,31418,turkish,1,0.523809552192687988,True,False,False
Counter-Strike 2,"Хороший шутер, рекомендую",positive,steam_live,730,True,1778934015,3997,russian,0,0.5,True,False,False
Counter-Strike 2,Катки ищутся быстро,positive,steam_live,730,True,1778934002,359,russian,0,0.5,True,False,False
Counter-Strike 2,"обожаю эту игру, ненавижу её",positive,steam_live,730,True,1778933967,6064,russian,0,0.5,True,False,False
Counter-Strike 2,sklinta,positive,steam_live,730,True,1778933894,22705,english,0,0.5,True,False,False
Counter-Strike 2,gute game,positive,steam_live,730,True,1778933881,1065,german,0,0.5,True,False,False
Counter-Strike 2,ZO'R,positive,steam_live,730,True,1778933844,3196,russian,0,0.5,True,False,False
Counter-Strike 2,"very friendly game , speak with people around the wordl fantastic , everybody is chill and willing to help every newcomers 
I Highly recommand to everyone who want to elevate himslef",positive,steam_live,730,True,1778933843,31971,french,0,0.5,True,False,False
Counter-Strike 2,"Not recommended. The game is completely overrun with cheaters. Nearly every match has at least one blatant hacker, aimbots, wallhacks, you name it. Valve's anti-cheat does nothing. Save yourself the frustration.",negative,steam_live,730,False,1778933831,6019,polish,1,0.508928596973419189,True,False,False
Counter-Strike 2,z kolegami warto ale bez kolegów ni chuja,positive,steam_live,730,True,1778933788,2729,polish,0,0.5,True,False,False
Counter-Strike 2,跟五个工作室人机对射的来,negative,steam_live,730,False,1778933784,70118,schinese,0,0.5,True,False,False
Counter-Strike 2,dont peak mid dog,positive,steam_live,730,True,1778933772,3903,hungarian,0,0.5,True,False,False
Counter-Strike 2,nice game report nocomasch33tos,positive,steam_live,730,True,1778933750,35387,spanish,0,0.5,True,False,False
Counter-Strike 2,NICE GAME,positive,steam_live,730,True,1778933578,8831,russian,0,0.5,True,False,False
Counter-Strike 2,Игра очень крут,positive,steam_live,730,True,1778933576,4950,russian,0,0.5,True,False,False
Counter-Strike 2,好,positive,steam_live,730,True,1778933436,39195,schinese,0,0.5,True,False,False
Counter-Strike 2,hacerse un Ace con AWP en competitivo>>>>>>>>>>>>>Sexo,positive,steam_live,730,True,1778933415,7735,latam,0,0.5,True,False,False
Counter-Strike 2,22,positive,steam_live,730,True,1778933411,2082,russian,0,0.5,True,False,False
Counter-Strike 2,"This game is so adictive. I play it, despise it, convince myself to never play it agian, repeat",positive,steam_live,730,True,1778933406,67027,swedish,0,0.5,True,False,False
Counter-Strike 2,rusça öğrenmeye başladım,positive,steam_live,730,True,1778933287,8653,turkish,0,0.5,True,False,False
Counter-Strike 2,aktrisajanna,positive,steam_live,730,True,1778933252,665,russian,0,0.5,True,False,False
Counter-Strike 2,еб...т каждый день...),positive,steam_live,730,True,1778933213,63111,russian,0,0.5,True,False,False
Counter-Strike 2,i ed57itik cdet5r67ik er56,positive,steam_live,730,True,1778933190,961,russian,0,0.5,True,False,False
Counter-Strike 2,gud,positive,steam_live,730,True,1778933187,27823,russian,0,0.5,True,False,False
Counter-Strike 2,RUSLARIN ANASINI S*keyim,positive,steam_live,730,True,1778933187,21039,turkish,0,0.5,True,False,False
Counter-Strike 2,Понравились новые дымы,positive,steam_live,730,True,1778933150,1224,russian,0,0.5,True,False,False
Counter-Strike 2,0/10,negative,steam_live,730,False,1778933107,1922,russian,0,0.5,True,False,False
Counter-Strike 2,skiny,positive,steam_live,730,True,1778933106,7646,polish,0,0.5,True,False,False
Counter-Strike 2,GRA FAJNA,positive,steam_live,730,True,1778933088,626,polish,0,0.5,True,False,False
Counter-Strike 2,"хз, не играл никогда, но как будто бы говно",negative,steam_live,730,False,1778933087,58621,russian,0,0.5,True,False,False
Counter-Strike 2,joguin bom,positive,steam_live,730,True,1778932990,51184,brazilian,0,0.5,True,False,False
Counter-Strike 2,♥♥♥♥♥,negative,steam_live,730,False,1778932982,441,russian,0,0.5,True,False,False
Counter-Strike 2,sehr gut um russisch zu lernen,positive,steam_live,730,True,1778932960,1518,german,0,0.5,True,False,False
Counter-Strike 2,i wish everyone who was ever involved with conceiving this genre of shooters endless pain and misery,negative,steam_live,730,False,1778932934,14240,english,1,0.508928596973419189,True,False,False
Counter-Strike 2,Llevo un porrón de años jugando y no me canso ... solo algunas veces de la actitud de algunos jugadores ... pero es aceptable. Todos tenemos malos momentos. El juego me parece el mejor shooter de la historia,positive,steam_live,730,True,1778932815,572716,spanish,0,0.5,True,False,False
Counter-Strike 2,好玩,positive,steam_live,730,True,1778932788,26790,schinese,0,0.5,True,False,False
Counter-Strike 2,nice,positive,steam_live,730,True,1778932710,17369,english,0,0.5,True,False,False
Counter-Strike 2,ыыы ксс22222,positive,steam_live,730,True,1778932683,2344,russian,0,0.5,True,False,False
Counter-Strike 2,good game,positive,steam_live,730,True,1778932651,1547,english,2,0.545454561710357666,True,False,False
Counter-Strike 2,"100/10, Vac is finally fixed!",positive,steam_live,730,True,1778932629,11572,english,0,0.5,True,False,False
Counter-Strike 2,nuiice,positive,steam_live,730,True,1778932612,3616,english,0,0.5,True,False,False
Counter-Strike 2,her yer hile,negative,steam_live,730,False,1778932599,2547,turkish,1,0.5,True,False,False
Counter-Strike 2,oyna,positive,steam_live,730,True,1778932545,4738,turkish,0,0.5,True,False,False
Counter-Strike 2,Almayın oynamayın millet o kadar para harcıyo zaman harcıyo her maça hile denk geliyo almayın oynamayın bu valve bir boka yaramaz,negative,steam_live,730,False,1778932537,5021,turkish,1,0.5,True,False,False
Counter-Strike 2,когда тимейта убили он орёт 67 советую,positive,steam_live,730,True,1778932498,2986,russian,0,0.5,True,False,False
Counter-Strike 2,its gay,positive,steam_live,730,True,1778932497,23553,english,1,0.523809552192687988,True,False,False
Counter-Strike 2,HOW MUCH FOR KEBAB IN YOUR GARBAGE COUNTRY MEN??,positive,steam_live,730,True,1778932493,25393,english,0,0.5,True,False,False
Counter-Strike 2,iyi,positive,steam_live,730,True,1778932481,13059,turkish,0,0.5,True,False,False
Counter-Strike 2,sdargarg,positive,steam_live,730,True,1778932355,37201,russian,0,0.5,True,False,False
Counter-Strike 2,фывыкеыап,negative,steam_live,730,False,1778932257,19215,russian,0,0.5,True,False,False
Counter-Strike 2,好游戏，燕云都借了,positive,steam_live,730,True,1778932247,31389,schinese,0,0.5,True,False,False
Counter-Strike 2,"Eğer düzgün çalışmayan bir antihile sistemi, smurf rakipler, berbat server bağlantıları ve yüksek ms değeri sizin için problem değilse oynaya bilirsiniz.
AMA ŞUNA DİKKAT EDİN, OYUN BAĞIMLILIK YARATA BİLİR, KENDİNİ ACAYİP ŞEKİLDE BANA SEVDİRDİ, HER AKŞAM GİRİP HİLELİ RAKİPDEN HAVADA NOSCOPE YEMEME RAĞMEN",negative,steam_live,730,False,1778932227,31411,turkish,1,0.5,True,False,False
Counter-Strike 2,Best shooter ever made?,positive,steam_live,730,True,1778932201,95253,english,0,0.5,True,False,False
Counter-Strike 2,iii,positive,steam_live,730,True,1778932193,630,turkish,0,0.5,True,False,False
Counter-Strike 2,Şuanlık güzel!,positive,steam_live,730,True,1778932176,1942,turkish,0,0.5,True,False,False
Counter-Strike 2,3535,positive,steam_live,730,True,1778932172,2685,russian,0,0.5,True,False,False
Counter-Strike 2,"Quel plaisir de chaque jours se faire défoncer par les profs, puis par les russes.
c'est un bon jeu si vous voulez tryhard, Je mets la note de 7/10",positive,steam_live,730,True,1778932096,7588,french,0,0.5,True,False,False
Counter-Strike 2,Good game,positive,steam_live,730,True,1778932064,172,polish,0,0.5,True,False,False
Counter-Strike 2,Nice,positive,steam_live,730,True,1778932064,464,english,0,0.5,True,False,False
Counter-Strike 2,game nhu lol,positive,steam_live,730,True,1778932051,42487,english,1,0.523809552192687988,True,False,False
Counter-Strike 2,很不错,positive,steam_live,730,True,1778932025,2282,schinese,0,0.5,True,False,False
Counter-Strike 2,ваша игра говно,negative,steam_live,730,False,1778931992,106797,russian,0,0.5,True,False,False
Counter-Strike 2,♥♥♥♥♥ ♥♥♥♥♥♥,positive,steam_live,730,True,1778931891,18341,russian,0,0.5,True,False,False
Counter-Strike 2,игра полный калл,negative,steam_live,730,False,1778931883,10821,russian,0,0.5,True,False,False
Counter-Strike 2,好玩,positive,steam_live,730,True,1778931875,40376,schinese,0,0.5,True,False,False
Counter-Strike 2,Good game if you want permanent brain damage,positive,steam_live,730,True,1778931851,43846,english,0,0.5,True,False,False
Counter-Strike 2,"Игра достаточно непростая. В ней мало быть умелым, нужно ещё и оставаться хорошим человеком. Делиться тем, что происходит, не унывать духом, оставаться спокойным, верить в лучшее. Нужно поддерживать того, кто на твоей стороне. Если не получилось, нельзя сдаваться, только идти вперёд. Нужно уметь прощать ошибки и хвалить хорошие стороны друг друга. Иногда приходится жертвовать собой и ценить такие же жертвы. В общем, необходимо стараться. А ещё я встретил здесь свою любовь. И, знаете, любовь – игра достаточно непростая.",positive,steam_live,730,True,1778931834,8404,russian,0,0.5,True,False,False
Counter-Strike 2,рег бы получше а так норм,positive,steam_live,730,True,1778931817,13513,russian,0,0.5,True,False,False
Counter-Strike 2,призраки,negative,steam_live,730,False,1778931809,9294,russian,0,0.5,True,False,False
Counter-Strike 2,Games a lot of fun. Brings back memories from CSS days.,positive,steam_live,730,True,1778931749,5914,english,0,0.5,True,False,False
Counter-Strike 2,this game lowky fire,positive,steam_live,730,True,1778931742,3839,english,0,0.5,True,False,False
Counter-Strike 2,"ssie pałe.
nie pozdrawiam",negative,steam_live,730,False,1778931714,3631,polish,0,0.5,True,False,False
Counter-Strike 2,фуу,negative,steam_live,730,False,1778931678,4170,russian,0,0.5,True,False,False
Counter-Strike 2,Игра полнейшая хует@ Без прайма играть нечего. до 5-7к прем одни шаурмисты ебливые,positive,steam_live,730,True,1778931630,1805,ukrainian,0,0.5,True,False,False
Counter-Strike 2,Игра хорошая НО НЕ РЕГАЕТТ НЕ ХУЯЯЯЯ,positive,steam_live,730,True,1778931625,1697,russian,0,0.5,True,False,False
Counter-Strike 2,Counter strike is the best fps game of all time you cant say anything else,positive,steam_live,730,True,1778931596,103131,english,0,0.5,True,False,False
Counter-Strike 2,polecam,positive,steam_live,730,True,1778931564,93918,polish,0,0.5,True,False,False
Counter-Strike 2,"Качаю звание, все супер",positive,steam_live,730,True,1778931508,487,russian,0,0.5,True,False,False
Counter-Strike 2,Чисто зайти с друзьями,positive,steam_live,730,True,1778931452,708,russian,0,0.5,True,False,False
Counter-Strike 2,good game,positive,steam_live,730,True,1778931414,204,turkish,1,0.523809552192687988,True,False,False
Counter-Strike 2,не регает игра говна,negative,steam_live,730,False,1778931389,17809,russian,0,0.5,True,False,False
Counter-Strike 2,nice,positive,steam_live,730,True,1778931357,15440,english,0,0.5,True,False,False
Counter-Strike 2,可以,positive,steam_live,730,True,1778931337,3394,schinese,0,0.5,True,False,False
Counter-Strike 2,nice,positive,steam_live,730,True,1778931335,71570,koreana,0,0.5,True,False,False
Counter-Strike 2,"Сначала меня ебали, потом я ♥♥♥♥",positive,steam_live,730,True,1778931327,5395,russian,0,0.5,True,False,False
Counter-Strike 2,"xyеma, но с братанами пойдет",positive,steam_live,730,True,1778931133,24843,russian,3,0.566929101943969727,True,False,False
Counter-Strike 2,nice,positive,steam_live,730,True,1778931075,11265,english,0,0.5,True,False,False
Counter-Strike 2,говно,positive,steam_live,730,True,1778931058,4650,russian,0,0.5,True,False,False
Counter-Strike 2,tak,positive,steam_live,730,True,1778931054,7514,polish,0,0.5,True,False,False
Counter-Strike 2,1,positive,steam_live,730,True,1778930964,5530,russian,0,0.5,True,False,False
Counter-Strike 2,имба а не игра,positive,steam_live,730,True,1778930909,83584,russian,0,0.5,True,False,False
Counter-Strike 2,好玩,positive,steam_live,730,True,1778930883,1043,schinese,0,0.5,True,False,False
Counter-Strike 2,hahaahahhahahha,positive,steam_live,730,True,1778930873,1762,turkish,0,0.5,True,False,False
Counter-Strike 2,s,positive,steam_live,730,True,1778930853,36386,russian,0,0.5,True,False,False
Counter-Strike 2,WWW,positive,steam_live,730,True,1778930844,61696,russian,0,0.5,True,False,False
Counter-Strike 2,♥♥♥♥ THIS GAME TEAM8 KILLS ME 5 TIMES AND NO BAN I KILL 3 TIMES AND BAN,negative,steam_live,730,False,1778930790,11223,english,1,0.508928596973419189,True,False,False
Counter-Strike 2,e,positive,steam_live,730,True,1778930701,13980,english,0,0.5,True,False,False
Counter-Strike 2,10ка фэсита и спать,positive,steam_live,730,True,1778930700,87392,russian,0,0.5,True,False,False
Counter-Strike 2,"hello dear faceit administration.
please remove my ban
i want to play on your beautiful servers",positive,steam_live,730,True,1778930442,18235,english,0,0.5,True,False,False
Counter-Strike 2,♥♥♥♥♥♥♥♥,negative,steam_live,730,False,1778930418,20219,english,0,0.5,True,False,False
Counter-Strike 2,está chulo,positive,steam_live,730,True,1778930338,28265,spanish,1,0.523809552192687988,True,False,False
Counter-Strike 2,volvo good game,positive,steam_live,730,True,1778930310,24968,turkish,1,0.523809552192687988,True,False,False
Counter-Strike 2,.,positive,steam_live,730,True,1778930230,6084,turkish,0,0.5,True,False,False
Counter-Strike 2,g,positive,steam_live,730,True,1778930192,441,polish,0,0.5,True,False,False
Counter-Strike 2,got called racial slurs and spent 50$ for 3$ would spend 100$.,positive,steam_live,730,True,1778930185,1921,english,0,0.5,True,False,False
Counter-Strike 2,"Full with cheaters, dont lose ur time with this game.",negative,steam_live,730,False,1778930176,107404,english,1,0.508928596973419189,True,False,False
Counter-Strike 2,.,positive,steam_live,730,True,1778930024,15048,turkish,0,0.5,True,False,False
Counter-Strike 2,секс с оксимироном,positive,steam_live,730,True,1778930005,29882,russian,0,0.5,True,False,False
Counter-Strike 2,Античит вышел из чата,negative,steam_live,730,False,1778929994,2536,russian,0,0.5,True,False,False
Counter-Strike 2,gogogo,positive,steam_live,730,True,1778929990,11479,schinese,0,0.5,True,False,False
Counter-Strike 2,dfgdfgdg,positive,steam_live,730,True,1778929900,6151,russian,0,0.5,True,False,False
Counter-Strike 2,valvo fix,negative,steam_live,730,False,1778929891,29781,english,0,0.5,True,False,False
Counter-Strike 2,"Title: Solid evolution of a classic shooter

After playing for more than 280 hours, I can safely say that Counter-Strike 2 is a worthy successor to CS:GO. The transition to the Source 2 engine has brought stunning visual upgrades, especially with the dynamic smoke physics and improved lighting that completely change the tactical landscape.

From a technical standpoint, the sub-tick system has become much more stable with recent updates, offering a smoother experience. While it requires a bit more from your hardware than the previous version, the optimization is constantly improving. Whether you are here for the competitive grind or just to ""Rush B"" with friends, the core gameplay remains as addictive as ever. Highly recommended for anyone who loves strategic, high-stakes shooters!",positive,steam_live,730,True,1778929890,16914,english,0,0.5,True,False,False
Counter-Strike 2,cool,positive,steam_live,730,True,1778929823,5628,english,0,0.5,True,False,False
Counter-Strike 2,https://steamcommunity.com/id/donkgojo/inventory/#730_2_41640713724,positive,steam_live,730,True,1778929751,5564,russian,0,0.5,True,False,False
Counter-Strike 2,好玩,positive,steam_live,730,True,1778929734,1128,schinese,0,0.5,True,False,False
Counter-Strike 2,自办,positive,steam_live,730,True,1778929722,1045,schinese,0,0.5,True,False,False
Counter-Strike 2,однозначно да,positive,steam_live,730,True,1778929715,2972,russian,0,0.5,True,False,False
Counter-Strike 2,szkoda że tyle cheaterów,positive,steam_live,730,True,1778929639,7327,polish,0,0.5,True,False,False
Counter-Strike 2,♥♥♥♥♥♥♥ GAME,positive,steam_live,730,True,1778929627,8392,czech,1,0.523809552192687988,True,False,False
Counter-Strike 2,"I like the game, but what I don't like is when I miss a headshot a drunk russian male yells at me that im a disgrace to my family etc.",positive,steam_live,730,True,1778929562,6099,english,0,0.5,True,False,False
Counter-Strike 2,я люблю каэсгощке,positive,steam_live,730,True,1778929521,2561,english,0,0.5,True,False,False
Counter-Strike 2,:),positive,steam_live,730,True,1778929450,47831,polish,0,0.5,True,False,False
Counter-Strike 2,круто,positive,steam_live,730,True,1778929367,3674,russian,0,0.5,True,False,False
Counter-Strike 2,bu oyuna sakin baslamayin kanser olursunuz,negative,steam_live,730,False,1778929329,9954,turkish,1,0.5,True,False,False
Counter-Strike 2,.,positive,steam_live,730,True,1778929239,15465,english,1,0.523809552192687988,True,False,False
Counter-Strike 2,very smooth gameplay better game and optimized than valorant,positive,steam_live,730,True,1778929234,69583,english,0,0.5,True,False,False
Counter-Strike 2,🔥,positive,steam_live,730,True,1778929231,66151,english,0,0.5,True,False,False
Counter-Strike 2,34УкуУК,positive,steam_live,730,True,1778929225,2781,russian,0,0.5,True,False,False
Counter-Strike 2,shoot bomb,positive,steam_live,730,True,1778929188,47953,hungarian,0,0.5,True,False,False
Counter-Strike 2,Git full control,positive,steam_live,730,True,1778929182,52002,polish,0,0.5,True,False,False
Counter-Strike 2,1,positive,steam_live,730,True,1778929166,29540,schinese,0,0.5,True,False,False
Counter-Strike 2,♥♥♥♥ no,negative,steam_live,730,False,1778929123,10650,english,0,0.5,True,False,False
Counter-Strike 2,good,positive,steam_live,730,True,1778929108,2900,schinese,0,0.5,True,False,False
Counter-Strike 2,"J’adore me faire one shot par des Russes avec plus de 1000 heures sur le jeu. Ne tombez pas dans le casino des skins, j’ai déjà perdu presque 100 euros pour finir avec un vieux skin de Nova horriblement moche à 20 cts. Je recommande.",positive,steam_live,730,True,1778929036,2501,french,0,0.5,True,False,False
Counter-Strike 2,灌灌灌灌灌过,positive,steam_live,730,True,1778929031,11365,schinese,0,0.5,True,False,False
Counter-Strike 2,gives u mental breakdown,negative,steam_live,730,False,1778929021,1982,german,0,0.5,True,False,False
Counter-Strike 2,i am not pro,positive,steam_live,730,True,1778928985,9442,english,0,0.5,True,False,False
Counter-Strike 2,wyszystko,positive,steam_live,730,True,1778928980,288150,polish,0,0.5,True,False,False
Counter-Strike 2,asd,positive,steam_live,730,True,1778928976,514,russian,0,0.5,True,False,False
Counter-Strike 2,mvgggttz,positive,steam_live,730,True,1778928968,24028,english,0,0.5,True,False,False
Counter-Strike 2,,negative,steam_live,730,False,1778928938,11635,russian,0,0.5,True,False,False
Counter-Strike 2,я жеский,positive,steam_live,730,True,1778928896,44383,russian,0,0.5,True,False,False
Counter-Strike 2,норм но злит,positive,steam_live,730,True,1778928861,3238,russian,0,0.5,True,False,False
Counter-Strike 2,I hate chess,positive,steam_live,730,True,1778928791,2068,turkish,0,0.5,True,False,False
Counter-Strike 2,awdwad,positive,steam_live,730,True,1778928781,8921,polish,0,0.5,True,False,False
Counter-Strike 2,"bipolar game, everyine loves it and hate it",negative,steam_live,730,False,1778928707,7287,english,0,0.5,True,False,False
Counter-Strike 2,"I love this game "")",positive,steam_live,730,True,1778928680,1976,english,0,0.5,True,False,False
Counter-Strike 2,iyi bir oyun baya eğlenceli ve aim odaklı,positive,steam_live,730,True,1778928601,481,turkish,0,0.5,True,False,False
Counter-Strike 2,tm8s are very retarded,negative,steam_live,730,False,1778928479,1376,english,0,0.5,True,False,False
Counter-Strike 2,топава,positive,steam_live,730,True,1778928465,443,russian,0,0.5,True,False,False
Counter-Strike 2,gggggggggg,positive,steam_live,730,True,1778928462,5081,schinese,0,0.5,True,False,False
Counter-Strike 2,не играйте в эту Xyйню,negative,steam_live,730,False,1778928307,638125,russian,2,0.545454561710357666,True,False,False
Counter-Strike 2,hw,positive,steam_live,730,True,1778928262,129650,schinese,0,0.5,True,False,False
Counter-Strike 2,голые сиски у женшин,positive,steam_live,730,True,1778928196,49881,russian,0,0.5,True,False,False
Counter-Strike 2,e ce trb,positive,steam_live,730,True,1778928173,689,romanian,0,0.5,True,False,False
Counter-Strike 2,Gówno,negative,steam_live,730,False,1778928153,20204,polish,0,0.5,True,False,False
Counter-Strike 2,经典,positive,steam_live,730,True,1778928091,20084,schinese,0,0.5,True,False,False
Counter-Strike 2,viel zu viele Kanisterköpfe,negative,steam_live,730,False,1778927856,14246,german,0,0.5,True,False,False
Counter-Strike 2,дерьмо,negative,steam_live,730,False,1778927825,23233,russian,0,0.5,True,False,False
Counter-Strike 2,huinja,positive,steam_live,730,True,1778927821,60783,russian,0,0.5,True,False,False
Counter-Strike 2,без прайма смысла играть нету,positive,steam_live,730,True,1778927819,9312,russian,0,0.5,True,False,False
Counter-Strike 2,iyi,positive,steam_live,730,True,1778927683,22184,turkish,1,0.523809552192687988,True,False,False
Counter-Strike 2,mega super gra mozna nauczyc sie rosyjskiego,positive,steam_live,730,True,1778927661,3578,polish,0,0.5,True,False,False
Counter-Strike 2,"Average 3 AM be like: You go to lobby, run wingman (only Inferno), you start the game, in the middle of the round when you sell, a russian guy starts yelling at you rapidly, you like it, you do not understand what he is screaming, but you like it. Thats the magic of the game",positive,steam_live,730,True,1778927608,6639,english,0,0.5,True,False,False
Counter-Strike 2,не,positive,steam_live,730,True,1778927574,26679,ukrainian,0,0.5,True,False,False
Counter-Strike 2,güzel oyun adamvuruyon geri canlanıyon adam vuruyon turu kazan bıçak çıkar sat al çok iyi oyun,positive,steam_live,730,True,1778927479,11632,turkish,0,0.5,True,False,False
Counter-Strike 2,.,positive,steam_live,730,True,1778927471,2597,turkish,0,0.5,True,False,False
Counter-Strike 2,лучшая игра,positive,steam_live,730,True,1778927467,29466,russian,0,0.5,True,False,False
Counter-Strike 2,"Если не играть, то рекомендую!",positive,steam_live,730,True,1778927295,195,russian,1,0.523809552192687988,True,False,False
Counter-Strike 2,dostałem 4 rusków do teamu i mnie wyzywali po rusku polecam,positive,steam_live,730,True,1778927279,7262,polish,0,0.5,True,False,False
Counter-Strike 2,"Buen juego, divertido y más con amigos, lo malo es que hay muchos cheaters, en todas las partidas te encuentras por lo menos 1, ojala mejoren el VAC.",positive,steam_live,730,True,1778927264,13038,spanish,0,0.5,True,False,False
Counter-Strike 2,good,positive,steam_live,730,True,1778927249,12387,english,0,0.5,True,False,False
Counter-Strike 2,Отличный симулятор сосания по гланды + можно повысить коммуникативные способности при общении с поляками,negative,steam_live,730,False,1778927220,26662,russian,0,0.5,True,False,False
Counter-Strike 2,I love getting flashed 5 times in comp,positive,steam_live,730,True,1778927206,9145,english,0,0.5,True,False,False
Counter-Strike 2,сэкс ♥♥♥,positive,steam_live,730,True,1778927186,10301,russian,0,0.5,True,False,False
Counter-Strike 2,топ,positive,steam_live,730,True,1778927156,60050,russian,0,0.5,True,False,False
Counter-Strike 2,;D,positive,steam_live,730,True,1778927119,135382,russian,0,0.5,True,False,False
Counter-Strike 2,Качественная игра,positive,steam_live,730,True,1778927068,2320,russian,0,0.5,True,False,False
Counter-Strike 2,Крутоже,positive,steam_live,730,True,1778927065,8000,russian,0,0.5,True,False,False
Counter-Strike 2,Muito bom o jogo amei,positive,steam_live,730,True,1778927033,23475,portuguese,0,0.5,True,False,False
Counter-Strike 2,123,negative,steam_live,730,False,1778927022,8237,russian,0,0.5,True,False,False
Counter-Strike 2,better then valorant,positive,steam_live,730,True,1778926999,39319,russian,0,0.5,True,False,False
Counter-Strike 2,где рег,positive,steam_live,730,True,1778926993,16411,russian,1,0.523809552192687988,True,False,False
Counter-Strike 2,♥♥♥♥♥ ♥♥♥♥♥♥ А НЕ ИГРА,negative,steam_live,730,False,1778926955,44058,russian,0,0.5,True,False,False
Counter-Strike 2,nb,positive,steam_live,730,True,1778926950,17009,schinese,0,0.5,True,False,False
Counter-Strike 2,çok güzellllllllllll,positive,steam_live,730,True,1778926929,4701,turkish,0,0.5,True,False,False
Counter-Strike 2,i dont game dm match,negative,steam_live,730,False,1778926789,46,english,0,0.5,True,False,False
Counter-Strike 2,GEWTGREAWGTRAG,positive,steam_live,730,True,1778926642,292,russian,0,0.5,True,False,False
Counter-Strike 2,Классика в новой обертке,positive,steam_live,730,True,1778926622,1039,russian,0,0.5,True,False,False
Counter-Strike 2,Valoranttan daha kötü bir eşleştirme sistemi olamaz diyordum aradığımı buldum sanırım,positive,steam_live,730,True,1778926588,2781,turkish,2,0.545454561710357666,True,False,False
Counter-Strike 2,салам алейкум,positive,steam_live,730,True,1778926525,11918,russian,0,0.5,True,False,False
Counter-Strike 2,"Отличный шутер, играю каждый день с друзьями, еще отличный соревновательный дух тут есть.",positive,steam_live,730,True,1778926488,5136,russian,0,0.5,True,False,False
Counter-Strike 2,最纯粹的射击游戏,positive,steam_live,730,True,1778926481,61500,schinese,0,0.5,True,False,False
Counter-Strike 2,норм,positive,steam_live,730,True,1778926474,376,russian,0,0.5,True,False,False
Counter-Strike 2,хорошая игра но в последнее время очень много читеров,positive,steam_live,730,True,1778926474,28310,russian,0,0.5,True,False,False
Counter-Strike 2,realised all my other games were ♥♥♥♥ when i found this,positive,steam_live,730,True,1778926408,13317,english,0,0.5,True,False,False
Counter-Strike 2,пися,positive,steam_live,730,True,1778926398,1888,russian,0,0.5,True,False,False
Counter-Strike 2,interium забанил нахуйй,negative,steam_live,730,False,1778926377,15487,russian,0,0.5,True,False,False
Counter-Strike 2,hehe,positive,steam_live,730,True,1778926337,34168,koreana,0,0.5,True,False,False
Counter-Strike 2,"there are cheaters in every game and there's never any VAC LIVE 
this game is becoming unplayable
MOVE UR ASS VOLVO",negative,steam_live,730,False,1778926323,6937,french,0,0.476190477609634399,True,False,False
Counter-Strike 2,fajna gra,positive,steam_live,730,True,1778926287,30380,polish,0,0.5,True,False,False
Counter-Strike 2,gg,positive,steam_live,730,True,1778926240,61585,russian,0,0.5,True,False,False
Counter-Strike 2,"Best of the Best
 /GOAT",positive,steam_live,730,True,1778926222,7639,russian,0,0.5,True,False,False
Counter-Strike 2,对我来说最粘性的游戏，每次退游一段时间都会又回来玩玩，就是国内环境一般,positive,steam_live,730,True,1778926194,99999,schinese,0,0.5,True,False,False
Counter-Strike 2,dassak brolar,positive,steam_live,730,True,1778926143,12269,turkish,0,0.5,True,False,False
Counter-Strike 2,6666,positive,steam_live,730,True,1778925772,69751,schinese,0,0.5,True,False,False
Counter-Strike 2,good nice,positive,steam_live,730,True,1778925562,3488,schinese,0,0.5,True,False,False
Counter-Strike 2,all,positive,steam_live,730,True,1778925557,8185,english,0,0.5,True,False,False
Counter-Strike 2,牛逼cs,positive,steam_live,730,True,1778925526,46109,schinese,0,0.5,True,False,False
Counter-Strike 2,бурмалда,positive,steam_live,730,True,1778925405,12754,russian,0,0.5,True,False,False
Counter-Strike 2,det är skit roligt,positive,steam_live,730,True,1778925382,2407,swedish,0,0.5,True,False,False
Counter-Strike 2,跟屎一样,negative,steam_live,730,False,1778925362,28343,schinese,0,0.5,True,False,False
Counter-Strike 2,不如迷你枪战,negative,steam_live,730,False,1778925335,4915,schinese,0,0.5,True,False,False
Counter-Strike 2,игра классная но рег урона не очень хороший,positive,steam_live,730,True,1778925294,2936,russian,0,0.5,True,False,False
Counter-Strike 2,太好玩了,negative,steam_live,730,False,1778925143,53135,schinese,0,0.5,True,False,False
Counter-Strike 2,Звуки шагов стали лучше,positive,steam_live,730,True,1778925110,1469,russian,0,0.5,True,False,False
Counter-Strike 2,for sure,positive,steam_live,730,True,1778925101,10843,french,0,0.5,True,False,False
Counter-Strike 2,Звуки шагов стали лучше,positive,steam_live,730,True,1778925018,57,russian,0,0.5,True,False,False
Counter-Strike 2,cs is good,positive,steam_live,730,True,1778924964,6380,english,0,0.5,True,False,False
Counter-Strike 2,poidet,positive,steam_live,730,True,1778924959,1923,russian,0,0.5,True,False,False
Counter-Strike 2,ono vonyaet,negative,steam_live,730,False,1778924795,5714,russian,0,0.5,True,False,False
Counter-Strike 2,"Most toxic community I ever witnessed in any game. Sucks all the fun out of it. Furthermore Valve removed most of the maps that I loved, like Cobblestone, Lake and Monastery, when they upgraded to CS2. I just cannot recommend this trash to anyone.",negative,steam_live,730,False,1778924712,19449,english,1,0.523809552192687988,True,False,False
Counter-Strike 2,fasfasfasf,positive,steam_live,730,True,1778924694,2835,russian,0,0.5,True,False,False
Counter-Strike 2,шощапуывкг90з8,positive,steam_live,730,True,1778924693,41343,russian,0,0.5,True,False,False
Counter-Strike 2,"Time is full, probably this game for a quicky 1 hour. Nice game and CS has history more than 20 years",positive,steam_live,730,True,1778924560,76679,english,0,0.5,True,False,False
Counter-Strike 2,好玩爱玩,positive,steam_live,730,True,1778924526,60473,schinese,0,0.5,True,False,False
Counter-Strike 2,good,positive,steam_live,730,True,1778924518,1939,english,0,0.5,True,False,False
Counter-Strike 2,very good and bad game recommend,positive,steam_live,730,True,1778924473,47737,french,1,0.523809552192687988,True,False,False
Counter-Strike 2,only like this game bc i got a knife with no money,positive,steam_live,730,True,1778924413,18506,english,0,0.5,True,False,False
Counter-Strike 2,like,positive,steam_live,730,True,1778924378,18864,polish,0,0.5,True,False,False
Counter-Strike 2,nice,positive,steam_live,730,True,1778924372,4838,russian,1,0.523809552192687988,True,False,False
Counter-Strike 2,отличная игра. но на моем компютере лагает,positive,steam_live,730,True,1778924367,441,russian,0,0.5,True,False,False
Counter-Strike 2,It's fun but don't be scared of racism and sexism.,positive,steam_live,730,True,1778924332,19417,french,0,0.5,True,False,False
Counter-Strike 2,fd,positive,steam_live,730,True,1778924307,14831,english,0,0.5,True,False,False
Counter-Strike 2,非常nice,positive,steam_live,730,True,1778924275,20380,schinese,0,0.5,True,False,False
Counter-Strike 2,fun,positive,steam_live,730,True,1778924271,7211,english,0,0.5,True,False,False
Counter-Strike 2,Пж зарегай,positive,steam_live,730,True,1778924265,4263,russian,0,0.5,True,False,False
Counter-Strike 2,SARIYO BABAĞĞĞĞĞĞĞĞĞĞ,positive,steam_live,730,True,1778924176,201998,turkish,202,0.759194910526275635,True,False,False
Counter-Strike 2,haowan,positive,steam_live,730,True,1778924072,40191,schinese,0,0.5,True,False,False
Counter-Strike 2,класс,positive,steam_live,730,True,1778923914,86478,russian,0,0.5,True,False,False
Counter-Strike 2,Top 🔝,positive,steam_live,730,True,1778923862,3436,russian,0,0.5,True,False,False
Counter-Strike 2,fs,positive,steam_live,730,True,1778923838,910,english,0,0.5,True,False,False
Counter-Strike 2,"не игра, а просто кал",negative,steam_live,730,False,1778923805,9392,russian,0,0.5,True,False,False
Counter-Strike 2,在玩游戏的日子里，我玩了很多款游戏，但无论如何，我都会回到这里——我所热爱的他,positive,steam_live,730,True,1778923804,60222,schinese,0,0.5,True,False,False
Counter-Strike 2,Game Nhu Dau Buoi,positive,steam_live,730,True,1778923767,4649,vietnamese,0,0.5,True,False,False
Counter-Strike 2,"игра не регает, а мне надо на кухню. Короче имба",positive,steam_live,730,True,1778923747,33723,russian,0,0.5,True,False,False
Counter-Strike 2,hab russisch gelernt und brauchte kein duolingo,positive,steam_live,730,True,1778923679,771,german,0,0.5,True,False,False
Counter-Strike 2,♥♥♥♥♥,positive,steam_live,730,True,1778923583,1973,russian,0,0.5,True,False,False
Counter-Strike 2,залупа нерегающая,negative,steam_live,730,False,1778923562,34756,russian,0,0.5,True,False,False
Counter-Strike 2,залупа ♥♥♥♥♥♥♥,positive,steam_live,730,True,1778923555,97903,russian,0,0.5,True,False,False
Counter-Strike 2,♥♥♥♥♥,positive,steam_live,730,True,1778923542,9377,russian,0,0.5,True,False,False
Counter-Strike 2,not bad,positive,steam_live,730,True,1778923463,74995,english,0,0.5,True,False,False
Counter-Strike 2,gggg,positive,steam_live,730,True,1778923416,82833,english,0,0.5,True,False,False
Counter-Strike 2,100% recomens and full of russians +++,positive,steam_live,730,True,1778923402,5681,english,0,0.5,True,False,False
Counter-Strike 2,bardzo selekcyjna i wykwintna gra polecam,positive,steam_live,730,True,1778923393,339,polish,0,0.5,True,False,False
Counter-Strike 2,Peak,positive,steam_live,730,True,1778923312,27337,english,0,0.5,True,False,False
Counter-Strike 2,i hate ♥♥♥♥♥♥s,positive,steam_live,730,True,1778923297,8647,polish,0,0.5,True,False,False
Counter-Strike 2,"Sporo cheaterów, firma nic nie robi dla dobra czystości rozgrywki. Smutne to.  cały czas WH AIM AFK itp",negative,steam_live,730,False,1778923257,63270,polish,0,0.5,True,False,False
Counter-Strike 2,нт,positive,steam_live,730,True,1778923217,17556,russian,0,0.5,True,False,False
Counter-Strike 2,mbg,positive,steam_live,730,True,1778923192,4277,english,0,0.5,True,False,False
Counter-Strike 2,есть много режимов весёлые игры,positive,steam_live,730,True,1778923000,43178,russian,0,0.5,True,False,False
Counter-Strike 2,best fps,positive,steam_live,730,True,1778922930,176265,english,0,0.5,True,False,False
Counter-Strike 2,ЗА столько лет эта игра стала культовой. Все остальные подобные лишь на фоне этой игры!,positive,steam_live,730,True,1778922806,85760,russian,0,0.5,True,False,False
Counter-Strike 2,кайф,positive,steam_live,730,True,1778922739,11789,russian,0,0.5,True,False,False
Counter-Strike 2,на пару часиков сойдет,positive,steam_live,730,True,1778922693,60624,russian,0,0.5,True,False,False
Counter-Strike 2,zzzzzzzzzzzzzzzzzzzzzzzzzzz,positive,steam_live,730,True,1778922666,4827,turkish,0,0.5,True,False,False
Counter-Strike 2,"топ игра, как только зашел кресло сменилось на табуретку и бутылку, стало играть комфортнее. очень много англичан, пытаюсь пропогандировать им Z. хорошая игра только 2 папы которые кстати появились после скачивания мешают играть.",positive,steam_live,730,True,1778922632,2321,russian,0,0.5,True,False,False
Counter-Strike 2,dostaje pierdolca jak w to gram,negative,steam_live,730,False,1778922527,30575,polish,1,0.523809552192687988,True,False,False
Counter-Strike 2,volvo good anticheat,positive,steam_live,730,True,1778922521,8185,english,0,0.5,True,False,False
Counter-Strike 2,♥♥♥♥♥,positive,steam_live,730,True,1778922506,27659,russian,0,0.5,True,False,False
Counter-Strike 2,"аа
не регает",positive,steam_live,730,True,1778922506,69190,russian,0,0.5,True,False,False
Counter-Strike 2,Игра хорошая но не регает в моментах спасибо пожалуйсто,positive,steam_live,730,True,1778922500,6174,russian,0,0.5,True,False,False
Counter-Strike 2,豪丸？豪丸！,positive,steam_live,730,True,1778922417,9333,schinese,0,0.5,True,False,False
Counter-Strike 2,КЛАСС,positive,steam_live,730,True,1778922322,6001,russian,0,0.5,True,False,False
Counter-Strike 2,очень  хорошая графика,positive,steam_live,730,True,1778922316,55543,russian,0,0.5,True,False,False
Counter-Strike 2,lil shine lowkey fire,positive,steam_live,730,True,1778922310,293,english,2,0.54356849193572998,True,False,False
Counter-Strike 2,inanılmaz derece de hile geliyor ve ben hile kullanmadığım halde güven faktörüm düştü sebebi ne valve anlamadım?,negative,steam_live,730,False,1778922299,8961,turkish,1,0.5,True,False,False
Counter-Strike 2,可,positive,steam_live,730,True,1778922211,29269,schinese,0,0.523809552192687988,True,False,False
Counter-Strike 2,Deym so many cheaters </3 can't play the right game with this one...,negative,steam_live,730,False,1778922184,2171,english,0,0.5,True,False,False
Counter-Strike 2,piękna gra poprostu. golda 3 mam na szkrzydło i dobiera 8lvl faceit i po 2 przegranych spadam na golda 2 w czasie kiedy inni przejebią 5 meczy i nie dostają nic,positive,steam_live,730,True,1778922128,26008,polish,0,0.5,True,False,False
Counter-Strike 2,buen juego pero el anticheat una basura,positive,steam_live,730,True,1778922049,95209,spanish,0,0.5,True,False,False
Counter-Strike 2,play legacy batlle,positive,steam_live,730,True,1778921899,36897,russian,0,0.5,True,False,False
Counter-Strike 2,u will see when u play :),positive,steam_live,730,True,1778921395,3292,english,0,0.5,True,False,False
Counter-Strike 2,не регає,negative,steam_live,730,False,1778921372,8749,ukrainian,0,0.5,True,False,False
Counter-Strike 2,good,positive,steam_live,730,True,1778921317,149975,english,0,0.5,True,False,False
Counter-Strike 2,игра превратилась из соревновательно против игроков в соревновательную против ботов и свиней с читами которые бустятят кого то или же просто в соло с читами ебашут и палятса и у них 100% или новый фулл профиль или же он приватный и коменты закрыты а сами коменты которые там есть это от их друзей или же попросили кого то просто вписать в коменты что то хорошое что бы ак выглядел нормально,negative,steam_live,730,False,1778921310,11867,russian,1,0.523809552192687988,True,False,False
Counter-Strike 2,TOP,positive,steam_live,730,True,1778921308,7026,english,0,0.5,True,False,False
Counter-Strike 2,За 23 часа с праймом без читов проебал траст до красного,positive,steam_live,730,True,1778921271,1825,russian,0,0.5,True,False,False
Counter-Strike 2,а,positive,steam_live,730,True,1778921214,42937,russian,0,0.5,True,False,False
