game_name,review_text,sentiment,source,app_id,voted_up,timestamp_created,playtime_forever,language,votes_up,weighted_vote_score,steam_purchase,received_for_free,written_during_early_access
HELLDIVERS™ 2,"Gostei do jogo, achei caro somente... porem vale a pena.",positive,steam_live,553850,True,1779045080,7242,brazilian,0,0.5,True,False,False
HELLDIVERS™ 2,"Wake Up
Boot up game 
Slay squids
Hop on PC
Slay automatons
PC Smells like fish juice
Yeah, Helldivers 2",positive,steam_live,553850,True,1779044809,1963,english,0,0.5,True,False,False
HELLDIVERS™ 2,"Having played the game >650h over 2 years I'll finally give a review. IT IS A BLAST! If you're somewhat interrested in playing horde shooters in a group of 4 I strongly recommend giving Helldivers 2 a try. 

I mostly play with RL friends, but there's a welcoming, active and supportive community. I met a few ramdoms which I'm still playing ocasionally. 

I don't like live-service games as a business model. But I understand why it's broadly adoped. Arrohead imo strikes a good balance between financing keeping the game alive and alowing players to grind for paid content. It's still very doable to grind super credits (the paid currency) to buy new war bonds and paid extras from the super store.  

The portion of the content updates that aren't behind a paywall are usually enough to keep my friends and me entertained. Of course we're all grinding for the new warbond to get new toys. If you're playing just a few hours a week the arrival of new content should keep you busy. If you're starting fresh, there's a lot to catch up with.

Difficulty is sth you need to set for yourself. Missions are categorized in 10 difficulty levels. If you manage a 7 you get all necessary ressources to progress. There are a lot of factors influencing how hard a mission will be: enemy resistance, speciall subfactions of enemies and planetary modifiers. Learn what you can manage. The game imo is meant to be challenging on higher difficulties. Decide for yourself whether you want to play a chill mission to decompress or whether you want to have the sweaty expirience of max difficulty.",positive,steam_live,553850,True,1779042821,40094,german,0,0.5,True,False,False
HELLDIVERS™ 2,Could maybe recommend if they fired everyone involved w enemy design since the war strider but every update has made this game worse,negative,steam_live,553850,False,1779042232,73815,english,4,0.501216530799865723,True,False,False
HELLDIVERS™ 2,Spreading Managed Democracy truly has never been so Democratic. 10/10 game.,positive,steam_live,553850,True,1779042110,2119,english,0,0.5,True,False,False
HELLDIVERS™ 2,"Se nota que es un juego hecho con amor y que a los devs les importa mantener el juego, pero últimamente han tomado decisiones muy malas, fuera de eso es un juegazo, frenético, con gameplay muy divertido y con una comunidad que respeta a los jugadores, nunca me arrepentiré de haber comprado este juego, cada hora a valido la pena, completamente recomendado",positive,steam_live,553850,True,1779041757,15408,spanish,0,0.5,True,False,False
HELLDIVERS™ 2,This game makes me sad. It has such good gameplay and atmosphere and its genuinely fun. The unlock system isnt that good but at the end of the day thats a small problem compared to the monster of problems this game has. You find a lobby you join that lobby you play for maybe 5min then get kicked and you try it again 10 times before you just give up. On top of the terrible optimization and lag this game just isnt fun. It was better at launch at least for me. But definitely not now. I would not waste your money on it,negative,steam_live,553850,False,1779040480,5399,english,7,0.504000008106231689,True,False,False
HELLDIVERS™ 2,"This game's balancing issues are exacerbated by perhaps the worst monetization scheme since SWBF2. Players are made to be increasingly weaker with contradictory justifications, only for the progression & mechanics crucial to tackling changes to be locked entirely behind battle passes so expensive you're mathematically better off accruing a part-time, U.S. Federal Minimum Wage salary than grinding the premium currency for them.

And only the first of 23 battle passes are free™, the rest --ENTIRELY-- locked behind $10-15 paywalls whilst, again, being the game's only notable means of progression. It's simply unacceptable when compared to it's direct competitor, Deep Rock Galactic, which ensures all pass content and a plethora of cosmetics for half this game's asking price (US$20), let alone even F2P games which manage to keep *some* pass content available without paying extra. It's simply unacceptable.

Having returned to see if HD2's improved, I can't help but wander back to DRG. Both for reasons above, its lack of shortsighted, manipulative ""balance"" changes, no animosity toward the playerbase breeding toxicity within the broader community, and a genuine passion and desire to capture the magic which makes the game worth playing.",negative,steam_live,553850,False,1779040059,9605,english,9,0.507984459400177002,True,False,False
HELLDIVERS™ 2,Amazing,positive,steam_live,553850,True,1779039466,389,english,1,0.496742218732833862,True,False,False
HELLDIVERS™ 2,Liberating planets is an honor,positive,steam_live,553850,True,1779038033,1191,english,1,0.49206620454788208,True,False,False
HELLDIVERS™ 2,修個輸入法是有多難,negative,steam_live,553850,False,1779037213,10307,tchinese,0,0.5,True,False,False
HELLDIVERS™ 2,"I had a lot of fun with this game. But nowadays it's gotten incredibly frustrating and I would absolutely not recommend this game to newcomers for several reasons, the most egregious of which to me is the monetization/unlock system.

  1. The game is incredibly glitchy. You will lose lives and matches to unforeseen BS and it really lowers the quality of the game. It's just stupid trying to play a game only to instantly explode because of some terrain glitch so now you're sitting on your chair watching everyone else have fun while you wait to get permission to play the video game again. This game also has a horrible history with performance, with some players having their PCs hard lock, hard crash, CTD and a few occasions where parts of their computer were bricked, along with similar reports on consoles.
  2. The balance, especially for higher difficulties, is very annoying.
A saddening amount of weapons, equipment and stratagems feel completely useless for all missions and all factions at higher difficulties. While there will undoubtedly be a meta for a game no matter what, it's very annoying how if you want to play the game with a sufficient challenge, a large part of your arsenal is functionally useless, just not fun to use at all. Technically possible to win with most equipment, but it ends up being very tedious and boring as ♥♥♥♥ even if on paper you perform perfectly with 0 deaths and all objectives done. Despite having a large arsenal on paper it feels much smaller in actual gameplay.

  But those are just minor gripes compared to my biggest problem with this game and the main reason I highly recommend new players stay AWAY from this game.
The monetization/unlock system.
A majority of the unlocks in this game, the weapons, armor and stratagems, feel incredibly shallow and surface-level. There are some outstanding pieces of equipment that truly change how you play the game and feel very fun to use, like the Warp Pack or the Double-Edged Sickle. But a majority of the equipment in this game is more like ""this one's a generic SMG, this one's an SMG that shoots slightly faster than the other one with slightly less ammo, this one's an AR that does slightly more damage with slightly more recoil"".

  Having shallow surface-level equipment could be overlooked if it wasn't for the fact that unlocking new equipment is UNBELIEVABLY TIME-CONSUMING AND MIND-NUMBING. First you will either grind 10 hours for Super Credits (the game's main currency) or pay 10 bucks, to unlock a Warbond (a battlepass). Once you have it unlocked, you need to grind hours upon hours (Around 12 or more hours i'd estimate?) to unlock the main stuff you want out of the Warbond. A majority of Warbonds are filled with complete duds that offer nothing to change gameplay and are REALLY ♥♥♥♥♥♥♥ BORING. Most Warbonds have 1 or 2 interesting weapons that you actually want out of them. 
 The Warbond you get the Warp Pack from is the same way. The Warp Pack is amazing, but the rest of the Warbond is slop garbage that isn't even worth taking up space in your inventory, not only garbage meta-wise but garbage fun-wise. 
 You will grind 20 hours or more (less if you pay 10 bucks) to unlock 1 or 2 interesting pieces of equipment that will get old and boring fast since a majority of equipment in this game is VERY SHALLOW and surface level.

  Play Deep Rock Galactic. Play Team Fortress 2. Play Space marine 1 or 2. Play anything else other than this garbage.
I highly recommend Deep Rock Galactic, the weapons in that game are not only much easier to unlock (while still being free) they are also much deeper than the sad excuses that pass for ""new content"" in HD2. In the time it will take for me to get bored of the Grenade Launcher for Engineer on Deep Rock Galactic, I would have gotten bored of 6 entire warbonds ($60) in this game.",negative,steam_live,553850,False,1779036543,38533,english,15,0.555858492851257324,True,False,False
HELLDIVERS™ 2,This game is honestly shocking arrow head needs to gets there heads out of their arses icl. Guns in this games barely help killing the ♥♥♥♥♥♥♥ bile giants and then to add insult to injury they care more about how much their making rather than fixing bugs and making it a better experience to play,negative,steam_live,553850,False,1779035828,789,english,5,0.506920456886291504,True,False,False
HELLDIVERS™ 2,"Developers prioritize microtransactions, never listen to any critisism and focus on making the game a un-enjoyable pain in the ass to play. You can look up basically any video on the game and they all say the same. Developers are constantly getting outdone by modders and now they want to restrict/ban modding entirely because it hurts their feelings. I was looking forward to playing this during the holidays, but I guess I will leave it be...

The Developers themselves have said that they want to make the game more ""mil-sim-like"", and I want them to seriously take a look at helldivers and ask themselves if that really fits into the gameplay loop AT ALL. I do enjoy playing milsims from time to time, but if you play milsims with a team of 4 players, you are going to lose allways. I think they should separate that vision to an entirely new game and leave helldivers 2 as a casual fun game. Their vision requires that the ""player-team"" gets atleast 30 players per match. There are no tactics with 4 players if we have to face thousands of enemies and if the devs do not realize this, all that his game will be is ""CBT-Simulator 3000""",negative,steam_live,553850,False,1779035632,3148,finnish,0,0.5,True,False,False
HELLDIVERS™ 2,"I've played this game on and off since day 1 and I can say its really fun at times but as it stands i can't recommend this game to anyone due to how the Devs treat community feedback. I'll touch on the Super Credit problem, why does this 40$ game have 10$ Warbonds? I work. I just don't have time to grind on bug worlds for hours to get enough for a Warbond.",negative,steam_live,553850,False,1779035403,6615,english,3,0.511111080646514893,True,False,False
HELLDIVERS™ 2,DEMOCRACIA 🗣️,positive,steam_live,553850,True,1779034291,1560,spanish,0,0.5,True,False,False
HELLDIVERS™ 2,For Democracy!,positive,steam_live,553850,True,1779034192,10586,english,0,0.476190477609634399,True,False,False
HELLDIVERS™ 2,Super Earth needs YOU !,positive,steam_live,553850,True,1779034072,493,polish,0,0.5,True,False,False
HELLDIVERS™ 2,"I seriously can't begin to explain how big of an ego u need to qualify to be an arrowhead developer 
U have an amazing game, I can't begin to explain how amazing this game can be
But I also can't begin how lacking the dev team is in the most basic and fundamental parts of being a game dev
FUN, THE WHOLE POINT OF A GAME
Community: this is fun!
Arrowhead for no reason: *proceeds to change the game till it's not fun, pretends it's fine, after a review bomb, they suddenly become aware*
For no reason, they actively and proactively seek any way to have fun, and kill it, FOR NO REASON, LITERALLY
Out of the massive amount of support weapons u have, only 11 that I can think of (backpacks included, and I'm being generous here) allow u to realistically actually complete a max difficulty mission...
Truely embarrassing on arrowheads end, all of this content down the drain, only to give us more that we might like for a few days before also joining the pile of useless support weapons",negative,steam_live,553850,False,1779033992,19575,english,4,0.523809552192687988,True,False,False
HELLDIVERS™ 2,原本是很热爱这款游戏的，但现在让我感觉到恶心，无休止的bug，每次更新都是一坨大的，债卷是要你买的，国内仙人蓝币就算了，但是你能不能不要教玩家玩游戏，各种被怪恶心，这次更新之后让我直接无法游玩，键盘失灵，卡输入法，近发售到现在空气墙也不修，莫名其妙的地图卡死，虚空掉血，这些bug不修，还是一直在不停的加强怪，我说白了，你一款pve能不停削弱玩家，实弹武器更是几乎就没有几把能用的，如此优秀的pve玩法能被这样对待，我真的心寒了，最后，这款游戏是好玩的，是好游戏，跟我玩的兄弟们和大部分潜兵们你们都是无畏，明主，荣誉的，但是箭头我操你的血妈，飞鹰500给你妈B炸没了，通牒塞你妈嘴里狠狠草饲，地狱火丢你大楼下，给你全家崩飞了，草泥马的箭头。,negative,steam_live,553850,False,1779033755,15703,schinese,0,0.5,True,False,False
HELLDIVERS™ 2,I LOVE IT,positive,steam_live,553850,True,1779033625,6129,english,1,0.497382223606109619,True,False,False
HELLDIVERS™ 2,lvl 150 unlocked everything but none of my homies play ts anymore (and why would they),positive,steam_live,553850,True,1779033123,36152,english,1,0.497382223606109619,True,False,False
HELLDIVERS™ 2,"Helldivers 2 A game for you if you like Democracy and Liberty

Is it fun: Yes and traumatic at the same time

So yes I would recommended it (=",positive,steam_live,553850,True,1779033013,3227,english,1,0.5,True,False,False
HELLDIVERS™ 2,"the best game ever and, liberty!!!!!",positive,steam_live,553850,True,1779033002,3284,norwegian,0,0.5,True,False,False
HELLDIVERS™ 2,Very fun game,positive,steam_live,553850,True,1779032956,6011,english,1,0.497382223606109619,True,False,False
HELLDIVERS™ 2,"Fix your servers please, I have a fine Internet but still I can't play with my friends even in a quickmatch with random it always says ""Connection Error""",negative,steam_live,553850,False,1779032907,168,english,3,0.5,True,False,False
HELLDIVERS™ 2,good,positive,steam_live,553850,True,1779030830,1325,english,1,0.497382223606109619,True,False,False
HELLDIVERS™ 2,"Fix the bugs!
The game still has many bugs that have been in the game since release, like how enemies act differently when the host is near etc...

Are the Devs too inept to fix these?",negative,steam_live,553850,False,1779030713,7224,english,2,0.5,True,False,False
HELLDIVERS™ 2,"Generell geiles Game. Easy PVE Content mit Freunden für Zwischendurch. 

Gibt viele gratis Update. Ab und an etwas Buggy, aber damit kann man leben. 

Außerdem vermittelt es nebenbei recht viel Wissen über Politik und wie Demokratie funktioniert.",positive,steam_live,553850,True,1779030647,2457,german,1,0.523809552192687988,True,False,False
HELLDIVERS™ 2,"Отличный симулятор капитализма и демократического рабства! Плюсы: очень весело, до тех пор пока ты не дойдешь как минимум до 5 уровня сложности и будешь разлетаться на кусочки независимо от брони или противника. В общем всё круто, со временем развивается мазохизм",positive,steam_live,553850,True,1779030510,1908,russian,0,0.5,True,False,False
HELLDIVERS™ 2,什么时候把超级地球大炮，非法广播，输入法的BUG修了再改好评,negative,steam_live,553850,False,1779029907,9437,schinese,0,0.5,True,False,False
HELLDIVERS™ 2,"Modders are making this game, not narrowhead.",negative,steam_live,553850,False,1779029805,84178,english,11,0.545168638229370117,True,False,False
HELLDIVERS™ 2,"we are the soldiers of the SEAF

The galaxy's most moral army

we have discovered a solution to

a most perplexing quandry",positive,steam_live,553850,True,1779029784,2270,english,1,0.497382223606109619,True,False,False
HELLDIVERS™ 2,"Wer Schwere Depressionen und eine Geduldsprobe möchte dem empfehle ich das spiel vom Herzen und an alle Humanen Menschen die Chillig was spielen möchten: Hölle nein, Das Spiel hat Fehler und Logiklücken ohne Ende, schlechter Content, Breakdancende Fraktionen die bei John Wick eine Ausbildung gemacht haben und zuletzt Cristiano Roboto der nachdem ich rumgeworfen wurde mir nen Fallrückzieher jedes mal reindrückt wenn es endlich mal kurz aufgehört hat.",negative,steam_live,553850,False,1779029507,35832,german,2,0.523809552192687988,True,False,False
HELLDIVERS™ 2,Velmi intenzivní zážitek.,positive,steam_live,553850,True,1779029449,1607,czech,0,0.5,True,False,False
HELLDIVERS™ 2,fun,positive,steam_live,553850,True,1779028559,2402,english,0,0.5,True,False,False
HELLDIVERS™ 2,"敵の大群の中に降り立ち、ミッションをクリアして脱出する協力型TPS。
ネットワーク周りやミッションが進行不能になるバグが頻発するものの、ゲーム全体としては適切な難易度で遊べば爽快感と達成感が味わえる。
願わくば、ゲーム内で手に入るリソースの消費先がもっとあると嬉しい。",positive,steam_live,553850,True,1779028538,27774,japanese,0,0.5,True,False,False
HELLDIVERS™ 2,"如果你打算游玩这个游戏，那么你将会玩到：西线精通颠勺的琥珀王盾狗和没关就是没开的锁头炮艇、东线比箭母棺材板还硬的合金护甲虫子与史色滤镜、南线漫天飞舞的蚊子探机加上地上横冲直撞的棍哥螃蟹、一大堆不知所谓意义不明的武器和比脆脆鲨威化饼干还脆弱的潜兵护甲、以及无处不在的神秘bug与箭母空气墙。如果你能快乐地吃下这一坨，那么你做什么都会成功的。
哦对了，真想吃这一坨的话不要硬肝蓝币，可以给我们的瑞典史头狠狠地来点蓝币仙人震撼",negative,steam_live,553850,False,1779028424,15544,schinese,2,0.5,True,False,False
HELLDIVERS™ 2,谁买谁是冤大头，制作者就是一群无能狂怒的蠢货只会用拼命叠怪折磨玩家的电脑和眼睛来增加难度，依靠各种粪怪来恶心玩家，傻逼制作组,negative,steam_live,553850,False,1779027018,62383,schinese,2,0.5,True,False,False
HELLDIVERS™ 2,this game was fun for a while but after a bit i realized that it got so repaetative the only thing that was fun was to do quickplay and help randoms. thats if they didnt kick you for stupid reasons,positive,steam_live,553850,True,1779026727,2747,english,1,0.5,True,False,False
HELLDIVERS™ 2,what more could u want,positive,steam_live,553850,True,1779026503,5760,english,0,0.5,True,False,False
HELLDIVERS™ 2,不应该叫helldivers，应该叫hellcrashers。根本不知道什么时候就闪退了，超级地球是头猪 :(,negative,steam_live,553850,False,1779025439,12486,schinese,2,0.5,True,False,False
HELLDIVERS™ 2,VERY NICE,positive,steam_live,553850,True,1779025365,2138,english,0,0.5,True,False,False
HELLDIVERS™ 2,couldent think of a worse game if i tried,negative,steam_live,553850,False,1779025354,29307,english,8,0.502923965454101562,True,False,False
HELLDIVERS™ 2,"Uno de esos juegos que tienen pinta increíble y cuando llegas jugando un par de meses te das cuenta que el “potencial” va cuesta abajo y sin frenos. Tenía muchas ganas de jugar este título y mientras jugaba sentía que el juego te está castigando continuamente. Cuando te adaptas a una build te llegan los devs a nerfear todo por los suelos y si ven algo que sea divertido o coge fama en la comunidad, lo destruirán. No juegas en contra de los NPC, juegas en contra de unos desarrolladores que no quieren que te lo pases bien",negative,steam_live,553850,False,1779024542,5742,spanish,3,0.517045438289642334,True,False,False
HELLDIVERS™ 2,"you get to kill clankers, bugs and some weird creatures from outer space. you can also turn yourself into a running bomb which is cool",positive,steam_live,553850,True,1779024503,2616,english,0,0.5,True,False,False
HELLDIVERS™ 2,"Stop trying to balance a PvE game, are y'all thinking with your heads or just listening to glazedivers???",negative,steam_live,553850,False,1779024492,5448,english,11,0.546248674392700195,True,False,False
HELLDIVERS™ 2,FOR SUPER EARTH,positive,steam_live,553850,True,1779023135,34314,english,1,0.48179250955581665,True,False,False
HELLDIVERS™ 2,"I was not going to join in the review bomb given that I've mostly given up on HD2 Improving, but honest to god, the latest release from AH has made me join in. Telling the players to ""combat blatant propaganda and disinformation"" while in their biggest time of backlash from the fans, in addition to their absolute inability to listen to what the fans are saying, informs me that they deserve all the negative reviews they get. Absolute tone-deaf idiots who seem to enjoy spitting in the faces of their fans.",negative,steam_live,553850,False,1779022893,4512,english,17,0.575590252876281738,True,False,False
HELLDIVERS™ 2,♥♥♥♥ game arrowhead needs to actually get their braincells together,negative,steam_live,553850,False,1779022414,29019,english,6,0.516129076480865479,True,False,False
HELLDIVERS™ 2,Hell Yuh!!!,positive,steam_live,553850,True,1779021606,4380,english,0,0.5,True,False,False
HELLDIVERS™ 2,"This game is great. Don't read the discourse, don't spend money if you don't want to / have it, and just enjoy dropping in and splatting bugs... or getting you but probed by androids. 

One of the few games I have played as an adult that gave me the feeling I had playing games with my mates late at night as a teenage. Just dumb stupid fun.",positive,steam_live,553850,True,1779019239,2977,english,1,0.449438214302062988,True,False,False
HELLDIVERS™ 2,"The game has gone to ♥♥♥♥ because of corporate greed. One of the best games send to sh*t, because they didnt care about the issues and fixing them. Choices of players dont matter anymore. The only thing that matters to them is ""paywall"" locked content. ♥♥♥♥ corporate greed",negative,steam_live,553850,False,1779019010,26805,english,15,0.528476953506469727,True,False,False
HELLDIVERS™ 2,"Bug: Multiple language could cause controls to be non-responsive. This is a new bug introduced recently. Reproducible always with Chinese (繁體中文 / 微軟注音) keyboard

It's a fun game but it's not stable when new release comes.",negative,steam_live,553850,False,1779018868,20657,tchinese,3,0.523809552192687988,True,False,False
HELLDIVERS™ 2,turn into a helldiver for £34.99 and turn into a pshycopath today!,positive,steam_live,553850,True,1779017657,2663,english,1,0.5,True,False,False
HELLDIVERS™ 2,超级地球是支柱,positive,steam_live,553850,True,1779017448,43183,schinese,0,0.5,True,False,False
HELLDIVERS™ 2,"-Play the game for 210 hours
-Questions if it was worth it",negative,steam_live,553850,False,1779016745,12638,english,10,0.495002657175064087,True,False,False
HELLDIVERS™ 2,♥♥♥♥♥,positive,steam_live,553850,True,1779016645,265,russian,0,0.5,True,False,False
HELLDIVERS™ 2,They hate it when you are having fun,negative,steam_live,553850,False,1779015993,8024,english,12,0.539644241333007812,True,False,False
HELLDIVERS™ 2,democracy is cool,positive,steam_live,553850,True,1779015850,12257,polish,0,0.5,True,False,False
HELLDIVERS™ 2,hi,positive,steam_live,553850,True,1779014579,1326,english,0,0.467836260795593262,True,False,False
HELLDIVERS™ 2,可我觉得卡输入法很神圣啊,negative,steam_live,553850,False,1779014076,4804,schinese,3,0.501915693283081055,True,False,False
HELLDIVERS™ 2,"HD2 is a fun game and always has been. Bugs come and go with updates, but lately I’ve been dealing with consistent hitching. On a PC from last year, the game freezes for about six seconds at a time, and teammates say my character just stops moving.

I’ve put a lot of time into this game and genuinely enjoyed it, but until AH gets performance back under control, I’ve uninstalled it and can’t recommend it.",negative,steam_live,553850,False,1779013846,40367,english,10,0.557534754276275635,True,False,False
HELLDIVERS™ 2,"底子很好的遊戲，機制很有趣
但遊戲策畫真的不知道一直以來腦袋在想啥
總是可以把遊戲搞得很無趣

最近的新模式
甚至限制玩家使用戰略的次數？
戰略搭配就是這遊戲最大的特色
居然自斷腳筋
到底在幹嘛

伺服器也很不穩，很多很多的老問題死不改
媽的，浪費一個好底子

A game with a great foundation and really fun mechanics.
But honestly, I have no clue what the game designers have been thinking this whole time—they always find a way to make the game boring.

The recent new mode even limits the number of times players can use Stratagems?
Strategizing and mixing up Stratagems is literally the best feature of this game. Why are they shooting themselves in the foot? What on earth are they doing?

On top of that, the servers are highly unstable, and they refuse to fix so many long-standing issues.
Dammit, what a total waste of a great foundation.",negative,steam_live,553850,False,1779013355,24365,tchinese,2,0.5,True,False,False
HELLDIVERS™ 2,See U in Hell...,positive,steam_live,553850,True,1779010773,7420,english,0,0.446336656808853149,True,False,False
HELLDIVERS™ 2,я теперь понял куда девать мигрантов. Просто нужно взять орбиталку и херануть по мигрантам рекомендую,positive,steam_live,553850,True,1779010454,1579,russian,0,0.5,True,False,False
HELLDIVERS™ 2,"Great game, ruined by lack of design direction and balancing. Cannot recommend spending money on this anymore",negative,steam_live,553850,False,1779009904,19643,english,10,0.516147017478942871,True,False,False
HELLDIVERS™ 2,shid,negative,steam_live,553850,False,1779009473,33497,english,6,0.523809552192687988,True,False,False
HELLDIVERS™ 2,私募箭头退出后一直卡着只能重开steam,negative,steam_live,553850,False,1779009012,7474,schinese,2,0.5,True,False,False
HELLDIVERS™ 2,Einfach ein geiles Game. Muss jeder zocken,positive,steam_live,553850,True,1779007903,936,german,0,0.5,True,False,False
HELLDIVERS™ 2,"I installed the game to play with friends.
We start a mission on the bug front on difficulty 10 (as my first ever mission).
I got belt-fed grenade launcher.
A ♥♥♥♥ ton of things exploded and i died 15 times.
HELL YEAHH
100% recomanded to play with friends and even with randoms",positive,steam_live,553850,True,1779005303,7125,english,0,0.493544578552246094,True,False,False
HELLDIVERS™ 2,"fun with friends. if u like playing drg, you would like playing this one too",positive,steam_live,553850,True,1779005116,6956,english,0,0.496088355779647827,True,False,False
HELLDIVERS™ 2,игра топ всем советую,positive,steam_live,553850,True,1779004675,18136,russian,0,0.476190477609634399,True,False,False
HELLDIVERS™ 2,THIS GAME IS THE BEST YOU GUYS NEED TO PLAY IT AND GIVE IT A GO,positive,steam_live,553850,True,1779004543,943,english,0,0.47033160924911499,True,False,False
HELLDIVERS™ 2,"game comes bundled with nprotect which is a  kernel level anti-cheat ;  normally not much of an issue (ignoring security and  safety concerns) but it messes with other filter drivers in the network stack , specifically an issue with VPN use as split tunneling doesn't work with this loaded.",negative,steam_live,553850,False,1779003136,6962,english,8,0.569052934646606445,True,False,False
HELLDIVERS™ 2,"Pues me estas gustando cuando lleve mas hora cambiare esta reseña.

Post data: esta muy bien optimizado.",positive,steam_live,553850,True,1779002589,1762,spanish,0,0.496183186769485474,True,False,False
HELLDIVERS™ 2,For super earth,positive,steam_live,553850,True,1779002329,34834,english,0,0.473846167325973511,True,False,False
HELLDIVERS™ 2,"Looks like a Triple A but it's not Good in every aspect but there's always something missing. Very short progression for a Live Service game—You can get to level 25 in less than 150 hours of total game (you don't even need to be the sweaty player, just be decent and understand all the mechanics which are hit the correct Stratagem code, aim in the weakspots, shoot and extract, very straight forward, it's not a issue.

By level 25 you have everything in the game available to purchase, the only thing that will require longer sessions is the samples to upgrade your S.E.S. Super Destroyer which also, is not needed, basic stuff like Donation Access License and Power Steering which is a bit more forward in the game but not that will take massive amount of time.

About the Warbonds which is the main complain of the community in how they're handled by recently adding a Warbond focused on armored vehicles with two new Exosuit which in the past and in the first game this wasn't a thing—some fancy tools weren't 'locked' behind a paywall which in my opinion is fair, complain as you want but not everything is really worth the grind except for:

- Helldivers Mobilize! Warbond: it's free so you have somewhat in between what any other warbond can offer, also includes some fancy stuff that aren't available in other warbonds (mostly cosmetic tho), again: It's free and the only free warbond so it's the main one any new player will pick;

- Democratic Demolition Warbond: if the developers don't nerf the G-123 Thermite Grenade by the time you're reading this review this is a must to choose once you pick up how to grind for Super Credits, there also some cool guns but overall the only reason is the G-123 Thermite Grenade if you're into Terminids but you can go through any other heavy target with this one;

- Control Group Warbond: by far, if not the most important warbond in my opinion, I suggest picking this one first before any other warbond just because of the LIFT-182 Warp Pack because this one will help A LOT in solo grind specially in bunkers but before buying your first warbond please remember: DO NOT PLAY THE GAME TO GRIND, PLAY TO ENJOY, I mostly played to grind and it was a mistake, quickly burnout;

- Redacted Regiment Warbond: should be the last in the priority list because this one will help a lot in Commando missions available in the Automatons front, which also was my first warbond and stealth still by the moment I'm writing this review stupidly broken (but it's a PvE game so whatever) and is the only warbond with stealth-like guns with suppressor and stuff, it's not really needed, gimmick warbond but mostly for people that like stealth, solo and or Automatons missions.

To conclude: Is this game worth? Is this game fun? Is this game good? Yes it's worth but I'll suggest a sale in my opinion (I bought Helldivers 2 during a sale), there are some constant issues in the long run that will make you very annoyed, although this game is cheaper compared to others the improvement pacing is—in my opinion very slow. Helldivers 2 is fun, but it will depend how you play the game and how you view it, if you only play to get everything—forget about it, just ignore the grind, the fancy warbonds, the community and just play the game like any other. Helldivers 2 is a good game, it's not groundbreaking in the extraction shooter/horder shooter theme but by the fact that it's purely PvE and only PvE is a positive point so you don't have to deal with CoD-like players blasting your ass with some whacky movements.",positive,steam_live,553850,True,1779001255,23726,english,0,0.5,True,False,False
HELLDIVERS™ 2,好玩！,positive,steam_live,553850,True,1779000850,22705,schinese,0,0.5,True,False,False
HELLDIVERS™ 2,Horrible balance.,negative,steam_live,553850,False,1778999729,8179,english,7,0.545454561710357666,True,False,False
HELLDIVERS™ 2,"famoso jogo q foi feito sem querer, recomendo demais mas não é merito dos devs",positive,steam_live,553850,True,1778999501,14413,brazilian,1,0.523809552192687988,True,False,False
HELLDIVERS™ 2,"Cuando volte un, tanque me disparo. cuando revivi otro tanque. Me disparo, cuando revive, un amigo exploto la hell bomb cerca de mi. En fin esta chingon.",positive,steam_live,553850,True,1778998323,1259,english,0,0.5,True,False,False
HELLDIVERS™ 2,its okay,positive,steam_live,553850,True,1778997821,3855,schinese,0,0.5,True,False,False
HELLDIVERS™ 2,fanta,positive,steam_live,553850,True,1778996533,6133,english,0,0.498806655406951904,True,False,False
HELLDIVERS™ 2,狗屎箭頭,negative,steam_live,553850,False,1778996391,12798,tchinese,1,0.5,True,False,False
HELLDIVERS™ 2,"Lo que le estan haciendo los devs a este juegazo es triste, tuve que comprarme otra placa madre y procesador enteros porque hay momentos en donde te congela el pc entero y solo queda forzar el reinicio, como esta el juego a dia de hoy no lo recomiendo por esto mismo y aun no es arreglado, eso me ocurrio en septiembre de 2025 y a dia de hoy a algunos usuarios le sigue pasando esto mismo, LUEGO DE 2 AÑOS DE LANZAMIENTO AUN NO ES ARREGLADO es lamentable.",negative,steam_live,553850,False,1778996028,54667,latam,1,0.491803258657455444,True,False,False
HELLDIVERS™ 2,不是連線有問題就是軟體有問題 白癡遊戲,negative,steam_live,553850,False,1778995507,9948,tchinese,1,0.5,True,False,False
HELLDIVERS™ 2,buggy @ss game,negative,steam_live,553850,False,1778995450,10281,english,5,0.502933263778686523,True,False,False
HELLDIVERS™ 2,Developers are actively malicious towards their players.,negative,steam_live,553850,False,1778995079,16636,english,8,0.502668023109436035,True,False,False
HELLDIVERS™ 2,游戏是好游戏,positive,steam_live,553850,True,1778994519,11923,schinese,0,0.5,True,False,False
HELLDIVERS™ 2,能不能把影响任务完成的恶性BUG都修一修，买了一年多了，还是经常遇到任务点无法交互导致任务无法完成，只能退游戏的恶性BUG，求你们QA好好发力一下吧行不行。,negative,steam_live,553850,False,1778994032,14726,schinese,3,0.5,True,False,False
HELLDIVERS™ 2,I'd literally never play this solo or with randoms. Great to play with friends. Although I do get tired of it quite quickly because the game is super punishing on the harder difficulties..which are the only ones worth playing. It's a good time for the most part once you're used to it. Not the best or worst game ever,positive,steam_live,553850,True,1778993796,4891,english,0,0.5,True,False,False
HELLDIVERS™ 2,"Love this game to death, still extremely fun to its core, but narrowhead will not listen to the playerbase and do what we want. Game is still buggy, needs rebalance on the variety of weapons (most weapons are just not fun or viable/THEY ARE POWER CREPT, and half of the new weapons feel underwhelming compared to powerful old weapons or are overshadowed by META ones). Also big dislike for me to pay for the game then pay MORE bucks because I do not want to GRIND HOURS for super creds. I respect my time, and I hope in the future there are easier ways to get super credits rather than aimlessly doing credit farms. idk like MAYBE award super credits for helldivers who perform exceptional for their performance or as a community for completing major orders? Wake up narrowhead, the community has democratically agreed for you to MAKE THE GAME BETTER. BETTER GAME = HAPPY PLAYER BASE = MORE MONEY FOR YOU WHICH YOU ALREADY MAKE FROM LOTS OF MICROTRANSACTIONS",negative,steam_live,553850,False,1778992398,11201,english,7,0.558930873870849609,True,False,False
HELLDIVERS™ 2,"What the hell happened? This game was fantastic! Now the developers sit on their asses all day, selling hot garbage to the people who stood by them during the development process, and handing us a giant middle finger!",negative,steam_live,553850,False,1778992201,2512,english,7,0.541600644588470459,True,False,False
HELLDIVERS™ 2,De peluche,positive,steam_live,553850,True,1778992005,13838,latam,0,0.5,True,False,False
HELLDIVERS™ 2,"Like most other negative comments on here, I genuinely love this game. Its my most played game ever. The major issue is performance related. I'm showing my specs here so y'all can see its not a potato or anything. I can play for like 20 mins max before screen starts to freeze and not just a few seconds like stuttering(thats another issue too), I hafta quit the game and start again. Its frustrating cuz I'm in the middle of missions. This is a cry for help but I know this company ain't doing jack cuz this issue has been going on for long time. TLDR game don't work, these people ain't gonna fix it, do with that what you will.",negative,steam_live,553850,False,1778991881,12289,english,4,0.501748263835906982,True,False,False
HELLDIVERS™ 2,Buen juego para la libertad,positive,steam_live,553850,True,1778990927,5187,spanish,0,0.5,True,False,False
HELLDIVERS™ 2,Fun. Captured the spirit of Starship Troopers,positive,steam_live,553850,True,1778990336,563,english,1,0.494816213846206665,True,False,False
HELLDIVERS™ 2,A Democracia Gerenciada preserva nosso estilo de vida. Pela Super Terra!,positive,steam_live,553850,True,1778989768,3201,english,0,0.5,True,False,False
HELLDIVERS™ 2,"Really enjoy playing the game, except i cant anymore because it hard freezes my computer every time i try to play",negative,steam_live,553850,False,1778989127,2048,english,4,0.505183756351470947,True,False,False
HELLDIVERS™ 2,main loop of game is good but mostly annoyed with not late game progression or progression that gives small percent increases. yea i can all in my orbital strike 1 more second early. a real lack of customization too of weapons and vehicles. the devs seem to be too busy releasing warbonds to make the core of the game any better. not even maintaining it sometimes with how many bugs you come across. yea i sent 40 dollars now i get to grind sc on d1s for less the minimum wage to afford anything interesting. lol,negative,steam_live,553850,False,1778988493,3012,english,4,0.5,True,False,False
HELLDIVERS™ 2,Great game to play with friends and kill some time,positive,steam_live,553850,True,1778988425,2133,english,0,0.5,True,False,False
HELLDIVERS™ 2,"I don't understand why people are hating on this game, its peak cinema.",positive,steam_live,553850,True,1778988288,1814,english,0,0.494816213846206665,True,False,False
HELLDIVERS™ 2,I'm doing my part,positive,steam_live,553850,True,1778988217,4553,english,0,0.471486300230026245,True,False,False
HELLDIVERS™ 2,you nggs have the best horde game and the worst service game. there is no way yall have to learn from the garbage that was destiny 2,negative,steam_live,553850,False,1778987544,7956,english,4,0.494816213846206665,True,False,False
HELLDIVERS™ 2,"垃圾遊戲,更新之前卡輸入法",negative,steam_live,553850,False,1778986654,24266,tchinese,1,0.5,True,False,False
HELLDIVERS™ 2,"Игра сама по себе отличная, а с друзьями так вообще залетает на ура, вот только разрабы постоянно убивают ее плохим балансом и платными варбондами.",negative,steam_live,553850,False,1778986260,3854,russian,2,0.5,True,False,False
HELLDIVERS™ 2,"asdfnm ,",positive,steam_live,553850,True,1778984492,713,english,0,0.476190477609634399,True,False,False
HELLDIVERS™ 2,"FREEDOM, JUSTICE, AND INDEPENDANCE!",positive,steam_live,553850,True,1778984121,2863,english,0,0.5,True,False,False
HELLDIVERS™ 2,"I've played Helldivers for a long time, but now, it just feels like watching an old friend start turning to the exact person he would've considered deplorable. However, there is still hope for change, we aren't leaving this game yet.",negative,steam_live,553850,False,1778983973,41688,english,4,0.523809552192687988,True,False,False
HELLDIVERS™ 2,"Its in the name, this game is Hell and pure galactic chaos, and its beautiful, its really fun with freinds but a lot more chaotic.",positive,steam_live,553850,True,1778983821,6087,english,0,0.5,True,False,False
HELLDIVERS™ 2,"best game ive played in a long time cant get enough, active amazing devs always new toys to play with and enemies to fight, if you hate this game game your mother probably shoulda swallowed.",positive,steam_live,553850,True,1778982701,25099,english,0,0.450536727905273438,True,False,False
HELLDIVERS™ 2,Good game but there are too many patrols on the map which make doing anything a tedious and aggravating chore,positive,steam_live,553850,True,1778981654,3326,english,0,0.491100817918777466,True,False,False
HELLDIVERS™ 2,Update,negative,steam_live,553850,False,1778981621,23789,english,3,0.435698658227920532,True,False,False
HELLDIVERS™ 2,感觉还不错,positive,steam_live,553850,True,1778981517,1568,schinese,0,0.5,True,False,False
HELLDIVERS™ 2,El mejor juego super vicioso mm demasíado contenido que hasta te pierdas una puta acción épica en cada misión que escojes desde nivel 3 para arriba armaduras armas 10/10 un poco pay to win el juego pero neh,positive,steam_live,553850,True,1778981465,5356,latam,0,0.5,True,False,False
HELLDIVERS™ 2,everything,positive,steam_live,553850,True,1778981223,377,english,0,0.472535818815231323,True,False,False
HELLDIVERS™ 2,charger charger go away molest me another day,positive,steam_live,553850,True,1778980848,5133,english,1,0.475568145513534546,True,False,False
HELLDIVERS™ 2,divertido pra jogar com amigos,positive,steam_live,553850,True,1778980123,984,brazilian,0,0.5,True,False,False
HELLDIVERS™ 2,I love this game,positive,steam_live,553850,True,1778979651,1350,english,0,0.471509605646133423,True,False,False
HELLDIVERS™ 2,Özgürlük aşkına!,positive,steam_live,553850,True,1778978466,8002,turkish,0,0.5,True,False,False
HELLDIVERS™ 2,갓겜되면 돌아옴,negative,steam_live,553850,False,1778978202,17243,koreana,3,0.52173912525177002,True,False,False
HELLDIVERS™ 2,"The things you will do for Managed Democracy will shock you.
I don't care what the recent reviews say- this is a fun game with a true sense of immersion that makes you feel like you are part of the effort and an AI that feels authentic for each faction. 
DLC is very optional with only a few essential weapons being pay-walled, but only if you Helldive-Super Helldive difficulty. 
Fun solo with randoms or friends alike.
Join the effort for Super Earth!",positive,steam_live,553850,True,1778977761,13054,english,0,0.450278550386428833,True,False,False
HELLDIVERS™ 2,"Heavy framedrops, unbalanced weapons including enemies also invisible walls.",negative,steam_live,553850,False,1778976809,13635,english,8,0.498830318450927734,True,False,False
HELLDIVERS™ 2,"Is there any greater joy other than spreading democracy?
No.

[i] Then [/i]

Should you play this game?
Yes. [strike] Even more if you love space racism. [/strike]

[b] FOR SUPER EARTH! [/b]",positive,steam_live,553850,True,1778975962,4448,english,0,0.414800852537155151,True,False,False
HELLDIVERS™ 2,"Genuinely the best game ever. Manged by the worst company ever. A company and developers who do not understand their own game and their own playerbase. A company who is more concerned with their own image and their ""Secrecy"" rather than their own playerbase. So many core features are broken or non functioning but instead of fixing the bugs they decide to buff the enemies. A game coded so poorly that nothing can be changed without leaving 50 new bugs. 

Vaulting doesnt work, invisible enemiy corpses block you, Hellpod steering doesnt work, GROUND FIRE DAMAGE DOES NOT WORK. Literally nothing in this game properly works. But sure Arrowhead Im so happy to get new warbonds and ONLY BUFFS TO THE WARBOND ITEMS. Mechs only got buffed for the mech warbond, same with fire, same with gas. 

If you speak out about the issues you get silenced by the reddit and discord mafia. So much so that there is literally a UNCENSORED helldivers 2 reddit because of the literal government level censorship being done by these lowlifes. Which means that no meaningful feedback gets to the developers and any constructive criticism is silenced.

What about the promise of communication? From 2 years ago till now. Nothing has changed. Just radio silence till its time to milk its playerbase for more money from warbonds. This coming from one of the most successful PVE games on Steam is just dissapointing. When will it be enough? When will anything change? I used to love this game, but now I genuinely pray for its downfall because of what it has become.

Hate you Arrowhead. I wish you did better by your players",negative,steam_live,553850,False,1778975880,49169,english,27,0.621410250663757324,True,False,False
HELLDIVERS™ 2,"After one game on my new PC the game hard crashes my PC on booting the game. Reinstalling/clearing cache didn't solve the problem.

CPU 7800x3d

GPU 7600XT 16GB

64GB DDR5 RAM

pretty disappointing",negative,steam_live,553850,False,1778975574,5622,english,13,0.503049612045288086,True,False,False
HELLDIVERS™ 2,pretty good,positive,steam_live,553850,True,1778975289,309,english,0,0.485761195421218872,True,False,False
HELLDIVERS™ 2,Great game is awesome i dont understand why so many people hate on this game i have like 200 hours o the game and i ENJOY IT for democracy everybody,positive,steam_live,553850,True,1778974890,15180,english,0,0.492694884538650513,True,False,False
HELLDIVERS™ 2,top ding,positive,steam_live,553850,True,1778974283,921,german,0,0.489726036787033081,True,False,False
HELLDIVERS™ 2,"Do I recommend HELLDIVERS™ 2? Absolutely.

Do I recommend the associated community, playerbase, and all that entails? Not really. 

Helldivers 2 is a very polarizing game for me. On one hand, I've played through it enough to know just about everything that can happen in a lot of missions, and I've met a lot of people doing so. On the other hand, the average person who devotes their time to this game tends to just be kinda an ♥♥♥♥♥♥♥. Some Truth enforcers Shoot that guy gif 500kg Bomb For Super Earth! internet user who never quite got out of that awkward middle school millitary phase that a lot of men tend to go through.

Now, Helldivers 2 isn't an unpopular game. I've met a lot of very nice people who've played the game, even through the game. From random kids who I ended up in the three stack of that kindly allowed me to kill bots with them, to middle aged dads coming home from work just trying to get in a mission or two before they have to pick up their kid from school. It's absolutely a fun game, and I do not want to deny anyone their right to play it. As a matter of fact, it's the kind of game that I distinctly love to play with friends.

It's just not the kind of game that I like to see as someone's favourite game.",positive,steam_live,553850,True,1778973826,16482,english,1,0.492950916290283203,True,False,False
HELLDIVERS™ 2,"I miss this game but i dont want to play it anymore.

The game has a lot of issues that ruin the experience for many players: The performance issues, buggy terrain and movement mechanics, enemy ai being simultaneously buggy and unfair, the many warbonds which act as freemium content (you either grind for it or pay extra money), the awful game balance which leaves 80-90% of weapons either underpowered or just heavily outclassed.

Then there's also just the things i personally dont find fun like the forced mission timers, most mission objectives being tedious or uninteresting, and the way that the game will ignore your inputs if your character is doing an animation for a different action (please let animations be somewhat cancellable, it eats inputs and is cringe and bad)

I wish for the devs to make the game fun again like it was when i started playing. Give power back to the players, make weapons actually be good and ♥♥♥♥♥♥♥ stop with the warbonds - everybody knows its just a diet battlepass to make more money with. Greedy ass devs.",negative,steam_live,553850,False,1778973120,26871,english,6,0.520044147968292236,True,False,False
HELLDIVERS™ 2,yeah get it,positive,steam_live,553850,True,1778972811,15017,english,0,0.5,True,False,False
HELLDIVERS™ 2,классная игра чтобы дать по хлебалу предателям демократии лопатой,positive,steam_live,553850,True,1778971860,12020,russian,1,0.5,True,False,False
HELLDIVERS™ 2,democracy RAHHHHHHHHHHHHHHHHHHHHHHHHHHHHHHH,positive,steam_live,553850,True,1778971015,9626,english,1,0.472102552652359009,True,False,False
HELLDIVERS™ 2,vey fun to play with friends and to make friends,positive,steam_live,553850,True,1778971014,2535,english,0,0.486115992069244385,True,False,False
HELLDIVERS™ 2,"Despite what some may say, the game is reasonably balanced and the only issues i find are some minor glitches that crop up sporadically, alongside the rather disgusting behavior of the online community surrounding the game.",positive,steam_live,553850,True,1778969997,13628,english,0,0.494826287031173706,True,False,False
HELLDIVERS™ 2,freezes every two seconds but once you tune it out its a great game,positive,steam_live,553850,True,1778969963,758,english,0,0.46461862325668335,True,False,False
HELLDIVERS™ 2,"You're selling the game primarily on Steam, yet you're locked away in a private Discord with your fingers in your ears. You're changing things NO ONE ASKED YOU TO CHANGE, and the things we beg you to change STAY.",negative,steam_live,553850,False,1778969411,60542,polish,3,0.518716573715209961,True,False,False
HELLDIVERS™ 2,devs getting lazy,negative,steam_live,553850,False,1778969169,25026,english,8,0.519906997680664062,True,False,False
HELLDIVERS™ 2,"Probably the best game I've played in a long time. Been getting a lot of hate recently but it's still absolutely worth it. If you're thinking about getting this game, get it. The only people complaining are the veterans, so new players have hours upon hours of things to do",positive,steam_live,553850,True,1778969031,4891,english,0,0.486115992069244385,True,False,False
HELLDIVERS™ 2,"1 Out of 5 stars. ""Review under investigation for treason.""",negative,steam_live,553850,False,1778968728,21675,english,8,0.50437694787979126,True,False,False
HELLDIVERS™ 2,This game is absolutely amazing but be ready and willing to killed killed by enemies in one to two hits taken. You cannot take damage whatsoever so the moment you are compromised you most likely will die. Don't let the enemy close...,positive,steam_live,553850,True,1778968276,21185,english,0,0.5,True,False,False
HELLDIVERS™ 2,You have to pay money for nearly all the war bonds and it ruins the game.,negative,steam_live,553850,False,1778968075,7355,english,6,0.441296547651290894,True,False,False
HELLDIVERS™ 2,REALLY GOOD GAME THAT IS CONSTANTLY ADDING NEW STUFF AND LISTENS TO THE COMMUNITY.,positive,steam_live,553850,True,1778967605,4918,english,0,0.44875064492225647,True,False,False
HELLDIVERS™ 2,its a fun ass game and everyone who plays it keeps turning into a doomer the second they see the new update and it makes me sad,positive,steam_live,553850,True,1778965380,7775,english,1,0.434139132499694824,True,False,False
HELLDIVERS™ 2,sizin gibi geliştiricileri s2m,negative,steam_live,553850,False,1778964705,85986,turkish,1,0.5,True,False,False
HELLDIVERS™ 2,I LOVE THIS GAME!!!!!!!!!!!!!!!!!!!!!!!!!!!!!!!!!!,positive,steam_live,553850,True,1778963955,4969,english,2,0.493462681770324707,True,False,False
HELLDIVERS™ 2,good,positive,steam_live,553850,True,1778963046,66661,english,2,0.493462681770324707,True,False,False
HELLDIVERS™ 2,"Has a preset for steam deck, was verified for a bit as well, but it doesn’t seem to actually be playable at all. FPS that dips to 10 on harder difficulties is unacceptable for a game that apparently used to run good on the steam deck. :( I miss when devs used to optimize their games",negative,steam_live,553850,False,1778962926,11075,english,8,0.518824517726898193,True,False,False
HELLDIVERS™ 2,"Me voy a sumar a los reclamos de la comunidad, si bien no me afecta por ser un jugador casual creo que la molestia tiene merito y las peticiones son justas.",negative,steam_live,553850,False,1778962696,1192,latam,3,0.491803258657455444,True,False,False
HELLDIVERS™ 2,"Excellent game, You gotta do it for liberty",positive,steam_live,553850,True,1778962632,239,english,1,0.493462681770324707,True,False,False
HELLDIVERS™ 2,"I downloaded the game a year and a month ago now i am on 300.5 hours.
Was deployed as recruit into superhelldives, 
got obliterated by 500kg bomb,
5 times
died often. 
Found friends to play helldivers with.
started training and helping new recruits when i became a veteran, 
unlocked all stratagems- Gas is my favourite besides the portable hellbomb.
Started getting obliterated by my own hellbomb until i realised i can drop the portable hellbomb.
Trained more recruits, faught on Oshaune, Melevelint greek and also cyberstan. Got PTSD by it 
Keept on training Recruits on superhelldive, Vaporised them with orbital barrages or icbm´s 
I think i had a life and a family before i played Helldivers 2.
Now i cant stop thinking About Managed Democracy and superearth.
10/10 would Vaporize new recruits on accidents again",positive,steam_live,553850,True,1778962531,18016,german,0,0.5,True,False,False
HELLDIVERS™ 2,"Co-op. Big explosions. Kill everything with fire. Shoot bots. Chainsaw bugs. Hammer ""zombies"".",positive,steam_live,553850,True,1778962367,41047,english,1,0.496183186769485474,True,False,False
HELLDIVERS™ 2,democracy = good 4 u,positive,steam_live,553850,True,1778961586,2831,english,3,0.489373117685317993,True,False,False
HELLDIVERS™ 2,Роботы - черти,positive,steam_live,553850,True,1778961488,459,russian,1,0.5,True,False,False
HELLDIVERS™ 2,All should support the battle for managed democracy!,positive,steam_live,553850,True,1778960717,3671,english,2,0.495984286069869995,True,False,False
HELLDIVERS™ 2,IT SVERY FUN,positive,steam_live,553850,True,1778960455,1068,english,1,0.491830706596374512,True,False,False
HELLDIVERS™ 2,"i bet someone else has laid out the reasons for this negative review already, go read their review instead of mine",negative,steam_live,553850,False,1778960181,7699,english,14,0.518275618553161621,True,False,False
HELLDIVERS™ 2,"I can not in good faith recommend this game any longer, I started my  journey it was around the end of the  Defense of super earth and I suffered the hell hole known as Oshaune 3 times with everyone who fought that battle i feel like no matter what i do for the war its never enough. When you wanted to make a grunt  fantasy you should have held the game back for what you sold was a  horde  shooter you but you went back on it shame on all of the people who made this game you have taken 770 million dollars and what have you done of us nothing you spit in our faces every single chance you get, you keep saying of will fix it but you don't and when you do you buff  the enemies every single time. I joined because my friends had fun i fell in love with the lore and world of this game because I love playing games where i fought for humanity to push us into the stars but this is a hell hole of a game where all them enemies buffs we should have gotten like the flag you are really going to tell me a soldier who is ready to die for super earth would not fight harder seeing there flag flying high and proud knowing that with one more push you can help build something worth dying for or how  some rifles have light pen then others have medium pen its a rifle they all should just have medium pen its sad that a pistol can do more  damage that a RIFLE, you make our  armor feel like paper  and that's not talking about rag dolling for more than half you match or how the bots have magical armor and how they can be buffed by one but we as super earth can't  have a buff with a flag of our proud society but the bots can do it all day, look if I'm going to be the bad guy in a game world i want to feel power and not like I'm made of clay and we are   special forces if you wanted your grunt  fantasy you should have made us the SEAF for God sake. I hope for those of us who are  still fighting hold your head high know that you are not alone in your frustration keep hope for a better tomorrow for super earth, for humanity.",negative,steam_live,553850,False,1778959719,43031,english,11,0.562728703022003174,True,False,False
HELLDIVERS™ 2,"There is a secret fourth enemy faction in the galactic war called ""Arrowhead Game Studios"" that constantly supports the other enemy factions while kneecapping Super Earth at nearly every possible turn. Weird choice considering that this faction directly benefits from Super Earth existing in lore, but what do I know about video game design?",negative,steam_live,553850,False,1778959711,9028,english,14,0.570700943470001221,True,False,False
HELLDIVERS™ 2,big boom,positive,steam_live,553850,True,1778959357,1991,english,0,0.491830706596374512,True,False,False
HELLDIVERS™ 2,"A very good coop game, that can be hard and demanding if you want. 
A globally good community where you can make steam friend, but a growing part of people who don't know ♥♥♥♥ about game development are getting noisy.",positive,steam_live,553850,True,1778959141,22017,english,2,0.493067026138305664,True,False,False
HELLDIVERS™ 2,"I wanna be able to recommend but can't. It's a good game as long as you don't got someone in your ear constantly saying it's bad. But even then, over time you see the flaws that have sat for too long. Great game. Bad Devs. Once it's in a spot that is good, I'll change my review but just know... it's going to be a LONG time. - 5/16/26",negative,steam_live,553850,False,1778958572,35483,english,11,0.511241555213928223,True,False,False
HELLDIVERS™ 2,"Geprobeerd en opgegeven, zeer slechte port van Playstation naar pc.
Controls zijn super clunky, mocht de gameplay beter te bedienen zijn, misschien...
Nu zou ik echter iedereen aanraden om hier op pc van weg te blijven.",negative,steam_live,553850,False,1778958294,108,dutch,2,0.5,True,False,False
HELLDIVERS™ 2,"In this stage the game full with gamebreaking bugs and they never fix them properly, every patch break something and they kill the fun in this fantastic game and just make you angry. They slowly turned the game to a cashmule. I play less with every patch nowadays i played 7 hours in a month instead of 70. I dont recommend to buy it until it get fixed what they messed up.",negative,steam_live,553850,False,1778957835,26162,hungarian,2,0.5,True,False,False
HELLDIVERS™ 2,type shii,positive,steam_live,553850,True,1778956652,12974,english,2,0.516049385070800781,True,False,False
HELLDIVERS™ 2,"70% of the game is behind a paywall, not worth buying",negative,steam_live,553850,False,1778954993,6372,english,19,0.545284152030944824,True,False,False
HELLDIVERS™ 2,Any negative reviews are anti-democratic propaganda. FOR SUPER EARTH!,positive,steam_live,553850,True,1778954976,2060,english,1,0.394768804311752319,True,False,False
HELLDIVERS™ 2,"Nach 92 Stunden Spielzeit habe ich jetzt auch den Bug das dieses Spiel egal wie oft man Treiber mit DDU entfernt, Cache und Spieledaten Löscht, nicht mehr startet. Leider für mich ein Betrug am Käufer, da vom Entwickler auch keine Lösungen angeboten werden!",negative,steam_live,553850,False,1778954511,5867,german,4,0.5,True,False,False
HELLDIVERS™ 2,democracy,positive,steam_live,553850,True,1778954429,4063,english,0,0.490711241960525513,True,False,False
HELLDIVERS™ 2,Fun Coop games,positive,steam_live,553850,True,1778954160,17782,english,0,0.490711241960525513,True,False,False
HELLDIVERS™ 2,"Game full of bugs like getting stuck in walls and grounds, hellpods not being controllable, enemies spawning right in front of players, ragdoll sim on anything but the bug front (And not if you play on higher dif. for bugs), abusive spawn rate and size sense the game doesn't recognize what your already fighting, and a few other small issues that have never been fixed and that's just a small gameplay issue list that i have experienced and seen others ask for adjustments and fixes for these issues.

Community has been in a death roll for a while complaining about how this or that happens, how if your opinion isnt the same then your just ""Name community title"" (Exp. Ego div, Glaze Div, Wine Div, and more) Its all so toxic that honest to god people are willing to dox people in real life and death threat people like the devs, or other players asking the devs to fix issues that the community has had for Way to long. Considering the game is also for the most part Outsourced in such a way that no big change can happen in any kind of quick reasonable time it means were just left to get what feels like a cold shoulder from the devs which I know isn't true entirely but no amount of throwing Ads for a new Campaign or warbond flashing takes away from the core issues and toxic behavior of most all parties involved in any kind of high school drama that comes off this game.

Long story made short, Game came out and was/is good. Issues that never get solved and you should almost never expect them to be fixed given the railroad of changes and additions the game prioritizes over making gameplay less annoying. Oh and don't jump in the community unless your ready to somehow feel like the old days of gaming, the worst part. Toxic for the sake of it, players insulting you for being or thinking a way, and a lack of cooperation regardless that the game is founded on working together and getting things done as a whole.",negative,steam_live,553850,False,1778953983,28224,english,17,0.549911141395568848,True,False,False
HELLDIVERS™ 2,Great game!,positive,steam_live,553850,True,1778953787,15101,english,1,0.498435080051422119,True,False,False
HELLDIVERS™ 2,its a good game just uhh dont listen to the review bombing and stay away from reddit and hop on with a friend or two FOR DEMOCRACY,positive,steam_live,553850,True,1778953749,2422,english,1,0.431896358728408813,True,False,False
HELLDIVERS™ 2,FUNNY game,positive,steam_live,553850,True,1778953443,1764,german,0,0.5,True,False,False
HELLDIVERS™ 2,"WHERE IS THE FREEDOM OF OUR POWER?? WE HAVE NO LIBERTY OF KILLING FOES WITHOUT BEING KILLED SO EASILY... ARROWHEAD GIVES US BACK OUR HELLDIVER POWER, ITS SUCH A TREASON BUFFING OUR FOES!",negative,steam_live,553850,False,1778952290,6824,english,7,0.53448563814163208,True,False,False
HELLDIVERS™ 2,"게임 자체는 걸작이 맞으나, 개발진들이 삽질하는 것을 좋아하는 것 같다.

게임 몰입도가 강하다.

지인들과 파티 맞춰서 하면 시간이 진짜 순식간에 지나감.

헬포드에 타라, 헬다이버.

수퍼지구를 위하여.",positive,steam_live,553850,True,1778952019,4558,koreana,0,0.489726036787033081,True,False,False
HELLDIVERS™ 2,"everyone who writes bad reviews after the release of the latest warbond is an idiot
""why should we pay for exosuits ?""
Since the exosuits are optional, if you want to have one, you have to PAY
no one is forcing you to buy them, especially since currency is easy to farm 
yes this game has a lot of problems with bugs, balance, but the main problem is the annoying community, or rather the (new) players who came here only to whine, not to play 
using the example of the latest warbond - I quite liked it 
If you don't want to pay or you whine that it's hard - GET OUT OF THE COMMUNITY AND DELETE THE GAME AND STOP WRITING YOUR NEGATIVE REVIEWS 
Arrowhead, I don't like you, but I love this game, please continue and listen more to veterans, not newcomers!",positive,steam_live,553850,True,1778951911,30819,english,1,0.447869241237640381,True,False,False
HELLDIVERS™ 2,"This game is filled with bugs, I can't remember a single update that didn't break something.
The enemy designs and balancing changes are inconsistant and nonsensical.
But despite all that I still think the core gameplay loop is insanely fun and addicting.

[u] Half of my total playtime is due to the game not closing properly and steam thinks the game is still open [/u]",positive,steam_live,553850,True,1778950226,24039,english,0,0.460893839597702026,True,False,False
HELLDIVERS™ 2,What reason would you not want to fight for democracy?,positive,steam_live,553850,True,1778949933,27683,english,2,0.523809552192687988,True,False,False
HELLDIVERS™ 2,jeg kan lide hele spillede alt,positive,steam_live,553850,True,1778949834,2170,danish,1,0.5,True,False,False
HELLDIVERS™ 2,good,positive,steam_live,553850,True,1778949834,4060,english,1,0.5,True,False,False
HELLDIVERS™ 2,Eres Hombre? Estas seguro? libera planetas y demuestra que llorar es de débiles,positive,steam_live,553850,True,1778949711,65360,latam,1,0.47413790225982666,True,False,False
HELLDIVERS™ 2,its a fun game and you can shoot undemocratic stuff and bomb it!,positive,steam_live,553850,True,1778949660,13150,english,1,0.5,True,False,False
HELLDIVERS™ 2,神人箭头，神人白皮pig，炮台落下来就爆，一堆bug不修，甚至依旧母亲当空气墙用。按终端按不了，放大炮放不进去。神奇mo，还真能找到白皮猪在n10吃你这坨狗屎,negative,steam_live,553850,False,1778948647,12659,schinese,2,0.512316107749938965,True,False,False
HELLDIVERS™ 2,"fun, chaotic, bloody, sometimes jittery, crashes sometimes, quite grindy, but not recommended for loners.",positive,steam_live,553850,True,1778948239,13362,english,1,0.5,True,False,False
HELLDIVERS™ 2,"Honestly, I don't even need to explain my frustration myself, just check the main page. You can see the whole community practically begging Arrowhead to listen to us. If that doesn't change and the game keeps drifting without any clear direction, I simply cannot recommend it. It isn't worth the base price, and it's definitely not worth the combined cost of the game plus all those in-game packs.",negative,steam_live,553850,False,1778947582,18288,english,10,0.5,True,False,False
HELLDIVERS™ 2,What I liked was how detailed the air support was and being able to play with your friends is amazing,positive,steam_live,553850,True,1778947372,345,english,0,0.5,True,False,False
HELLDIVERS™ 2,ta bien,positive,steam_live,553850,True,1778947042,956,latam,0,0.490196079015731812,True,False,False
HELLDIVERS™ 2,pour la démocratie,positive,steam_live,553850,True,1778946722,1670,french,1,0.523809552192687988,True,False,False
HELLDIVERS™ 2,10/10,positive,steam_live,553850,True,1778945789,10944,english,0,0.4822043776512146,True,False,False
HELLDIVERS™ 2,优化太差了,positive,steam_live,553850,True,1778945500,3652,schinese,0,0.5,True,False,False
HELLDIVERS™ 2,trop bien,positive,steam_live,553850,True,1778945240,29886,french,0,0.5,True,False,False
HELLDIVERS™ 2,FOR DEMOCRACY!!!!!!!,positive,steam_live,553850,True,1778945148,11782,english,0,0.4822043776512146,True,False,False
HELLDIVERS™ 2,"Great game, especially with friends. It bit sad to see the current state of the game due to the player base which have left due to fair reasons.
Through all the bugs this game has/had, it is and will always be one of the best games!
Get some friends and just have a good time!
Get blown across the map or jump in front of your teammates rocket and the whole team dies.
This game is a blast that lasts for hours!
The amount of screen recordings I have of epic or silly moments makes this easily worth the price.
As a bonus you never once have to spend money for in game currency.
All of it can be found in game! BUT! Devs don't really care what's important to fix first or what to buff or nerf and this kinda ruin it I hope they change the whole engine and also add Bloody DLSS and some optimizations + real content.",positive,steam_live,553850,True,1778944044,13090,english,2,0.513888895511627197,True,False,False
HELLDIVERS™ 2,Sweet Liber-tea!,positive,steam_live,553850,True,1778943744,2095,english,1,0.486111104488372803,True,False,False
HELLDIVERS™ 2,"Não há satisfação maior do que se juntar aos irmãos helldivers e defender a liberdade, a prosperidade e o estilo de vida da super terra enquanto espalhamos a democracia por toda a galáxia.",positive,steam_live,553850,True,1778943580,15479,brazilian,0,0.5,True,False,False
HELLDIVERS™ 2,FW,negative,steam_live,553850,False,1778943103,11172,schinese,1,0.5,True,False,False
HELLDIVERS™ 2,"Dear Arrow Head.

I know you are listening to the Feedbacks and are trying to fix the game and such. But the question is, are you really listening to us entirely. From what I've seen and what the community has seen. You really haven't been listening to us entirely and instead doubled down on us with these half-arsed updates that seemed to nerf us and buff the enemy in return.

You had your moment with the 60 days update 2 years ago. But now it seems you're going back on that idea because you just can't stop messing around and then finding out no one likes that joke. The story is becoming less and less fun as each mission results in ""Take this planet to stop propaganda."" which holds little value and not pragmatic or the bug front ""Take this planet to install Tyranny park and a garden planet."" Yea, let's park right next to the bug front that can spew spores across stars. I'm sure nothing will go wrong with being next to them. 

Your strategic opportunity makes no sense and is causing more divides in the community, resulting in more infightings and loss of interest. What happened to the days where MO and SO were actually worth it and gave us rewards and pushed our agenda? You all have forgotten that spark and can't seem to reignite it. If Joel is the current GM that is pushing this, he's doing a bad job at it. Either you sort him out by putting Joel in a timeout and let another GM sort the mess or you keep pushing till you find out that you alienated from the community.",negative,steam_live,553850,False,1778941597,30991,english,14,0.514497637748718262,True,False,False
HELLDIVERS™ 2,"好游戏配烂运营的典型，游戏有复杂的机制，丰富的游玩体验，但箭头的运营犹如粪坑点火，炸的满地都是，且不论bug万年不修，有利于玩家的“特性”倒是知道在下个版本修掉，箭头的狂妄和自大有目共睹，游戏特点之一的“玩家参与重大剧情”只不过是让玩家成为箭头的提线木偶，也是打过超级地球保卫战了，比起其他国家的首都的快速陷落，箭头首都的“荣都”好像被光能遗忘了一样基本没有入侵力量，纽约陷落之后的超级上海保卫战更是万众一心，然而我们伟大的箭头根本没有做“荣都”以外的城市被保住的结局，所谓的参与重大决策就像是超级地球的真理部一样，充满了欺骗和背叛。其他的bug就是报菜名都报不完，最典型的空气墙，泰坦尸体卡在必经之路无论如何你都无法翻越，还有针对房主的巡逻队和特殊怪，当你打虫子的时候“偶尔”会出现你都侧面或是背后突然刷新一只虫子，在两刀砍死你之后直接消失，为了针对玩家而针对，为了加压而加压，自己直播暗改难度，对玩家社区的建议和批评不管不顾，备受期待的改装系统更是学习战地的，要打到较高等级才能解锁稍微有点用的配件。武器方面所谓的“平衡”更是引人发笑，比起无后座和类星体加农炮，有些武器直接就是查无此人，比如我们的灭菌器，而箭头还为了所谓的平衡不是加强敌人护甲就是降低武器伤害或者穿透，自己设计的怪更是自己都打不过，霸王虫好歹是全地图一只，噪音引擎你来打来，赞你妈内，撤离点大平地光噪音引擎就八台，还有数不完的机器人。之前设计的傻逼偷金属条任务更是玩不了一点，野排队友管你这那的就是打，半天下来金属条没偷两根，反正说不完，累了
还有，你都超光速航线了，都银河大战了，你掏点二战武器出来是什么意思？机器人小兵的标配都比潜兵装备好，也就靠着兴奋剂了，总之不建议入，目前没有看见游戏有好转的风险。",negative,steam_live,553850,False,1778940442,18421,schinese,5,0.558914542198181152,True,False,False
HELLDIVERS™ 2,休闲玩儿，图个乐。,positive,steam_live,553850,True,1778939779,843,schinese,0,0.5,True,False,False
HELLDIVERS™ 2,真是让人又爱又恨的游戏,positive,steam_live,553850,True,1778939546,43723,schinese,0,0.5,True,False,False
HELLDIVERS™ 2,Best loding screen,positive,steam_live,553850,True,1778939364,3030,english,0,0.467661142349243164,True,False,False
HELLDIVERS™ 2,成功做到 把一个优秀的游戏更新成一坨屎 我操你妈的,positive,steam_live,553850,True,1778938499,4016,schinese,0,0.5,True,False,False
HELLDIVERS™ 2,NB,positive,steam_live,553850,True,1778938435,1087,schinese,0,0.5,True,False,False
HELLDIVERS™ 2,"please remove the rag dolls 
;(((",positive,steam_live,553850,True,1778938113,9610,english,1,0.486028611660003662,True,False,False
HELLDIVERS™ 2,箭八分钱,negative,steam_live,553850,False,1778937986,21736,schinese,2,0.505882382392883301,True,False,False
HELLDIVERS™ 2,",",positive,steam_live,553850,True,1778937893,1983,english,0,0.486725687980651855,True,False,False
HELLDIVERS™ 2,屎,negative,steam_live,553850,False,1778936694,5324,schinese,2,0.505882382392883301,True,False,False
HELLDIVERS™ 2,"Balance the game, if you are going to drown us in warbonds, don't make them ""work"" for a month then you have to get the new one.",negative,steam_live,553850,False,1778935999,3623,english,19,0.509792447090148926,True,False,False
HELLDIVERS™ 2,"The game is pretty nice if you accept what you're getting into. Personally, I find it fun and entertaining to play as a military grunt with awesome weapons, slaughtering hordes of undemocratic aliens. The hyper-democratic military style of the Super Earth government is just hilarious. The parallels to *Starship Troopers* are impossible to miss and make the gaming experience even better. 

As far as I know, the Grunt Powerfantasy is one of the reasons why the game is/got so popular. Unfortunately, the developer—afaik—originally had a Souls-like experience or gameplay style in mind, meaning a brutally difficult and extremely challenging game. 

The problem we just have to live with right now is that the development team still seems to be split on whether to cater to the grunt power fantasy or the Souls-like experience. Regular (and stealth) patches sometimes favor one side and sometimes the other. 

You just have to accept that the game will be patched in the wrong direction for you from time to time and hope that the developers decide on a single direction. Until then, you just have to keep having fun, enjoying the game and see where the journey takes you.",positive,steam_live,553850,True,1778935135,30910,english,2,0.520489096641540527,True,False,False
HELLDIVERS™ 2,Treason = Death by oily men,positive,steam_live,553850,True,1778935078,956,english,0,0.490464538335800171,True,False,False
HELLDIVERS™ 2,Arrowhead as a company would rather crumple than listen to the community one single time.,negative,steam_live,553850,False,1778934656,28977,english,11,0.502450942993164062,True,False,False
HELLDIVERS™ 2,:(,negative,steam_live,553850,False,1778934044,6981,koreana,3,0.523809552192687988,True,False,False
HELLDIVERS™ 2,"The consistent lies and degradation of their own game has made this a no from me, in it's current state. Is it a fun game? Kinda. Is it worth your time? Yeah. Is it worth the price they ask for it? Nooooooooo. With the sheer amount of warbonds to sift through, new players will have a very tough time experiencing it to it's fullest. They do make SOME good changes, then immediately shoot themselves in the foot by changing integral systems, not understanding what those changes may affect. Not to mention the ""Rules for Thee, Not for Me"" philosophy.

TLDR: I had my fun, but i cannot recommend this game to anyone starting fresh, or returning players.",negative,steam_live,553850,False,1778933592,75621,english,6,0.501768171787261963,True,False,False
HELLDIVERS™ 2,Not an easy game for an old man to start playing,positive,steam_live,553850,True,1778932847,2657,english,1,0.5,True,False,False
HELLDIVERS™ 2,为了超级地球，一名参加过超级上海保卫战的牢冻肉留下了评论,positive,steam_live,553850,True,1778932607,5852,schinese,0,0.5,True,False,False
HELLDIVERS™ 2,"我将维持这一差评，直到 Arrowhead 使用现代游戏引擎重写本作，并彻底停用 nProtect GameGuard 反作弊软件，从根本上解决游戏性能问题。

I will keep this negative review until Arrowhead rewrites the game using a modern engine and entirely removes the current anti-cheat software (nProtect GameGuard) to fundamentally fix the performance issues.

Arrowheadが現代的なゲームエンジンで本作を再構築し、現在のアンチチートソフト（nProtect GameGuard）を廃止して、パフォーマンス問題を根本から改善するまで、この低評価レビューを維持し続けます。

Arrowhead가 현대적인 게임 엔진으로 게임을 재개발하고, 현재의 안티치트 프로그램(nProtect GameGuard)을 폐지하여 성능 문제를 근본적으로 해결할 때까지 이 부정적 평가를 계속 유지하겠습니다.

Я не изменю этот негативный отзыв до тех пор, пока Arrowhead не перепишет игру на новом современном движке и не откажется от античита nProtect GameGuard, чтобы коренным образом улучшить производительность.

Ich werde diese negative Bewertung so lange beibehalten, bis Arrowhead das Spiel auf einer modernen Engine komplett neu aufbaut und das aktuelle Anti-Cheat-Programm (nProtect GameGuard) entfernt, um die Performance-Probleme grundlegend zu lösen.

Je maintiendrai cet avis négatif jusqu'à ce qu'Arrowhead réécrive le jeu avec un moteur moderne et supprime l'anti-triche actuel (nProtect GameGuard) afin d'améliorer fondamentalement les performances du jeu.

Mantendré esta reseña negativa hasta que Arrowhead reescriba el juego con un motor moderno y elimine el actual software antitrampas (nProtect GameGuard) para solucionar los problemas de rendimiento de raíz.",negative,steam_live,553850,False,1778932155,19795,schinese,3,0.534246563911437988,True,False,False
HELLDIVERS™ 2,"Helldivers never stops being fun.

Few games manage to create this perfect mix of chaos, teamwork, panic, and absolute stupidity in the best possible way. One second your squad is moving like an elite military unit, and five seconds later someone accidentally calls an airstrike directly on the extraction zone while everybody screams into Discord.

And somehow… it’s glorious.

Helldivers 2 absolutely nails the atmosphere. The gunplay feels heavy and satisfying, explosions are spectacular, and the constant danger keeps every mission intense. Friendly fire being always on sounds frustrating at first, but it actually creates some of the funniest moments I’ve ever had in multiplayer gaming.

The developers also deserve credit for making the galactic war feel alive. It genuinely feels like the community is fighting together for Super Earth, even if we mostly fight each other by mistake.

Whether you’re getting overrun by bugs, vaporized by robots, or crushed under a badly aimed supply drop, the game constantly creates memorable stories.

For democracy.
For freedom.
For accidentally reinforcing your teammate into a minefield.",positive,steam_live,553850,True,1778931738,24434,norwegian,0,0.5,True,False,False
HELLDIVERS™ 2,you don't listen you got what you deserved,negative,steam_live,553850,False,1778931693,14678,english,11,0.523223280906677246,True,False,False
HELLDIVERS™ 2,ok,positive,steam_live,553850,True,1778931186,667,brazilian,0,0.5,True,False,False
HELLDIVERS™ 2,Peak Swedish design,positive,steam_live,553850,True,1778929528,54557,english,1,0.52173912525177002,True,False,False
HELLDIVERS™ 2,Easy to find hard to beat!,positive,steam_live,553850,True,1778928821,20642,english,0,0.5,True,False,False
HELLDIVERS™ 2,"This game is worth every dollar. Don't get scared away because of the bad reviews, don""t get me wrong the game has issues, but so does every other game. 

The core gameloop of diving to planets and killing everything in sight is fun, certainly because you are slowly liberating planets and changing the game in real time. 

Giving ""extra"" content and putting them in warbond that you can buy for 1000 Super Credits is a resonable prize and logical for funding more development for the game.  These Super Credits can be found during missions, allowing them to be earned freely.

My honest opinion? This game is a 8,5/10.
""For Liberty, For Democracy, For Freedom. Long Live Super Earth.""",positive,steam_live,553850,True,1778927584,16077,dutch,0,0.5,True,False,False
HELLDIVERS™ 2,I dont think this is halo 3 ODST,positive,steam_live,553850,True,1778927202,4151,english,0,0.5,True,False,False
HELLDIVERS™ 2,Хорошая игра чтобы отыграть несколько миссий вечером,positive,steam_live,553850,True,1778925663,24542,russian,1,0.5,True,False,False
HELLDIVERS™ 2,No matter what you face whether it be robots bugs or aliens We shall always win,positive,steam_live,553850,True,1778924892,2576,english,0,0.495963096618652344,True,False,False
HELLDIVERS™ 2,:thumbsup:,positive,steam_live,553850,True,1778924701,6757,english,0,0.495963096618652344,True,False,False
HELLDIVERS™ 2,游戏是好游戏，但是优化能不能好一点，经常游戏玩着玩着直接崩溃,negative,steam_live,553850,False,1778924169,15248,schinese,1,0.5,True,False,False
HELLDIVERS™ 2,ЗА СУПЕР ЗЕМЛЮ,positive,steam_live,553850,True,1778923361,1838,russian,0,0.487179487943649292,True,False,False
HELLDIVERS™ 2,Sigmowska gra jak nie zagrasz to żałuj!,positive,steam_live,553850,True,1778921261,893,polish,0,0.5,True,False,False
HELLDIVERS™ 2,一堆的恶性bug不修，ipv6网络到现在都匹配不到人，超分也不支持，很难想象这是24年的游戏。,negative,steam_live,553850,False,1778919451,8481,schinese,1,0.5,True,False,False
HELLDIVERS™ 2,хорошая игра похожа на бахмут,positive,steam_live,553850,True,1778919146,2792,ukrainian,0,0.5,True,False,False
HELLDIVERS™ 2,HOW ABOUT A NICE CUP OF LIBER-TEA!,positive,steam_live,553850,True,1778918969,8106,english,4,0.569031953811645508,True,False,False
HELLDIVERS™ 2,"운영 ㅈ같다 재미없다 라는 평가는
 니네가 도파민 관리를 못해서야.",positive,steam_live,553850,True,1778917702,12321,koreana,0,0.427778273820877075,True,False,False
HELLDIVERS™ 2,Very fun game despite what the hell whiners say.,positive,steam_live,553850,True,1778915389,26987,english,1,0.48978269100189209,True,False,False
HELLDIVERS™ 2,"i know i dont have many hours on PC (i play on PS5) but this game is amazing, don't listen to the losers review bombing the game, sure some things need to be fixed and has it flaws but not bad enough to leave a bad review, buy this game.",positive,steam_live,553850,True,1778914624,194,english,3,0.462791651487350464,True,False,False
HELLDIVERS™ 2,垃圾游戏优化一坨,negative,steam_live,553850,False,1778914431,1372,schinese,1,0.5,True,False,False
HELLDIVERS™ 2,arrowhead seems to have abandoned this truly wonderful game,negative,steam_live,553850,False,1778914241,25883,english,15,0.525393247604370117,True,False,False
HELLDIVERS™ 2,游戏好玩，其他不作评价,positive,steam_live,553850,True,1778913577,11050,schinese,0,0.477941185235977173,True,False,False
HELLDIVERS™ 2,Great game,positive,steam_live,553850,True,1778913066,2924,english,1,0.503975749015808105,True,False,False
HELLDIVERS™ 2,"I'm leaving a negative review because my friends are crying about this being ""review bombed""",negative,steam_live,553850,False,1778912230,3826,english,10,0.5,True,False,False
HELLDIVERS™ 2,"The game has just really been getting worse. I tried to ignore the bad reviews and give it a shot, but the game was just one bug after another, one friend locking up constantly playing a stuttery mess, the game looking blurry at ""native"" render resolution, and then insane balance on a 6 level mission where bugs were teleporting around and spawning hundreds, before we couldnt even see how many we killed because the game entered an infinite loading bug when trying to return to the ship. The game is in a genuinely unplayable state.",negative,steam_live,553850,False,1778911893,8627,english,9,0.523809552192687988,True,False,False
HELLDIVERS™ 2,"Fck This Game, Fck This Game, Fck This Game, Fck This Game, Fck This Game, Fck This Game, Fck This Game, Fck This Game, Fck This Game, Fck This Game, Fck This Game, Fck This Game, Fck This Game, Fck This Game, Fck This Game, Fck This Game, Fck This Game, Fck This Game, Fck This Game, Fck This Game, Fck This Game, Fck This Game, Fck This Game, Fck This Game, Fck This Game, Fck This Game, Fck This Game, Fck This Game, Fck This Game, Fck This Game, Fck This Game, Fck This Game, Fck This Game, Fck This Game, Fck This Game, Fck This Game, Fck This Game, Fck This Game, Fck This Game, Fck This Game, Fck This Game, Fck This Game, Fck This Game, Fck This Game, Fck This Game, Fck This Game, Fck This Game, Fck This Game, Fck This Game, Fck This Game, Fck This Game, Fck This Game, Fck This Game, Fck This Game, Fck This Game, Fck This Game, Fck This Game, Fck This Game, Fck This Game, Fck This Game, Fck This Game, Fck This Game, Fck This Game, Fck This Game, Fck This Game, Fck This Game, Fck This Game, Fck This Game, Fck This Game, Fck This Game, Fck This Game, Fck This Game, Fck This Game, Fck This Game, Fck This Game, Fck This Game, Fck This Game, Fck This Game, Fck This Game, Fck This Game, Fck This Game, Fck This Game, Fck This Game, Fck This Game, Fck This Game, Fck This Game, Fck This Game, Fck This Game, Fck This Game, Fck This Game, Fck This Game, Fck This Game, Fck This Game, Fck This Game, Fck This Game, Fck This Game, Fck This Game, Fck This Game, Fck This Game, Fck This Game, Fck This Game, Fck This Game, Fck This Game, Fck This Game, Fck This Game, Fck This Game, Fck This Game, Fck This Game, Fck This Game, Fck This Game, Fck This Game, Fck This Game, Fck This Game, Fck This Game, Fck This Game, Fck This Game, Fck This Game, Fck This Game, Fck This Game, Fck This Game, Fck This Game, Fck This Game, Fck This Game, and Fck This Game",negative,steam_live,553850,False,1778911784,34088,english,9,0.517156124114990234,True,False,False
HELLDIVERS™ 2,"Absolutely toxic developers that continually show they just want to make a worse game experience, with a galactic war that's developer driven rather than player driven, cherry picked nonsensical ""rEaLiSm"" that leaves many things in a ♥♥♥♥♥♥ state, while other things can be super fantastical and unrealistic, bugs they refuse to fix for y e a r s, and they have absolute contempt for their playerbase.",negative,steam_live,553850,False,1778910851,26115,english,9,0.494931429624557495,True,False,False
HELLDIVERS™ 2,Spill Oil n shi,positive,steam_live,553850,True,1778909573,453,english,2,0.498454391956329346,True,False,False
HELLDIVERS™ 2,DEMOCRACTGHCYIGHSFDIUG,positive,steam_live,553850,True,1778909242,2110,english,2,0.498454391956329346,True,False,False
HELLDIVERS™ 2,"Peak game at release, and gotta say that the money I spent for the experience was worth it. But they're repeating what Bungie did, and as time goes everything just gets worse.  What makes them different from Bungie tho, is how each time it seems like they are just a little bit closer to bring something good to the game but always fumble. Truly a game of all time.

If you want the game solely for the gameplay loop, buy it. But know that as soon as another game with really similar gameplay loop comes out, it's just not worth it anymore.",negative,steam_live,553850,False,1778909025,40152,english,7,0.501545608043670654,True,False,False
HELLDIVERS™ 2,broken promises: the game,negative,steam_live,553850,False,1778908141,8121,english,9,0.515680611133575439,True,False,False
HELLDIVERS™ 2,"다음 자료는 사이버스텐 점령전 후 수집된 전사자들이 남긴 마지막 유서의 내용입니다. 그들의 이름은 순교자의 벽에 새겨져 영원히 보존될 것이며, 모든 유족들에게 C급 시민권이 부여되는 이례적인 추모혜택의 근거가 될 것입니다. 예외로 어떤 형태로든 적에게 가담한 병사의 유족은 시민권이 박탈되고 처형될 예정입니다. 자유를 누릴 수 있는 권리는 정당한 시민에게만 주어져야 하기 때문입니다.
슈퍼지구 만세!





이름 : 찰스 페데르센.
소속 : SEAF 산하 블루베리 분대.
발견 위치 : 사이버스텐, 트랜스센던스 전방 1.1마일.
기록 시각 : 표준시각 확인 불가. 오토마톤 컨트롤타워 파괴 5분 전.
--------------------------------------------------------------------------------------------------------
기상 상태 : 이온폭풍으로 통신마비.
현재상황
-전장 투입 후 30분.
-유리가 죽고 27분.
-알렉스가 죽고 26분.
-SEAF 야포 통신두절 후 24분.
-마일즈와 갤러웨이가 죽고 23분.
-페트릭이 죽고 21분.
-SEAF 샘 사이트 완전 작동중지 후 20분.
-적 비행체에게 제공권 장악 후 19분.
-다리부상으로 기동력 상실하고 16분.
-구원요청을 송신하고 15분.
-적의 화력에 의한 아군손실 방지를 위해 구원요청에 대한 자발적 취소요청을 수락하고 12분.
-아군의 후퇴요청이 우리의 명예를 지켜주기 위한 상부의 배려로 기각되고 11분.
-모든 통신 마비 후 10분.
-폭발물 고갈 후 9분.
-고막파열로 리나와 나 모두 청각 상실 후 8분.
-컨트롤타워의 외벽 파괴 시인 및 리나가 죽고 7분.​
-엄폐물로 쓰던 리나의 시신이 적 투사체로 소실되고 4분.
-탄약 고갈 후 1분.
-적 병력이 포기를 권장하며 살상력을 갖춘 프로파간다를 진행 중.
-헬다이버의 증원 포인트 확보확인.
-승리를 지켜보기 위해 교전 유지.
슈퍼지구 만세!



이름 : 리나 스트란
소속 : SEAF 산하 블루베리 분대.
위치 : 사이버스텐, 트랜스센던스 전방 1.1마일.
기록 시각 : 표준시각 확인 불가. 오토마톤 컨트롤타워 파괴 12분 전.
--------------------------------------------------------------------------------------------------------
기상 상태 : 이온폭풍으로 통신마비.
참호에서 웅크리고 있다. 고개를 들 수 없다. 다들 죽어버렸다. 다리를 다친 찰스를 어떻게든 이송하려 했지만 주위에서 쉴새없이 피어오르는 흙먼지는 적의 총탄이 날아든다고 알려준다. 남아 있는 폭발물을 참호 밖으로 투척하고, 코앞까지 다가오는 적들은 찰스가 모조리 머리통을 날려버리고 있다. 그들은 작동을 멈추면 붉은 안광이 꺼진다. 덕분에 박아넣을 총알을 낭비할 일은 없다. 하지만 저 하늘, 새빨간 저 하늘은 좀처럼, 하늘을 뒤덮은 적 비행체들이 쪼이는 붉은 빛은 꺼지질 않는다. 마지막 폭탄을 던지고 총을 들어, 좀 꺼져라, 정신없이 하늘을 향해 쏟아냈다. 그러자 붉빛들 중 하나가 갑자기 더더욱 눈부시게 빛난다 싶더니.
고막이 터지며 한순간에 고요해졌다. 생존을 향한 갈망, 명예로울 수 있는 권리, 군인으로써 누릴 수 있는 용기, 적을 향해 쏟아내야 할 분노. 그 모든 것을 어딘가로 날려버리는 끔찍한 굉음들로부터 자유로워졌다. 자유는 어디에나, 이 전장에마저 존재한다. 그래. 적이 총성으로, 포성으로 우리의 자유를 빼앗기 위한 프로파간다를 외친다면 듣지 않으면 되는 거였어. 아직도 하늘은 새빨갛고, 먼지는 가라앉을 줄을 몰라. 하지만 더는 무섭지가 않아. 이렇게 누워서 올려다보니까, 어릴 때 갔던 바다 같기도 해. 오빠가 판 구덩이에 누워서 올려다본 노을도 이런 색이였어. 아아, 이번 전투 끝나면 다 같이 바다에 가기로 했는데. 알렉스가 유리한테 정식으로 프로포즈 하려고 반지도 샀고. 특이하게 유리의 머리카락처럼 까만 반지였지. 다 같이 계획하고 있었는데, 아쉽네.
갑자기 땅이 흔들리고 하늘이 환해졌다. 찰스가 참호 밖을 내다보더니 수신호를 보냈다. '작전 성공'.
그런데 폭발에 휘말린 건지, 찰스의 뒤로 사이보그가 날아와 떨어졌다. 아직 사이보그로 개조된 지 얼마 안 됐는지 SEAF병사의 복장조각과 검은 머리카락이 남아있다. 바닥에 주저앉아 있는 찰스를 눈치 못 챈건지 나를 향해 총을 겨눈다. 오토마톤에게 가담했구나, 이 배신자. 애국심이 투철했다면 오토마톤의 세뇌는 통하지 않았을 테니 말이야. 내 총으로 끝장을 내주마.
슈퍼지구 만세!



이름 : 페트릭 앤더슨
소속 : SEAF 산하 블루베리 분대.
위치 : 사이버스텐, 트랜스센던스 전방 0.6마일.
기록 시각 : 표준시각 확인 불가. 오토마톤 컨트롤타워 파괴 26분 전.
--------------------------------------------------------------------------------------------------------
기상 상태 : 제공권 소실.
여긴 블루베리-7. 격파당한 고속정찰차량에 접근했음. 헬다이버 식별번호 B37, A21, B121 확인. J65가 없음. 휴대용 지옥폭탄도 없음. 현재 J65가 휴대용 지옥폭탄을 운반 중인 걸로 추정.
SEAF야포 통신두절 및 적 비행병력에 제공권을 허락하여 이글 지원도 불가능하다. J65가 등록한 스트라타젬에는 컨트롤타워를 파괴할 수 있는 수단이 없다. 반드시 휴대용 지옥폭탄의 운반을 완료할 수 있도록 헬다이버가 컨트롤타워에 접근할 때까지 적을 유인해야 한다.
전 분대원...생존한 분대원, SEAF 샘 사이트에 지원 바람. 조금이라도 적의 비행병력을 격추해서 헬다이버의 위치가 발각되지 않도록 해야 한다.
그리고 내 위치에 가용할 수 있는 화력을 총동원에서 공격을 요청한다. 적에게 포위당했고 빠져나갈 방법이 없다. 브로큰 애로우. 반복한다. 브로큰 애로우.
슈퍼지구 만세!



이름 : 마일즈 무어
소속 : SEAF 산하 블루베리 분대.
위치 : 사이버스텐, 트랜스센던스 전방 0.8마일.
기록 시각 : 표준시각 확인불가. 오토마톤 컨트롤타워 파괴 28분 전.
--------------------------------------------------------------------------------------------------------
기상 상태 : 염병할 오토마톤.
이동 중인 고속정찰차량 발견. 보이냐 동생아. 저게 헬다이버라는 거다. 이글지원은 막혔고, 미사일은 몇발을 박아도 저 컨트롤타워의 벽도 부술 수 없지. 그래서 직접 휴대용 지옥폭탄을 들고 저렇게 이송하고 있는 거야. 전투 중만 아니면 경례하고 싶다. 적진 한가운데로 들어가는데, 아마 다 죽겠지. 그 전까지 최대한 지원해줘야 해. 잘 보고 쏴.
헬다이버는 애국심으로 똘똘 뭉친 최고의 군인들이야. 봐라. 이 지옥에 내려오면서 국기를 챙겨왔잖아. 사실 전투에 쓸모 없는 건 맞아. 근데 봐봐. 저 깃발 없었으면 지금 우리는 헬다이버를 발견도 못 했을 거고, 그럼 지원도 불가능했을 거라고. 슈퍼지구에 바치는 애국심이 돌고 돌아서 우리를 하나로 모아주는 거야.
잠깐. 헬다이버 측면에 팩토리 스트라이더가 접근한다. SEAF야포에 지원요청 해. 어서! 뭐, 통신두절?!
제길. 당장 야포까지 뛰어 가서 포격 요청해. 어서 가라고!
어이! 스타워즈에 나오는 뭐시깽이 로봇 베낀 놈아! 이쪽이다! 대전차 미사일 한방 어때!
슈퍼지구 만세!



이름 : 갤러웨이 무어
소속 : SEAF 산하 블루베리 분대.
위치 : 사이버스텐, 트랜스센던스 전방 0.9마일.
기록 시각 : 표준시각 확인불가. 오토마톤 컨트롤타워 파괴 28분 전.
--------------------------------------------------------------------------------------------------------
기상 상태 : 형이 염병이 어쨌다고 하던데.
스타워즈에 나오는 AT-AT같이 생긴 병기가 형에게 포격을 했다. 먼지 때문에 아무것도 안 보여. 사실 SEAF야포까지 뛰어 갈 필요는 없다. 저 덩치는 어디서든 보일 거고, 야포가 정상 작동 중이였다면 벌써 쐈겠지.
팩토리 스트라이더가 고개를 돌리더니 헬다이버들에게 포격을 쏟아냈다. 차가 터져나가며 작전은 수포로 돌아갔다.
무전도 되는데 굳이 깃발 같은 걸로 위치를 알리려고 한 걸 보면 그닥 머리 좋은 놈들도 아니였어. 하아. 저런 게 슈퍼지구 최정예들이라니. 적 병력을 우회해서 잠입하는 게 훨씬 낫지 않나? 근데 저렇게 눈에 띄는 깃발을 들고 가는 건 그냥 생각이 없는 거지. 차라리 깃발 든 놈도 무기 들고 싸웠으면 좀 나았겠다. 그럼 나머지 두명도 살았을 거고.
잠깐. 운전수, 깃발, 중기관포. 세명, 이였지? 헬다이버 한명은 어딨지? 분명 남은 헬다이버는 넷이라고 했는데.
아아. 지원을 요청하려고 깃발을 든 게 아니였구나. 적의 시선을 끌려는 거였어. 아직 작전은 살아있어! 저 놈이 주변을 둘러보지 못 하게 해야 해.
어이! 이쪽이다! 민주주의산 대전차 미사일 한방 어때!
슈퍼지구 만세!



이름 : 알렉스.
소속 : SEAF 산하 블루베리 분대.
발견 위치 : 사이버스텐, 트랜스센던스 전방 1.4마일, SEAF야포.
기록 시각 : 표준시각 확인 불가. 오토마톤 컨트롤타워 파괴 31분 전.
--------------------------------------------------------------------------------------------------------
기상 상태 : 잠시 후 이온 폭풍 예고 됨.
젠장, 유리가 죽었어. 총을 저렇게 맞았으면. 교전 중이던 헬다이버도 거의 다 죽었어! 저 컨트롤타워라는 게 증원신호를 차단해버려서 병력은 줄어들기만 하고, 살아남은 헬다이버는 넷 뿐인가. 대공방어시스템 때문에 아군 이글은 접근할 수 없으니 컨트롤 타워를 날리려면 야포를 쓸 수 밖에 없는데, 탄약을 장전하러 가면 바로 총 맞아 죽을 거고. 아직 전장에 휴대용 지옥폭탄이 남아있으니 거기에 걸 수 밖에 없나.
어차피 살아나가기는 글렀어. 유리도 죽었고, 더 미련 가질 필요 없지. 최소한, 오늘 살아남았으면 너의 손에 결혼반지를 끼워줄 수 있었는데. 그래도, 정식으로 부부가 되지는 못 했어도, 함께 순교자의 벽에 이름을 새기겠네. 죽어서는 함께인거야. 슈퍼지구는 우리를 잊지 않을테니 말이야. 그럼 나중에, 순교자의 벽에서 만나자 유리.
슈퍼지구 만세!




--------------------------------------------------------------------------------------------------------



이름 : 유리 네즈미.
소속 : SEAF 산하 블루베리 분대.
발견 위치 : 실종.
기록 시각 : 해당없음.
특이사항 : 블루베리 분대원으로 파악되고 있음에도 시신을 찾을 수 없음. 알렉스 일병의 유서에 따르면 파괴된 SEAF야포 주변에서 발견되었어야 함. 하지만 해당 위치에서 발견된 시신은 알렉스 일병 뿐임.
그녀의 용기와 헌신을 기리기 위해 추가 수색 요망.
조치사항 : 적에게 능동적, 혹은 수동적으로 가담하여 사이보그로 개조되었을 가능성 있음. 이를 참고하여 수색할 것을 권고. 적에게 가담한 정황이 확인될 시, 인타이틀먼트 프로토콜에 따라 유족의 시민권을 박탈하고 처형을 진행할 것. 이는 훌륭한 애국심을 보이는 시민들이 마당히 자유를 누릴 정당한 권리를 보장해주기 위한 조치임.
슈퍼지구 만세!",positive,steam_live,553850,True,1778908124,18409,koreana,0,0.493273526430130005,True,False,False
HELLDIVERS™ 2,Sold my 7 year old to serve super earth in the mines 100% recommend. DEMOCRACYYYYYY,positive,steam_live,553850,True,1778907657,11003,english,1,0.498454391956329346,True,False,False
HELLDIVERS™ 2,"Best 4 player co-op game on the market and any body who are complaining about it are Whine Divers, the negative Reviews are for clout and clicks or just bad at the game. I use base game Equipment and can win on Helldive 10, war bonds are just a bonus. i give this game a solid 9-10/10. every game has room for improvement. Get Good or stop crying about one of the best games on steam!",positive,steam_live,553850,True,1778907601,60526,english,3,0.498265892267227173,True,False,False
HELLDIVERS™ 2,"They're taking away everything that makes the game fun, actively hamstringing the player base by hard buffing every enemy and releasing underwhelming updates that are buggy and extremely unoptimized. The Galactic War feels extremely rigged and suffers from antagonistic Dungeon master syndrome, Community efforts have little effect on the outcome of a campaign, They haven't released a Permanent red stratagem in a year in favor of releasing more paid content, Locking essential gear behind a paywall. For me it feels like I'm being told to shove it whenever ideas of change or buffs are brought up, the player base has been begging for features like enhanced gun, armor and vehicle customization for almost 2 years, and the Devs have publicly stated that they are perusing paid content over requested features. I love this game so much and the devs are ruining it to fulfill how they think the game should be played (Grunt fantasy). So much for the ""A game for everyone is a game for no one"".",negative,steam_live,553850,False,1778907134,20535,english,14,0.534236490726470947,True,False,False
HELLDIVERS™ 2,New update ruins compatibility with Linux systems.,negative,steam_live,553850,False,1778906811,30038,english,11,0.507501006126403809,True,False,False
HELLDIVERS™ 2,GOOD GAME,positive,steam_live,553850,True,1778905768,939,english,1,0.497495919466018677,True,False,False
HELLDIVERS™ 2,No fun allowed,negative,steam_live,553850,False,1778903559,16761,english,11,0.497254401445388794,True,False,False
HELLDIVERS™ 2,"game is super fun for me and my bug friends!!!! if you're a human, its utter ♥♥♥♥♥♥♥♥!!!",negative,steam_live,553850,False,1778903537,18548,english,7,0.455001085996627808,True,False,False
HELLDIVERS™ 2,Arrowhead Game Studios doesn't know their own games. Even the parents of Arrowhead Game Studios' employees don't know them.,negative,steam_live,553850,False,1778903527,9290,koreana,1,0.5,True,False,False
HELLDIVERS™ 2,dope,positive,steam_live,553850,True,1778901458,3480,english,1,0.498854309320449829,True,False,False
HELLDIVERS™ 2,"Enshittification in progress, dont buy.",negative,steam_live,553850,False,1778901323,29230,english,12,0.53798145055770874,True,False,False
HELLDIVERS™ 2,neta porque tocaron la parte de la optimisacion estaba bien antes 120 fps en alto y ahora con suerte 60,negative,steam_live,553850,False,1778899227,2401,latam,3,0.499464690685272217,True,False,False
HELLDIVERS™ 2,"Good game with a basic recipe (shooting aliens) with its own twist that has LOTS of bombs, realistic gun physics and political satire",positive,steam_live,553850,True,1778898554,997,english,1,0.490353196859359741,True,False,False
HELLDIVERS™ 2,The game is really fun to play but you need tactics and stuff and it is better to play with friends but ofcourse you can play it alone but there are missions to play that are better with friends and in all of the game the mecanics and upgrades for your ship and guns are great they help you alot,positive,steam_live,553850,True,1778898546,494,german,0,0.5,True,False,False
HELLDIVERS™ 2,黑屏,negative,steam_live,553850,False,1778898379,61777,schinese,1,0.5,True,False,False
HELLDIVERS™ 2,I Hate Clankers,positive,steam_live,553850,True,1778897982,31756,english,0,0.5,True,False,False
HELLDIVERS™ 2,Капитализм - счастье - за*бись,positive,steam_live,553850,True,1778896792,8167,english,4,0.558486223220825195,True,False,False
HELLDIVERS™ 2,Pay to win,negative,steam_live,553850,False,1778896778,4311,english,8,0.438660174608230591,True,False,False
HELLDIVERS™ 2,Biggest problem is at random the game will say im in the main menu and i will be unable to join anyone or do anything. this has been going on for years now with no fix.,negative,steam_live,553850,False,1778896740,24483,english,6,0.524360775947570801,True,False,False
HELLDIVERS™ 2,"Чудова гра, купа екшену, пострілушок і побігушок, після ігор стратегій і рпг ця гра чудово допомагає розслабитися і від душі постріляти в ворогів ДЕМОКРАТІЇ!!!",positive,steam_live,553850,True,1778896467,10002,russian,1,0.5,True,False,False
HELLDIVERS™ 2,worst game i have ever played,negative,steam_live,553850,False,1778896014,35094,english,6,0.447476089000701904,True,False,False
HELLDIVERS™ 2,Good Game!,positive,steam_live,553850,True,1778895281,5073,english,0,0.5,True,False,False
HELLDIVERS™ 2,chaos just chaos. put a 500kg bomb on a persons head. then i detonated a portable nuke and blue myself up. 10 out of 10 would recoment,positive,steam_live,553850,True,1778895097,3318,english,0,0.5,True,False,False
HELLDIVERS™ 2,Balance your game for god's sake.,negative,steam_live,553850,False,1778894531,3887,english,5,0.529961943626403809,True,False,False
HELLDIVERS™ 2,good game,positive,steam_live,553850,True,1778893648,16041,english,0,0.5,True,False,False
HELLDIVERS™ 2,"I'm being completely honest when I say this, the game is fun. I see a lot of people complaining about the changes like for example the Hive Gaurd's armor increase or some buffs or nerfs they deem unnecessary. I'm not a long term player, I started during first battle for Oshaune, but never have I had any issues with the game or it's balancing. I don't use ""meta"" weapons, I'm more of a ""this gun looks fun"" kinda guy. I'm also not a huge patch notes reader, only am I informed that some enemies got buffed or nerfed until I see some video on YouTube about the community either praising or complaining about it.

I'm not defending the developers, the game could use some patches for issues that's been plaguing the game for years from what I'm hearing from the community. I've experienced some recently and understand some players frustration, but it doesn't really affect me as much as it does to some players. 

The community's negative opinions about the Super Credit farming that it's long and tedious, that's also a point that everybody can relate. We all had to do this at some point, just put on some music, throw an SOS beacon and grind. You're not alone, people will more than likely join and help, ya'll have the same goal. Yeah, it'll take a while, but it's free. Me, coming from War Thunder, I know the pain of the endless grind. You don't need all warbonds, grind for free or cough up some money to buy some super credits. 

As I mentioned, I'm not defending the developers, the game could do for some more polishing instead of needing new content, but I'm enjoying the new warbonds, really gives you a reason to play and enjoy the new weapons and stratagems. I don't think it's possible to satisfy an entire community. Somebody will have a problem with something that somebody else has no problem with, the Hive Gaurd is a good example. Some adapt to kill, some don't.

Please don't arrange my public execution or dox me. This is MY opinion. Please. I've seen what this community's capable of.",positive,steam_live,553850,True,1778892408,18984,english,2,0.514705896377563477,True,False,False
HELLDIVERS™ 2,"Consider this hell... DIVED!!!
I knew coming into this game that I was all for Super Earth... but now I feel even stronger about the planet I fight for! Whether it be bugs, bots, or squids... me and my team of CHUDS could kill them all! 
One complaint though... where is the kissing emote?! Hell-chuttles deserve love too....",positive,steam_live,553850,True,1778891280,15741,english,0,0.495963096618652344,True,False,False
HELLDIVERS™ 2,destroy the clankers and join your brothers of democracy,positive,steam_live,553850,True,1778890172,1033,english,1,0.525862038135528564,True,False,False
HELLDIVERS™ 2,What have you done with this game..,negative,steam_live,553850,False,1778889531,46036,english,7,0.52179419994354248,True,False,False
HELLDIVERS™ 2,"I like to fight bugs. Bugs are fun because bugs. I play on difficulty 4 and have a great time. When my friend joins I get mad at him for leaving me alone with 4 bugs. Each for the level of difficulty I can play without being a burden in my team.

9/10 because I'm too masculine for 10/10

(I'm posting this for my friend Vance)",positive,steam_live,553850,True,1778889346,19841,english,0,0.493846356868743896,True,False,False
HELLDIVERS™ 2,"peak unless with vance 
4/10",negative,steam_live,553850,False,1778889336,15199,english,4,0.500497341156005859,True,False,False
HELLDIVERS™ 2,운영진이 헬다이버들의 제일 큰 적이다.,negative,steam_live,553850,False,1778889197,33099,koreana,3,0.505528271198272705,True,False,False
HELLDIVERS™ 2,good,positive,steam_live,553850,True,1778888473,1667,english,0,0.492382735013961792,True,False,False
HELLDIVERS™ 2,so peak,positive,steam_live,553850,True,1778887542,1135,english,0,0.492382735013961792,True,False,False
HELLDIVERS™ 2,Amazing game,positive,steam_live,553850,True,1778886949,1996,english,0,0.496698617935180664,True,False,False
HELLDIVERS™ 2,"Dear Helldivers 2 Development Team,

I would like to share some constructive feedback regarding my experience with the game. First of all, I believe it is important to highlight that the graphics quality, visual effects, atmosphere, and gameplay are excellent. The combat feels impactful, fluid, and technically impressive, clearly demonstrating the care and talent of the development team.

However, after many hours of gameplay, I noticed that the experience becomes repetitive faster than expected for a game of this scale and price point. Most missions follow a very similar structure: eliminating insects, robots, or aliens, with little practical variation in objectives or mission dynamics.

One aspect that could significantly improve immersion would be the inclusion of missions that better match the narrative presented to players. For example, when the mission objective involves rescuing civilians or children during an invasion, it would be far more impactful to include more believable and immersive environments — hospitals, shelters, evacuation centers, survivors asking for help, rescue operations under pressure, and escorting real people throughout the map. This would create a stronger emotional connection to the mission and make players feel like they are truly participating in a large-scale war rather than simply repeating combat scenarios against endless enemy waves.

Another feature that could completely transform the experience would be the implementation of larger-scale multiplayer battles. The current cooperative gameplay is enjoyable, but the game has the potential for something much greater: maps where multiple squads operate simultaneously on the same battlefield, allowing players to see other teams fighting in the distance, provide support, reinforce defensive lines, and participate in massive coordinated operations. An experience involving dozens of players divided into several squads on the same map would create a true sense of global warfare, making battles feel more epic, dynamic, and memorable.

I believe many players expected this kind of massive warfare experience and greater strategic variety when investing in a premium-priced game like this. Today, despite its exceptional technical quality, there is still a perception that the amount of content does not fully match the enormous potential the game has.

This feedback is not meant as destructive criticism, but rather as recognition that Helldivers 2 has an extraordinary foundation and the real potential to become one of the greatest cooperative gaming experiences in the industry if it continues evolving in mission variety, narrative depth, and multiplayer scale.

Thank you for the excellent work accomplished so far. The universe you created has enormous potential, and many players would love to see this experience grow into something even more ambitious and immersive.",positive,steam_live,553850,True,1778886241,1243,brazilian,1,0.504132270812988281,True,False,False
HELLDIVERS™ 2,This game is amazing and definitely a must have. Obviously some stuff does take time. But love the game overall.,positive,steam_live,553850,True,1778885925,4167,english,0,0.497848749160766602,True,False,False
HELLDIVERS™ 2,"Honestly I love this game DESPITE the god awful community, DO NOT ENAGE WITH THEM.",positive,steam_live,553850,True,1778885017,60832,english,1,0.431819021701812744,True,False,False
HELLDIVERS™ 2,nie polecam,positive,steam_live,553850,True,1778884478,21945,english,0,0.497848749160766602,True,False,False
HELLDIVERS™ 2,"It's painful to give this game a negative review. I've had countless fun times with the game starting from way back at the creek, which then it felt like this game had the best dev team and infinite potential. Clan systems, greater customization, all the small things that the community has been asking for aren't a priority apparantly, as only the ""hardcore"" part of the playerbase wants that according to AH. These features are probably never going to be worked on, as constantly pumping out warbonds is prioritized over the dss thats stayed basically the same since its construction, and all the small little half-baked systems like weapon customization. 

I miss when things in the war mattered, we just take planets for flavour text, not even that happens half the time as the only way to see planet liberation is in an app less than 5% of the community uses, with no in-game way to see this at all. This causes most of the playerbase to be unaware of essential things that are the game never explains such as gambits and resistance rates.

Back during the first year we had meaningful MOs that made this game one of my favourites, the dss construction (even tho it took forever lol), the TCS, vernon wells, the menkent line, getting stratagems by taking planets, all these things were small but meaningful. Now most MOs are liberate this planet for victory text, which feels meaningless. 

Worst than that, bugs and ""features"" such as getting stuck on invisible corpses, hellpod locking, and enemies just straight up going through each other are ignored in favour of enemy buffs and weapon nerfs that no one asked for such as the random hive guard buff?

I love this game, I love this dev team, but it feels like they just don't listen to most of their playerbase except for discord, which there I feel like most people with any criticisms are just called ""whinedivers"" and ignored (or even doxxed for just proposing a charity event).
This game is still great, but I feel like the only way for them to hear us is through a negative review, please go back to being great Arrowhead.",negative,steam_live,553850,False,1778884060,76381,english,15,0.588429033756256104,True,False,False
HELLDIVERS™ 2,"muy buen juego, la dificultad del juego y las misiones son espectaculares, y sobre todo la comunidad, lo estuve jugando con mis amigos y es todavía mejor",positive,steam_live,553850,True,1778883805,1353,spanish,0,0.5,True,False,False
HELLDIVERS™ 2,"Hey dear Arrow Head somehow my game still not working since late March I don't know what is the problem, I reinstalled the game and it sill not working",negative,steam_live,553850,False,1778883461,6073,hungarian,2,0.5,True,False,False
HELLDIVERS™ 2,"J'aime tuer des trucs, m'en fou si ils sont gentils ou méchants.",positive,steam_live,553850,True,1778883460,15094,french,0,0.5,True,False,False
HELLDIVERS™ 2,very good game,positive,steam_live,553850,True,1778883387,760,english,0,0.474799126386642456,True,False,False
HELLDIVERS™ 2,"Not with the state of Arrowhead rn, don't buy it.",negative,steam_live,553850,False,1778883084,5098,english,7,0.517582178115844727,True,False,False
HELLDIVERS™ 2,Really fun game especially with friends,positive,steam_live,553850,True,1778882391,4796,english,1,0.497718632221221924,True,False,False
HELLDIVERS™ 2,Fun but warbonds cost too much and I don't have time to grind. The time to grind for sc has been at least tripled because of the stupid fake poi locations they added recently.,positive,steam_live,553850,True,1778882071,28422,english,0,0.472085952758789062,True,False,False
HELLDIVERS™ 2,"What you think it would take to clean this galaxy up? Do you think it would take some prayers, candles and teddy bears, or it would take some KILLING?",positive,steam_live,553850,True,1778880869,3784,english,0,0.497718632221221924,True,False,False
HELLDIVERS™ 2,"Fun game would recommend if you like a lot of big booms, friendly fire due to lack of communication, and regretting anytime you bring the mines as they are more effective on helldivers than bugs",positive,steam_live,553850,True,1778880532,4006,english,0,0.497718632221221924,True,False,False
HELLDIVERS™ 2,very new-player friendly,positive,steam_live,553850,True,1778880158,716,english,0,0.474120765924453735,True,False,False
HELLDIVERS™ 2,Games great,positive,steam_live,553850,True,1778880070,22495,english,0,0.497718632221221924,True,False,False
HELLDIVERS™ 2,Очень нравится.,positive,steam_live,553850,True,1778879802,791,russian,0,0.5,True,False,False
HELLDIVERS™ 2,"i really want to like this game after 500 hours but i just cant it has so many problems like a lack of content,
progression and a ton of bugs.
i really have no idea what the devs are doing like seriously.
i dont recommend",negative,steam_live,553850,False,1778878472,34165,english,20,0.567486405372619629,True,False,False
HELLDIVERS™ 2,적이 쉬우면 바로바로 버프 시키고 우리가 쉽다 쉽다 하면 바로 너프 시켜버리는 대가리 화살이 만든게임 우주 어딘가에서 이거 좋은데? 라고 외치는 당신! 다음은 당신이 될수도 있습니다 지금! 이순간 당신의 인생에 혁명한 선택이 될수도 있습니다 비추를 박으십시오! 이 헬다이버즈에!,negative,steam_live,553850,False,1778878367,24787,koreana,1,0.5,True,False,False
HELLDIVERS™ 2,"For super earth!
Pretty great for new players in 2026.",positive,steam_live,553850,True,1778877736,6273,english,1,0.512619853019714355,True,False,False
HELLDIVERS™ 2,It reminds me of CoD.,positive,steam_live,553850,True,1778877399,751,english,0,0.5,True,False,False
HELLDIVERS™ 2,For Democracy!,positive,steam_live,553850,True,1778877264,2140,english,1,0.5,True,False,False
HELLDIVERS™ 2,"es un juego divertido si ,incluso si no juegas con amigos pero últimamente los devs deberían poner mas atención en lo que hacen,el juego esta mal optimizado y algunos crasheos que según habían parcheado siguen ocurriendo",negative,steam_live,553850,False,1778876886,70007,latam,2,0.501607716083526611,True,False,False
HELLDIVERS™ 2,Oyunun uzun süreli bir oynayışı oldugunu düşünmüyorum ama oynadğınız sürenin her saniyesinden zevk alabilirsiniz.,positive,steam_live,553850,True,1778876759,5901,turkish,0,0.5,True,False,False
HELLDIVERS™ 2,"Если вы чувствуете себя старым ""танкистом"" (или у вас раннее развитие СДВГ), и у вас есть силы играть только в короткие сессионки особенно после рабочего дня, то это игра которая вам нужна. Весело, не долго, не напрягает, забористо.",positive,steam_live,553850,True,1778876732,4051,russian,0,0.5,True,False,False
HELLDIVERS™ 2,I don't understand why the devs seem so antagonistic towards the players in the actions they take.,negative,steam_live,553850,False,1778876508,92353,english,13,0.508836805820465088,True,False,False
HELLDIVERS™ 2,"This game has stolen a concerning percentage of my life, and will continue to do so. I couldn't give higher praise nor a better recommendation to those who yearn to dive feet first into hell. I'll see you planet-side, Diver.",positive,steam_live,553850,True,1778876347,26941,english,0,0.5,True,False,False
HELLDIVERS™ 2,its good,positive,steam_live,553850,True,1778876339,2966,english,0,0.5,True,False,False
HELLDIVERS™ 2,"朋友推荐入坑，上来就是个下马威。
进去以后完全匹配不到人，然后加入别人的战局也直接失败。
这也就算了，很难理解的部分是我辛辛苦苦打了30分钟两把游戏，明明撤离成功也收集了所谓的样本，但是到外面之后什么都没有得到...感觉自己的人生相当空虚的被浪费了。",negative,steam_live,553850,False,1778876296,81,schinese,1,0.523809552192687988,True,False,False
HELLDIVERS™ 2,LIBERTY,positive,steam_live,553850,True,1778875931,2302,english,0,0.5,True,False,False
HELLDIVERS™ 2,crashes way to much for pc,negative,steam_live,553850,False,1778875566,4314,english,6,0.50320512056350708,True,False,False
HELLDIVERS™ 2,am doing my part to fk Arrowhead Studios where full of poop makers and fun killers,negative,steam_live,553850,False,1778874970,50304,english,6,0.4816150963306427,True,False,False
HELLDIVERS™ 2,Per la super terra questo e altro,positive,steam_live,553850,True,1778874765,5494,italian,0,0.5,True,False,False
HELLDIVERS™ 2,"Только игра с друзьями, одному скучновато, а и кстати СЛАВА ДЕМОКРАТИИ!",positive,steam_live,553850,True,1778874276,1401,russian,1,0.507331371307373047,True,False,False
HELLDIVERS™ 2,"Been playing since launch. I really do like the game, but for the love of god I dont know what you guys did but now I am getting literally 9fps on a RX6600 and Ryzen 7 5800X. No background processes running and i have updated my drivers. This is not acceptable. It started with slowly with the bug happening sometimes as I was exiting menus etc. now the game is unplayable.",negative,steam_live,553850,False,1778873892,7809,english,6,0.508724570274353027,True,False,False
HELLDIVERS™ 2,lowkey a good game my PC just sucks so im refunding it. do reccomend tho,positive,steam_live,553850,True,1778873722,76,english,0,0.461534172296524048,True,False,False
HELLDIVERS™ 2,It's helldivers. Nothing has come quite close to what the developers have achieved here. 100% recommend!,positive,steam_live,553850,True,1778873671,3287,english,0,0.5,True,False,False
HELLDIVERS™ 2,Tam sövecektim oyunu 20GB ye sığdırdıklarını hatırladım,positive,steam_live,553850,True,1778873002,12401,turkish,1,0.518348574638366699,True,False,False
HELLDIVERS™ 2,"despite everything, fun",positive,steam_live,553850,True,1778872699,7894,english,0,0.492327392101287842,True,False,False
HELLDIVERS™ 2,เกมแม่งสปอนโครตส้นตีน ระบบสปอนโครตแย่ ยิ่งไอแมลงวิ่งไวยิ่งแล้วใหญ่ แล้วไอhitboxไททันโครตหัวดอ ไม่แนะนำให้ซื้อและอย่าหาเล่น  ระบบอื่นๆพอเล่นได้เพลินๆแต่ไอระบบสปอนแม่งสปอนโครตแย่ สปอนข้างหลัง สปอนข้างหน้า สปอนทุกทิศทาง แล้วต่อให้จะพังฐานตามด่านก็ไม่ส่งผลต่อระบบสปอน มอนที่สปอนมาก็ชอบรู้ดีเกินเข้าหาผู้เล่นแต่เอไอการยิงก็แย่ มอนยิงผู้เล่นแล้วแต่ตัวมอนยังไม่เห็นผู้เล่น แม่ง โครตส้นตีนเกมแม่ง แล้วแม่งจะปรับอาวุธทำกระดออะไร ระบบอัพเกรดยานก็ตันนานล่ะ เมื่อไรจะมีของใหญ่ สงสัยผู้พัฒนาแม่งมาโซอยากโดนด่าไอเหี้ย ไม่แนะนำให้ซื้อมาเล่น ทรมาณตัวเองชิบหาย ราคา1200+ ไม่คุ้ม เอาเวลาไปชักว่าวยังดีกว่า,negative,steam_live,553850,False,1778871557,16352,thai,0,0.5,True,False,False
HELLDIVERS™ 2,poorly balanced just chaos made to look cool,negative,steam_live,553850,False,1778870633,4239,english,9,0.497802197933197021,True,False,False
HELLDIVERS™ 2,"At the beginning there was Light. Now after all these years the game has got many issues. regarding the balance to weapons, gameplay, and enemies. Need many improvements and updates. game been having frame rate drops and stuttering. for PC.",negative,steam_live,553850,False,1778870168,13201,english,11,0.538553953170776367,True,False,False
HELLDIVERS™ 2,游戏是一个好游戏，绝地潜兵2是我玩过的最好玩的PVE射击游戏，但箭头的运营就是一坨屎，bug满天飞，平衡性不太好，还有一些神秘的小巧思来恶心玩家如：故意卡阈值·备弹量与弹匣容量的小巧思等等。能好好运营，修修bug，不要搞一些神秘小改动恶心人就行。,negative,steam_live,553850,False,1778869147,34723,schinese,0,0.5,True,False,False
HELLDIVERS™ 2,"LIBERTY SAVE ME
runs great with a mid specs pc",positive,steam_live,553850,True,1778868646,2855,english,0,0.49275362491607666,True,False,False
HELLDIVERS™ 2,fun,positive,steam_live,553850,True,1778868544,7417,english,0,0.5,True,False,False
HELLDIVERS™ 2,"It's a fun game! What I don't like is the lack of ""NEW"" contents. I hope they are working on new Red stratagems. I hope they are working on new super destroyer updates. The stealth gameplay was a really cool to see, but needs more work. DSS feels still not enough to really have some impact on the gameplay. Too Many bugs and glitches. Please fix them.",positive,steam_live,553850,True,1778867286,40632,english,0,0.5,True,False,False
HELLDIVERS™ 2,WONDERFUL,positive,steam_live,553850,True,1778866379,6650,english,1,0.476190477609634399,True,False,False
HELLDIVERS™ 2,"Once stratagems or supercredits start being rewards for major orders, this review will change. But currently I don't have positive things to say about this game. Just go play Deep Rock or Far Far West.",negative,steam_live,553850,False,1778865993,19548,english,11,0.529181301593780518,True,False,False
HELLDIVERS™ 2,"This is a fun game plagued by players who think they know how the game should look. I've seen dozens of community posts asking for ridiculous additions. Other than that, it is fair to say the bugs in this game are just as ridiculous. But, if you don't like the game as it is then don't play it. Stop making your opinions and feelings other peoples problems.",positive,steam_live,553850,True,1778865490,26276,english,1,0.497371166944503784,True,False,False
HELLDIVERS™ 2,its fun but there's heavy unbalanced with weapons with everything unable to penetration armor on like 90% of the enemies because most of them are light pen and the guns that are mid pen is boring or just suck. the community is god awful its genuinely full of larpers or meat riding the devs to the point where they worship them as gods. i will highly recommend to not buy this game anytime soon.,negative,steam_live,553850,False,1778865148,4920,english,9,0.530299901962280273,True,False,False
HELLDIVERS™ 2,"es una lastima que helldivers terminara de esta manera con cada actualizacion se fue un poco mas a la basura, se podia jugar en medio sin problemas a 120/150 fps ahora no va a  mas de 40 con la actualizacion de los mechas, esos bajones a 20 lo hace imosible de jugar",negative,steam_live,553850,False,1778864518,18465,spanish,9,0.572039365768432617,True,False,False
HELLDIVERS™ 2,PEAK,positive,steam_live,553850,True,1778863796,1845,english,0,0.5,True,False,False
HELLDIVERS™ 2,"Arrrowhead mined Gold but kept digging instead, game is filled with way to many bugs that they clearly don't care about fixing since they've been in the game forever. Absolutely love seeing my stratagem bounce around like it's a rubber ball, Not giving the flag a buff like giving players faster reload speed or literally anything because there's no ""space magic"" when Democracy Protects armor passive exists in the game is absurd letting you survive a point blank hellbomb off the moral of Democracy seems a little like space magic",negative,steam_live,553850,False,1778862880,5140,english,10,0.519937038421630859,True,False,False
HELLDIVERS™ 2,不要听信评论区破坏自由民主的谎言,positive,steam_live,553850,True,1778861388,1382,schinese,1,0.5,True,False,False
HELLDIVERS™ 2,tired of the gun mechanics shooting any which directing they want instead of the direction your facing,negative,steam_live,553850,False,1778861236,12537,english,6,0.513196468353271484,True,False,False
HELLDIVERS™ 2,超級爛遊戲，一堆bug不修，卡輸入法還敢休假阿北歐王八蛋?!,negative,steam_live,553850,False,1778860114,12470,tchinese,2,0.519999980926513672,True,False,False
HELLDIVERS™ 2,"Худшая игра 21-го века, не рекомендую, удаляйте сейчас же. Баланса нет, демократии нет, сюжета нет, ничего нет",positive,steam_live,553850,True,1778860030,1263,russian,0,0.5,True,False,False
HELLDIVERS™ 2,El mejor juego para repartir demcracia.,positive,steam_live,553850,True,1778859921,3945,latam,0,0.5,True,False,False
HELLDIVERS™ 2,"I play this a little on here when not at home as i play on Xbox primarily with friends and lvl 120 at writing this....  I got to say the game is great but the studio is terrible... they have gone the microtransaction greed route. 

When the game first came out on PS5(yes i own it there as well) the MO were amazing and you had semi consistent upgrade like stratagems we could earn an win. I dont think we have had one in over 1.5 years. Everything started going behind warbonds. 
They also have not balanced for anything. What i mean by that is they will buff the enemies because of lets say Coyote or whatever new warbond. Then proceed to nerf said item in the warbond a month later as well as other things that somehow attach to it... So they got you to buy something basically for at best a month of enjoyment with the warbond system they are putting everything behind... They basically operate under the buff enemies and nerf helldivers moto when it comes to balancing.....

Yes i know you can earn Supercredits but that as well has been nerfed. For the first 6 months of the game in PS5 you could easily earn a min of 20 upwards of 60+ on every lvl 2/3 terminid dive.... Now you can clear maps and not get SC once but hey, that extra 2000 in req slips was amazing right? Or that extra 9 warbond medals you found.... They have obviously skewed that to screw you into buying SC now as well. 

They also always come out and promise communication. That we get like any skorned child for a few months and then its radio silent again. They love to lie about there game state. Saying things cant be done or we would have to completely reprogram the game to do X or Y. We then see the mod community do it in a weekend and go ??????  what you talking about willis.....

I guess end of day AH studios just needs to get there SH** together and stop doing everything they can to ruin a great game.....",negative,steam_live,553850,False,1778859642,3822,english,12,0.52925485372543335,True,False,False
HELLDIVERS™ 2,"Absolute garbage game. I bought it when it was released. Once they forced you to sign up for Playstation Network, I quit and tried to get a refund. Despite several attempts to get a refund based on their shady, ♥♥♥♥♥♥ practices, Steam denied me. I havent played this burning dumpster fire since.

Just remember, a video game baiting and switching you is 100% allowed by the Steam platform and you will be denied a refund. The game also has a problem with nazis. As in a large portion of the playerbase are literal nazis living out their power fantasies. What an absolute dumpster fire this has become. I will never purchase anything even remotely associated with Arrowhead Games. I hope the money from this one was worth it, because you burned a ton of bridges.",negative,steam_live,553850,False,1778857967,404,english,13,0.455196380615234375,True,False,False
HELLDIVERS™ 2,Actions speak louder than words arrowhead fix your ♥♥♥♥.,negative,steam_live,553850,False,1778857770,9028,english,9,0.505443692207336426,True,False,False
HELLDIVERS™ 2,"Haven't played the game in a long time because of the absolute trash balancing by the dev team, and to this day they still continue to ♥♥♥♥ on the game balance and its player base. Devs truly can't stop shooting themselves in the foot.",negative,steam_live,553850,False,1778857487,3774,english,12,0.526891767978668213,True,False,False
HELLDIVERS™ 2,arrowhead my beloved,negative,steam_live,553850,False,1778855247,6463,english,2,0.497696012258529663,True,False,False
HELLDIVERS™ 2,Напевно найкраще що сталося з шутерами й геймдевом! Настыльки насолоди я дуже давно выд ыгор не отримував.,positive,steam_live,553850,True,1778854916,26328,ukrainian,0,0.5,True,False,False
HELLDIVERS™ 2,gierka spadła z rowerka. Warbondy dla nich  to naprawa  błędów jakie samo arrowhead zrobiło,negative,steam_live,553850,False,1778854905,29730,english,3,0.522913575172424316,True,False,False
HELLDIVERS™ 2,"I think Cyberstan really kind of broke us as a whole. 

Do not spend your money on this game.

Sure, at its core the gameplay is fun, but the developers are so obviously on some type of ego trip that it makes it impossible for this game to be something you want to invest time in. There is this blatant level of negligence that is on par with how Blizzard treats their games and communities. 
Even before cyberstan it was incredibly obvious that some objectives were just made for you to lose, and after cyberstan I just stopped caring about MO’s entirely. Why would it matter? I got rewarded for them if they succeeded regardless of whether or not I really participated, and if the MO failed? Who cares. It seems like it’s mostly up to the devs anyways which takes away all of the fun of a live war system. 
Then of course there’s the issue of the balance, or the lack thereof. There’s a perpetual meta of like a handful of stratagems, weapons, and boosters that never cycle out of being useful, and everything else is just completely useless or too situational to be worth using. There realistically should be a lot of variety in terms of making a build, but as soon as something breaks out of the standard mold the devs have set for us and becomes too situationally useful, it gets nerfed to the ground, most likely never to become relevant again. 
In terms of how the MO’s and new content is balanced, it is very clearly all balanced around making whatever the new war bond is as useful as possible so the players are incentivized to spend more money. 
And on top of all that, this review means nothing, because the devs have stated before that they literally don’t listen to the communities criticism. 
Unfortunately developer behavior like this is all too common these days, which is why there has been, and always will be, so many games with a lifecycle like Helldivers.",negative,steam_live,553850,False,1778854461,8794,english,14,0.550562620162963867,True,False,False
HELLDIVERS™ 2,manged democracy reins supreme,positive,steam_live,553850,True,1778853733,5482,english,0,0.480769246816635132,True,False,False
HELLDIVERS™ 2,"Словно как в сюжете , планета ( игра ) окружена враждебными элементами и только ДИМОКРАТИЯ начинённая 500кг тратила способна с ними справится.",positive,steam_live,553850,True,1778853637,7878,russian,0,0.5,True,False,False
HELLDIVERS™ 2,"The New Bug Strain is genuinely made to be unwinnable unless you're on easier difficulties, buffing leaper speed despite already providing signifacnt challenge. The new strain has buffed speed, health damage and area of effect damage is such a silly choice considering you are being by 3000 bugs at mach ♥♥♥♥ speeds and blow up in your face. Killing myself after this review and mentioning Arrowhead in my suicide note and the developers by name (alphabetical order)",negative,steam_live,553850,False,1778853485,6255,english,8,0.528848230838775635,True,False,False
HELLDIVERS™ 2,"N10機器人打著打著""一群""巨型者近距離刷你臉，好玩遊戲，真的?",negative,steam_live,553850,False,1778853234,19091,tchinese,0,0.5,True,False,False
HELLDIVERS™ 2,great game funny hahaha,positive,steam_live,553850,True,1778853214,5082,english,0,0.5,True,False,False
HELLDIVERS™ 2,alright first off the game is extremely fun when playing with the boys or when playing with other randoms its annoying at times because they don't know what the hell they are doing sometimes. besides all the online aspect my biggest issues are that the AI in this game sucks idk who was responsible for that but when you constantly get randomly 1 shot specially by the damn robots or when they suddenly get the urge to decimate you with their aim bot. another bad thing about this game is they clearly love realism which isnt bad but when you can't run over some bushes because they made them solid while some you can just go through them doesn't make much sence. the graphics are really good honestly specially for a multiplayer game the game is really optimized yet the bugs and glitches are everywhere. it also seems the devs hate this game because they update it once every blue moon the warbonds are have some fun things on them limited tho specially for the price. But welp this is the end recap: the game is fun to play with friends sometime good with randoms enemy design sucks ai sucks maps are cool but glitchy graphics are a 9/10 warbonds are mid wish i could give a neutral review but can't final rating 7/10,negative,steam_live,553850,False,1778852934,16081,english,4,0.490275532007217407,True,False,False
HELLDIVERS™ 2,"I can not in good faith recommend buying this game, all the developers care about is churning out half baked warbonds so they can farm some extra cash rather than making the game more fun to play, I already spent like £35 buying this game and have bought multiple warbonds and yet the same issues from when the game launched persist years later. I'm really disappointed because the lore, world building, and gameplay are interesting but Arrow Head don't want to improve the game in any meaningful way.",negative,steam_live,553850,False,1778852888,11523,english,6,0.5,True,False,False
HELLDIVERS™ 2,玩归玩 骂归骂 你m的箭头没有m,negative,steam_live,553850,False,1778851568,7675,schinese,1,0.5,True,False,False
HELLDIVERS™ 2,best game Ive played,positive,steam_live,553850,True,1778851134,4629,english,0,0.5,True,False,False
HELLDIVERS™ 2,Pretty good,positive,steam_live,553850,True,1778850786,5464,english,0,0.5,True,False,False
HELLDIVERS™ 2,할 말은 많은데 시간과 페이지가 모자라 설명은 생략한다.,negative,steam_live,553850,False,1778850764,9280,koreana,0,0.5,True,False,False
HELLDIVERS™ 2,the devs clearly hate u and just turn blind on criticism,negative,steam_live,553850,False,1778849386,32735,english,14,0.513310074806213379,True,False,False
HELLDIVERS™ 2,For the SuperEarth,positive,steam_live,553850,True,1778849004,1919,russian,0,0.5,True,False,False
HELLDIVERS™ 2,I love me some liber-tea in the morning,positive,steam_live,553850,True,1778848944,1541,english,0,0.474547028541564941,True,False,False
HELLDIVERS™ 2,暗改是不说的，拉难度是堆粪怪堆的，加强己方是必增强敌方的，东西是测都不测就直接端上来的，游戏是越更新越卡的，byd小巧思是堆满的，被骂是装死的，更新是便秘的，放假是拉满的。矢头脑子里装的都是什么byd，史吗？这么好的牌都能打的稀烂，这b游戏爱谁玩谁玩，反正我不玩，越玩越失望。最后送你一句：凸(艹皿艹）,negative,steam_live,553850,False,1778847495,43050,schinese,2,0.5,True,False,False
HELLDIVERS™ 2,"Good only when you're off work and trying to have some fun by killing things without using braincell.
Unfortunately the dev is even trying to steal this from us, and what's more unfortunate is that i will keep playing this because of the game itself being fun, guess this is why they dont need to listen at all, sigh
I hope this review becomes a thumb up one day",negative,steam_live,553850,False,1778847250,21519,english,13,0.542626559734344482,True,False,False
HELLDIVERS™ 2,just no.,negative,steam_live,553850,False,1778845028,16457,english,9,0.485702097415924072,True,False,False
HELLDIVERS™ 2,"Helldivers 2 is like a bitter Dungeon master who holds grudges against their players but have to let you play because they also work directly under the wizard of the coast—in this case—Sony.

Every times they hand you a new sheet about the latest update, there is always couple of “Well, about that…"" during the session, be that of enemies or player’s tool of trade.

Arrowheads want to make such a niche game but because the unexpected popularity, now they have no option but change their vision not just because the player demands (in which they care very little of) but also because the pressure from the Sony to maintain the player retention and most importantly profitability, which obviously makes them bitter and frustrated, despite the fact the game made them quite literally swimming in the money, they still decide to turn their bitterness and anger towards the players, and it shows.

""Rule for thee not for me.” is honestly the most apparent theme in the game, and it takes 2 years for them to change enemy shield from indestructible to now you can blow it off with heavy weapons, while our most heavily armored vehicles  are still made of wet cardboard box after several change is just unfortunately stupid.

I can not in anyway recommend this game to anyone, even tho i spent a lot of time and money on this game (Even tho you can farm the MTX currency, I still just wind up used my credit card to buy most of new MRX items), yet i have no choice to give up and move on, because there are just so much problems and recurring issues, while if there are anything either beneficial to the players, or they just catch players having fun not in the Arrowhead’s intended way, you can always see it being patched out next update pretty much without fail, I mean, do you know the most praised optimization patch that cut down almost 80% the file size is actually NOT made by the Arrowhead?

Oh and the player community are also another dark pits I’m not willing to touch it with sixty foots pole, if a man who willing to raise a charity event just asked he Arrowhead to test their own game and end up got doxx and lost his jobs and reputation among community he lived in, while Arrowhead did little to nothing to either stop or condemn those people, then this community is just a joke.",negative,steam_live,553850,False,1778844849,22985,english,18,0.570408403873443604,True,False,False
HELLDIVERS™ 2,我喜欢你。,positive,steam_live,553850,True,1778843280,28841,schinese,0,0.476190477609634399,True,False,False
HELLDIVERS™ 2,The game had so much potential,negative,steam_live,553850,False,1778841960,14896,english,6,0.50364840030670166,True,False,False
HELLDIVERS™ 2,超级气球是头猪,negative,steam_live,553850,False,1778841891,2391,schinese,1,0.5,True,False,False
HELLDIVERS™ 2,bad updates,negative,steam_live,553850,False,1778840712,5950,english,4,0.477183014154434204,True,False,False
HELLDIVERS™ 2,"Has its issues, but is very fun.",positive,steam_live,553850,True,1778840679,31970,english,2,0.527528047561645508,True,False,False
HELLDIVERS™ 2,"Falls off in the late game, gameplay gets repetitive and frustrating in harder difficulties. Still, its not a bad game.",positive,steam_live,553850,True,1778840080,14518,english,1,0.50519031286239624,True,False,False
HELLDIVERS™ 2,♥♥♥ врагам демократии! И еще тем кто цену на этот ♥♥♥♥♥♥ ставил,positive,steam_live,553850,True,1778839085,12205,russian,0,0.5,True,False,False
HELLDIVERS™ 2,"This game had so much potential, it's a shame the devs are the ones destroying the game from the inside.",negative,steam_live,553850,False,1778838568,11039,english,15,0.493912279605865479,True,False,False
HELLDIVERS™ 2,"투명벽 버그때문에 얼마나 많이 죽음을 당한지 알수없다
제발 오브젝트 판정좀 고쳐라 유닛 시체옆으로 지나가지 못하는 현상을 초기부터 지금까지 고치지 못하는건 문제가 있다.",negative,steam_live,553850,False,1778838284,73835,koreana,5,0.52568429708480835,True,False,False
HELLDIVERS™ 2,why did you guys remove medal rewards for major orders if we dont log in there are so many worbonds that needs even more medals to unlock ... you are artificially tring to increase progression which is not meaningful,negative,steam_live,553850,False,1778836258,6380,english,11,0.502065002918243408,True,False,False
HELLDIVERS™ 2,食之无味，弃之可惜。哀其不幸，怒其不争。,negative,steam_live,553850,False,1778836210,19450,schinese,2,0.512987017631530762,True,False,False
HELLDIVERS™ 2,"its not good adding things that can change how a match is played behind hours of grinding or paying, also hidden nerfs are not cool",negative,steam_live,553850,False,1778834784,19235,english,12,0.505976438522338867,True,False,False
HELLDIVERS™ 2,"Freiheit, Demokratie, Gerechtigkeit",positive,steam_live,553850,True,1778834594,30603,german,1,0.523809552192687988,True,False,False
HELLDIVERS™ 2,"Developers must be masochists at this point, they aren't designing a game that ♥♥♥♥♥♥♥ ANYONE wants. Why even bother performing AMA's if you're not going to effectively implement anything?",negative,steam_live,553850,False,1778834072,4598,english,11,0.506796658039093018,True,False,False
HELLDIVERS™ 2,behold the reddit bomb,positive,steam_live,553850,True,1778832698,34273,english,1,0.46475905179977417,True,False,False
HELLDIVERS™ 2,"Until the developers stop fighting against the players, I cannot reccomend that anybody invest their time into this game or their money into these developers. It's really just that simple, hopefully things improve but their track record shows that things getting better is merely a prelude to them getting worse again but usually in a different way.",negative,steam_live,553850,False,1778832461,31430,english,14,0.512294650077819824,True,False,False
HELLDIVERS™ 2,"Overhyped trash. No progression, no weapon/armor/character customization, no end-game, just an early and mid-game. You will be shooting things and blowing things up just for the sake of shooting things ands seeing explosions after 50hrs. 

Game is designed around playing with randoms in 2026 (lol) with a F2P MMO model, the community is made up of British cigarettes, and there's friendly fire with no punishment for intentionally team-killing. So you can imagine how that plays out half the time. Either it devolves into chaos or some soyworm whines about how his deaths are someone else's fault in your ear while you're just trying to kick back and play a game. 

First game was fun on console years back, this was a massive step to the side and many steps back despite the nice paint job. Don't waste your time on this trash.",negative,steam_live,553850,False,1778832144,4814,english,9,0.533572554588317871,True,False,False
HELLDIVERS™ 2,"Дорогая Витуся!

Как только услышали весть о капитуляции Автоматонов, то до рассвета не спали. По улицам везде поздравляли друг друга, плакали, целовались, радовались, орудии, пулемёты в честь Свободы стреляли трассирующими снарядами и пулями, ракеты озаряли небо тёмной ночи. Ночь была днём, некоторые напугались, пробудившись после сна. Поголовная стрельба, свист пуль и снарядов означал Великую Демократию.

Итак, с Свобода Демократии! 

Десантник",positive,steam_live,553850,True,1778831144,4037,russian,0,0.5,True,False,False
HELLDIVERS™ 2,fun,positive,steam_live,553850,True,1778829945,19580,english,1,0.504494011402130127,True,False,False
HELLDIVERS™ 2,"5-15-2026
Based on the current state of Helldivers 2, I can not recommend for anyone to buy this game. Or if you already have bought the game, don't buy any super credits. Don't spend any or anymore money on HD2 until the problems of the game are fixed.
I used to love HD2, and had so many good times with me friends on HD2. But for about a year now my love has slowly turned sour. Ever since the Mr. Redacted incident I've stopped playing, but kept up to date on the news of the game. 
There are people (Like LtBuzzLitebeer) who can articulate way better than I on why HD2 has declined.
Until next time... maybe, I'll miss HD2.",negative,steam_live,553850,False,1778829546,14183,english,11,0.511276483535766602,True,False,False
HELLDIVERS™ 2,A 500Kg bomb and a dream,positive,steam_live,553850,True,1778829100,5497,english,0,0.497891426086425781,True,False,False
HELLDIVERS™ 2,"Used to love this game but the complete lack of late game progression, game breaking bugs, antagonistic blancing, passive aggressive developers, agrregious monetisation really kills any motivation to even launch it. I do not recommend this game to anyone until arrowhead come back from their 50th holiday of the year and tell their outsourced studios to stop pumping out the warbonds and actually fix the core game.",negative,steam_live,553850,False,1778829071,47941,english,12,0.517955660820007324,True,False,False
HELLDIVERS™ 2,Potential Man the video game,negative,steam_live,553850,False,1778828058,8833,english,9,0.500547051429748535,True,False,False
HELLDIVERS™ 2,hace falta mucha más escucha a la comunidad,negative,steam_live,553850,False,1778827306,13926,spanish,8,0.558624267578125,True,False,False
HELLDIVERS™ 2,Devs hate you.,negative,steam_live,553850,False,1778826625,14160,english,13,0.523177146911621094,True,False,False
HELLDIVERS™ 2,"Não é uma análise minha em si é de uma amiga, e eu acabo que concordo com ela.

""O jogo é um jogo muito bom, investi um bom tempo nele e me diverti bastante porém, oque me afastou dele, foi que as atualizações, não adicionam conteúdo exatamente novo além de inimigos, só adicionam warbounds que são ""passes de batalha'', que você só consegue comprar com super créditos, que só é possível pegar de 2 maneiras, sendo elas, farmando que nem um condenado em missões de baixa dificuldade, oque é totalmente chato e sem graça, ou gastar dinheiro no jogo, tipo, isso não seria algo tão terrível se fosse um jogo gratis, até porque a empresa precisa de lucro, porém helldivers custa fodendo DUZENTOS REAIS, oque não faz o minimo sentido você ter que gastar mais dinheiro em um jogo que já é caro. Não adicionam novas estratégias que você pode desbloquear com o dinheiro base do jogo (requisição), que depois de comprar todas essa moeda fica totalmente inutil, servindo apenas para comprar skins de arma e atachments para ela que fazem uma diferença quase insiguinificante na gameplay, amostras também são algo que com o tempo fica inutil, pois depois que você termina todos os upgrades da nave, elas não tem mais utilidades. Espero que nas atualizações futuras, eles adicionem mais métodos de conseguir supercréditos, e mais conteúdo BASE para o game, des de novas armas, novas estratégias, novas armaduras, etc. Mas não posso mentir que helldivers é um bom jogo, realmente me diverti jogando ele, e é um jogo que vale seu preço, apesar dessas escolhas terríveis da empresa.""

Análise feita por Lia ❤",positive,steam_live,553850,True,1778826434,29452,brazilian,0,0.5,True,False,False
HELLDIVERS™ 2,"Bardzo fajna gra , całe piękno gry pokazuje się jak gra się z znajomymi .
Jakieś bugi są ale nie dużo 

Za demokracje",positive,steam_live,553850,True,1778825929,2691,polish,0,0.497925281524658203,True,False,False
HELLDIVERS™ 2,"I don't know how they continue to keep doing it, but every update seems to break some Linux compatibility somewhere in the game. Not counting the number of issues with the dev studio, the game has gone from enjoyable and consistently working to hoping I can launch it the next time I want to play it.",negative,steam_live,553850,False,1778824960,34828,english,13,0.521989047527313232,True,False,False
HELLDIVERS™ 2,"好                          


















玩













































哦",positive,steam_live,553850,True,1778824544,9021,schinese,0,0.492424249649047852,True,False,False
HELLDIVERS™ 2,"The game is brilliant with boundless potential but that's all it has; potential.

Arrowhead had 2 years after releasing the game to flesh out more forms of in-depth progression like weapon customization, enemy bestiary to explain the in-depth enemy damage and parts system. We had to scour wikipages and datamined info on SECRET enemy and weapon changes to even know wtf is going on. (I still won't forgive you for lowering the durable damage on the HMG from 50 to 35 in an undocumented change,AH)

Hell, we don't even have any form of transmog or armor customization to truly express ourselves. No color sliders to make armor colors match because almost every armor is in SLIGHTLY different shades.

The only form of player-usable content that has been expanded upon in this game are warbonds which cost 10 dollars each or 3-5 hours of mindless farming which is best described as a running simulator. Over two years, the cost of warbonds has accumulated into 200+ dollars or 125+ hours of farming to get them all. Just cause these things are permanent to get doesn't excuse the steep costs just to have some sort of long-term content (at least discount the old warbonds).

Arrowhead is also notorious for enabling the behavior that resulted in an EXTREME tribalistic split within the community, their community mod(especially their discord server where their mods are rampant with censorship and banning people over pointless things). I wouldn't really care about mod power trips if it weren't for the fact that the discord server is literally one of the only places where Arrowhead listens to feedback, as well as voting for in-game events like city names and such.",negative,steam_live,553850,False,1778824392,68328,english,22,0.550542235374450684,True,False,False
HELLDIVERS™ 2,"Все ноющие о балансе, замолкните хоть на чуть-чуть, Helldivers 2 не должен быть идеально сбалансированным, это игра про хаос, войну и демократию. Адаптируйтесь выживать в условиях, когда всё идёт по ♥♥♥♥♥, подкреплений нет, тимейтов разорвало ракетами, патроны и стимы на исходе. В этом и весь смысл хд2, вы сражаетесь до последнего, вы выполняете миссию всеми возможными усилиями, ради чувства выполненного долга. Последний варбонд с экзокостюмами может и мог быть лучше, но тот-же прорыв показывает себя отлично против жуков, а ракетный пистолет очень даже хорошая вторичка. Если хотите баланса, то не дождётесь, каждая катка в хд2, это хаос, смерти, взрывы. Здесь вы научитесь сохранять самообладание даже в ситуациях, из которых на первый взгляд вообще не выйти живым. Научитесь пользоваться тем, что есть, даже если оно потерпит изменения.",positive,steam_live,553850,True,1778823773,6592,russian,3,0.554517149925231934,True,False,False
HELLDIVERS™ 2,Донатная помойка.,negative,steam_live,553850,False,1778823061,3412,russian,1,0.47413790225982666,True,False,False
HELLDIVERS™ 2,JewDivers,negative,steam_live,553850,False,1778822911,17292,spanish,3,0.530201315879821777,True,False,False
HELLDIVERS™ 2,great and go learn the lore i do wish i could port my xbox account over to pc though,positive,steam_live,553850,True,1778822427,1678,english,2,0.502854466438293457,True,False,False
HELLDIVERS™ 2,"Experimentation in a game with a huge arsenal of guns, gadgets, and throwables along with a giant ship that can fire down things that you may or may not be able to use in your hands is surprisingly not viable.",negative,steam_live,553850,False,1778821961,14517,english,10,0.501793026924133301,True,False,False
HELLDIVERS™ 2,FOR SUPER EARTH,positive,steam_live,553850,True,1778820301,1144,english,2,0.46265682578086853,True,False,False
HELLDIVERS™ 2,Os devs devem ouvir mais a comunidade.,negative,steam_live,553850,False,1778820089,50075,brazilian,3,0.504132270812988281,True,False,False
HELLDIVERS™ 2,"Overall bad communication from the developers. Future promises are snake oil pitches from Arrowhead. QA testing is seemingly non-existent. Balance changes make the game more irritating. Patch notes will often exclude major changes to weapons. Haven't had any non-warbond strategems in a long time. Story is currently a nothing-burger, and Major Orders have become substantially longer with little impact.

Lastly, performance is just bad. They're using a horrible Anti-Aliasing implementation, and have horrible upscaling. Doesn't run well no matter what system I play it on, and has become nearly unplayable on Steam Deck.",negative,steam_live,553850,False,1778819881,15689,english,12,0.517697691917419434,True,False,False
HELLDIVERS™ 2,"Game continues to have a lot of potential, but the devs constantly fail to listen to community feedback, implement unpopular and unfun updates, do not balance the game properly, and unload paid DLC after DLC while neglecting the core gameplay. While fun, it is difficult to recommend to new buyers even as the devs purportedly are trying to cater to them despite pushing updates that players new and old would not like.",negative,steam_live,553850,False,1778819349,44116,english,14,0.524984538555145264,True,False,False
HELLDIVERS™ 2,"Whatever the ♥♥♥♥ is going on at arrowhead studios is beyond incompetence and incoordination, plus they made Dough cry! 

Takes a week to revert giving hiveguards heavy armor but just a few days to take away my ability to warp out of the Pelican & laugh maniacally (and idk how many months to fix that emote being silent) or any number of other fun glitches or unintended fun things the players discovered. Pilestedt says it’s incoordination that's caused the current state of the game, but the devs seem pretty coordinated in making amazing new (albeit insanely unstable/untested) content that seems fun, while whoever the ♥♥♥♥ oversees balance is even more coordinated on ruining player experience, gets unquestionable authority and keeps trying to turn this game into some sci-fi Tarkov-Arma rip-off. They keep balancing the game for the sake of balance as if this is a pvp first person shooter, even though they said a year ago after the same ♥♥♥♥♥♥♥♥ happened and player counts dropped below 20k, that they’d focus more on balance for the sake of player enjoyment insead of just balance. They lied. 

Pilestedts own words: “Helldivers as designed wasn't supposed to be a ""balanced"" game ala Dota, Starcraft, WOW etc.” 

“But, to get the game into a fun state, we late decided to ""balance"" the game - and this has continued since - and is now the expectation of the community.” 

“The unfortunate truth here is that is way to complex to balance vs the team size and tools we have.” 

So, were they not going for a fun game until late development? 

“The unfortunate truth here is that is way to complex to balance vs the team size” 

“We could hire more - but balance is also a ""one-man game"" 

“I think my biggest takeaway here is that there are so many valuable points, but since much of it is worded so harshly, there are so many conspiracies this subreddit is discounted as being too fringe.” 

“But engaging with you all, I hope proves that it's just hardcore players, with a lot of frustration” 

“- No, we won't pull the mechs from the warbond. You can still grind to purchase each warbond - and we see through the data that most do.” 

In the immortal words of the great Peter Griffin: “shut up! You don’t know nothing! About anything!” 

So we went from shams calling us COD players last year to now being “hardcore” players to pilestedt. When will you learn that player feedback isn't exclusively from whatever “fringe” group you want to ignore, so you can push your grunt fantasy kink onto players who DID NOT PAY for a grunt fantasy? 

We are ♥♥♥♥♥♥♥ Helldivers, an elite unit of the Super Earth Armed Forces and we went from having trouble getting over anything waist height to somewhere closer to the middle of our femurs at this point half the time (if our divers are even allowed a bone that ♥♥♥♥♥♥♥ strong in their entire body). Nor can we hold a ♥♥♥♥♥♥♥ gun steady. 

“How the team stays true to the core is fubdemental in how it is developed. But all games slip over time... Looking at you, originally hardcore SWAT game that now has cartoon characters in it.” 

Kinda like how you guys were originally hardcore against microtransactions, over monetization and for listening to players. Then went to a f2p live service model 

Did arrowhead forget that we paid for this game? They’re turning this into a f2p live service mil-sim with enlistment fees 

BUT DID YOU KNOW YOU CAN FARM SUPER CREDITS?! 

Yes I did, and like everyone else who isn't dead inside I find it insanely boring and not worth it to farm for less than minimum wage. 

More of pilestedts own words: “There is no deliberate lying - just complexity. The Coyote, for instance, was never changed - but its damage is tied to the fire / burning status effect, which was updated. And herein lies a problem. While we said that the coyote wouldn't be changed, the result of tweaking the fire system means that indirectly the coyote was affected, even though the alteration was not intended to hit the coyote.” 

“So, the question at that point is: Do we now never change the burning effect balance?” 

I think the better question is: why couldn’t you introduce a balanced, well-rounded weapon everyone likes without having to nerf it afterwards?",negative,steam_live,553850,False,1778819344,20332,english,11,0.505131125450134277,True,False,False
HELLDIVERS™ 2,Glavedivers2,negative,steam_live,553850,False,1778817814,428,english,7,0.50354611873626709,True,False,False
HELLDIVERS™ 2,"60 dolares para un juego con monetizacion de f2p y que encima anda cuando quiere, lamentable.",negative,steam_live,553850,False,1778817586,5897,spanish,3,0.483221471309661865,True,False,False
HELLDIVERS™ 2,mmmm yum yum please give me a premium or legendary warbond,positive,steam_live,553850,True,1778817485,2869,english,0,0.5,True,False,False
HELLDIVERS™ 2,"Bought, didn't run on my system. Kernel level anti-cheat on a PvE game and a PSN account required to play? All bundled in with a 'Mostly Negative' review score and zero nod to the steam community in their recent ""We hear you"" announcement? Naaahhh..Take your ♥♥♥♥ elsewhere.",negative,steam_live,553850,False,1778816838,5,english,15,0.477723389863967896,True,False,False
HELLDIVERS™ 2,fix yo ♥♥♥♥ cuh,negative,steam_live,553850,False,1778816610,10205,english,10,0.535440027713775635,True,False,False
HELLDIVERS™ 2,it fun,positive,steam_live,553850,True,1778815279,20216,english,0,0.5,True,False,False
HELLDIVERS™ 2,its good,positive,steam_live,553850,True,1778814916,3769,english,0,0.5,True,False,False
HELLDIVERS™ 2,idk man its a good game also um steam kinda forced me to review or they would slime me out,positive,steam_live,553850,True,1778814815,627,english,0,0.5,True,False,False
HELLDIVERS™ 2,"im quitting my favourite game because yes, it's that frustrating to watch it go down like this. it's pretty clear these developers or whoever their puppetmaster is shares a braincell with snail games. what a drag.",negative,steam_live,553850,False,1778814773,14404,english,6,0.495090007781982422,True,False,False
HELLDIVERS™ 2,"쉬운 난이도, 유저 친화적 시스템, 완벽한 민주주의. 
부정적 평가를 쓴 사람들은 전부 반민주적 사상을 갖은 불온분자뿐임",positive,steam_live,553850,True,1778814624,5671,koreana,0,0.379746824502944946,True,False,False
HELLDIVERS™ 2,"This game is fantastic, but has only gotten worse over the year and a half that i have played. Every change is almost the exact opposite of what the community wants and its ruined almost every good thing about this game. Arrowhead made one of the best hoard shooters ever and managed to make it one of the worse.",negative,steam_live,553850,False,1778814567,29552,english,7,0.518324613571166992,True,False,False
HELLDIVERS™ 2,"I’ve had a saintly patience with this game for months now, and I’m at my breaking point. When you’re guaranteed to crash at least once a play session, but more likely multiple times until you give up, and the closest thing to a crash log you can get is the game’s anticheat automatically opening a webpage to make suggestions? I’m hands off this mess until this malware anticheat is out. I shouldn’t have to jump through this many hoops and fight tooth and nail to enjoy the game.",negative,steam_live,553850,False,1778814451,16622,english,7,0.520379126071929932,True,False,False
HELLDIVERS™ 2,"Game is really fun, but it feels like so much wasted potential.",negative,steam_live,553850,False,1778814379,4247,english,3,0.5,True,False,False
HELLDIVERS™ 2,Super fun co-op shooter!,positive,steam_live,553850,True,1778814159,10984,english,0,0.5,True,False,False
HELLDIVERS™ 2,"J'adore l'univers et le gameplay de Helldivers, c'est l'un jeux des jeux ou j'ai le meilleur fun avec mes amis ou des randoms qui ont été super malgré lorsque j'ai débuté, il est vrai qu''un nombre de joueurs ont évoqués des bugs, je n'ai pas trop fais attention à cela. 
Les défauts, que je trouve à Helldivers sont les spec nécessaires pour un avoir de bon graphics ( ce jeux est magnifique) et les missions qui parraissent être les mêmes au bout de quelques jours ( sachant qu'a certains des missions tout a fait inédites sont proposés mais il y a un certains écart de temps entre chaque nouvelle propositions.)
Je conseille ce jeux pour ce qui veulent une nouvelle aventure amusante en Coop",positive,steam_live,553850,True,1778813616,5423,french,0,0.5,True,False,False
HELLDIVERS™ 2,What the ♥♥♥♥ AH,negative,steam_live,553850,False,1778813178,2232,english,7,0.497964739799499512,True,False,False
HELLDIVERS™ 2,"There isn't a lot of incentive to keep playing the game after you start to get the hang of everything, grinding for upgrades that sometimes feel like they sometimes do nothing and half of the cool stuff locked behind warbonds that either needs grinding or paying with real money just kinda kills my enthusiasm to keep playing

TLDR: in my opinion, current game progression is annoying and boring",negative,steam_live,553850,False,1778812026,8992,english,9,0.494505524635314941,True,False,False
HELLDIVERS™ 2,"The game at its core is fun, really fun, especially with friends (as you can see from my hours). 

My main issues with the game are its progression and monetization systems. The main way to get new gear is through warbonds (essentially gear filled battle passes), but because you can only unlock these with paid currency, in order to keep the game fresh you need to constantly be spending money. You can earn the paid currency in missions, HOWEVER BARELY. You get 10 per drop, and you need 1000 (or more)  for a warbond. The currency doesn't drop from completing missions, or from the any of the main objectives. It also doesn't scale with difficulty, meaning the best way to get new warbonds is to farm early level missions. I've spent hours doing this, it sucks, and its something I would expect from a f2p game, not a AA title. 

The balancing team is genuinely, LITERALLY non-existent (they don't have one), where 90% of weapons are almost unusable in high-tier activities. The community is toxic in the weirdest way, where the game;s parody of fascism has turned (parts of) the community into mindless drones that infinitely glaze Arrowhead. 

I'll delete the parts of the review that are solved when that happens, but until then I want this game's review score to plummet as low as possible.",negative,steam_live,553850,False,1778811935,7755,english,7,0.5,True,False,False
HELLDIVERS™ 2,do better,negative,steam_live,553850,False,1778811928,9225,english,7,0.513992011547088623,True,False,False
HELLDIVERS™ 2,FOR DEMOCRACY,positive,steam_live,553850,True,1778811718,1093,english,1,0.52173912525177002,True,False,False
HELLDIVERS™ 2,This is the most bad-ass game ive ever played,positive,steam_live,553850,True,1778811668,2508,english,0,0.5,True,False,False
HELLDIVERS™ 2,This game has so much potential; its a pity it will never be realized.,negative,steam_live,553850,False,1778811332,8096,english,7,0.519480526447296143,True,False,False
HELLDIVERS™ 2,"The game's fun and you'll have fun, but trust me it's not in the long run, the devs more focused on buffing enemies and nerfing players than fixing the bugs Here's example on all fronts

Terminid: bugs spawns right behind you, like almost melee range, they made big guys when killed they launched themselves toward you to kill you with their corpses, GTA styles you know, tryna fabricate hilarious moment type shii. this looks fun, but doesn't feel fun.

Bots: You can't shoot through their corpses, but their friends can, making one sided cover. Oh they shoot through rocks too. Factory strider launch themselves like Bile titans too.

Squid: They fixed meatballs clipping though terrain, they fixed it just for meatball lol. there are zombies that's clipping too.  Not to mention invisible enemies, that ♥♥♥♥ the worst you cant do anything but being frustrated.

Player: They nerf player weapons, limiting player strategy look up ""charger leg meta"" undocumented nerfs. they said they're sorry, they're listening  but they said the same thing a year ago. Undocumented nerfs too, they're having fun seeing players struggle.

they have kinda antagonistic mindset against players you know, fetishing hardships, struggles, hopelessness. for more immersion i guess. NO I DON'T WANT TO SUFFER IN GAMES TOO, I PLAY GAMES TO ESCAPE REALITY.

Edit: Community is ♥♥♥♥ too, there was once a dude challenge devs to play their game at hardest difficulty in return of charity donation, guess what he got? doxxed because their hardcore fanatics can't stand seeing the flaws exposed and they know devs dont play their game, they just drop in, spawn some ♥♥♥♥ and record it for patch notes, best they could do is difficulty level 5, which is like the easy diff with a little bit of challenge (Normal is diff 7) 

TLDR: This game's fun and you can see the potential, but it's under authoritarian management that's fantasize suffering.

I'll change reviews if things improve but for now i have to do with little power that i have is this.",negative,steam_live,553850,False,1778811301,31909,english,8,0.509803950786590576,True,False,False
HELLDIVERS™ 2,"Game is good, but Arrowhead Studios can suck my girthy schlong.",negative,steam_live,553850,False,1778810487,24348,english,8,0.544297575950622559,True,False,False
HELLDIVERS™ 2,amo la democracia de este juego,positive,steam_live,553850,True,1778810430,13043,spanish,0,0.5,True,False,False
HELLDIVERS™ 2,meh,negative,steam_live,553850,False,1778810311,731,english,5,0.519480526447296143,True,False,False
HELLDIVERS™ 2,gud,positive,steam_live,553850,True,1778809541,3748,english,0,0.439315885305404663,True,False,False
HELLDIVERS™ 2,"dear Arrowhead..
please fix your game. stop buffing the enemies, they are already over powered. our vehicles are too weak, even with the “medium armor” they blow up after just a few hits.
fix the gun mechanics like ergonomics and the sway system. the guns sway way too much, especially pistols. the stim pistol is almost impossible to heal a player from long range.
mechs are too slow.
the car drifts a lot.
the tank is too slow.
those are the major vehicle issues i would say.
also all the community wants “Mech Customization” like me.
make all vehicles start with heavy armor and give them good resistance to melee attacks, especially the bastion tank should be almost impossible to damage with melee and resist small arms like pistols, smgs etc.
increase melee damage of mechs.
reduce speed of bugs a bit.
increase all our melee weapon damage and add some new combo swings.
tank cannon needs auto reload please.
friendly fire is too much sometimes, can you add an option to turn it off or make friendly fire damage scale with mission difficulty?
we dont need more new enemy types for now. current enemies are already enough and very strong. in hard missions we die in few hits while enemies feel too tanky. please work more on balance and fairness.
instead of adding new things all the time, focus on fixing and balancing the existing stuff in the game.
[b]Until these major issues are fixed, this review will stay Disliked.[/b]",negative,steam_live,553850,False,1778809116,30760,english,18,0.512613534927368164,True,False,False
HELLDIVERS™ 2,FOR DEMOCRACY,positive,steam_live,553850,True,1778809061,499,english,0,0.472170412540435791,True,False,False
HELLDIVERS™ 2,"As you will notice from my hour count, I did not get insanely deep in this game. There is fun gameplay underneath all of the controversy and lack of polish, but I personally couldn't  get into it because so much of the content is paywalled. I wouldn't recommend it to anyone considering purchasing it at this point in the game's lifespan. I for one expect a $40 price tag to include most, if not all, of a game's playable content, and anything that costs extra should be purely cosmetic or a standalone DLC.",negative,steam_live,553850,False,1778809053,2409,english,15,0.520588219165802002,True,False,False
HELLDIVERS™ 2,"This game is simply dying, don't buy it.",negative,steam_live,553850,False,1778808623,41436,brazilian,4,0.503759384155273438,True,False,False
HELLDIVERS™ 2,democracy,positive,steam_live,553850,True,1778808448,11506,english,0,0.466661810874938965,True,False,False
HELLDIVERS™ 2,Is gud. Works on proton now too. Turn crossplay off to raise the average IQ of players by 40 pts! Amazing.,positive,steam_live,553850,True,1778808433,36340,english,0,0.472170412540435791,True,False,False
HELLDIVERS™ 2,The game was and still can be fun but with the way AH is going I can't bring myself to play this game anymore until they fix alot of the issues plaguing the game since year 1..,negative,steam_live,553850,False,1778808319,36701,english,8,0.473627567291259766,True,False,False
HELLDIVERS™ 2,HAHAHAHAHAHAHAHAHAHAHAHAHAHAHAH DEMOCRACY,positive,steam_live,553850,True,1778807918,43803,brazilian,1,0.523809552192687988,True,False,False
HELLDIVERS™ 2,"Way too buggy cant even play without verification of installed files before you load it up, absolute garbage on pc.",negative,steam_live,553850,False,1778807477,959,english,8,0.465634405612945557,True,False,False
HELLDIVERS™ 2,WE WANT YOU TO JOIN THE HELL DIVERS,positive,steam_live,553850,True,1778807065,502,english,0,0.5,True,False,False
HELLDIVERS™ 2,"If it works properly, the game is very entertaining with friends.

There are endless bugs / connection issues after each update  or new release of content. That takes weeks or even months to fix.",negative,steam_live,553850,False,1778805410,84101,english,9,0.50354611873626709,True,False,False
HELLDIVERS™ 2,For democracy.,positive,steam_live,553850,True,1778805294,467,english,0,0.497076034545898438,True,False,False
HELLDIVERS™ 2,Leuk spel,positive,steam_live,553850,True,1778805222,60689,dutch,0,0.5,True,False,False
HELLDIVERS™ 2,"Constant pushes for new content and updates (likely from higher up executives) and constantly sanding off edges of any real texture that the game had to appease to the constant negative attention this game gets from review bombing babies crying about their specific loadouts and weapons not being able to win the game for them, while never actually fixing any of the real problems that the game has: 

-Bad optimization with constant framerate drops

-Imbalanced and poorly thought out expansions to the game, creating far too many additions to the arsenal that overlap and overshadow pre-existing weapons and equipment

-Relegation of stratagem unlocks to warbonds, practically eliminating the only need for Requisition slips, which were already feeling arbitrary and pointless beforehand

In short, the game is really fun and has good gunplay and a good gameplay formula, but is horrendously dragged down by decisions made by a dev team that was simply not equipped to deal with this game exploding into popularity the way it did, and the constant detractors that want to fit the circle into the square hole. This game deserves a negative review, but not because they ♥♥♥♥♥♥♥ nerfed the flamethrowers.

I wish this game was better handled, I wish people would've shut up about it and left it alone, I wish I didn't have to flip a coin on my game crashing when I kill a few too many bugs with my Exosuits, ""Vera"" and ""Helga."" 

I understand why people play as Chaosdivers now.",negative,steam_live,553850,False,1778804843,48465,english,8,0.486717700958251953,True,False,False
HELLDIVERS™ 2,"Should you buy helldivers 2 as of rn? (CURRENT STATE OF GAME)

Short answer no i would not recommend this game at its current state, now at release yes i would but the balancing and constant nerfing in a PVE game is sad to see and pushed me away....everytime i would get on a new weapon i had was even worse .... uhm we are fighting AI enemies not PVP why are we nerfing stuff like this is call of slop (cod) and raising prices on stuff to monetize the game more is just predatory they need money i get that but respectfully make it easier to find super creds or i dont see alot of people playing , the grind gets annoying especially since you find them in small amounts and they raise prices to keep you on the game more or so you fold and spend real dollars which is sad. game had/has potential if you stop nerfing stuff in a PVE GAME was fun now its just like cod and all of them a grind game... this isnt a free game sorry im not spending my day just to get 400 supercreds if you even find them before getting killed cause you are using a nerf gun now.. BIG L FOR ARROWHEAD ITS ALMOST LIKE THEY HAVE AN ARROW IN THEIR HEAD OR SOMETHING...",negative,steam_live,553850,False,1778802837,8150,english,13,0.49572417140007019,True,False,False
HELLDIVERS™ 2,puto juego todo mal echo como lo amo,negative,steam_live,553850,False,1778802528,2603,spanish,2,0.508466601371765137,True,False,False
HELLDIVERS™ 2,"it's not unplayable, but it lost it's luster since year 1 and community/developer attention seems to be focused elsewhere.",negative,steam_live,553850,False,1778802219,14207,english,14,0.542128682136535645,True,False,False
HELLDIVERS™ 2,"The game curently hard crashes my pc and it is a bug known to arrowhead as i am not the only person to be affected by it, so far there is no way to fix it as ive tried all fixes recomended to me and nothing works. If you buy this game and encounter this bug dont wait for them to patch it as they likely wont just like all the other bugs in the game, just refund the game if possible.",negative,steam_live,553850,False,1778801728,5212,english,9,0.538545310497283936,True,False,False
HELLDIVERS™ 2,"good criticisms of the game 
1 : warbond system is expensive and a pain in the ass
2 : theres a lot you have to figure out on youre own.
3 : D10 is consistently beatable with little effort once you get good enough. and is only getting easier
things idiots are complaining about that just arent true, or arent issues
1 : ""the games too hard"" *there are 10 difficulties.*
2 : ""monkey paw balance"" AKA. if X stat is higher, Y stat is lowered. you know. the whole thing that makes different weapons suited for different situations

despite the issues, this is still a more than amazing game, and most if not all of these review bombers dont know what theyre talking about. or want the game to play itself for you.",positive,steam_live,553850,True,1778801403,18216,english,1,0.469798654317855835,True,False,False
HELLDIVERS™ 2,good,positive,steam_live,553850,True,1778800649,2245,english,0,0.5,True,False,False
HELLDIVERS™ 2,"I love this game but you guys at Arrowhead are so completely lost from what the player base has been begging for its insane. How the ♥♥♥♥ are you guys getting out performed by modders? Genuine question, these people aren't getting paid and are doing it in their free time and yet are able to make better changes than you. And when things are on fire and the community is screaming at you to listen to them all you can do is use the same old copy and paste apology that you've been using. Who do you think that you are fooling with that corporate apology?

  Do what people have been asking for and people will gladly cheer you on. We don't want to have a negative relationship with the devs. Hell your team when the game came out was a symbol against everything that we hated about other live service games because it felt like you were listening to the community. 

   And if you are stuck and confused on what the community wants genuinely just ask your content creators. Hell get an Ai to compile all the things that people are suggesting and just go down the damn list. Its really not that hard and the modding community has shown that. They literally have their own galactic war with a bunch of the things that we as a community have wanted. They were able to listen to what people have wanted and they have way less recourses than you do so what the hell is your excuse. If there are to many cooks in the kitchen it is time for some lay offs before a competitor game comes in and steals your player base just like Marvel Rivals did to Overwatch. 

Get your ♥♥♥♥ together.",negative,steam_live,553850,False,1778800274,9491,english,8,0.500703215599060059,True,False,False
HELLDIVERS™ 2,"good game, team mate go boom.",positive,steam_live,553850,True,1778800182,9393,english,0,0.5,True,False,False
HELLDIVERS™ 2,"In a game where the Galactic War is the main focus, you feel awfully useless and like your decisions don't matter. These devs have an absolute gem, but they handle it like a child given a fortune. No recommendo",negative,steam_live,553850,False,1778799953,17493,english,6,0.500703215599060059,True,False,False
HELLDIVERS™ 2,i think game is fun,positive,steam_live,553850,True,1778799880,25492,english,0,0.5,True,False,False
HELLDIVERS™ 2,"Beautiful silliness, for democracy",positive,steam_live,553850,True,1778799735,2193,english,0,0.5,True,False,False
HELLDIVERS™ 2,"Its about time i reviewed this game, good game, fun, too many warbonds and too many playstyles locked behind a paywall. Not enough feed back from Devs. Modding literally does whay AH cannot or will not do. This game feels made for them not us. Lets not ignore the fact the devs dont even play on higher difficulties nor test the game properly through testers  causing constant obvious glitches before updates.",negative,steam_live,553850,False,1778799567,51766,english,4,0.507042229175567627,True,False,False
HELLDIVERS™ 2,"uh, democracy or smth idk",positive,steam_live,553850,True,1778798850,814,english,0,0.487772285938262939,True,False,False
HELLDIVERS™ 2,"This is an incredible game made even better by the community

Join the HELLDIVERS in their effort to push high command to make better decisions with their game",negative,steam_live,553850,False,1778798720,17280,english,7,0.493288725614547729,True,False,False
HELLDIVERS™ 2,The second most peak game I have played behind Elden Ring,positive,steam_live,553850,True,1778797864,229,english,0,0.487772285938262939,True,False,False
HELLDIVERS™ 2,its a great game all in all,positive,steam_live,553850,True,1778797414,21277,english,0,0.487772285938262939,True,False,False
HELLDIVERS™ 2,"Arrowhead balances this game like it's the enemies that paid money and not the actual players.

Every time they say they're ""listening to fan feedback"" the next patch they release has absolutely nothing to do with whatever we're upset that they ruined last time. In fact, their obsession with ""balancing"" weapons and gear makes 0 sense when 100% of the game is a cooperative team based PvE experience, who are the weapons and gear unbalanced for? The NPCs? The environment? 

The last major offensive that they had where respawns where limited for the entire campaign absolutely 100% without a doubt proved that they never playtest their own game. Not only was it bugged to high hell, but several bugs would've not even existed if they had changed mechanics that have been begged for changes for years like the drop pod landing control. 

They never listen, constantly claim that they do, and only ever start to give even the slightest crumb of changes for the better when they see the reviews shift downward. Unfortunately for players, that means eventually our voices will no longer be heard, as you only get one review and once everyone does it, they'll finally have their excuse to not do anything for their players, their PAYERS, anymore.",negative,steam_live,553850,False,1778796204,11063,english,16,0.543627321720123291,True,False,False
HELLDIVERS™ 2,FOR SUPER EARTHH,positive,steam_live,553850,True,1778795786,8890,english,0,0.429543197154998779,True,False,False
HELLDIVERS™ 2,"All recent updates are now to either monetize, or to make it less fun.",negative,steam_live,553850,False,1778795462,4515,english,16,0.527719259262084961,True,False,False
HELLDIVERS™ 2,"Don't buy this piece of ♥♥♥♥. The developers are braindead 80% of the time, and the game doesn't even work. I'm on a relatively high end PC and it STILL constantly crashes. But it doesn't just crash itself, it kills my whole computer, and I have to restart it. It completely reset a download I had going at the time, that was already taking ages, and that was the last straw. This game isn't fun, optimized, or even playable half the time.",negative,steam_live,553850,False,1778794275,36737,english,17,0.530383467674255371,True,False,False
HELLDIVERS™ 2,the best PVE game ever,positive,steam_live,553850,True,1778794145,18464,english,0,0.473815470933914185,True,False,False
HELLDIVERS™ 2,"game is fun. really fun. 
i've had moments where I'm driving around the entire squad around in a car and I accidentally flip the car onto a nuke, killing everyone and completely trashing the car.

but I cannot give this game anything other than a negative review due to how poorly the developers manage this game and interact with it's community.
until the developers learn that tangible actions speak louder than words and empty promises, and that proper communication with the playerbase is built upon mutual trust which needs to be earned, I cannot leave a good review for this game.",negative,steam_live,553850,False,1778794128,8962,english,8,0.547597527503967285,True,False,False
HELLDIVERS™ 2,What i really like about this game is the pure chaos,positive,steam_live,553850,True,1778793225,1462,english,0,0.5,True,False,False
HELLDIVERS™ 2,"Great game, makes me GAme",positive,steam_live,553850,True,1778792383,1256,english,0,0.473815470933914185,True,False,False
HELLDIVERS™ 2,FUNNY 500KG AND PORTABLE HELLBOMB,positive,steam_live,553850,True,1778791073,7471,english,0,0.476190477609634399,True,False,False
HELLDIVERS™ 2,Big sloppy,positive,steam_live,553850,True,1778790758,15188,english,0,0.454545468091964722,True,False,False
HELLDIVERS™ 2,it good-FOR DEMOCRACY,positive,steam_live,553850,True,1778790619,4903,english,0,0.5,True,False,False
HELLDIVERS™ 2,"Absolute banger of a game. 10/10, would spread democracy again. :D",positive,steam_live,553850,True,1778790497,20286,english,0,0.476190477609634399,True,False,False
HELLDIVERS™ 2,This game WAS fun when it first lunched but over time it lost what made it fun with lies and decisions that don't make sense and it sucks. I will change my review to positive when the game makes changes that the community actually want because I do like this game and I don't want to see a game cool game die for bad decisions.,negative,steam_live,553850,False,1778790331,5259,english,5,0.531944811344146729,True,False,False
HELLDIVERS™ 2,"very cool game, However you can get bored very quickly since the missions are kinda the same, or if you don't have friends to play with. However, maybe you'll have a good laugh at this game with your friends, or maybe not !",positive,steam_live,553850,True,1778790042,9160,french,0,0.5,True,False,False
HELLDIVERS™ 2,Devs are determined to make the game less fun.,negative,steam_live,553850,False,1778789981,11606,english,4,0.529627382755279541,True,False,False
HELLDIVERS™ 2,This is honestly a W game,positive,steam_live,553850,True,1778788416,462,english,1,0.522595584392547607,True,False,False
HELLDIVERS™ 2,Bombs !,positive,steam_live,553850,True,1778787717,4790,dutch,0,0.5,True,False,False
HELLDIVERS™ 2,Nach 500 std Spiel zeit sag ich nur Bug fixes are need it aber ansonsten bestes game das mit einer alten Software erstellt wurde.,positive,steam_live,553850,True,1778787615,31597,german,1,0.5,True,False,False
HELLDIVERS™ 2,"The Fall of Helldivers 2 needs to be studied. As a day one player who praised the game for going against the curve with its original ideas, its prioritization of player agency and in general making a fun game I can honestly say that is no longer the case. There are so many issues that this game has amassed over its lifetime its become clear to me and many others that this game needs a serious change to ever become like it once was.

1. Balancing 
   The balancing in this game falls victim to the same rhetoric as many other games. Instead of making difficulty an option for those who want it, the developers force it onto every aspect of this game and expect the player to enjoy it. An example of this is the weapons that the game has to offer. The developers have made every weapon and stratagem in the game is some way ""mid"". Most primary weapons cannot deal with some of the most basic and spammed enemies that the game wants to throw at the player. While I understand that if there was a singular weapons that could handle all things would make the game trivial, there seems to be no leeway on this matter. The few primaries that do have the leeway and can actually hold their own quickly become the best and seem to be the most picked weapons out of the game. With there being so few that fall into this category, the game quickly becomes stale is this department using the same things over and over against the same enemies that the player have seem and thousand times before. Many say that no weapon is bad its the player's skill that makes those weapons good is a cop-out for good game design. I as the player should not look as the vast options of weapons this game has to offer and feel dread at the thought of using a weapon that I know I'm going have to fight against the entire time I have to use it. The developers have fallen into the same trap as so many others by thinking that difficulty is the same as giving players mid to bad equipment and inflating the enemy's health and armor as good game design. Moreover, the developers have seem to have forgot what this game was marketed as and what it should be. They seem to think that the players want a hard game as if its akin to Darksouls when in reality that is not what got the game popular in the first place. Even after receiving backlash after every update they have put out and a ever decreasing number of concurrent and active players somehow the developers have continued to force feed the players with contrivances that is confused as difficulty. The game does not feel difficult it just feels annoying to play.

2. Glitches and Bugs
   Over the course of this games lifetime there are still so many issues that even on day one release the developers have not fixed. Here are some things that I have experienced. There many times where there are invisible walls and obstacles either caused by terrain errors or enemies that have large hitboxes that do not disappear after death and can cause  the player to become stuck in place with the only option to get out is to die and respawn or these can block bullets the player shoots and can potentially make the player kill themselves when using a weapon that is explosive. This is not difficulty nor is it realistic and makes me roll my eyes every time it happens because this has been an issue since day one. Another one is reloading and using stims and picking things up, there have been so many times since day one where I have to press a button multiple times before the game decides to do the action. This is not just a me problem i have seen people complain about this very issue since the games release and it has yet to be fixed. This issue costs me so many deaths that I'm sick of it. I could be standing still doing nothing fighting nothing and i have to press the reload button several times before the game reads it. It happens so often that the games intended way of stopping the player from reloading and stimming such as flinching and ragdolls that its just another layer of annoyance that i have to go through to play this game. Another example of this incompetence is respawning. Ideally and what it used to be is that when someone throws a respawn beacon for you it will drop you down in a hellpod within a set area around the beacon which then the player being respawned can control where they land as they are coming down. However, the devs saw that this was being used to get onto things such as building and tall rocks to try and gain an advantage against the enemy. So the devs wagged their finger and said no no and proceeded to make the game less fun by sometimes taking control away from the player and not allowing them to land where they want. This inadvertently cause issues like not being able to control your hellpod at all or the hellpod being spawned way farther away from the beacon essentially creating another layer of annoyance. However, the devs didn't stopped there they decided to remove the ability to climb up to high places saying not you're not allowed to have fun which then caused another issue that i find so ridiculous. For some reason with the update to not be able to climb onto some things there are moments where i will be ruining and come across a tiny lip of terrain that the game say i cant climb. Even if this lip doesn't lead to a mountain or some really high place its just an ankle high rock that the game has deemed that you cant climb. This has gotten me killed so much and adds so much annoyance to the game. Another thing that the devs decided is that you cant call in stratagems onto elevated so you can be on a tall rock and call in weapons or place sentries onto them. The game sometimes think that even the smallest elevated position is something you cant call in stratagems so the ball will sometimes bounce away from the player making so that you kill yourself by calling in something explosive or just missing a target completely or making it so that the weapon called in is unreachable or in the middle of enemies. Just another way the devs removed fun in order to add another layer of annoyance. These are issues that should've been fixed a long time ago but have not and for some reason the devs have decided not to do anything about these things and other issues that haven't mentioned in favor of adding more crap to the game.

3. New ""Content""
   The devs have decided that the best way to keep this game alive is the add a bunch of warbonds that only one to four things are useful or interesting instead of adding to the already existing content. Im just going to list off some things that players have wanted that devs have denied in favor of a new warbond. More customization of primaries, customization of secondaries and grenades, customization of armor colors and passives, customization of mechs and destroyers and ships, new ship modules that have been the same since day one so that sample actually mean something again, something to spend requisition slips on, more levels beyond level 150, new game modes that are factions specific and that combine factions so that the player are fighting two enemy types at once or factions that have captured other factions experimenting on them thus making a new enemy that is a combination of the two, human enemies that have sided with certain faction since there are illegal broadcasts and science that seem to suggest that people of super earth are siding with the enemy, various buffs to certain weapons that no one uses, more difficulty game modes beyond just 10 that spawn more enemies, and more. But the devs seem to want none of this and continue to take away player agency, inflate difficulty,  keep core issues with glitches and bugs whilst adding more warbonds that cost $10 that can sometimes have useless items that will never be buffed that no one will use.",negative,steam_live,553850,False,1778786725,18620,english,13,0.578160941600799561,True,False,False
HELLDIVERS™ 2,dih,negative,steam_live,553850,False,1778786057,8801,english,4,0.473925739526748657,True,False,False
HELLDIVERS™ 2,"it was a goog game, since the dev came its sheet",negative,steam_live,553850,False,1778785975,19638,spanish,1,0.5,True,False,False
HELLDIVERS™ 2,"It's a single player or coop game. Why are they constantly nerfing things? Let me just use a useful gun for a while. I can't play the game and expect things to suck. Yeah, sure, don't make a gun a breeze to shoot and don't make the enemies total wusses but also don't screw me over just for using something viable. Come on dawg get it together",negative,steam_live,553850,False,1778784463,17682,english,12,0.479483842849731445,True,False,False
HELLDIVERS™ 2,"MMmmmmhhhh, Love me some Grunt Fantasies... Mmmmmmmhhh. Methane.",negative,steam_live,553850,False,1778784270,2888,english,11,0.480974137783050537,True,False,False
HELLDIVERS™ 2,"Honestly the game is good but the warbonds are getting out of hand. It's well over $200 at this point to get all the warbonds or 50-100 hours of just grinding super credits on trivial difficulty in a 4 man squad which is insanely boring for most people. For a game with a $40 upfront cost it sure is treated like a F2P game which is kind of sad. The devs also haven't patched bugs that have plagued the game for years, one of the most annoying ones being invisible enemy bodies that block your path which can lead to some annoying moments to say the very least. I have a hard time recomending the game to new players to the franchise if you aren't willing to fork out some cash for the warbonds since the vast majority of the games content is locked behind paywalls.",negative,steam_live,553850,False,1778783329,11086,english,12,0.50255972146987915,True,False,False
HELLDIVERS™ 2,"A game for people that like to fight against hordes of enemies while trying to complete random objectives, Though personally id prefer to explode everyone and everything i see (For democracy, of course. And definetly not because i like killing)",positive,steam_live,553850,True,1778782633,2935,russian,0,0.5,True,False,False
HELLDIVERS™ 2,Я ЗАЕБАЛСЯ СТРЕЛЯТЬ,positive,steam_live,553850,True,1778782012,7895,russian,0,0.5,True,False,False
HELLDIVERS™ 2,Ein außerordentlich demokratisches Spiel.,positive,steam_live,553850,True,1778781800,18942,german,1,0.5,True,False,False
HELLDIVERS™ 2,"its getting review bombed and it just doesnt deserve it, its still a super fun game and those complaining about it being super hard can just lower the difficulty. its a good game and deserves better. sure some of the warbonds are expensive but you can also get supercredits fairly easily and you basically only need the basic warbond to have fun the rest are just bonuses.",positive,steam_live,553850,True,1778781707,7489,english,1,0.458337247371673584,True,False,False
HELLDIVERS™ 2,"This is one of the best games I have ever played! For me, simply addictive. 
The developers' constant efforts allow for continuous content, and their attention to detail is outstanding.",positive,steam_live,553850,True,1778781410,25213,english,0,0.5,True,False,False
HELLDIVERS™ 2,How do they manage to keep screwing us over. snatching defeat from the jaws of victory.,negative,steam_live,553850,False,1778780548,5706,english,18,0.515016674995422363,True,False,False
HELLDIVERS™ 2,"DO NOT BUY!!!!!!!!!!!!!!!!!!!


This is just Destiny all over again with bad patches and typical dishonest Japanese business practices. (I know the devs aren't Japanese but Sony owns Helldivers not Arrowhead just like Destiny's situation) Game used to be fun but with the way the devs treat the game like a cash cow and not like a product they are proud to sell just shows that you should avoid anything to do with Sony. Game has been an awful mess since launch with patches to improve stability only happening when game becomes so unplayable the community has to review bomb to get the devs to pay attention...Seriously it was so bad at some points I couldn't play for more than 10 minutes at a time, while my brother using a computer over 5 years older still using a 1080 was fine. Why are warbonds that are several years old still full priced?  Most of the gear in game is just crap to use with only a few weapons actually being good for upper tier play.

My biggest problems are:

1) Why do you stealth nerf players and stealth buff enemies and then blatantly lie about being more transparent about it when called out? 
2) Why do you nerf super credits every time the community finds a way to earn them marginally more reliably? It's gotten so bad that the community just doesn't talk about it anymore. Hell we just talk about the game at all anymore unless it's to bi**h about how much the devs suck.
3} If they introduce a new enemy or mechanic, you are at a HUGE disadvantage if you don't buy the ""shiny new"" warbond designed to solve the problem. Looking at you new Mech Warbond.",negative,steam_live,553850,False,1778779251,18638,english,17,0.533465802669525146,True,False,False
HELLDIVERS™ 2,"J'ai commencé il y  a quelques semaines et j'ai directement adoré. Malheureusement depuis la dernière maj, il y a beaucoup trop de bug, plus qu'avant !",negative,steam_live,553850,False,1778778869,5650,french,1,0.5,True,False,False
HELLDIVERS™ 2,if you like blowing up friends and killing bugs + saving the world play helldivers and join our team. For LIBERTY,positive,steam_live,553850,True,1778777364,2309,dutch,0,0.5,True,False,False
HELLDIVERS™ 2,"Awsome game with a lot of different playstyles and shenanigans you can have fun with <3
The game is curently also evolving, so it never feels stuck in place.
you can grind for warbounds which gives you more weapons, or buy them with money to show your support of the game which is super awsome.

For some reason China is negative Review bombing the game (you can see it by going to comments and filter by langauge)
So here is a positive review FOR DEMMOCRACY!

(Also because i DO enjoy the game a bunch)",positive,steam_live,553850,True,1778776290,9380,english,0,0.433258593082427979,True,False,False
