game_name,review_text,sentiment,source,app_id,voted_up,timestamp_created,playtime_forever,language,votes_up,weighted_vote_score,steam_purchase,received_for_free,written_during_early_access
Dying Light: The Beast,scam,negative,steam_live,3008130,False,1778952790,1136,english,0,0.5,True,False,False
Dying Light: The Beast,My biggest HATE in this game is when you back to areas and the same damn Zombies you spent time killing have bloody re-spawned! WTF!?!?!,negative,steam_live,3008130,False,1778950811,380,english,0,0.5,True,False,False
Dying Light: The Beast,Just let the beast out bro,positive,steam_live,3008130,True,1778950297,777,english,0,0.5,True,False,False
Dying Light: The Beast,"Минимум юбисофщины, все очень сконцентрированно. Сюжет развивается быстро, даже прошёл все доп квесты и каждый был интересен
Мясная боевка с добиваниями из дума и расчлененкой. Отрываешь руки и ноги голыми руками зомбакам за тупого качка. Геймплейно играется очень приятно
Ещё и прокачка завязана на добыче стероидов, чтобы ими вмазаться лол
Ну а ночью вылезают сталкеры и игра превращается в хоррор с погонями
Итого:
+ мясная боевка и адреналиновые боссфайты
+ хорошие квесты
+ графон
+ паркур
+ атмосфера
И все это за 30 часов на полное прохождение, огонь",positive,steam_live,3008130,True,1778949492,2175,russian,0,0.5,True,False,False
Dying Light: The Beast,bien,positive,steam_live,3008130,True,1778949213,2847,french,0,0.5,True,False,False
Dying Light: The Beast,"Storyline is good for this episode. too much different camps in DL 2, so now is making it simple.",positive,steam_live,3008130,True,1778948094,671,english,0,0.5,True,False,False
Dying Light: The Beast,Ну могут же когда хотят.,positive,steam_live,3008130,True,1778945973,1098,russian,0,0.5,True,False,False
Dying Light: The Beast,"Игра очень прикольная,хорошо рассказывает что произошло после событий в вилледоре\харране,игра стала намного лучше прошлых частей,рекомендую поиграть!",positive,steam_live,3008130,True,1778945948,2346,russian,0,0.5,True,False,False
Dying Light: The Beast,İlk oyun kadar eğlenceli değil tırmanma kancası da seni çekmiyor sallanıyorsun kötü beni sarmadı zar zor bitirdim coop olunca da bosslar ölmüyor kötüydü genel olarak gece de kovalamacalar çok rezil,negative,steam_live,3008130,False,1778945004,1710,turkish,0,0.476190477609634399,True,False,False
Dying Light: The Beast,senin gibi oyunun anasını avradını sikiyim,negative,steam_live,3008130,False,1778944475,815,turkish,0,0.5,True,False,False
Dying Light: The Beast,걍 하지마셈,negative,steam_live,3008130,False,1778944165,630,koreana,0,0.5,True,False,False
Dying Light: The Beast,4/10,negative,steam_live,3008130,False,1778943789,1987,polish,0,0.5,True,False,False
Dying Light: The Beast,A great co-op game. Wouldn't play it alone.,positive,steam_live,3008130,True,1778942537,291,english,0,0.5,True,False,False
Dying Light: The Beast,"- фпс,2050 не вывозит ;)",positive,steam_live,3008130,True,1778942027,706,russian,0,0.5,True,False,False
Dying Light: The Beast,"great story, visuals and weapons",positive,steam_live,3008130,True,1778941808,4281,english,0,0.5,True,False,False
Dying Light: The Beast,zombie gaym,positive,steam_live,3008130,True,1778938206,509,english,0,0.5,True,False,False
Dying Light: The Beast,купил игру в марте все было круто сидел себе спокойно играл на чуть ли не на ультра настройках выпустили свое санное обновление и все теперь даже на минималках с вкл DLS я не могу играть если выключу этот санный DLS я получаю 45 кадров в поле че это за говно,negative,steam_live,3008130,False,1778937681,564,russian,0,0.5,True,False,False
Dying Light: The Beast,预购的受害者前面都还挺好玩的，但是到后面的剧情我个人认为编剧应该是想不出什么好结局了。用开放式剧情做为结尾，这游戏绝对不值248这个价钱,negative,steam_live,3008130,False,1778936951,1929,schinese,0,0.5,True,False,False
Dying Light: The Beast,"Restored lands breaths alot of fresh life into the game, the alpha volities make nights scary, perma death makes every move a calculation I loved it. 

HOWEVER: Permadeath is also extremely annoying as you can just die from the most random ♥♥♥♥♥♥♥♥. 

Also actually restorting the land requires killing 100% of the zombies (which don't respawn obviously) but this also means you'll be running around for HOURS trying to find 1 zombie in old town who is inside some random building in a spot you didn't even know existed.",positive,steam_live,3008130,True,1778936741,2715,english,0,0.5,True,False,False
Dying Light: The Beast,"It's fun, scary and just as enjoyable as the first game",positive,steam_live,3008130,True,1778935749,354,english,0,0.5,True,False,False
Dying Light: The Beast,"Только в этой игре можно паркурить и уничтожать заражённых. Ещё только в этой игре можно очистить всё карту от зомби. Но ночью появляются прыгуны. Они очень сильные и живучие. Тут можно завоёвывать безопасные зоны и электростанции. После прохождения компании будет куча побочных миссий.
В общем игра очень классная и интересная. Затягивающий сюжет. Игра как минимум на 10 часов (если не считать все побочные миссии и безопасные зоны с электростанциями) .",positive,steam_live,3008130,True,1778934245,12692,russian,0,0.5,True,False,False
Dying Light: The Beast,"My god, I'm only a few hours into this game and haven't really progressed much at all.

That being said, I had to make a review now because the little time I've spent in this game has been extremely fun and extremely terrifying, I've been going into everything blind and I can't recommend this enough if you enjoy zombie games",positive,steam_live,3008130,True,1778931593,533,english,0,0.5,True,False,False
Dying Light: The Beast,.,positive,steam_live,3008130,True,1778929028,671,russian,0,0.5,True,False,False
Dying Light: The Beast,игра моей мечты( будут все ачивки),positive,steam_live,3008130,True,1778928847,5186,russian,0,0.5,True,False,False
Dying Light: The Beast,"l'anima del brand c'è tutta e la storia è sviluppata bene. Buona ottimizzazione, gameplay tradizione portato all'ennesima potenza. Un must per gli amanti della serie e del genere.",positive,steam_live,3008130,True,1778923368,1788,italian,0,0.5,True,False,False
Dying Light: The Beast,"I choked out a guy while he was peeing and he was still peeing while getting choked. I found that pretty gross. I don't know if that happens in this game, though. What does happen in this game is excellent gameplay with parkour, combat, crafting, exploration, driving, I mean this game just has it all.",positive,steam_live,3008130,True,1778923209,1286,english,2,0.540918171405792236,True,False,False
Dying Light: The Beast,10 мистер бистов из 10,positive,steam_live,3008130,True,1778920847,4298,russian,0,0.5,True,False,False
Dying Light: The Beast,玩这游戏有一半是时间在找攀爬点或者入口，跑酷游戏你让我觉得在玩黑魂。代入感不如一代，地图甚至不如复制粘贴的二代，唯一支撑我玩下去的就剩克兰了,negative,steam_live,3008130,False,1778919017,2397,schinese,0,0.5,True,False,False
Dying Light: The Beast,"Mellieur jeu auquel j'ai joué. Si vous aimer tabasser des zombies, l'exploration et l'escalade ce jeu est fait pour vous.",positive,steam_live,3008130,True,1778918041,602,french,0,0.5,True,False,False
Dying Light: The Beast,"Pretty boring, doesn't have the feeling that the others have, kinda lacks in the story part it also feels pretty empty. For what it is now, is not worth the 50 euros or 70 euros, it was a total waste of money that i cant get back",negative,steam_live,3008130,False,1778917931,831,english,1,0.523809552192687988,True,False,False
Dying Light: The Beast,ssztoss,positive,steam_live,3008130,True,1778915687,517,polish,0,0.5,True,False,False
Dying Light: The Beast,.,positive,steam_live,3008130,True,1778906938,487,english,0,0.5,True,False,False
Dying Light: The Beast,Oyun güzel coni de ecelini sikeyim .d,positive,steam_live,3008130,True,1778903843,173,turkish,0,0.5,True,False,False
Dying Light: The Beast,La singularidaaad,positive,steam_live,3008130,True,1778895359,251,latam,0,0.5,True,False,False
Dying Light: The Beast,Proste zabava,positive,steam_live,3008130,True,1778891370,1033,czech,0,0.5,True,False,False
Dying Light: The Beast,god i want to ♥♥♥♥ the ♥♥♥♥ out of this silverback gorilla of a man,positive,steam_live,3008130,True,1778890084,472,english,0,0.5,True,False,False
Dying Light: The Beast,"Игрушка моментами подбешивает, но моментами и наслаждает.
Классная механника с режимом зверя.
Доп квесты не однообразные и многие даже запоминаються, в особенности мне понравился квест с двумя братьями из пещеры.
Но из минусов могу сказать, что многова-то стелса, он присутствует почти в каждом квесте и это иногда бесит. 
Ну а так всем рекомендую, игрушка зачетная",positive,steam_live,3008130,True,1778889804,2211,russian,0,0.5,True,False,False
Dying Light: The Beast,"Achei que depois de um tempo eu ia acostumar com a noite.

Não acostumei.",positive,steam_live,3008130,True,1778889092,4339,brazilian,0,0.5,True,False,False
Dying Light: The Beast,Dokununca tüp mü patlar amk düzeltin lan.,negative,steam_live,3008130,False,1778888009,1945,english,0,0.5,True,False,False
Dying Light: The Beast,"I like this game, I really do. I definitely think it lives up to its namesake and does a fantastic job of carrying on the franchise, namely the Kyle Crane saga. But real talk, there's definitely a level of challenge and difficulty here I wasn't expecting. I personally like that, but I can definitely see many gamers getting too frustrated with some of the lengthy requirement for some missions, and achievements for that matter. The one mission that comes to mind is the asylum mission (I'm not going to give too many details here, just an idea of how lengthy this is). First you go to the asylum, you do some things, then you need to escape, then meet up with your peeps after you did those things, then you need to quickly head over to the town hall to stop the Baron's men from doing the douchey things they typically do throughout the game (timed), then you need to go to 3 separate locations throughout town to once again stop the Baron's men from doing more douchey things (also timed), then you need to quickly head back to the town hall and do more things followed by a fight with chimera...sweet heavenly baby Jesus, that's a whole bunch of stuff for just one mission!!! 

Nightmare difficulty was just as the name implies, an absolute nightmare at times. Spending nearly the entirety of the game essentially getting one-shotted by the chimera and most of the Baron's men wasn't too fun. And no joke, those chimera fights honestly made me feel like I was playing that Resident Evil 7 DLC, the one with Jack's brother where you need to kill the absolute s*** out of everything with your fists. Then there was the overly grabby/feely regular infected that rarely give you more than 2 seconds to search a dead body because they perpetually seem to pop out of nowhere to 'cop more feels' off of you. Normally, that's not too bad, and pretty much what you'd expect, but on the highest difficulty it typically means you're either dying or dead before you even know what's happening.  By the end of the game I was yelling obscenities in such profusion that I'm pretty sure my soul is now eternally damned to hell, but it was worth it! 

 And then there's the Restored Land/One Life mode...oh boy! Definitely easier than many permadeath modes in a lot of games, but the lengthy setup to complete it, and the constant fear/stress that you could potentially screw something up easily and get killed really far into a run (spoiler alter: I did...a lot!) nearly broke me...but also worth it!

To sum up, I enjoyed my time with this game, I'll probably keep going back to it, and I think any fan of the series should give it a try.",positive,steam_live,3008130,True,1778883923,7489,english,0,0.5,True,False,False
Dying Light: The Beast,нормик,positive,steam_live,3008130,True,1778879600,1304,russian,0,0.5,True,False,False
Dying Light: The Beast,Только начал играть но пока что это самая красивая Даинг Лайт в которую я играл. Мега освежающая и красивая локация с ноткой лесов Харрана из первой части. Еще тут есть вождение автомобилей что сделано оооочень приятно и круто. Одно из заметных изменений это катсцены от третьего лица с движением камеры как в метал гир 5. Сделано очень круто но игру еще точно будут дорабатывать.,positive,steam_live,3008130,True,1778872624,143,russian,0,0.5,True,False,False
Dying Light: The Beast,Gra ładnie wygląda warto zagrać fajna fabuła i momenty walki z zombie,positive,steam_live,3008130,True,1778872569,60,polish,0,0.5,True,False,False
Dying Light: The Beast,koocham gre,positive,steam_live,3008130,True,1778869816,1331,polish,0,0.5,True,False,False
Dying Light: The Beast,"There's no real depth to the story. Also, the gameplay feels very buggy at times, and worst of all, there are fish swimming in the water, yet there is no fishing in the game. A Jeremy Wade zombie fishing experience could've saved this game, but no.. Instead, we're stuck with clunky mechanics and forgettable missions. I spent more time thinking about the missed fishing opportunities than the actual plot.",negative,steam_live,3008130,False,1778864522,1256,english,0,0.476190477609634399,True,False,False
Dying Light: The Beast,10/7.5,positive,steam_live,3008130,True,1778863787,1973,turkish,0,0.5,True,False,False
Dying Light: The Beast,My only complaint was that this was originally DLC content for DL2 but then became it's own thing. The only reason I don't like that is because each DL game so far has felt like a new game. This one felt too much like DL2 because it is DL2. Beast mode is cool but I feel like there was a lot more that could've been done with that. Also why is the looting system so compact? Idk about most other peoples opinions but I like to look through an old house. I like looking through everything though just not 1 cabinet and fridge.,positive,steam_live,3008130,True,1778862651,4518,english,0,0.5,True,False,False
Dying Light: The Beast,имба советую,positive,steam_live,3008130,True,1778860042,6731,russian,0,0.5,True,False,False
Dying Light: The Beast,TOP GAMEPLAY,positive,steam_live,3008130,True,1778859378,2573,german,0,0.5,True,False,False
Dying Light: The Beast,super klass. luchshe 2 chasti,positive,steam_live,3008130,True,1778858955,1218,russian,0,0.5,True,False,False
Dying Light: The Beast,Ждем 4 часть данного сюжета,positive,steam_live,3008130,True,1778858773,970,russian,0,0.5,True,False,False
Dying Light: The Beast,"the best of both world from Dying Light 1 and 2 combined, Dying light The Beast really nailed it. Have been loving the world and combat mechanic really feels better. Story are intriguing and better. This really did justice than the early release of the previous Dying Light 2.
The only lacking part is that for some reason my game keep crashing midgame idk why",positive,steam_live,3008130,True,1778856062,3732,english,0,0.5,True,False,False
Dying Light: The Beast,"It's another Dying Light game. You know what you're getting by now. Great fun. Button mashing. Zombies. We'll see if nighttime is as cooked as the 2nd game. The new beast mode is great fun. The story, as always, is a bit shizz. But you're here for the zombies, and the jumping about, and the weapons, and the general fun of it all. Go nuts.",positive,steam_live,3008130,True,1778853830,199,english,0,0.5,True,False,False
Dying Light: The Beast,"Jogo é bom demais!

Não sei como estava no seu lançamento, mas agora maio/26 o jogo esta incrivel!, tanto graficamente como gameplay. Ja comecei a campanha no modo Restored land, até pq sempre achei sem graça matar zumbis e lootear os lugares e depois estar la tudo de novo.",positive,steam_live,3008130,True,1778851338,374,brazilian,0,0.5,True,False,False
Dying Light: The Beast,имба,positive,steam_live,3008130,True,1778847565,2285,russian,0,0.5,True,False,False
Dying Light: The Beast,damn is,positive,steam_live,3008130,True,1778846599,631,polish,0,0.5,True,False,False
Dying Light: The Beast,"Dieses Game ist eine Frechheit. Mieses Gameplay, Langeweile und Grafik wie vor 30 Jahren.",negative,steam_live,3008130,False,1778846514,94,german,0,0.5,True,False,False
Dying Light: The Beast,sadas,positive,steam_live,3008130,True,1778843928,546,german,0,0.5,True,False,False
Dying Light: The Beast,"I've played every single Dying Light and loved them all, however, I've never thought I'd have to do this but this version doesn't represent the true Dying Light series. While playing this version I felt extremely bored and I thought something was wrong with me, because I always loved it.

Turns out I found out why: This game lacks emotion when hitting the zombies, poor story, repetitive quests, poor graphics compared to other games released at same year, poor skill trees, and there goes and goes. I simply remember waking up in the morning wanting to play Dying Light, but now this feeling is just a far away memory.",negative,steam_live,3008130,False,1778834205,1208,english,3,0.502074718475341797,True,False,False
Dying Light: The Beast,"Интересно, прикольно. Предыдущую часть с другом не прошли, ее прошли фулл, но затягивание сюжета за счет побегушек по ВСЕЙ карте - не одобряю, можно было и быстрые перемещения сделать (благо в онлайн можно к другу тп делать).

В целом все ок",positive,steam_live,3008130,True,1778833887,1798,russian,0,0.5,True,False,False
Dying Light: The Beast,"Dying Light: The Beast: Es justo el regreso a las raíces que la saga necesitaba. Recupera perfectamente esa atmósfera oscura y peligrosa donde sientes que de verdad te acechan en cada esquina. Logra un equilibrio ideal entre la fluidez moderna y el tono serio que hizo grande al original. Si disfrutaste el primer juego, este es compra obligatoria.",positive,steam_live,3008130,True,1778805396,4691,latam,0,0.5,True,False,False
Dying Light: The Beast,Kyle crane me excita,positive,steam_live,3008130,True,1778798438,371,english,0,0.5,True,False,False
Dying Light: The Beast,"i love the dying light series, its soooo good a making me ♥♥♥♥ myself out of fear also i am really bad at doing parkour sooooooooo yea",positive,steam_live,3008130,True,1778796650,3254,english,0,0.5,True,False,False
Dying Light: The Beast,THIS GAME IS SOO FUNNY IM KILL 21312 MILIONS ZOMBIES THANKS TECHLAND,positive,steam_live,3008130,True,1778790807,6055,brazilian,0,0.5,True,False,False
Dying Light: The Beast,Mükemmel bi oyun,positive,steam_live,3008130,True,1778789649,710,turkish,0,0.5,True,False,False
Dying Light: The Beast,Gra jest niedojeban chuj jej w d u p e,negative,steam_live,3008130,False,1778788406,786,polish,0,0.5,True,False,False
Dying Light: The Beast,"Hier gibt es nichts groß zu sagen!
Für alle, die die vorherigen Teile geliebt haben, müssen auch hier zugreifen!
Parkour und Kämpfe fühlen sich absolut flüssig an.
Das Erkunden der Welt macht auf jeden Fall Spaß und ist auch durchgehend belohnend!
10/10! Kommt dem 1. Teil sehr nahe!",positive,steam_live,3008130,True,1778786983,1961,german,1,0.518072307109832764,True,False,False
Dying Light: The Beast,co-op modba nagyon jó single-be is csak ajánlani tudom.,positive,steam_live,3008130,True,1778782303,1518,hungarian,0,0.5,True,False,False
Dying Light: The Beast,very fun,positive,steam_live,3008130,True,1778782034,2482,english,0,0.5,True,False,False
Dying Light: The Beast,"This is going to be a long review focusing mostly on areas where the game can be improved. Everything else—like the music, atmosphere, sound design, art direction, and gore—is already perfect or close to perfection. With a few tweaks, this game could easily go from an 8/10 to a 9 or even a 10/10, completely surpassing the original.

The parkour is a more simplified version of the system in Dying Light 2. For me, it is a bit too clunky right now because of certain moves—specifically, I think the high jump should just be removed entirely. There is a setting to lower the jump height, which definitely makes it more immersive, and i love dl1 parkour so much because of its immersion from simplicity. I also find myself accidentally climbing things way too often when I don't want to. If they removed the high jump and the sprint run, the parkour would still be technical without feeling clunky.

When it comes to combat, the actual ragdoll physics are honestly better and are more than Dying Light 1. The main issue is just that ragdolls happened way more often in the first game. For example, when you throw a propane tank at a zombie, it just plays a stumbling animation, whereas in DL1 they would go straight into a full ragdoll. On a side note, I feel like zombies in dl1 produced more blood with this sort of blood mist effect.I wish dying light the beast zombies when hit would also produce this blood mist.

The basic combat flow is similar across both games: you hit an enemy a few times and then they go into a ragdoll state. Generally speaking, the hit animations in DLTB are amazing (using fist weapons is incredibly immersive). However, one really annoying feature in DLTB is getting stunned whenever a regular zombie hits you. I'm pretty sure that didn't happen in DL1, which allowed you to keep slashing through groups uninterrupted.

Overall, the content itself is amazing, and DLTB features some of the best side quests in the entire franchise. The problem is that there just isn't enough of it. I want a little more of everything in this world—like making the volatile caves open and repeatable, and adding more unique random events. You can really tell that the world content suffers from the game originally being planned as a DLC. On a positive note, the actual map layout is incredible. However, the main story definitely suffers from being too short; it honestly emotionally feels like it is cut short at Act 2 instead of giving us a proper Act 3.",positive,steam_live,3008130,True,1778780659,3244,english,0,0.5,True,False,False
Dying Light: The Beast,nie,negative,steam_live,3008130,False,1778779213,468,polish,0,0.5,True,False,False
Dying Light: The Beast,ТОПЧИК,positive,steam_live,3008130,True,1778777385,981,russian,0,0.5,True,False,False
Dying Light: The Beast,Моя самая лав часть,positive,steam_live,3008130,True,1778776664,783,russian,0,0.5,True,False,False
Dying Light: The Beast,"The Beast feels so much better than 2nd part for me. The ability to repair weapons without any tricks, better zombie physics, much better color palette. It gives off sort of ""The Following"" vibe, the map is somewhat flat for parkour game, and the map is not that big either, but by far those are my biggest complaints and they are miniscule compared to the ""fun-aspect"" of this game, it just clicks with me.",positive,steam_live,3008130,True,1778775908,787,english,0,0.5,True,False,False
Dying Light: The Beast,"Пи3дить зомби лопатой мне не в одной игре не было так весело),ощущается как полноценная часть серии,не как длс,много нового интерестного,рекомендую!",positive,steam_live,3008130,True,1778774937,769,russian,0,0.5,True,False,False
Dying Light: The Beast,игра очень сильно лагала но мне понравилось,positive,steam_live,3008130,True,1778774474,38,russian,0,0.5,True,False,False
Dying Light: The Beast,"This is the actual sequel of DL1, FK DL2",positive,steam_live,3008130,True,1778773428,722,english,1,0.49824562668800354,True,False,False
Dying Light: The Beast,geiles Zombie Gemätzel kann ich nur empfehlen wenn man Zombie spiele mag,positive,steam_live,3008130,True,1778771530,2327,german,0,0.5,True,False,False
Dying Light: The Beast,"Игра реально классная, атмосферная и с хорошим сюжетом и геймплеем, но, так как я играю в ПК-клубе, есть некоторые проблемы, сбрасываются некоторые сохранения и плохо работает steam cloud, к тому же по ощущениям, когда выходишь из игры она как будто и не закрывается вовсе",positive,steam_live,3008130,True,1778765136,1272,russian,0,0.5,True,False,False
Dying Light: The Beast,Очередная охуенная часть Dying light,positive,steam_live,3008130,True,1778757846,100,russian,1,0.523809552192687988,True,False,False
Dying Light: The Beast,"本质就是个大型dlc，不到20小时(全支线啥的)这个价格还可以再等等。
没消光2量大管饱，我个人认为消光2>困兽>消光1>消光2猩红纽带>消光1信徒。
接下来就是缺点：
1.搜索冷却时间太长，有时候搜索个脚印啥的没看见，然后脚印就消失了，然后再搜索，然后就冷却了。
2.明明消光2里面的车队遗迹直接撬锁就行，你困兽里面需要车队钥匙卡，还只能用一次。是用屁眼想出来的吗？
3.手柄瞄准麻烦，消光1，2，，困兽，信徒啥的全有这个毛病，制作人是不用手柄吗？建议可以塞你妈屁眼里试试
4.车辆干沟里去了。没有个信徒那样的重置车辆吗？信徒就那么几个优点，你还不搬过来？用乌龟的头部想出来的吗？
5.好的电机通过电缆带动坏的电机，这是2的玩法。但是你在困兽里面。为啥要把光源去掉啊？我有时候看不见啊。尤其是在支线电工作业里面，你好的电机还放在高空，不愿意抬头看，害我找了大半天
6.主线困兽出笼中，在火车隧道里面找到野兽 ，我在夜魔巢穴那儿，我还纳闷怎么进去呢，原来是要绕路。但是为什么目标会更新呢？
7.在地图上标记了一个目标，然后赶路过程中，搜索时屏幕中间不显示那个目标，即使显示了，也不显示剩余多少米。追踪的目标还挺小，看不见。这真的是负优化。
8.在困兽开头没有提到。信徒之后，村庄这十几年发生了什么样的变化呢？
9.直到通关，也没发现冲锋枪，但是能在车队里面找到冲锋枪子弹。
10.藏宝图看不懂啊
11.在克兰冒充e7，有点强行降低对方士兵智商，声音听不出来就算了，连特殊的代号地点都不知道在哪？都没起疑
12.本作女主，父亲被男爵控制了，在结局也没交代女主父亲后面的情况呀
13.支线任务，取回爱丽丝的八音盒，需要用到密码，密码你放在800里开外，然后就为了获得一个密码本。然后我再回去，我有病啊，你怎么不放在你妈的屁眼儿里呢？
14.在支线任务取回爱丽丝八音盒中，跟随脚印来到一处农场，然后有一个遭遇战然后敌人躲在草丛里，我刚救出来就给我把人质杀死了。
15.星之子的第1个支线任务，面对克兰的心魔，感觉可以放在主线里，然后做完那个主线，顺便激活，可以自主控制狂化，这样更完美流畅，就星之子的支线可以和主线串起来，其他的支线就是为了做支线而做支线的(无论是消光一，二，信徒，还有猩红纽带都这样，支线就是支线，和主线没太大联系)
16.好像没看见官方出什么怪物的介绍，比如可以杀死几个夜魔之后，然后出夜魔的感染过程(怎么形成的呀，有什么故事)，弱点，特点什么之类的(虽然二里面有卡牌是收集品的情况下，但是还得自己找麻烦)
17.主线任务有点拖沓，先开头是装那个信号器窃听男爵，然后就要三个东西，然后分别安装在三座塔上，现在。又要异魔巢穴三个不同的幼体
18.好像和消光2剧情对不上？消光二剧情是15年后，莫非是不同时空？
19.本质就是个dlc，再说一遍，地图还是比较小的",negative,steam_live,3008130,False,1778753331,1056,schinese,0,0.5,True,False,False
Dying Light: The Beast,Mükemmel,positive,steam_live,3008130,True,1778748930,4866,turkish,0,0.5,True,False,False
Dying Light: The Beast,game is so peak,positive,steam_live,3008130,True,1778743411,2110,english,0,0.5,True,False,False
Dying Light: The Beast,Great game. I wanna crack Crane.,positive,steam_live,3008130,True,1778740704,2050,english,1,0.494699627161026001,True,False,False
Dying Light: The Beast,Je pense qu'on a fait le tour de la licence 😞,negative,steam_live,3008130,False,1778733984,364,french,0,0.5,True,False,False
Dying Light: The Beast,yes very good game,positive,steam_live,3008130,True,1778732906,559,english,0,0.5,True,False,False
Dying Light: The Beast,scary as ♥♥♥♥ but fun to play,positive,steam_live,3008130,True,1778728171,762,english,0,0.5,True,False,False
Dying Light: The Beast,Đáng đồng tiền bát gạo ko phải bàn cãi,positive,steam_live,3008130,True,1778725359,1686,vietnamese,0,0.5,True,False,False
Dying Light: The Beast,love it,positive,steam_live,3008130,True,1778720530,1363,english,0,0.5,True,False,False
Dying Light: The Beast,peak,positive,steam_live,3008130,True,1778716887,4093,english,1,0.523809552192687988,True,False,False
Dying Light: The Beast,"Great game! 
A much better overall experience than dying light 2, but the story is actually laughable I'm sorry.
Dying light 1 still holds supreme as the best zombie experience, but this one comes close.",positive,steam_live,3008130,True,1778713429,3342,english,1,0.512987017631530762,True,False,False
Dying Light: The Beast,"Good game, incredible story and main character but the the huge downsides in my opinion still overweight the immersion and kill the vibe. Most of the time you will spend just looting the map for some resources so you could get a better weapon so you get those xp points for leveling. Im not saying the game is bad but its just becomes tedious after some time doing the same thing over and over again. If you're fine with it then go ahead and get the game you will love it. Parkour and setting is awesome story as well.",positive,steam_live,3008130,True,1778713040,247,english,1,0.523809552192687988,True,False,False
Dying Light: The Beast,топчик,positive,steam_live,3008130,True,1778706957,933,russian,0,0.5,True,False,False
Dying Light: The Beast,Runs well and fun as hell,positive,steam_live,3008130,True,1778703052,3167,english,0,0.5,True,False,False
Dying Light: The Beast,git,positive,steam_live,3008130,True,1778698622,577,polish,0,0.5,True,False,False
Dying Light: The Beast,"這代遊戲比前幾代困難很多，而且價格不太合理，建議可以等特價。

先講優點。
這代優化沒問題，地圖小但是卻豐富很多。有很多人抱怨要花太多時間在跑圖上，這是確實。因為遊戲的跑酷動作更加真實，沒有過去幾代的蜘蛛人式跑酷，但對於我而言不是個大缺點。

然而，這代唯一一個最大的缺點反而讓我留下負評。
照理來說主角是變異人，應該要有比前幾代主角有更大的力量。行走跟跳躍能力比起前幾代大打折扣也就算了。
我不能接受的是猛獸化之後還要怕夜魔...",negative,steam_live,3008130,False,1778691892,3000,tchinese,0,0.5,True,False,False
Dying Light: The Beast,"Tek kelimeyle harikaydı baron oesini öldürürken inanılmaz zevk aldım. 
Spoiler tagi nasıl konuluyor bilmiyorum o yüzden belirtiyim spoiler vercem.
Uğluşum Aiden büyümüş te abisini kurtarmaya gelmiş. Kendi ellerimle viledorda büyütmüştüm keratayı.",positive,steam_live,3008130,True,1778690163,2297,turkish,0,0.5,True,False,False
Dying Light: The Beast,"The game is buggy as hell.

Zombies often just stand there like scarecrows with their arms open. They get stuck mid-chase, seemingly tripping over invisible objects.

Zombies and other enemies frequently don’t animate properly while running toward me — they just kind of hover instead.

Climbing and running feel very unsmooth. There’s an unexplained lag, and I often get stuck on building corners for no reason.

Combat feels clunky.

I experienced one crash while fighting a horde.

During dialogue animations, characters sometimes stop animating completely — they just stare at me like dolls while their voices keep playing.

It’s too bad, because I played over 100 hours of Dying Light 1 and around 150 hours of Dying Light 2. I’m a big fan of the series. But with the amount of bugs, clunky combat, poor animations, and even crashes I experienced within just 120 minutes, it honestly feels unfinished.",negative,steam_live,3008130,False,1778687770,113,english,1,0.519999980926513672,True,False,False
Dying Light: The Beast,"我很喜欢消逝的光芒这个游戏，一代给我的游戏体验我至今难忘。二代不做评价，玩到一半我放弃了。三代给我的感觉更像是一个大型DLC，游戏内容实在太单薄。25年发售时我游玩了20多个小时放弃了，直到26年我才从头开始通关了一次，只花了我30个小时。虽然内容单薄但是游戏性还是不错的，中文配音我也很喜欢，目前我正在游玩二周目。二周目时我遇到一个奇怪的现象，对倒地丧尸的处决我要进行三次才可以击杀，我觉得这是一个BUG，因为背刺处决依旧是正常触发。我就像是个虐待狂，疯狂地踢丧尸的脑袋，过程中还需要全神贯注免得他爬起来。
总的来说小小的失望，但我依旧对消逝的光芒保持期望。希望四代能够给我带来惊喜，困兽中的精神控制以及变异植物（那颗吸引丧尸的树）让我有些期待四代的表现。
年纪越来越大了，真心希望在我还有时间精力的时候玩到打磨好的四代。",positive,steam_live,3008130,True,1778686310,3919,schinese,0,0.5,True,False,False
Dying Light: The Beast,Best zombie parkour game,positive,steam_live,3008130,True,1778683876,2665,english,0,0.5,True,False,False
Dying Light: The Beast,Awesome,positive,steam_live,3008130,True,1778677089,2408,english,0,0.5,True,False,False
Dying Light: The Beast,"Это возвращение к истокам, которого фанаты ждали годами. Кайл Крейн вернулся, и вместе с ним вернулась та самая густая, пугающая атмосфера, сделавшая франшизу легендарной. В 2026 году этот проект воспринимается как идеальная работа над ошибками и концентрированный опыт всего лучшего, что было в серии.

Возвращение легенды: Снова играть за Кайла Крейна - это не просто фансервис. Его новые способности, полученные после долгих лет экспериментов над ним, меняют динамику боя. Теперь ты не просто выживший, ты - настоящий хищник, способный выпускать на волю свою звериную натуру.

Кастал-Вудс: Новая локация - это глоток свежего воздуха. Вместо плотной городской застройки перед нами раскинулись мрачные леса, заброшенные промышленные зоны и таинственные исследовательские центры. Дизайн уровней мастерски сочетает классический паркур с новыми элементами окружения.

Атмосфера хоррора: Разработчики услышали фанатов и вернули в игру настоящий страх. Ночи в Кастал-Вудс по-настоящему темные и опасные. Звуки леса, тени среди деревьев и обновленные Прыгуны заставляют снова искренне бояться каждого шороха.

Транспорт: Внедрение транспортных средств здесь ощущается органично. Это не просто способ быстро попасть из точки А в точку Б, а важный элемент выживания и даже мобильная крепость, которую можно улучшать и подстраивать под свой стиль игры.

Графическое исполнение: Игра выглядит потрясающе. Густая растительность, эффекты тумана и освещение создают невероятно реалистичную и в то же время гнетущую картинку. Ощущение импакта и детализация повреждений врагов вышли на новый уровень физичности.

Сюжетная глубина: Это более личная и камерная история. Нам показывают последствия событий прошлых частей и то, как мир изменился за эти годы. Сценарий держит в напряжении, заставляя сопереживать герою, который потерял слишком много, но нашел силы бороться дальше.

Итог: Это триумфальное возвращение. Игра взяла брутальность первой части и масштаб второй, приправив это уникальными механиками «зверя». Идеальный финал (или новое начало?) истории Кайла Крейна, который заслуживает высшего балла.",positive,steam_live,3008130,True,1778674885,1392,russian,0,0.5,True,False,False
Dying Light: The Beast,Лютая,positive,steam_live,3008130,True,1778672138,2070,russian,0,0.5,True,False,False
Dying Light: The Beast,"Pros:
Parkour: I tried to vault a simple fence, miscalculated the ""Beast"" physics, and launched myself into the stratosphere like a SpaceX rejection. 
The Beast mode: It lets you go absolutely mental for twenty seconds, and you feel like you are the predator for the first time. Until you don't. The meter goes out, and you instantly become the prey. You find yourself surrounded with Volatiles who are wondering why the scary man stopped hitting them.

Cons:
The Stealth: The game tells you to use the long grass to hide. I did, but a viral still found me. Apparently, Crane smells like Old Spice.
The Stamina system: Crane has the combat knowledge of a god but the lung capacity of a Victorian child with a cold.
Volatiles: I'm convinced the Volatiles have my IP address. I can hide and hold my breath, and not moving a muscle, yet a Volatile three miles away will go ""Is that Kyle?"" and sprint towards me.

In overall: just an average London simulator 
10/10 recommended, worth on a discount.",positive,steam_live,3008130,True,1778671846,8669,english,0,0.5,True,False,False
Dying Light: The Beast,"5/10

Graphics are very good, alot of options to adjust for more fps, story and characters are great, map is ok, car is very fun to use! However..

Game feels inferior compared to DL1 & 2, zombies scale too much with the character regardless of progression, even tho crane is basically at his strongest point in the series, it feels like im slapping Z's with a wet salad. Parkour feels downgraded and sloppy, weapons are stale - even the DLC ones are kinda meh.. I'm just running around and collecting like I'm on the world biggest grocery list and and completing missions for subpar items. I also experienced more bugs than I'm used to..

I feel like this game is still worth playing for the ones that want to continue the story from DL1 & 2, but not for this price, maybe at 30-50% off.",negative,steam_live,3008130,False,1778669412,2048,english,0,0.47413790225982666,True,False,False
Dying Light: The Beast,peak asf,positive,steam_live,3008130,True,1778663298,1719,polish,0,0.5,True,False,False
Dying Light: The Beast,kimerasiken.12,positive,steam_live,3008130,True,1778659898,1112,turkish,0,0.5,True,False,False
Dying Light: The Beast,ZAJEBISTA GRA KOLEJNA CZESC PEAKU <3,positive,steam_live,3008130,True,1778651390,1022,polish,0,0.5,True,False,False
Dying Light: The Beast,game constantly soft locks or gets stuck in a crashing loop,negative,steam_live,3008130,False,1778649384,3085,english,0,0.5,True,False,False
Dying Light: The Beast,Добра.,positive,steam_live,3008130,True,1778642923,2242,ukrainian,0,0.5,True,False,False
Dying Light: The Beast,I am beasting!!!!,positive,steam_live,3008130,True,1778638101,1502,english,3,0.54356849193572998,True,False,False
Dying Light: The Beast,KYLE CRANE IS BACK BABYYYYYYYYYYYYYYYYYYYYYY,positive,steam_live,3008130,True,1778633743,1545,english,0,0.469314098358154297,True,False,False
Dying Light: The Beast,maın char ♥♥♥ bos,negative,steam_live,3008130,False,1778626538,253,turkish,1,0.523809552192687988,True,False,False
Dying Light: The Beast,BUFFFFF,positive,steam_live,3008130,True,1778624789,2132,spanish,0,0.5,True,False,False
Dying Light: The Beast,"The first game was way better , the combat feels like a$$ 
Kind of regretting my purchase on this game 

The fact that I have an RX 9070 and still struggling to get good frames is insane on how unoptimized this game is 
Buy it on a deep sale people",negative,steam_live,3008130,False,1778621545,857,english,3,0.522567987442016602,True,False,False
Dying Light: The Beast,muito based,positive,steam_live,3008130,True,1778620343,1747,brazilian,0,0.5,True,False,False
Dying Light: The Beast,"Наигравши в игру более 70 часов, с уверенностью могу сказать - это кал :) ну, а что еще?
Нет определенно игра хорошая и так как я лютейший фанатик истории Кайла я всё схавал (баги, недоработки и т.д)

На счет багов: игра вышла в 25 году 18 сентября, и до сих пор багов просто ну Д0ХYЯ, в основном это визуальные баги, допустим дождь в здании, видимость через текстуры (я только что рассказал про распространенные баги) так же есть и баги механические, самый известный это то что можно бить через забор из железной сетки.

В целом игра очень хороша, разрабы за ней следят, добавляют много нового.

На счет самой игры, в ней есть сюжетный задания, побочные задания, а так же ""события"" - это когда допустим люди барона захватили человека в плен (необязательно люди барона, могут и бандиты) или когда люди барона охраняют какой-то лут. В игре так же есть элементы сыщика, по типу расследуй что случилось ""там"", пойми как произошло ""это"" и т.д и т.п, так же есть коллекция (всякие письма, книги, кассеты и т.д что ты нашел)

Сюжет игры: в целом неплохой, но в основном это убийство химер, а после просто помощь союзниками, есть конечно интересные сюжетки, но мало очень, а вот побочки просто имба, конечно так же имеются и подобные принеси, подай, убей, но большинство интересных и страшных, а некоторые странные, но тоже интересные.

Графика: ну я бы не сказал, что прям восторг, но довольно хорошо, опять таки если бы не баги, то игра выглядела бы восхитительно, а из-за багов большинство графики просто ""ломается"" 

Прокачка Кайла: в целом не очень интересно, т.к большая часть просто из прошлых частей франшизы Dying Light, на счёт зверя, ну такое себе, не такой уж он и зверь, даже при полной прокачке он хиленький, а может я просто зажрался... в целом хорошо, но в каких-то местах он не доработан, возможно из-за этого он мне не зашел.

Паркур: его почти нету... хотя игра изначально была про экстремальный паркур с гнилой плотью наперегонки, в этой же части.. туговато.....

Сюжет: да уже был данный заголовок, но тут я расскажу про сюжет (я еще полностью не прошел игру, но обязательно обновлю обзор как пройду игру полностью)

Общая оценка: Игра очень хорошая, но тот факт, что присутствует УЙМА багов, так себе, портит все настроение играть, паркурить становится невозможно, просто пN3дец. Но т.к я ярый фанатик DL - (Dying Light) я запихнул свое недовольство глубоко глубоко в сраку, сижу играю и КАЙФУЮ! А это главное :)",positive,steam_live,3008130,True,1778618280,4408,russian,0,0.5,True,False,False
Dying Light: The Beast,geiles spiel,positive,steam_live,3008130,True,1778616919,823,german,1,0.5,True,False,False
Dying Light: The Beast,No tiene doblaje latino,negative,steam_live,3008130,False,1778613431,135,latam,2,0.52173912525177002,True,False,False
Dying Light: The Beast,it feels like youre playing dl2 with a kyle skin mod so be ready for identical gameplay to dl2. The story is the only save of this game great ending too,positive,steam_live,3008130,True,1778612757,1350,english,0,0.5,True,False,False
Dying Light: The Beast,"Gra bardzo fajna, a jestem dopiero na początku i wygląda nieźle. Jedyny minus tej gry to jest, że z trochę słabszym komputerem to maksymalnie 50 fps, ale tak to polecam. :D",positive,steam_live,3008130,True,1778610689,294,polish,0,0.5,True,False,False
Dying Light: The Beast,"Can this game please not FREEZE EVERY 5 SECONDS?!?! Come on creators, you have done better in the past. 
I will only change my review to a positive once I can play without it freezing all the time. It makes game play difficult.",negative,steam_live,3008130,False,1778610657,461,english,0,0.47999998927116394,True,False,False
Dying Light: The Beast,Injouable plante toutes les 5 min que ça soit pendant les crochetages ou les cinématiques. Une blague pour ce prix. Ce jeu qui était à la base un DLC est plus bugué que dyng light 2 je dis chapeau pour cette performance.,negative,steam_live,3008130,False,1778608567,352,french,0,0.476190477609634399,True,False,False
Dying Light: The Beast,Игра кайф,positive,steam_live,3008130,True,1778607653,2058,russian,1,0.523809552192687988,True,False,False
Dying Light: The Beast,"Прикольно по бегать и по избивать зомби со своим другом (Или же друзьями, если таковые у вас имеются), но иногда этот сранный падай - принеси меня бесил и немного портил впечатления от игры. Но в целом игра неплохая, да и оптимизон для моей 1660 super неплох, но за фулл прайс я бы её ещё раз не покупал, советую только по скидкам",positive,steam_live,3008130,True,1778603041,1615,russian,1,0.523809552192687988,True,False,False
Dying Light: The Beast,I'm the beasting it,positive,steam_live,3008130,True,1778602289,2688,english,0,0.5,True,False,False
Dying Light: The Beast,"This was suppose to be an expansion to DL2 BUUUUTTTTT instead they make it, it's own thing and its ♥♥♥♥♥♥ awesome. Kyle Crane is back but this time he is out for blood, and he become the ""mr.beast"". It's much better than DL2 like in terms of combat, parkour and storytelling. Ohh did i mention techland bring back the OG night time, dark can't see ♥♥♥♥, scary Volatile and can't see ♥♥♥♥. Highly recommend DLTB if yall into DL series.",positive,steam_live,3008130,True,1778599111,5217,english,1,0.497925341129302979,True,False,False
Dying Light: The Beast,peak,positive,steam_live,3008130,True,1778596039,829,english,0,0.5,True,False,False
Dying Light: The Beast,"If you loved the first Dying Light, you’re going to be really happy with this one, it honestly feels like the developers finally went back to what made the series so cool in the first place. Kyle Crane has been through a lot and this time he has these ""beast"" powers that make you feel like a total monster when you use them. The parkour is still the best part, running across rooftops and climbing feels smooth and fast. When you get tired of running, you can actually drive a truck around to smash through zombies, which is a nice change.ou definitely need a decent PC to run this smoothly. If you have an older computer, you might see some lag and like most big open world games, there are a few small glitches here and there but nothing that ruined the fun for me. If you like parkour, zombies, and a good story, buy this, it feels like a mix of the best parts of the first and second games. It got plenty of content (about 40 hours) and it’s some of the most fun I’ve had in a zombie game in years. Should you buy it? Yes, especially if it's on sale!",positive,steam_live,3008130,True,1778591082,1867,english,9,0.565066337585449219,True,False,False
Dying Light: The Beast,"엔딩 봤어요!
요즘 현생이 좀 바뻐서 ㅠ,ㅜ  틈틈이 하면서 엔딩봤네용 ...
좀비 게임중엔 역시 다잉라이트가 최고에요!  진짜루!
전투도 재미있고 ㅡ 특히 분위기가 진짜 미춌어요 ~~!!  
좀비가 득실거리는 마을을 홀로 누비는 그 스릴과 긴장감!!  그리고 부슬부슬 비올떄 영화속 들어온 느낌임..!
가끔 좀비 갑자기 튀어 나올떄는 깜짝 놀라요!  
천천히 구석구석 재료 모아서 이것저것 만드는 재미도 있고, 
자동차 운전하는 거도 꽤 재미있었어요! 
주인공 카일크레인 빙의해서 엔딩을 보았네요!

이것저것 다 좋은데 .... 단점을 꼽자면

스토리가 좀 재미가 없긴해요... 한 편의 영화를 본거 같은 느낌이 안 들어요. 
그냥 처음부터 끝까지 좀비 때려잡다 끝난 느낌!   근데 그 맛이 재미있음!  그래서 강추! 

좀비게임을 하고싶어요?  강추!! 합니다.   다른 좀비게임은 절대 이 게임을 따라올수 없어요! 

아 ! 그리고 최근 한국에서 만든 '낙원' 이라는 좀비 게임 플레이를 봤는데..

전 다잉라이트 보는거 같았어요.   비슷한게 꽤 많더 라고요!  그 만큼 다잉라이트가 영향력이 크다는 거겠죠!?

다음에 나올 다잉라이트는 매우 큰~~~오픈 월드에 이것저것 알찬 퀘스트 꽉 꽉 채워 넣고,  동료도 막 같이 다니고 이러는 좀비게임의 판타지 rpg 같은 멋진 게임 만들어 주세요!!",positive,steam_live,3008130,True,1778588645,2424,koreana,2,0.52173912525177002,True,False,False
Dying Light: The Beast,"明明前两款都是神作，这款拉杂成了这个样子，就像是一个早产儿。只不过我是买了第二代后送的，通了主线就删游了，落差太大。 

1. 跑酷追求真实没问题，翻越加速和落地加速的动作也没了，不如1，2的中期体验。
2. 相比前作完全是贫瘠的武器种类，和单调的攻击动作，打架的体验不如1，2。甚至任务过到后面纯枪战。
3. 主线任务只覆盖了很小一部分地图，剧情实在是无趣，我不想我的两个主角都是无脑+原谅色的逗比，真的无语。
4. 变身技能树明显残废，奇美拉那么多技能，克兰除了变大变强啥也没有，太无语了。
5. 载具只有一辆车，跑图吧，没啥可说的。",negative,steam_live,3008130,False,1778587032,1395,schinese,0,0.5,True,True,False
Dying Light: The Beast,"Great Game - Super Optimised! 

Runs beautifully on Proton!!! The game looks great too. Zombies are nice to kill. The parkour is okay. I see what people mean when they say the original has a better feel. The story is okay. I do skip some lines. It's not dated but the elements of the story you've most probably seen before to the point you can predict the game direction. Also the new update 1.6 definitely makes the game more appealing. 

I'm very happy with this experience. 

Update - the lack of knowledge around when the game saves is quite anxiety inducing as I've already lost 10 minutes of game play to being reset back to checkpoints instead of when I quit to menu. I don't like this bug/feature.",positive,steam_live,3008130,True,1778586446,1230,english,0,0.5,True,False,False
Dying Light: The Beast,love the game even thoug i run on 15 fps,positive,steam_live,3008130,True,1778582169,262,english,0,0.5,True,False,False
Dying Light: The Beast,‎,positive,steam_live,3008130,True,1778577422,1309,english,0,0.5,True,False,False
Dying Light: The Beast,"Enjoyable, very short and empty but i still liked it. Apparently this was meant as a dlc and it shows, get it when there's a discount",positive,steam_live,3008130,True,1778577287,1350,french,0,0.519774019718170166,True,False,False
Dying Light: The Beast,Restored Land was the best DL experience I had of the whole trilogy,positive,steam_live,3008130,True,1778577077,5414,english,0,0.5,True,False,False
Dying Light: The Beast,"Honestly the combat is kind of interesting but not different enough to make it any more interesting then Dying Light 2, I love my boy Kyle and DL1 but this was just kinda meh.",negative,steam_live,3008130,False,1778559670,665,english,7,0.544867575168609619,True,False,False
Dying Light: The Beast,fun,positive,steam_live,3008130,True,1778551029,1148,english,0,0.5,True,False,False
Dying Light: The Beast,"I played it with Shiori Novella 

10/10",positive,steam_live,3008130,True,1778545653,3125,german,1,0.5,True,False,False
Dying Light: The Beast,Зомба,positive,steam_live,3008130,True,1778537538,327,russian,0,0.5,True,False,False
Dying Light: The Beast,"гавно
♥♥♥♥♥♥ халтура
худший дл",negative,steam_live,3008130,False,1778537456,3212,russian,0,0.464547693729400635,True,False,False
Dying Light: The Beast,good,positive,steam_live,3008130,True,1778535532,7074,english,0,0.5,True,False,False
Dying Light: The Beast,I hate durability.,negative,steam_live,3008130,False,1778534739,69,english,1,0.413293540477752686,True,False,False
Dying Light: The Beast,super gra,positive,steam_live,3008130,True,1778534195,936,polish,0,0.5,True,False,False
Dying Light: The Beast,Yes,positive,steam_live,3008130,True,1778531121,933,english,0,0.5,True,False,False
Dying Light: The Beast,"Мені дуже подобається ця гра. Подобається, що нова версія стала класнішою і загалом покращилась.

подобається тільки те, що тепер не можна лутати одне й те саме місце багато разів.

Подобається, що зомбі стали активнішими, вони частіше лазять і агресивніше наближаються до тебе, через що гра виглядає більш живою.

Не сподобалось, що після оновлення зникли всі мої мітки на карті, де я був і куди планував піти. Я ними часто користувався для маршрутів.

Також подобається, що можна зачищати райони, і зомбі більше не з’являються в тих самих місцях. Це робить пересування значно безпечнішим після зачистки.

Подивимось, як гра буде змінюватися далі, але загалом це доволі цікаво. Мені подобається такий стиль гри, де можна вільно бігати всюди.

Є мінус у тому, що машини досить слабкі, але це не критично, бо гра не про авто. Навіть добре, що так, інакше всі просто їздили б на машинах.

В цілому гра подобається, і я далі буду грати та дивитись, як вона розвивається.I really like this game. I like that the new version is very cool and improved overall.

What I don’t like is that you can’t loot the same place repeatedly anymore.

I like that zombies have become more active, they climb more and move toward you more aggressively, which makes the game feel more alive.

I didn’t like that after the update all my map markers disappeared, including places I had marked to visit later. I used those a lot for planning routes.

I also like that you can clear areas and zombies don’t respawn in the same spot anymore. It makes exploring and moving around much safer after you’ve taken control of a zone.

We’ll see how the game changes дальше, but overall it’s pretty fun. I like this type of gameplay where you can just roam wherever you want.

The only downside is that vehicles feel pretty weak, but honestly it’s not a big problem since the game isn’t really about cars anyway. In fact, it’s kind of good because otherwise everyone would just drive everywhere.

Overall, I enjoy it a lot and I’ll keep playing to see how it evolves.",positive,steam_live,3008130,True,1778529849,9169,ukrainian,0,0.5,True,False,False
Dying Light: The Beast,iyi oyun,positive,steam_live,3008130,True,1778525699,3430,turkish,0,0.5,True,False,False
Dying Light: The Beast,POK KAKA ÇİŞ,negative,steam_live,3008130,False,1778525319,1314,turkish,0,0.440949738025665283,True,False,False
Dying Light: The Beast,"this game has no real imersen or love in it

this game felse more tedeies then rewarding

I get no love for it and I hate I wastet my time nad mony to give it a try",negative,steam_live,3008130,False,1778525038,903,english,0,0.337763369083404541,True,False,False
Dying Light: The Beast,"худшая часть из всех, затмить вторую часть по скотски не адекватной сложности ""кошмар"" это надо было постараться так обосраться, не умеете вы в баланс, дегенераты",negative,steam_live,3008130,False,1778521674,1484,russian,0,0.443925231695175171,True,False,False
Dying Light: The Beast,"и так dying light the beast.
Основные плюсы игры:
возвращение Кайла Крейна ( один из моих любимых главных персонажей )
способности «Зверя»:  ( ты буквально превращаешься в прыгуна или же охотника , который разрывает все на своем пути - также очень нравятся финишеры )
также отличный паркур и хорошую оптимизацию
пейзажи и закаты в этой части они красивые прям как в первой части.
также радует русская озвучка.

Минусы ;
очень быстрый сюжет ( если проходить только сюжет то уйдет где то 15-20 часов )
прокачка и однотипность врагов ( эти ебанные химеры меня уже заебали под конец )
ну и также новое обновление restorend land ( тупое обновление добавляющие новые ачивки пройди игру ни разу не умерев , моя жопа сгорела )

неплохая игра 

https://steamcommunity.com/sharedfiles/filedetails/?id=3722917123",positive,steam_live,3008130,True,1778521615,4057,russian,1,0.525862038135528564,True,False,False
Dying Light: The Beast,♥♥♥♥♥ ставлю лайк никогда не проходите на кошмарном если хотите оставить свои нервы с собой,positive,steam_live,3008130,True,1778519472,1082,russian,0,0.5,True,False,False
Dying Light: The Beast,The game is fun a lot to do and i love playing all the side missions,positive,steam_live,3008130,True,1778519094,4569,english,0,0.5,True,False,False
Dying Light: The Beast,"Гуд, на 30+ часов ну и оверфарм в кампании +",positive,steam_live,3008130,True,1778517057,1928,russian,0,0.5,True,False,False
Dying Light: The Beast,"Игра имба, советую всем !",positive,steam_live,3008130,True,1778512961,1923,russian,0,0.5,True,False,False
Dying Light: The Beast,"Feels too sluggish for me. Need more innate stamina for dodges and attacking.
This may get better with higher levels.. I don't know, but I could not be bothered to find out.
Very much disliked having to play the 'regen stamina' game during combat (that is not 1on1).

Furthermore, hitboxes in this game are beyond stupid. I can (melee) hit zombies from a meter away, but the opposite is true as well; zombies can lunge at you suddenly and chip at your health.
Mind you, the game isn't hard at all, but it's just frustrating to see this 'floaty / telekinetic'  kind of combat.",negative,steam_live,3008130,False,1778510245,1265,english,1,0.493421077728271484,True,False,False
Dying Light: The Beast,"я встал вышел на улицу,убил всех в монастыре,и только потом пошел играть
игра топ 10/10",positive,steam_live,3008130,True,1778492838,2297,russian,0,0.5,True,False,False
Dying Light: The Beast,good,positive,steam_live,3008130,True,1778492607,17739,koreana,0,0.5,True,False,False
Dying Light: The Beast,7/10,positive,steam_live,3008130,True,1778485061,2454,english,0,0.5,True,False,False
Dying Light: The Beast,"How do these games get progressively worse? 1 > 2 > 3

Small world that feels very undynamic in look. Storyline doesn't help.

Pains me to see how this series has continued to fumble.",negative,steam_live,3008130,False,1778478488,4056,english,6,0.550935804843902588,True,False,False
Dying Light: The Beast,Harika bir oyunun harika bir serisi,positive,steam_live,3008130,True,1778473709,168,turkish,0,0.5,True,False,False
Dying Light: The Beast,riktigt bra spel,positive,steam_live,3008130,True,1778463789,988,swedish,0,0.5,True,False,False
Dying Light: The Beast,divertido,positive,steam_live,3008130,True,1778459569,2767,spanish,0,0.5,True,False,False
Dying Light: The Beast,games good,positive,steam_live,3008130,True,1778458157,1154,english,0,0.5,True,False,False
Dying Light: The Beast,"Amazing experience. It takes the best parts of the first two games and blends them into a familiar but unique experience. The side missions don't feel like fetch and reward quests, they have genuine depth that at times will make you feel some sort of way [spoiler]especially ""Stay Human""[/spoiler] and the ending is very satisfying but emotional. I do wish this game were a little better optimized though. I don't have the greatest computer but it runs most things well at high settings but this game struggles to run on medium for me. Now, even on the lowest graphical preset, this game looks beautiful, but I do wish I could enjoy it at a higher framerate while also enjoying better graphics. 9.7/10",positive,steam_live,3008130,True,1778456749,1691,english,0,0.476190477609634399,True,False,False
Dying Light: The Beast,that feeling when you open six empty lockers only to find dried foods in the seventh #ididnothavesexualrelationswiththatzombie #weblessed #onlygodknows #welove #welearn #welaugh,positive,steam_live,3008130,True,1778450190,1643,english,0,0.5,True,False,False
Dying Light: The Beast,好玩,positive,steam_live,3008130,True,1778442540,3347,schinese,0,0.5,True,False,False
Dying Light: The Beast,"Honestly pretty fun game. Kyle Crane has always been my favorite video game protagonists because of how done with everything he is. Like the dude's been through so much that at this point he's just annoyed, so it's great to see and hear him again haha. The gameplay is fun as always, I like how they added the ""low jump"" option to give it a more realistic feel to the parkour. I honestly was never a fan of how ""floaty"" jumping was in the last games. The Beast Transformation was fun at first but then felt underwhelming. Aside from being able to take slightly more damage than...well being a normal dude, it doesn't do a lot of damage and the skills are kinda lackluster. It didn't make me feel like a ""Beast"", it felt more akin to a adrenalin rush than a Beast Mode. Even against bosses I never did a lot of damage. I remember in the trailer and gameplay footage you could tear volatiles a new one, but it didn't make me feel as powerful. As for the story, it was fine. It was nice to see Aidan back, but I wish Kyle and Aidan spent more time with each other. It's literally like: Oh hey Aidan's back, oh he's gone, oh nice he's back again, dang it well he's gone again. Like I know it's the last mission but damn, I barely remember all the things Aiden did aside from getting captured. Also I don't know how I feel about his new design, I guess it's fine.",positive,steam_live,3008130,True,1778438561,2667,english,1,0.52173912525177002,True,False,False
Dying Light: The Beast,Kyle Crane geri döndü ama emeklilik yaşı gelmiş; hala çatılarda zıplayıp dizlerini eskitmeye devam ediyor. Emeklilikte yaşa takılanlar: Harran şubesi.,positive,steam_live,3008130,True,1778437605,1573,turkish,1,0.523809552192687988,True,False,False
Dying Light: The Beast,Fantastic gameplay! If any issues I recommend downloading a ddu uninstaller and wiping all previous drivers.,positive,steam_live,3008130,True,1778436770,2178,english,0,0.5,True,False,False
Dying Light: The Beast,I've played all the other Dying Light games. This one is fun. Best get it on sale.,positive,steam_live,3008130,True,1778435719,2300,english,0,0.5,True,False,False
Dying Light: The Beast,ben böyle oyun görmedim grafik mi dersin oyun tarzımı dersin herşeyi çok qüzel,positive,steam_live,3008130,True,1778433306,783,turkish,0,0.5,True,False,False
Dying Light: The Beast,"[h1]消光是副好皮囊，只是皮下的那头野兽似乎真的被困住了[/h1]

作为一名预购玩家，在我游玩消光困兽的全过程中，失望几乎是贯彻始终的一大情绪——作为系列的最新作，困兽似乎一直都想要做出些改变，但其结果却无一例外地指向失败。而这种失败几乎是在游玩的第一时间就已经开始，困兽一改前作的高速跑酷，将跑酷从一种市面上独一无二的移动与攻击方式变成了某种解谜要素。

[h3]克兰老了[/h3]

作为系列的核心竞争力，在设计中，跑酷应当是一种利大于弊的设计。在消光系列这种罐头游戏中，如何减少玩家赶路的无聊时间一直是所有游戏设计者们所聚焦的地方。
消光2通过多样、高速的跑酷以及与之相称的地形设计让移动本身也成为了一种乐趣，搭配上沿途遇到的丧尸所带来的血浆刺激，让玩家一直处在兴奋中。这样的设计在困兽中被缓慢拖沓的各种基础动作所取代，高楼环伺的复杂三维空间也被压缩为了刺客信条式的街道、窗沿和屋顶三条道，更多时候甚至演都不演直接就是大平地。
2代很多时候竞速式的任务环节设计，在困兽中变成了冗长的攀爬解谜。而这些解谜只是考验玩家的眼睛，看我们能不能发现开发者涂了油漆的攀爬点；玩家的成功与失败往往不是源自个人技巧的高超与否，而是取决于油漆是否足够显眼。
在我游玩的过程中，跑图不再是享受，而是折磨。很多时候我都宁愿去开车也不愿意上房顶跑酷，以防自己又去品鉴一遍克兰那肌无力一般的攀登动作。与一代或现实中跑者的迅捷与灵巧不同，困兽中的每一次攀登都显得如此笨重且吃力。各种跑酷和攻击动作之间几乎没有打断和取消机制，以至于我总觉得困兽更像是个魂游。

[h3]坦白来说，这是我第一次觉得人类和丧尸也没什么区别[/h3]

困兽的剧情几乎没有塑造出任何一个人物，所有登场角色都好似工具人而非一个有自己性情的末日生存者，以至于时隔不到半年的我甚至记不起任何一个人名。回看一年多以前我玩的消光2，不说让人又爱又恨的哈肯“满纸荒唐言，一把辛酸泪”的立体塑造，也有拉万这样一个真挚善良的行动派。甚至于很多一笔带过的小角色也让人印象深刻，伟大的罗威中尉、可悲的阿尔贝托还有再度扛起大梁的弗兰克。尽管消光2的剧情远远说不上成功，但这些角色的身影至今仍在我的记忆中栩栩如生。在消光2中我游玩的一大动力就是剧情驱动，我渴望保护末日下一个个鲜活的人，渴望知晓那些复杂角色背后的故事，然而这种东西在困兽这一作中已经彻底消失了。而抛去人物塑造去看困兽整体的剧情，我只能说这剧情还不如不做。

[h3]“优化好”[/h3]

或许困兽确实如媒体测评视频中所讲的那样将光影与粒子特效的开销控制在了一个很不错的范围内，但那绝不意味着这是一款优化好的游戏。在我游玩时，我使用的是一台机械革命耀世16pro，搭载了4060笔电显卡和14代i9HX以及32g内存。我在整个游玩期间遭遇了极其严重的显存不足问题，百分之一low帧有时候甚至只有平均帧数的四分之一，而且不论我将画面设置调的多低都不能有效降低游戏的显存需求。作为对比，这台电脑在运行2077全高+基础光追时，启用DLSS质量和2倍帧生成仍能轻易达到70帧。消光困兽，一款在画面上并不十分出众的开放世界游戏，很多时候只能勉强够到60帧已经足以说明问题。

[b]说到底，消光困兽最大的悲剧从来不是 ""做不好""，而是 ""根本不想好好做""。它披着消光的精致皮囊，抽走了跑酷的灵魂，掏空了剧情的内核，最后只留下一个处处敷衍的半成品。开发者亲手把那个在哈兰市飞檐走壁、浴血搏杀的克兰，变成了连爬墙都费劲的肌无力老人；也把那个曾经独一无二的丧尸跑酷 IP，困在了罐头化量产的牢笼里。如果说前作的角色们是如同野兽般在末日里嘶吼着求生，那这一作的克兰，便是真的像只困兽一般没能改变任何东西。早在这一部发售之前，消光系列便早已身处争议，如今看来，这个IP恐怕真就要像困兽一般死在开发者的敷衍之下了。[/b]",negative,steam_live,3008130,False,1778432983,2120,schinese,1,0.52173912525177002,True,False,False
Dying Light: The Beast,dying light the beast has been the best open world zombie survival game ive played,positive,steam_live,3008130,True,1778431433,3098,english,0,0.5,True,False,False
Dying Light: The Beast,That is a game.,positive,steam_live,3008130,True,1778428654,182,english,1,0.519999980926513672,True,False,False
Dying Light: The Beast,.,positive,steam_live,3008130,True,1778428127,2937,english,0,0.5,True,False,False
Dying Light: The Beast,"Hermoso título, tiene base del 1 y mecánicas del 2. Super disfrutable con amigos!
Super optimizado y mejorado.",positive,steam_live,3008130,True,1778425704,4484,latam,0,0.5,True,False,False
Dying Light: The Beast,deswegen,positive,steam_live,3008130,True,1778423463,938,german,1,0.5,True,False,False
Dying Light: The Beast,"I’ve completed the game multiple times already on NG+, including Nightmare difficulty. I’ve played extensively in both single-player and co-op, so I’m very familiar with what this game offers at its core.
 it good game 
but hope we get more dlc soon",positive,steam_live,3008130,True,1778419756,10528,english,0,0.5,True,False,False
Dying Light: The Beast,"Muazzam bir devam oyunu. Fakat 2. oyundaki kadar yan görev yok, hep ana hikayeye odaklanıyorsunuz. Birinci oyunu 60 saatte, ikinci oyunu 62 saatte bitirmişim. Bu oyunu 24 saatte bitirmişim. Ona rağmen çok iyi derecede tatmin etti.",positive,steam_live,3008130,True,1778416604,1850,turkish,0,0.5,True,False,False
Dying Light: The Beast,its gut,positive,steam_live,3008130,True,1778416101,1024,polish,0,0.5,True,False,False
Dying Light: The Beast,One of the best zombie game,positive,steam_live,3008130,True,1778416055,1902,english,0,0.5,True,False,False
Dying Light: The Beast,the game is rally ♥♥♥♥♥♥♥ Peak,positive,steam_live,3008130,True,1778400036,960,english,1,0.518518567085266113,True,False,False
Dying Light: The Beast,Все как  обычно мясо матюки и прочие короче кайф,positive,steam_live,3008130,True,1778399172,2621,russian,0,0.5,True,False,False
Dying Light: The Beast,"I'm obsessed with this franchise and this is their best entry yet. If the devs ever read this, yes, we still want a game like Dying Light 2 from E3 2018 so keep on that direction I guess?",positive,steam_live,3008130,True,1778398288,3100,brazilian,2,0.53947371244430542,True,False,False
Dying Light: The Beast,パルクールが売りのゲームなのにパルクールにストレスしかない。,negative,steam_live,3008130,False,1778393861,1639,japanese,0,0.5,True,False,False
Dying Light: The Beast,Güzel oyun,positive,steam_live,3008130,True,1778370143,287,turkish,0,0.5,True,False,False
Dying Light: The Beast,"At first I honestly wasn’t sure if Dying Light: The Beast would hit me the same way Dying Light 2 did. DL2 stayed with me emotionally because of Aiden, the choices, the endings and the feeling that my decisions actually mattered. So the beginning of The Beast felt different and took some getting used to.

But the more I played, the more I appreciated what Techland was going for.

I completed all side quests, captured all safe zones and substations, upgraded my weapons to high levels, and by the end I was completely invested. The driving, modern weapons, finishers and especially the ragdoll physics made combat feel incredibly satisfying and realistic.

What really surprised me though was the story. The game slowly builds up and then starts connecting things in ways I genuinely did not expect. Some deaths were absolutely brutal and unforgettable and the ending completely changed my opinion of the game. Seeing how it connected to Dying Light 2 got me insanely hyped.

Techland somehow keeps making endings that stay in your head long after the credits roll.

Thank you Techland for another memorable journey.",positive,steam_live,3008130,True,1778365283,2471,czech,0,0.5,True,False,False
Dying Light: The Beast,AIDEN BABAIDEN,positive,steam_live,3008130,True,1778361070,1686,turkish,1,0.523809552192687988,True,False,False
Dying Light: The Beast,Dobra zabawa,positive,steam_live,3008130,True,1778357795,1600,polish,0,0.5,True,False,False
Dying Light: The Beast,"Нопак що казати. Пушовім на зароботки і протягував кабелі лізавім по винтиляції, і чи знаєте щоми упувівми шеф! Що ісе не куниць і у кунци пуйдеме до нього на дачу, но намого вовка, щеми дали тот трос Єбаний по деревам лізати тачи я вам туй МАВПА! НАМОГО БОГА! Мало того що ігра началася із газової труби а кончилася, Підмогов Байдена із 300 гранат і закиданям чучела но чесно вам упувім ашби хуйть 120 крон платили но і тулько неє, крехта вєтнамцю які нетрібні барахло продати усьо, НО ЧЕСНО! За тулькі гроши яб за ісе недав. Нопак куїм уже дав та встаєся казати що Перша частина була піже жаль що ісе майжинь буде іти як форсаж. Но небай, як казав мій Діт ""В Умілих руках і ♥♥♥ Балалайка""",positive,steam_live,3008130,True,1778355654,1680,ukrainian,1,0.523809552192687988,True,False,False
Dying Light: The Beast,"Не рекомендую, деградація порівнянно з другою частиною.
Гра менше раз в 5 раз порівнянно з 2 частиною. 
Сюжет це по факту 5 квестів від сили і між ними бос файти, притому боси це просто апнуті версії звичайних мобів.

Можна взяти лише якщо є друзі з якими буде весело бігати, але 1600 не коштує. (Беріть по знижці)",negative,steam_live,3008130,False,1778354907,2111,ukrainian,1,0.52173912525177002,True,False,False
Dying Light: The Beast,"Absolute ♥♥♥♥♥♥♥ of a game that should have been a DLC instead, complete waste of money.",negative,steam_live,3008130,False,1778354200,1802,english,0,0.5,True,False,False
Dying Light: The Beast,"Świetna gra, lepsza niż część 2. Niewarta zakupu poza promocją, ponieważ jest krótka i ma okropne zakończenie, które dało mi Post-movie depression syndrome. Ale i tak warta przegrania, bo doskonale kontynuuje Dying Light 1 oraz the following. Mam wrażenie, że też psuje DL2 swoim zakończeniem",positive,steam_live,3008130,True,1778351981,1781,polish,0,0.5,True,False,False
Dying Light: The Beast,"""the crane dropkicks anything that speaks.""",positive,steam_live,3008130,True,1778349128,2127,english,0,0.5,True,False,False
Dying Light: The Beast,Dying Light: The Beast isn't a bad game by any means but the extremely generic and uninteresting story with dull/flat characters drags it down so much. I find this has been the case for the entirety of the DL franchise unfortunately.,negative,steam_live,3008130,False,1778342440,692,english,2,0.47999998927116394,True,False,False
Dying Light: The Beast,Yeah boy brought the game back to its roots. Felt alot like Dead Island 2.,positive,steam_live,3008130,True,1778339903,910,english,0,0.5,True,False,False
Dying Light: The Beast,Way better improvement to the 2nd instalment of the series. Hope next one stays on track and is fun as this is,positive,steam_live,3008130,True,1778338715,2008,english,0,0.5,True,False,False
Dying Light: The Beast,клевая игра,positive,steam_live,3008130,True,1778338594,300,russian,0,0.5,True,False,False
Dying Light: The Beast,.,positive,steam_live,3008130,True,1778336552,3473,russian,0,0.5,True,False,False
Dying Light: The Beast,消光以死,positive,steam_live,3008130,True,1778335908,933,schinese,4,0.583333313465118408,True,False,False
Dying Light: The Beast,10/10 THE BEST cardio simulator.,positive,steam_live,3008130,True,1778328090,1067,english,0,0.5,True,False,False
Dying Light: The Beast,rrrrr,positive,steam_live,3008130,True,1778325464,815,koreana,0,0.5,True,False,False
Dying Light: The Beast,一般,positive,steam_live,3008130,True,1778321274,920,schinese,0,0.5,True,False,False
Dying Light: The Beast,good,positive,steam_live,3008130,True,1778316772,857,english,0,0.491298407316207886,True,False,False
Dying Light: The Beast,Great Game,positive,steam_live,3008130,True,1778316572,3466,english,0,0.491298407316207886,True,False,False
Dying Light: The Beast,"I don't know man. I just love this game. Everything is smooth. The combat is hard and requires practices to play properly. After getting used to the system, you will play like a ninja and never want to get off the roof.  The story is   average. Like in the previous ones, everyone asks you to do things and you get credits for it. Then you fight the boss. Haven't killed the baron yet so I don't know what's after that. 

Performance is great. Haven't encountered problems in my 20 hours play. My setup is 5070 ti + 5800x,. The game runs ultra settings under 2k without a problem.  

The devs keeps making new content every now and then. There have been 2 more modes since the release. I can't wait to play after finishing the main story.",positive,steam_live,3008130,True,1778314852,2116,english,0,0.5,True,False,False
Dying Light: The Beast,"a very fun game where kyle crane is back. when this game came out it didnt have any fast travel but they recently added it, honestly i feel like this game dosnt need fast travel, since there are plenty cars around you can just use and drive around. the admosphere and sound design of this game are incredibly good, i 100% recomend you to get the game, expecially when its on sale. ive had incredibly fun with this game",positive,steam_live,3008130,True,1778307607,1152,english,0,0.5,True,False,False
Dying Light: The Beast,peak gaming,positive,steam_live,3008130,True,1778301910,544,english,0,0.5,True,False,False
Dying Light: The Beast,w game,positive,steam_live,3008130,True,1778300443,2842,english,0,0.5,True,False,False
Dying Light: The Beast,guuuuuuuuuuuuuuuuuuuuuuudddddddddddddddddddddddddddddddddddddddd     iiiiiiiiiiiiiiiiiiiiiiiiiiiiii               llllllllllllllllllllllllllllllll oooooooooooooooooooooooooooooooooooooooooooooooooovvvvvvvvvvvvvvvvvvvvvvvvvvvvvvvvvvvvvveeeeeeeeeeeeeeeeeeeeeeeeeeeeeeeeeeeeeeeee iiiiiiiiiiiiiiiiiiiiiiiiiiiiiiiiiiiittttttttttttttt,positive,steam_live,3008130,True,1778299858,6372,english,0,0.5,True,False,False
Dying Light: The Beast,Good Game,positive,steam_live,3008130,True,1778298305,1623,english,0,0.5,True,False,False
Dying Light: The Beast,1,positive,steam_live,3008130,True,1778291883,1734,schinese,0,0.5,True,False,False
Dying Light: The Beast,зомбееее,positive,steam_live,3008130,True,1778286079,1928,russian,0,0.5,True,False,False
Dying Light: The Beast,This dying light has some of the best gameplay in the series but the story lacks a little 8/10,positive,steam_live,3008130,True,1778286049,2079,english,3,0.523809552192687988,True,False,False
Dying Light: The Beast,Voice acting is lack luster but in terms of game mechanics and free roam even stealth still the best zombie game franchise out there,positive,steam_live,3008130,True,1778283288,2322,english,0,0.5,True,False,False
Dying Light: The Beast,Koşma Similasyonu 1,positive,steam_live,3008130,True,1778278084,1247,turkish,0,0.5,True,False,False
Dying Light: The Beast,la pasion,positive,steam_live,3008130,True,1778276760,765,spanish,0,0.5,True,False,False
Dying Light: The Beast,niespełna 30h fabuły to nieśmieszny żart gdzie połowa to skakanie po górach,negative,steam_live,3008130,False,1778275760,1733,polish,1,0.47826087474822998,True,False,False
Dying Light: The Beast,"Absolute ♥♥♥♥♥♥♥. Do NOT spend 60$ on this game. Do not spend 40$ on this game. 30$ is the ABSOLUTE MAXIMUM because of how broken and unfun it is.

They made the DL2 zombie grabbing twice as bad; That's right, every single zombie will grab and stun you.
The settings are broken, and the game is incapable of running in windowed or borderless window. Your mouse is locked to the screen and alt-tabbing doesn't let you click out unless you spam left and right click. But don't fret!: Your scroll wheel still scrolls pages outside of the game window, even if you are still tabbed into the game. The devs really said ""♥♥♥♥ everyone who uses more than one monitor"" and it shows.

The combat is absolutely terrible:
drop-kicking launches you 7 feet into the air (clipping through structures!).
Once your stamina is gone, good luck!; Because you can't run, or dodge, or even backpedal faster than the WEAK DECAYING ZOMBIES can grab and stunlock you. 
Stamina depletion = (if not attacking) an entire 10 seconds where every zombie in your vicinity gets free hits on you as fast as they can attack.
You can climb an entire monastery tower from the ground floor on the outside, but you can't swing a machete more than 8 or 9 times without exhausting yourself so thoroughly that you're unable to walk (You shamble slower than the ♥♥♥♥♥♥♥ zombies!)

It's been months since release and they care more about more and more content than making an enjoyable, or even PLAYABLE ♥♥♥♥♥♥♥ game.",negative,steam_live,3008130,False,1778274310,199,english,0,0.434782594442367554,True,False,False
Dying Light: The Beast,"Recomendo o jogo para quem é fã da franquia, pois a mecânica do jogo é igual nas 3 versões. Atualmente estou jogando no modo ""Restored Land"" por ser mais desafiador e não precisar de pressa para zerar o jogo. Gosto da estória do jogo, da movimentação do personagem, dos segredos a serem descobertos e dos caminhos secretos e principalmente da dublagem ""PTbr"" que está caprichada. O que eu não gosto, parece que tem poucos eventos programados para a franquia DL TB, conforme relatos na internet. Recomendo também para quem tem PC fraquinho igual ao meu. O jogo está rodando no PC i3 com placa gráfica GTX 1650, 16Gram a 28 fps. Só quando tem evento de chuva que a placa não dá conta de exibir o gráfico.",positive,steam_live,3008130,True,1778274208,8161,brazilian,3,0.545454561710357666,True,False,False
Dying Light: The Beast,mt bom,positive,steam_live,3008130,True,1778273080,1330,brazilian,1,0.523809552192687988,True,False,False
Dying Light: The Beast,This game is fantastic i really like how the side quest have as much story as the main ones and overall the world build the parkour the fighting everything is great and i love how the devs keep dropping big updates that adds good content to the game 👍,positive,steam_live,3008130,True,1778268983,3417,english,0,0.5,True,False,False
Dying Light: The Beast,ta bueno,positive,steam_live,3008130,True,1778266256,3032,spanish,0,0.5,True,False,False
Dying Light: The Beast,geil,positive,steam_live,3008130,True,1778264789,1157,english,0,0.5,True,False,False
Dying Light: The Beast,A nice deep story along with parkour & zombies a unique story like game for sure ^_^,positive,steam_live,3008130,True,1778262423,1406,english,1,0.519230782985687256,True,False,False
Dying Light: The Beast,Yeah,positive,steam_live,3008130,True,1778259921,3230,english,0,0.5,True,False,False
Dying Light: The Beast,Good game but gotta say getting tired of games coming out early release and then immediately coming out with dlc which costs another game especially for the people that got the upgraded editions. Had high hopes but think my play times done at 24 hours,negative,steam_live,3008130,False,1778257083,1435,english,1,0.525862038135528564,True,False,False
Dying Light: The Beast,за музыку и боссов прощаю все..,positive,steam_live,3008130,True,1778247271,2771,english,0,0.5,True,False,False
Dying Light: The Beast,好,positive,steam_live,3008130,True,1778241371,1001,schinese,0,0.5,True,False,False
Dying Light: The Beast,dombies....,positive,steam_live,3008130,True,1778230596,1354,english,0,0.5,True,False,False
Dying Light: The Beast,"Heel goed zombie spel,ik denk zeff  de beste !",positive,steam_live,3008130,True,1778223488,62471,dutch,0,0.5,True,False,False
Dying Light: The Beast,playing this made me cry. in a good way,positive,steam_live,3008130,True,1778220678,1598,english,0,0.5,True,False,False
Dying Light: The Beast,good game a little underrated but story is a little disappointing,positive,steam_live,3008130,True,1778202418,1023,english,0,0.5,True,False,False
Dying Light: The Beast,I was expecting more from this DLC,positive,steam_live,3008130,True,1778190269,15015,english,1,0.522058844566345215,True,False,False
Dying Light: The Beast,Only thing you need to know about this game is in one word ''Amazing'',positive,steam_live,3008130,True,1778182757,1905,english,0,0.5,True,False,False
Dying Light: The Beast,restored land? more like cutland wheres anything nothing spawns got excited only to find 0 humans after clearing every area even dowloaded a save to look around theres nothing also had a 4 hr and 30 minute save corrupt with no way to save it so completley trash update,negative,steam_live,3008130,False,1778180588,1168,english,0,0.5,True,False,False
Dying Light: The Beast,dowalona  gra teraz czekam na dying light 3,positive,steam_live,3008130,True,1778179999,854,polish,0,0.5,True,False,False
Dying Light: The Beast,"Fast wie Dying Light 1, besser als der 2 Teil. Top",positive,steam_live,3008130,True,1778178411,1658,german,1,0.5,True,False,False
Dying Light: The Beast,Polecam!,positive,steam_live,3008130,True,1778177969,2367,polish,0,0.5,True,False,False
Dying Light: The Beast,哦哦哦~,positive,steam_live,3008130,True,1778176107,505,schinese,0,0.5,True,False,False
Dying Light: The Beast,"A ver yo vengo desde el principio de este juego, lo e jugado el Dying Light 1 Me lo habré pasado mas de mil veces y aún quiero mucho el juego, Hasta incluso lo tengo en juego físico para Nintendo Switch colección, de coleccionistas al igual para PS4 y que decir es una maravilla la verdad, y ahora que salio este se han sacado la ♥♥♥♥♥♥♥ POLLA que te cagas!!!! No como el 2 que es mala basura de juego mecago en la pta nse como pudieron hacer esa cagada de juego siendo la saga de Dying Light. EN FIN ES UNA MARAVILLA ESTE JUEGO COMPRALO SIN PENSARLO 2 VECES. GOOD NIGHT GOOD LUCK!!! COMPRALO RATA!!!",positive,steam_live,3008130,True,1778156983,5702,spanish,2,0.542857170104980469,True,False,False
Dying Light: The Beast,One of my favorite games now,positive,steam_live,3008130,True,1778152483,61275,english,0,0.5,True,False,False
Dying Light: The Beast,"Как за бесплатно норм, покупать за фулл прайс НЕТ, по скидке можно подумать если скидка 90%",positive,steam_live,3008130,True,1778148828,435,russian,0,0.460526347160339355,True,True,False
Dying Light: The Beast,две легенды из первых двух игр (и рандомная бабка телепат) захуярили долбаеба,positive,steam_live,3008130,True,1778145052,4202,russian,0,0.5,True,False,False
Dying Light: The Beast,"It’s not a bad game, trust me but it makes my computer suffer, anyway good game if I could run it q=",positive,steam_live,3008130,True,1778142820,126,english,0,0.476190477609634399,True,False,False
Dying Light: The Beast,Gooooooooooood,positive,steam_live,3008130,True,1778141140,5467,koreana,0,0.5,True,False,False
Dying Light: The Beast,BAGNET,positive,steam_live,3008130,True,1778132941,2262,polish,0,0.5,True,False,False
Dying Light: The Beast,"i wished steam had a mid option because the game is good but it is just not that great.

Pros 
-story is ok 
-weapons still nice
-enemys are still tough
upgrades are good

Cons 
-map sucks no parkour really
-like i said story is ok not that great
-humans are kind of annoying to fight
-lock picking is kind of overused in this game
-final boss is a joke

Over all this game is ok but i think i had more fun in dying light 2 then i did this game, guns make humans a joke but the zombies man they are tough which is good i dont mind that but tbh this is a game that im glad i didnt buy on release day as it just isnt that great but after that ending have to see where they are going to take this game next really.",positive,steam_live,3008130,True,1778131586,1383,english,0,0.5,True,False,False
Dying Light: The Beast,"I LOVE THE GAME, the parkour is fun and i LOVE the horror aspect and the nighttime. as someone who doesnt take horror easily this brought up my tolerance and this has been the one zombie game ive actually enjoyed. i cant wait to beat it and play dying light stay human and dying light 2.",positive,steam_live,3008130,True,1778129264,2262,english,0,0.5,True,False,False
Dying Light: The Beast,Pretty poggers,positive,steam_live,3008130,True,1778121011,3324,english,0,0.5,True,False,False
Dying Light: The Beast,畫面很棒但可惜了編劇是一坨,negative,steam_live,3008130,False,1778119005,2264,tchinese,1,0.5,True,False,False
Dying Light: The Beast,Great game,positive,steam_live,3008130,True,1778118349,1626,english,0,0.5,True,False,False
Dying Light: The Beast,"its not dying light 3, but rather dying light the following 2

Despite that, I think this was way more then i was expecting. I can see why they wanted to make this into a whole game rather than a 2nd dlc for dying light 2

If you are a fan of dying light, you will love dying light the beast",positive,steam_live,3008130,True,1778110146,980,english,0,0.499054402112960815,True,False,False
Dying Light: The Beast,Dieses Spiel ist ideal zum Stressabbau und eignet sich hervorragend um sich auf 2035 vorzubereiten.,positive,steam_live,3008130,True,1778103621,3019,german,0,0.5,True,False,False
Dying Light: The Beast,yes,positive,steam_live,3008130,True,1778102351,5392,english,0,0.499054402112960815,True,False,False
Dying Light: The Beast,"Can't adjust ads sensitivity, what the actual ♥♥♥♥ are you thinking Techland ???",negative,steam_live,3008130,False,1778101891,131,english,2,0.500945568084716797,True,False,False
Dying Light: The Beast,mega fajna gierka,positive,steam_live,3008130,True,1778100684,3543,polish,0,0.5,True,False,False
Dying Light: The Beast,"Dying Light is back again, scarier and more immersive than the 1st one. If you were disappointed from the 2nd one, make no mistake, this is the 1st one but 10x better.
I get 4k 70fps Medium setting with Frame Generation and its perfect",positive,steam_live,3008130,True,1778098269,1934,english,0,0.499054402112960815,True,False,False
Dying Light: The Beast,"There were so many bugs at launch that practically by the end (I hadn't finished it yet, and I was documenting everything by streaming), there were many serious bugs in Co-op. One was a time synchronization issue, another was a car I was sitting in disappearing, another was excessive car spawning. It was very strange when it was still daytime and the Shifters were running around during the day (despite the update, I recently beat the game and a Shifter was chasing us during the day). A sequel will never be better than the original. If you don't want to be disappointed with this purchase, I recommend focusing on the first part (Techland sucked).",negative,steam_live,3008130,False,1778097344,1744,english,2,0.51812291145324707,True,False,False
Dying Light: The Beast,"Un jeu d'une grande qualité, largement a la hauteur du premier.

L'histoire elle, bien mieux que le premier sans aucun doute.
le gameplay tout aussi amusant que le premier.

Malgré une configuration légérement en dessous des recommendations minimales, le jeu reste fluide en toute sirconstance (vu les situations chaotique par moment, il vaut mieux) et quelques options sont meme encore desactivable, aucun crash n'est a signaler, cependant quelques petits bug qui ne m'ont pas gene plus que ca et qui m'ont meme fait rire a certain moment. 

note 9.5/10 

il manque 0.5 uniquement car j'ai trouvé les nuits un peu moins effrayantes et moins mise en scene comme etant l'enfer absolu, a l'inverse du premier jeu ou mettre les pieds dehors la nuit signifiais une mort quasi certaine.",positive,steam_live,3008130,True,1778096420,3238,french,0,0.5,True,False,False
Dying Light: The Beast,"This game feels like Techland finally remembered what made [i]Dying Light[/i] so good in the first place. After [i]Dying Light 2[/i], I wasn’t sure if the series would ever really hit the same for me again, but [i]The Beast[/i] feels wayyyy closer to that original feeling I missed. The parkour feels fun again, the nights are actually intense, the combat is very brutal, the sunset is that iconic blinding gold color, and bringing Kyle Crane back in a creative way makes it feel like the franchise got some of its identity back.

It’s not 100% perfect, but with my time so far and the recent updates this is easily the most I’ve enjoyed [i]Dying Light[/i] in years. Feels like a real step back in the right direction and I can't wait to see what they do next.",positive,steam_live,3008130,True,1778095820,2402,english,0,0.499054402112960815,True,False,False
Dying Light: The Beast,fun,positive,steam_live,3008130,True,1778095428,1359,french,0,0.5,True,False,False
Dying Light: The Beast,Eminem fights against Doctor Faucci and his minions.,positive,steam_live,3008130,True,1778092941,1637,english,1,0.522866010665893555,True,False,False
Dying Light: The Beast,VERY GOOD GAME I RECOMMEND IT FOR THE PEOPLE WHO TIRED OF THE STANDART ZOMBIE GAMES AND KYLE CRANE IS THE GOAT!!!!!!!!!!!,positive,steam_live,3008130,True,1778091543,8221,english,0,0.499054402112960815,True,False,False
Dying Light: The Beast,"Good story, good combat gameplay, just the story is a bit short",positive,steam_live,3008130,True,1778087386,2939,english,0,0.499054402112960815,True,False,False
Dying Light: The Beast,"худшая часть соу фар. Первые две мне куда больше эмпонируют. 
слишком много неоригинальных идей. Секретная лаборатория где разрабатывают биологическое оружие, которое сбегает и творит хаос, и при этом главарь лаборатории тесно подвязан к фармацевтической компании, которое должно было помогать в борьбе с биологическим оружием? Я это определенно где-то видел.

ровно как и наличие фансервиса. Я понимаю, что идея вернуть Крейна существенно забустило продажи, но это мало чем спасает ситуацию. Героя развивать некуда.
И как же меня умиляет то, что Horizon и  вариации используется на протяжении всей игры. Как будто они искупают вину за то, что вообще забили на эту музыку во второй части, заюзав ее только в предыстории перед сюжетом.",negative,steam_live,3008130,False,1778087172,505,russian,0,0.453333348035812378,True,False,False
Dying Light: The Beast,"it's so peak ;-;
definetly lived up to the hype.",positive,steam_live,3008130,True,1778078067,2939,english,0,0.499054402112960815,True,False,False
Dying Light: The Beast,"If you can forgive the (clumsily handled) plot ""twist"" of Kyle suddenly popping back into the picture, there's a lot of fun to be had in this slightly-bigger-than-a-DLC standalone game. It's not doing anything drastically original, but it doesn't need to. Parkouring zombie beat-em-up is all you need to know.",positive,steam_live,3008130,True,1778073004,5390,english,0,0.5,True,False,False
Dying Light: The Beast,Достойное продолжение серии. Понравилась больше чем Дайнг Лайт 2.,positive,steam_live,3008130,True,1778072678,3378,russian,1,0.5,True,False,False
Dying Light: The Beast,Im kylin mcraning on this one,positive,steam_live,3008130,True,1778065250,8861,english,0,0.5,True,False,False
Dying Light: The Beast,"peak n stunning
actually good gameplay",positive,steam_live,3008130,True,1778051253,1239,english,0,0.5,True,False,False
Dying Light: The Beast,"truly the ""beast"" game",positive,steam_live,3008130,True,1778050215,2416,english,0,0.5,True,False,False
Dying Light: The Beast,"WEAK COMPARED TO THE OTHER TWO. MAP MAKES IT HARD TO PARKOUR LIKE THEY WANT YOU TO DRIVE IN A MAP THATS TRASH FOR DRIVING IN. WORST PART IS PROBABLY FIGHTING, WEAPONS LAST MAYBE 10 ZOMBIES  AND THEN YOURE REPAIRING IT. I WONT BE FINISHING THIS ONE, DISAPPOINTED.",negative,steam_live,3008130,False,1778040490,432,english,3,0.489630788564682007,True,False,False
Dying Light: The Beast,"A fantastic game. The graphics are reminiscent of Farcry 5. The idea of ​​the hero transforming into the Beast is borrowed from Farcry New Dawn. The game's concepts, story, and dialogue are excellent. I thoroughly enjoyed the game. I hope all game companies pay attention to players and their opinions like the company that designed Dying Light and Beast did. My rating for the game is 9/10. Thank you, Techland.",positive,steam_live,3008130,True,1778038685,5005,english,0,0.495049476623535156,True,False,False
Dying Light: The Beast,"https://youtu.be/MgAnjV7BhBo?si=2elSE_vZIyI6F6ec

Graphics- 9.5/10- awesome graphics. Great monster designs. The best gore effects of all time in my opinion. I will take .5 points for seeing the same zombies over and over again. 

Gameplay- 8.5 Man the combat is top notch, the gun play was really good too! that surprised me because typically dying light games are 90 % melee focused. I liked how you could use guns a lot more, with a price- noise. also there were plenty of explosives and fun stuff to play with.

Story- 6 weak point of the game for sure. Kyle is a decent character- so much anggeerrrrrr. I could care less about the Baron or the cave people, town hall people ect. Olivia was decent- Kyle defiantly had a crush haha. I'm fine with the story being lack luster, but could you imagine a dying light game with a top notch story????? The Baron was a nastyyyyy dude. Very good villain.


Settings- 8 There is a lot of diversity in this map. Very pretty graphics help it alot. I really enjoyed running around in the world.



Replay/ value- I got on sale for $40, I think that is a great price. 20 plus hours played here- thats $2 an hour- honestly this is a good game for $60 in my opinion.
With the new game mode- Restored Land! I'd like to play through the game with this mode turned on.
Food and water
no respawns for supplies
can actually clear zombies



Spoilers- Aiden coming back was pretty cool- I had no idea he was the beast until they directly pointed it out and he spoke. GRE coming in at the end was a cool kickback- DLC?

 pros: Gameplay, graphics, Kyle Crane is a beast- pun intended. Also, I liked Olivia. The monster designs and Chimeras were incredible. The parkour system was great!
This game is kinda like a far cry game with zombies. Weapon variations! GORE!



Negatives: The story was just ok, but that didn't detour me from having a really good time. Also, the game starts out really slow, but once things get going- man its a fun time. Only other complaint is with my ocd of clearing the zombies and they just spawn in everywhere sometimes i'd spend soooo much time clearing an area just to have another hoard around the corner.


my score- 8/10 I think it would be more like a 9 playing the restored lands mode- maybe I'll revisit?",positive,steam_live,3008130,True,1778036851,1426,english,0,0.5,True,False,False
Dying Light: The Beast,good game but im not restarting for restored lands poopoo decision,positive,steam_live,3008130,True,1778034177,4135,english,0,0.5,True,False,False
Dying Light: The Beast,so good,positive,steam_live,3008130,True,1778026718,2076,english,0,0.5,True,False,False
Dying Light: The Beast,Arcydzieło Techland oby tak dalej,positive,steam_live,3008130,True,1778023905,2419,polish,0,0.5,True,False,False
Dying Light: The Beast,"Everything that made the series great, distilled into one experience. The Restored Land update only made it better.",positive,steam_live,3008130,True,1778013925,1767,english,0,0.5,True,False,False
Dying Light: The Beast,"Wokeism and girlbossing.
 
Had fun with my friend but the writing, the villains, heroines were so ♥♥♥♥♥♥♥ woke and cringe. We be here forgiving everyone.

Also village in the ♥♥♥♥♥♥♥ european mountains have more ♥♥♥-nogs/tacos than white people lmao.",negative,steam_live,3008130,False,1778010319,2308,english,1,0.440280169248580933,True,False,False
Dying Light: The Beast,Really enjoyable so far.,positive,steam_live,3008130,True,1778005656,507,english,0,0.5,True,False,False
Dying Light: The Beast,Si vienes buscando algo divertido e informal con zombis como Dead Island 2 VA A SER QUE NO. Este juego te da un puto palo del suelo y te pone a darte de guantazos con un bicho de 3 metros para sacarle el juju e inyectártelo en una vena del nepe. De ahí todo a peor. 10/10,positive,steam_live,3008130,True,1777990686,2347,spanish,2,0.52173912525177002,True,False,False
Dying Light: The Beast,If u really wanna play go play DL1 or DL2 again.,positive,steam_live,3008130,True,1777982398,1130,english,0,0.481132060289382935,True,False,False
Dying Light: The Beast,,negative,steam_live,3008130,False,1777982310,66,schinese,0,0.5,True,False,False
Dying Light: The Beast,brak niemieckiego agenta Tuska,positive,steam_live,3008130,True,1777980218,4316,polish,0,0.5,True,False,False
Dying Light: The Beast,差远了,negative,steam_live,3008130,False,1777967749,323,schinese,0,0.5,True,False,False
Dying Light: The Beast,"Restored Land mode is the most fun I have had in AGES. This is the kind of game mode I have waited years for... You can actually see your efforts as you clear the land. 

The only downside of Restored Land mode is that for some odd reason, Legend Levels are not part of this mode. I also think that It would not be that hard to make this mode coop. Me and my mate wanted to play this mode but couldnt.

I can also say that coop is still quite buggy... Certain things wont trigger when you need them to. Often, I had to go in to a location and do the puzzle single player to get the puzzle to work and then invite my mate in when the puzzle was done. OH and the runner zombies in coop mode are completely overkill... You get mobbed by like 7-10 of them at once if you make a loud sound. And your surrounded so quick you end up with zero stamina to run away or defend yourself.

But overall... I think I will probably being playing throught Restored Land mode for a LONG damn time...

As for story I persoanally think they knocked it out of the park. Satifying characters, great villian (despite the dumn name) and a certain event near to the last mission had me pumped.

If only they would patch the first 2 games with Restored Land modes I would be playing these games for a couple of years!",positive,steam_live,3008130,True,1777966308,9121,english,0,0.5,True,False,False
Dying Light: The Beast,"Excellent game showcasing an incredible physics engine. My first Dying Light game and the one most recommended to me to play, from Stalker fans.  I played Restored Lands on Brutal and cherished the hardcore challenge.

The best melee system in any FPS I've played. Great gunplay and wonderful parkour (except the grapple hook, how do I even use this properly??). 

A ridiculously good driving/racing system. And an excellent loot system to top it off (finally we can pop the boot of a car, look for fuel in cars and see what's in the cupboard under the sink!).

You will find hiccups, but relatively few for a game this expansive and detailed. The setting is brilliant, the locations wonderfully realised, subtly guiding the player to landmarks whilst allowing heaps of room for scouting out very well-hidden and designed secrets.

Main issue I have with the game is the button mapping overload, which extends to keyboard mouse play. Having F to trigger traps can cause issues when near a trap, and trying to loot or perform a finisher, which are both also mapped to F. 

Same with the camouflage button, which in my case was also mapped to the tool button, leading to accidentally molotiving and pipebombing myself.

Trying to dodge and getting a jump input as well makes the spacebar overloaded and can result in some unwanted and potentially lethal misinputs as hops when you're trying to dodge. 

I think for non-essential inputs like triggering traps or camo, this could be bound to a different button, or else use kind of shift-button system similar to a game series like Nioh, where one button is used as a modifier for other buttons. 

In future games in this engine it'd be great to have dodge and jump on completely separate buttons. This might also be good for grapple and jump, which can also result in misinputs.

I think group finishers would be a good idea. Stamina management can be a nightmare but managing to stagger multiple enemies and put them at distance with a timely finisher would be nice. If not just getting some space back, then the ability to finish 3 or more zombies at once. 

The game seems to have a hidden combo system that triggers with certain weapons and attack sequences mixed with kicks etc (may just be damage output based). This could be more concrete, with a training dummy to practice combos on. I.e. light light kick, finisher - light charge light, finisher etc.

This all said the system as it stands is brilliant and combat basically never got tiresome, even if it was a little frustrating at times due to the dodge/jump situ and stamina management. 

Additional to this the only other issue I had was just managing equipment via the menu. The pie menu is counterintuitive at times - it'd be great if there were just more slots. And dedicated slots for various types of tools so the pie menu actually serves muscle memory. It'd be great to also be able to consume things like food from the menu without having to swap out stuff from the pie menu. Using inhalers is a great concept for a buff system but it's cumbersome and slow just swapping them out with meds/food with only 4 slots.

That's all. Incredible game. I hope it finds the success it deserves with time.",positive,steam_live,3008130,True,1777963153,7474,english,0,0.5,True,False,False
Dying Light: The Beast,"Unpolished RPG and Parkour elements, known issue from main game (Dying Light 2); 
If you aren't aware, this was a DLC originally and a lot of the mechanics from the main game carry over, for worse.

Next game, 
hopefully with power to the original developers, needs to remove map zoning (as to require a certain level weapon to defeat a red skull enemy, Ubisoft style) and allow for more natural exploration.

As for this game, 
the boss fights feel very similar with okay ideas but there is a necessity at higher levels to use more and more consumables to remove ever-increasing waves of fodder enemies, its a zombie game, theres going to be tons of basic zombies to bludgeon with a sharp weapon 4-5 times, but it may just be overdone for some fights that would benefit from the focus on a single enemy, souls-like style. That last bit might be personal preference, some people enjoy the grindy (this is a Ubisoft leveling RPG) challenge.

TLDR;
Not worth buying at the price of a full game, has the polish and (from my experience so far, the) content of a DLC.
Get this on sale for 10 at most.",negative,steam_live,3008130,False,1777959143,285,english,0,0.5,True,False,False
Dying Light: The Beast,"Dying Light: The Beast is a return to form for the franchise and provides a much tighter, focused experience that's just a lot of fun to play. The parkour was great, the environment was beautiful, and the gameplay is a blast. There's a few new things that I wasn't a huge fan of, like level gated areas or some aspects of the story, but they didn't impact my overall enjoyment. I'd definitely recommend playing The Beast if you're a fan of the franchise (and it's more fun in co-op)",positive,steam_live,3008130,True,1777954417,727,english,0,0.5,True,False,False
Dying Light: The Beast,"Teniendo en cuenta que me gustaron tanto el primer como el segundo juego de la saga, The Beast también me gustó en el sentido de que no cambiaron lo que no tenían que cambiar. 
Los gráficos me gustaron bastante y la iluminación tanto del amanecer como el amanecer están bonitos. Los infectados también tienen bastantes detalles a mi parecer aunque con el tiempo si es verdad que te puedes topar con el mismo infectado otra vez (en el sentido de que te puede volver a salir aquel infectado que eliminaste hace 5 minutos) pero eso no es algo de lo que muchos títulos se liberen.
También están estos que tienen habilidades ya saben: los que corren mas rápido, los que atacan a distancia, los que explotan xd y asi. (eso esta chido)
En el tema de mundo abierto también le doy un puntito, si andas corto de recursos te puedes guiar por el mapa para checar que lugares es mas probable que encuentres lo que necesites :)
Hay muchas cosas mas que tiene este juego como lo de manejar un vehículo, el árbol de habilidades, salir de noche uUuUuUuU, las armas de fuego y etcétera.",positive,steam_live,3008130,True,1777950390,1632,spanish,1,0.523809552192687988,True,False,False
Dying Light: The Beast,"Short version of review:
This game is very disapointing, almost everything on it is a downgrade from the other two games. U can really feel that this game was originally planned to be a DLC and its very expensive for how little content it has. The only good things about it is that the performance and Coop are better then the secound one.

Long version:

The Parkour:
- Feels much slower overall.
- Very clunky with Craine sometimes no grabbing ledges or sometimes getting stuck floating for abit before landing on certain areas.
- Some Parkour moves were heavily nerfed making them basically useless. Exp: Jumping of a Zombie, both vertical and horizontal moves from valting.
- [spoiler] No glider [/spoiler]

The Map:
- [spoiler] Is much smaller then the other to games, and only having one map while both the first and the secound game had 2 not counting dlcs. [/spoiler]
- there is only one some what big town and other very small villages.
- buildings just copied from the secound and first game.
- Very empty with mostly forests and grass plains.
- No combat or parkour challanges

The Cars:
- a worst version of the ones in DL1's dlc.
- cant get upgraded at all outside of one or two perks on skill tree
- very slow overall, with no nitro/boost.
- cant even fit on the main town because the streets are to small.

Combat:
- much slower and less satisfying then the other games.
- Zombies are overall tankier, even the slow little ones, making it so stamina becomes way more of a problem overall
- Most of the bigger zombies play and look the same.
- Headstomping is very buggy, randomly deciding when it allows u to stomp on a downed zombie
- Completly removed the ability to stomp on zombies that are climbing up to u
- The guns feel okay but the damage they do is much worst then in the other two games

The Positives:
Overall much better performance compared to the secound game
Multiplayer Coop feels alot less buggy
Graphics are great(kinda a standered now a days tho)",negative,steam_live,3008130,False,1777947020,887,english,1,0.454545468091964722,True,False,False
Dying Light: The Beast,ma achter une uv light o pc,positive,steam_live,3008130,True,1777946661,2450,english,0,0.5,True,False,False
Dying Light: The Beast,"Dying Light: The Beast ist der dritte Teil der Serie und lang ersehnter direkter Nachfolger von Dying Light. Es ist die dringend benötigte Kurskorrektur nach dem eher durchwachsenen Dying Light 2, welches trotz zahlloser Updates in fast sämtlichen Belangen ein deutlicher Rückschritt zum ersten Teil war. Das Engagement der Entwickler war löblich, konnte aber grundlegende Probleme kaum beheben. DLTB zeigte schon bei seinen Trailern, dass man hier back to the roots gehen wollte. Nicht nur ist Kyle Crane zurück, auch Schusswaffen und Fahrzeuge stehen dem Spieler wieder zur Verfügung. Parkour- und Kampfsystem fühlen sich wieder richtig gut an, spielen sich snappy, präzise und dennoch wuchtig. In vielen Belangen klaut DLTB die besten Aspekte seiner Vorgänger, macht daraus jedoch mehr als die Summe seiner Teile. Das merkt man schon an der Spielwelt, die immersiv und glaubwürdig wirkt, anders als das künstlich anmutende Villedor aus DL2. Die Karte ist nicht gewaltig groß und vermeidet glücklicherweise Ladebildschirme zur Aufteilung in verschiedene Distrikte. Das kleine, urige Land Castor Woods bietet dabei angemessen abwechslungsreiche Areale, wirkt aber keinesfalls wie ein aufgesetzter Theme Park, der nur Settings abhaken will. Egal ob Altstadt, Wald, Gebirge oder Ackerland, alles ist wunderschön und authentisch in Szene gesetzt und ein gelungenes Beispiel für eine mittelgroße, aber hochdetaillierte Open World. Bezaubernde Vistas und Landschaften wecken dabei schon oft aus großer Entfernung das Interesse des Spielers, was die Erkundung der Spielwelt ungezwungen und organisch macht. Das Gesamtbild wird durch die stimmungsvolle Beleuchtung und eindrucksvollen Wettereffekte zusätzlich abgerundet. Lange hat mich kein Spiel mehr so stark mit seinen Regenschauern und Gewittern beeindruckt. Zu Fuß kommt man dabei in Castor Woods ebenso gut wie mit PKWs voran, welche aber anders als in Dying Light: The Following randomisierte, respawnende Verbrauchsobjekte sind. Sämtliche Mechaniken rund um den persönlichen Buggy von Crane fehlen leider, was ein unerwarteter Rückschritt im Spieldesign ist.
Egal wie aber erkundet wird, die phänomenale Musik macht es stets zum großen Vergnügen. Orchestrale wie elektronische Stücke sind fantastisch, erzeugen jederzeit stets die richtige Stimmung. Atmosphärische Tracks machen das Erkunden der Wildnis zu einem geradezu meditativen Erlebnis, anmutige und sentimentale Klänge beklagen die verlorene alte Welt, gruselige Stücke erzeugen Gänsehaut für die finstersten Momente. Und auch die fetzigen Beats bei Kämpfen sind zurückgekehrt. Das generelle Sounddesign kann sich problemlos mit der hervorragenden Musik messen und erzeugt mühelos eine immersive, dichte Stimmung. Schrittgeräusche, die Interaktion mit Gegenständen, hektische Gefechte, das Stöhnen der Zombies in den Straßen, raschelnde Blätter, peitschender Höhenwird, entfernte Klänge des Gebirges oder Schusswechsel in weiter Ferne, nichts wirkt deplatziert. Auch die Kämpfe wertet das Sounddesign enorm auf, lässt zersplitternde und brechende Knochen, reißendes Fleisch und blubbernde Eingeweide ebenso unappetitlich wie beeindruckend erklingen. Die Atmosphäre der Open World wird so sehr durch Musik, Sounddesign und Environmental Storytelling getragen, wie tausend Seiten Dialog es nicht könnten. Castor Woods wirkt trotz seiner natürlichen Idylle dabei oft sehr beklemmend. Ein Ort, über dem stets die bedrohliche Stimmung eines unmittelbaren Unheils liegt. Überwältigender Horror, der hinter jeder Ecke lauern könnte, ganz sicher jedoch nachts sein Antlitz zeigt. Der Einbruch der Nacht ist wieder absolut genial inszeniert. Abends flaut zunächst der Wind ab, dann piept der Alarm der Armbanduhr, eine beklemmende Stille mit ominösem Rumpeln in den Bergen tritt ein, bevor die markerschütternden Schreie der Schattenjäger ihr Erscheinen ankündigen. Dieser ganze Ablauf ist ein Beispiel von perfekt geplantem und exakt bemessenem Horror. Er funktioniert perfekt und steht im reizvollen Kontrast zu den beruhigen Klängen der Natur am Tag.
Die Nacht lockt bei großem Risiko wieder mit großen Belohnungen. Die nächtlich verdoppelten XP und seltene Ressourcen beschleunigen das Vorankommen bei dringend benötigten Upgrades. Auf den höchsten Schwierigkeitsgraden wird DLTB zwar lange kein Soulslike, machte mir aber schnell deutlich, dass man keinen Vorteil ausschlagen und im Zweifel lieber gut equipped und überlevelt sein will. In kleinerem Format bieten die zurückkehrenden Dark Zones die gleiche Erfahrung, ködern zudem mit einzigartigen und Belohnungen. Leider werden die Dark Zones schnell repetitiv und öde. Ein Dilemma, da man auf die wertvollen Ressourcen angewiesen ist, dafür jedoch Langeweile ertragen muss. 
Die primäre Gameplay-Formel wird dadurch aber kaum runtergezogen, welche durch das gelungene Kampfsystem glücklicherweise stark aufgewertet wird. Kämpfe sind hart, oft ressourcenintensiv, dabei aber stets fair und nachvollziehbar. Wenn man stirbt, geschieht dies meist blitzschnell. In den frühen Phasen der Story ist man noch schwach und sehr auf fleißiges Plündern, vorsichtiges Vorgehen und die geschickte Nutzung der Umgebung angewiesen, bevor sich ein angenehmer Power Creep einschleicht und man vom Gejagten zum Jäger wird. Selbst in Bosskämpfen bekommen wir dabei praktisch komplett freie Hand, dürfen Nahkampfwaffen in jeder Situation Seite an Seite mit Schusswaffen, Sprengstoffen und anderen exotischen Werkzeugen nutzen. Das Gunplay ist solide, aber das Hauptfeature bleibt natürlich das elaborierte Nahkampfsystem. Das rudimentäre aber überraschend funktionale Schleichsystem hat mich beeindruckt und wer gerne mit Bögen kämpft, wird hier voll auf seine Kosten kommen. Bei den Skills gibt es alte Bekannte und so manche spaßige Neuerung. Die große Attraktion ist natürlich der titelgebende Biest-Modus, welcher als temporärer Power-Boost funktioniert, eigene Skills mit sich bringt, dabei aber leider etwas hinter meinen Erwartungen zurückbleibt und schnell zur routinemäßigen Mechanik ohne echte Nachteile wird. Ich hätte mir eine tiefergehende Einbindung durch die Story gewünscht.
Denn die Story ist auch in diesem Teil der Reihe die objektiv größte Schwäche, zum Glück aber weit von einem Totalausfall entfernt. Die Geschichte bleibt angemessen spannend und man will immer erfahren, was als nächstes geschieht. Charaktere und Plot funktionieren, bleiben dabei nachvollziehbar und interessant, anders als im oft sehr linkisch geschriebenen DL2. Weniger ist manchmal mehr und so bekommen wir keine großen Fraktionsmechaniken und Entscheidungen geboten, sondern eine sehr bodenständige und persönliche Geschichte, die extrem von Kyle als bekanntem Protagonisten profitiert und bewusst einen kleineren Fokus setzt. Kyle funktioniert als Charakter auf einer fundamentalen, menschlichen Ebene und wächst dem Spieler richtig ans Herz. Seine Vergangenheit plagt ihn, aber auch die Gegenwart vermag ihn zu quälen. Ein paar Twists waren vorhersehbar, andere weniger. Manche Handlungsstränge verlaufen etwas ziellos und inkonsequent und einige Charaktere hätte ich mir pointierter gewünscht. Man bekommt das Gefühl, dass nicht alles auserzählt wurde und der Plot manche Figuren noch etwas besser hätte ausarbeiten können. Es kommt hinzu, dass die Handlung sich gegen Ende regelrecht überschlägt, obwohl es vorher eher gemächlich zuging. Das ist aber nur holpriges Pacing und grundlegend ist die Story gelungen, immer wieder unerwartet reif und berührend.

Insgesamt bin ich sehr zufrieden mit Dying Light: The Beast. Ich bin froh, dass es nicht wie ursprünglich geplant als Addon für das eher missglückte Dying Light 2 endete, sondern zum eigenständigen Spiel aufgewertet wurde. Es ist exakt, was die Reihe zum jetzigen Zeitpunkt gebraucht hat. Nicht alles ist perfekt, doch zusammengenommen macht Dying Light: The Beast so unerwartet viel Spaß, dass es für mich zum absoluten Überraschungshit geworden ist.",positive,steam_live,3008130,True,1777943438,6187,german,3,0.545454561710357666,True,False,False
Dying Light: The Beast,Fun if ur into dying llight,positive,steam_live,3008130,True,1777942173,338,english,0,0.5,True,False,False
Dying Light: The Beast,"Great game, so much fun killing zombies, getting perks to improve skills, looking around and finding new gear.  Lots to do, a LOT of optional content.  Keep at it and you can max out your skills.
I appreciate the devs keeping at it and giving us a new game mode where killing zombies keeps em dead, makes each kill special and another way to play just clearing out zones if desired.  I also like them keeping at the new mode and giving the players the choice of how they wanted to play it.  Myself I hate survival games (and never thought of Dying Light in too much of that vein) where I have hunger meters so was thrilled and jumped into new mode as soon as I could turn starving off.
I'm expecting and looking forward to another game in this series, for me it just keeps improving.",positive,steam_live,3008130,True,1777939036,4391,english,7,0.595234036445617676,True,False,False
Dying Light: The Beast,I like the game,positive,steam_live,3008130,True,1777934557,1847,spanish,0,0.5,True,False,False
Dying Light: The Beast,bro ts game lowk sum ass just play it w ur boy if u alrdy f$#king got it and cant get a damn refund like me,negative,steam_live,3008130,False,1777934176,1055,english,0,0.424164503812789917,True,False,False
Dying Light: The Beast,even more zombe :),positive,steam_live,3008130,True,1777927155,5108,english,0,0.5,True,False,False
