game_name,review_text,sentiment,source,app_id,voted_up,timestamp_created,playtime_forever,language,votes_up,weighted_vote_score,steam_purchase,received_for_free,written_during_early_access
Counter-Strike 2,кал страшний,negative,steam_live,730,False,1778961959,34792,ukrainian,0,0.5,True,False,False
Counter-Strike 2,импа а не игра,positive,steam_live,730,True,1778961929,17684,russian,0,0.5,True,False,False
Counter-Strike 2,мать габена жирная шкура,negative,steam_live,730,False,1778961899,3302,russian,0,0.5,True,False,False
Counter-Strike 2,good,positive,steam_live,730,True,1778961865,1883,english,0,0.5,True,False,False
Counter-Strike 2,müq,positive,steam_live,730,True,1778961820,5923,turkish,0,0.5,True,False,False
Counter-Strike 2,bullying,negative,steam_live,730,False,1778961771,81873,polish,0,0.5,True,False,False
Counter-Strike 2,ходишь убиваешь ну впринсыпе как в реальной жизни мой обычный день,positive,steam_live,730,True,1778961741,74197,russian,0,0.5,True,False,False
Counter-Strike 2,yh,positive,steam_live,730,True,1778961727,3066,english,0,0.5,True,False,False
Counter-Strike 2,Oyunda hiç hile yok,negative,steam_live,730,False,1778961702,5639,turkish,1,0.523809552192687988,True,False,False
Counter-Strike 2,"Ich bin viel zu schlecht für dieses game UwU!!!
Kann mich jemand carryn ⚢⚢⚢⚢⚢ bittie daddys",negative,steam_live,730,False,1778961663,9362,german,0,0.5,True,False,False
Counter-Strike 2,♥♥♥♥♥,positive,steam_live,730,True,1778961644,6660,russian,0,0.5,True,False,False
Counter-Strike 2,),positive,steam_live,730,True,1778961601,3801,french,0,0.5,True,False,False
Counter-Strike 2,GEILED SPIEL,positive,steam_live,730,True,1778961533,15119,german,0,0.5,True,False,False
Counter-Strike 2,Defold CS2,positive,steam_live,730,True,1778961485,347,russian,0,0.5,True,False,False
Counter-Strike 2,"Играть в принципе можно, желательно конечно не одному, а с друзьями. Так веселее.)",positive,steam_live,730,True,1778961465,2204,russian,1,0.523809552192687988,True,False,False
Counter-Strike 2,"Качаю звание, все супер",positive,steam_live,730,True,1778961448,249,russian,0,0.5,True,False,False
Counter-Strike 2,gowno jebbane,negative,steam_live,730,False,1778961395,42463,english,0,0.5,True,False,False
Counter-Strike 2,best license ever made.,positive,steam_live,730,True,1778961386,143525,french,0,0.5,True,False,False
Counter-Strike 2,нет,positive,steam_live,730,True,1778961368,14278,russian,0,0.5,True,False,False
Counter-Strike 2,game is full of cheaters and russians and kids there is no fun anymore,negative,steam_live,730,False,1778961351,50255,english,0,0.5,True,False,False
Counter-Strike 2,почему,positive,steam_live,730,True,1778961295,12412,russian,0,0.5,True,False,False
Counter-Strike 2,♥♥♥♥♥♥,negative,steam_live,730,False,1778961291,11942,russian,0,0.5,True,False,False
Counter-Strike 2,this is the best game in the world,positive,steam_live,730,True,1778961167,29771,english,0,0.5,True,False,False
Counter-Strike 2,"Отличная игра, топ",positive,steam_live,730,True,1778961144,1112,russian,0,0.5,True,False,False
Counter-Strike 2,норм игра,positive,steam_live,730,True,1778961128,4666,russian,0,0.5,True,False,False
Counter-Strike 2,.,positive,steam_live,730,True,1778961022,66162,english,0,0.5,True,False,False
Counter-Strike 2,ну плюс минус,positive,steam_live,730,True,1778960952,77734,russian,0,0.5,True,False,False
Counter-Strike 2,♥♥♥♥♥ полная,positive,steam_live,730,True,1778960910,5315,russian,0,0.5,True,False,False
Counter-Strike 2,"Skins zu kaufen fühlt sich geiler an als sex (hatte noch nie weil ich sowas spiele), aber kann meine skins kaum sehen weil ich durchgehend sterbe an gegener die eine thermalsicht durch wände haben",negative,steam_live,730,False,1778960910,1813,german,0,0.5,True,False,False
Counter-Strike 2,Игра сломана. Отзывы накручены. Из 10 каток в 9 попадаются читеры. Хотите Нервов играйте с удовольствием,negative,steam_live,730,False,1778960858,30246,russian,0,0.5,True,False,False
Counter-Strike 2,"Really adictive but hella fun but with low trust factor it has a high chance to play with cheaters and its an issue thats being handeled with but very slowly. (and just becouse some kid absalutely destroyed you with a SSG 08 doesnt mean they are cheating ""bek1nd"" so turning your trigger bot to max after round 2 doesnt cancel it out only ruins the game!)",positive,steam_live,730,True,1778960851,4641,english,0,0.5,True,False,False
Counter-Strike 2,njg,positive,steam_live,730,True,1778960782,414,russian,0,0.5,True,False,False
Counter-Strike 2,good team,positive,steam_live,730,True,1778960730,1597,english,0,0.5,True,False,False
Counter-Strike 2,good,positive,steam_live,730,True,1778960707,77293,english,0,0.5,True,False,False
Counter-Strike 2,Ничо нормална пойдет пиред,positive,steam_live,730,True,1778960706,4254,russian,0,0.5,True,False,False
Counter-Strike 2,bad,positive,steam_live,730,True,1778960702,66,german,0,0.5,True,False,False
Counter-Strike 2,"игра хорошая,играю с друзьями и сам. Очень дружелюбные союзники(не все)",positive,steam_live,730,True,1778960697,1967,russian,0,0.5,True,False,False
Counter-Strike 2,only cheters,negative,steam_live,730,False,1778960679,1930,english,0,0.5,True,False,False
Counter-Strike 2,ну норм,positive,steam_live,730,True,1778960636,4273,russian,0,0.5,True,False,False
Counter-Strike 2,у меня 67 часов,positive,steam_live,730,True,1778960601,4599,russian,0,0.5,True,False,False
Counter-Strike 2,hile yapmadığım halde ban yedim,negative,steam_live,730,False,1778960583,20786,turkish,0,0.5,True,False,False
Counter-Strike 2,best of the best,positive,steam_live,730,True,1778960551,2058,russian,0,0.5,True,False,False
Counter-Strike 2,yebat ruskow,negative,steam_live,730,False,1778960522,28213,polish,0,0.5,True,False,False
Counter-Strike 2,Good game,positive,steam_live,730,True,1778960432,19940,english,1,0.523809552192687988,True,False,False
Counter-Strike 2,bra,positive,steam_live,730,True,1778960429,5020,swedish,0,0.5,True,False,False
Counter-Strike 2,V社你乱改你老冯呢,positive,steam_live,730,True,1778960419,15744,schinese,0,0.5,True,False,False
Counter-Strike 2,"классная игра, советую не скачивать",positive,steam_live,730,True,1778960411,41319,russian,0,0.5,True,False,False
Counter-Strike 2,Зачем я покупал прайм если везде читеры. Обьясните мне,negative,steam_live,730,False,1778960411,11848,russian,0,0.5,True,False,False
Counter-Strike 2,nice,positive,steam_live,730,True,1778960386,77519,turkish,0,0.5,True,False,False
Counter-Strike 2,Ниче такая,positive,steam_live,730,True,1778960383,16712,russian,0,0.5,True,False,False
Counter-Strike 2,"Love getting shouted at and praised by Russians. Best game for stress relieving.

10/10 WOULD RECOMMEND",positive,steam_live,730,True,1778960356,18993,english,0,0.5,True,False,False
Counter-Strike 2,залупа,positive,steam_live,730,True,1778960353,4888,russian,0,0.5,True,False,False
Counter-Strike 2,".hjgnkömn
,",positive,steam_live,730,True,1778960348,30987,turkish,0,0.5,True,False,False
Counter-Strike 2,Говно 2 очень хороший шутер особенно для тех кто любит мужчин.,positive,steam_live,730,True,1778960176,1608,russian,0,0.5,True,False,False
Counter-Strike 2,yes,positive,steam_live,730,True,1778960171,984,english,0,0.5,True,False,False
Counter-Strike 2,good,positive,steam_live,730,True,1778960139,7337,swedish,0,0.5,True,False,False
Counter-Strike 2,щкууууууууууууууууууу,positive,steam_live,730,True,1778960125,18329,russian,0,0.5,True,False,False
Counter-Strike 2,Nice to play with your friends...  the way  how to become enemy...,positive,steam_live,730,True,1778960087,3640,english,0,0.5,True,False,False
Counter-Strike 2,"Fast, tense, and weirdly addictive. It’s the only game where walking slowly feels like genius strategy and missing every shot is clearly just “team support.” Fast, tense, and endlessly fun. 10/10 - would get flashed by my own teammate again",positive,steam_live,730,True,1778960052,156986,english,0,0.5,True,False,False
Counter-Strike 2,ВНКЕЕ,positive,steam_live,730,True,1778960038,1964,russian,0,0.5,True,False,False
Counter-Strike 2,GAME GOOD BUT BAD PLAYERS,negative,steam_live,730,False,1778960000,40096,polish,0,0.5,True,False,False
Counter-Strike 2,топ топ топ оооооооооооооооооооооооооооооооо,positive,steam_live,730,True,1778959936,7181,russian,0,0.5,True,False,False
Counter-Strike 2,дрисня от вольво во-первых баганое во-вторых ♥♥♥♥♥ собачая с читаками,negative,steam_live,730,False,1778959929,8563,ukrainian,0,0.5,True,False,False
Counter-Strike 2,spoko gra,positive,steam_live,730,True,1778959905,6341,polish,0,0.5,True,False,False
Counter-Strike 2,...,positive,steam_live,730,True,1778959868,10233,russian,0,0.5,True,False,False
Counter-Strike 2,You'll find less cheaters on Tinder,negative,steam_live,730,False,1778959835,6657,german,0,0.5,True,False,False
Counter-Strike 2,JEBAN E GÓWNO JEBAC DASTA 2,negative,steam_live,730,False,1778959811,71113,polish,0,0.5,True,False,False
Counter-Strike 2,TA,positive,steam_live,730,True,1778959811,442,polish,0,0.5,True,False,False
Counter-Strike 2,skatopaixnido,positive,steam_live,730,True,1778959802,328,english,0,0.5,True,False,False
Counter-Strike 2,top game for the top g's,positive,steam_live,730,True,1778959777,16163,english,0,0.5,True,False,False
Counter-Strike 2,Нерегает ничуя советую,positive,steam_live,730,True,1778959768,15128,russian,0,0.5,True,False,False
Counter-Strike 2,"CS2 has become one of the worst examples of corruption and neglect in competitive gaming. The game is completely infested with cheaters using hacks, wallhacks, aimbots, and every kind of blatant cheat imaginable, while VALVE and STEAM keep looking the other way.

It is impossible to believe that after so many years and millions of dollars earned, they are still unable to clean up the game. The reality seems very different: they do not want to do it because keeping those accounts active is profitable for them. As long as cheaters continue buying skins, trading items, and generating money through STEAM, nothing serious will ever be done against them.

Corruption has reached even the gaming industry. Legitimate players report cheaters for months or years, yet those same accounts remain active ruining matches every single day. VALVE and STEAM seem to side with hackers and cheaters instead of protecting honest players who only want a fair experience.

CS2 no longer rewards skill; it rewards whoever uses better hacks and is less afraid of getting banned. The anti-cheat system is a complete joke, and the competitive community has been destroyed.

After thousands of hours, I have decided to permanently quit this game. I will not continue supporting a platform that allows this level of garbage and negligence while they keep getting richer at the expense of normal players.

CS2 is dead for anyone who still believes in fair play.",negative,steam_live,730,False,1778959745,38758,english,0,0.5,True,False,False
Counter-Strike 2,ee,positive,steam_live,730,True,1778959725,2888,polish,0,0.5,True,False,False
Counter-Strike 2,paulin,positive,steam_live,730,True,1778959689,1878,polish,0,0.5,True,False,False
Counter-Strike 2,ну там стреляешь и круто,positive,steam_live,730,True,1778959639,2087,russian,1,0.523809552192687988,True,False,False
Counter-Strike 2,крутень,positive,steam_live,730,True,1778959623,1613,russian,0,0.5,True,False,False
Counter-Strike 2,0/10 game would definitely reccomend,positive,steam_live,730,True,1778959535,33230,english,0,0.5,True,False,False
Counter-Strike 2,кайф,positive,steam_live,730,True,1778959525,87933,russian,0,0.5,True,False,False
Counter-Strike 2,Aprendí un poco de brasilero gracias a este juego. 10/10,positive,steam_live,730,True,1778959524,31822,spanish,0,0.5,True,False,False
Counter-Strike 2,Исправили много багов,positive,steam_live,730,True,1778959513,499,russian,0,0.5,True,False,False
Counter-Strike 2,game is very fun,positive,steam_live,730,True,1778959510,1684,english,0,0.5,True,False,False
Counter-Strike 2,одни читеры,negative,steam_live,730,False,1778959405,4799,russian,0,0.5,True,False,False
Counter-Strike 2,топ игра,positive,steam_live,730,True,1778959404,7322,russian,0,0.5,True,False,False
Counter-Strike 2,so good,positive,steam_live,730,True,1778959401,9584,danish,0,0.5,True,False,False
Counter-Strike 2,читеров многа,positive,steam_live,730,True,1778959370,70302,russian,0,0.5,True,False,False
Counter-Strike 2,You'll find less cheaters on Tinder,negative,steam_live,730,False,1778959354,8085,english,1,0.5,True,False,False
Counter-Strike 2,waw,positive,steam_live,730,True,1778959180,47794,english,0,0.5,True,False,False
Counter-Strike 2,888,positive,steam_live,730,True,1778959111,53335,turkish,0,0.5,True,False,False
Counter-Strike 2,(,negative,steam_live,730,False,1778959088,42559,russian,0,0.5,True,False,False
Counter-Strike 2,best game ever,positive,steam_live,730,True,1778959024,20184,english,1,0.523809552192687988,True,False,False
Counter-Strike 2,a,positive,steam_live,730,True,1778959018,18873,turkish,0,0.5,True,False,False
Counter-Strike 2,круто,positive,steam_live,730,True,1778958933,9562,russian,0,0.5,True,False,False
Counter-Strike 2,remove russians from this game then 10/10,positive,steam_live,730,True,1778958902,9467,english,0,0.5,True,False,False
Counter-Strike 2,люблю когда меня в жопу ♥♥♥♥,positive,steam_live,730,True,1778958844,18926,russian,0,0.5,True,False,False
Counter-Strike 2,"EN| Counter-Strike 2 is completely unplayable right now. The game is full of cheaters using hacks and blatant wallhacks/aimbots in almost every match. Valve seems unable or unwilling to fix the problem, and it ruins the experience for legitimate players. What used to be a competitive and enjoyable game has turned into a frustrating waste of time. I can’t recommend this game to anyone anymore. I’ve personally stopped playing because the cheating situation is out of control.

ES| Counter-Strike 2 es completamente injugable ahora mismo. El juego está lleno de tramposos usando hacks y wallhacks/aimbots descarados en casi todas las partidas. Valve parece incapaz o sin intención de solucionar el problema, y eso arruina la experiencia para los jugadores legítimos. Lo que antes era un juego competitivo y divertido se ha convertido en una pérdida de tiempo frustrante. Ya no puedo recomendar este juego a nadie. Personalmente he dejado de jugar porque la situación con los cheaters está fuera de control.

FR| Counter-Strike 2 est complètement injouable actuellement. Le jeu est rempli de tricheurs utilisant des hacks, wallhacks et aimbots dans presque chaque partie. Valve semble incapable ou peu motivé à résoudre le problème, ce qui détruit totalement l’expérience des joueurs honnêtes. Ce qui était autrefois un jeu compétitif et amusant est devenu une expérience frustrante et une perte de temps. Je ne recommande plus ce jeu à personne. Personnellement, j’ai arrêté d’y jouer parce que la situation des cheaters est hors de contrôle.

RU| Counter-Strike 2 сейчас абсолютно неиграбелен. Игра переполнена читерами, использующими хаки, wallhack и aimbot почти в каждом матче. Valve, похоже, не способна или не хочет решать эту проблему, из-за чего честные игроки полностью теряют удовольствие от игры. То, что раньше было соревновательной и увлекательной игрой, превратилось в сплошное разочарование и пустую трату времени. Я больше никому не могу рекомендовать эту игру. Лично я перестал играть, потому что ситуация с читерами вышла из-под контроля.",negative,steam_live,730,False,1778958799,28621,english,1,0.5,True,False,False
Counter-Strike 2,wylewu dostalem,positive,steam_live,730,True,1778958708,34939,english,0,0.5,True,False,False
Counter-Strike 2,答辩,negative,steam_live,730,False,1778958689,4177,schinese,0,0.5,True,False,False
Counter-Strike 2,https://steamcommunity.com/profiles/76561198113666193/inventory/#730_2_30625055369,positive,steam_live,730,True,1778958640,4225,french,0,0.5,True,False,False
Counter-Strike 2,4,positive,steam_live,730,True,1778958633,27548,hungarian,0,0.5,True,False,False
Counter-Strike 2,我不是人机很好玩就是没有固排,positive,steam_live,730,True,1778958613,9869,schinese,0,0.5,True,False,False
Counter-Strike 2,BÃO!,positive,steam_live,730,True,1778958599,25883,brazilian,0,0.5,True,False,False
Counter-Strike 2,Very good game but too much cheaters who dont have parents.,positive,steam_live,730,True,1778958578,2032,english,0,0.5,True,False,False
Counter-Strike 2,gaben syn shlyhi ssanyi vac net ne rabotaet,negative,steam_live,730,False,1778958576,6534,russian,0,0.5,True,False,False
Counter-Strike 2,its csgo its amazing,positive,steam_live,730,True,1778958552,3947,english,0,0.5,True,False,False
Counter-Strike 2,jogo muito bom!,positive,steam_live,730,True,1778958498,99,brazilian,1,0.523809552192687988,True,False,False
Counter-Strike 2,"It is better to spend the time learning a new skill or work, imagine what thousand of hours could do outside of cs.",negative,steam_live,730,False,1778958495,68658,norwegian,0,0.5,True,False,False
Counter-Strike 2,в,positive,steam_live,730,True,1778958448,3566,russian,0,0.5,True,False,False
Counter-Strike 2,прикольная игра советую всем поиграть,positive,steam_live,730,True,1778958426,78164,russian,0,0.5,True,False,False
Counter-Strike 2,mamma mia,positive,steam_live,730,True,1778958424,20745,turkish,0,0.5,True,False,False
Counter-Strike 2,zajebista jest,positive,steam_live,730,True,1778958410,34865,polish,0,0.5,True,False,False
Counter-Strike 2,w game,positive,steam_live,730,True,1778958390,1581,german,0,0.5,True,False,False
Counter-Strike 2,игра говно но мне нравится,positive,steam_live,730,True,1778958329,43393,russian,0,0.5,True,False,False
Counter-Strike 2,lo mejor que puedes hacer en cs2 es jugar a otro juego.,negative,steam_live,730,False,1778958305,48569,spanish,1,0.5,True,False,False
Counter-Strike 2,.,negative,steam_live,730,False,1778958275,46630,russian,1,0.523809552192687988,True,False,False
Counter-Strike 2,ERTERT,positive,steam_live,730,True,1778958262,23484,russian,0,0.5,True,False,False
Counter-Strike 2,"Игра ♥♥♥♥♥, много читеров и ♥♥♥♥♥ ебейшая рега в придачу к читерам",negative,steam_live,730,False,1778958183,45011,russian,1,0.523809552192687988,True,False,False
Counter-Strike 2,"VAC nie działa
Hitboxy po prostu są
Tickrate gra marsza na bębenku 
Ale są skiny i skrzynki więc w sumie spoko",positive,steam_live,730,True,1778958118,71446,polish,0,0.5,True,False,False
Counter-Strike 2,top,positive,steam_live,730,True,1778958112,27660,brazilian,0,0.5,True,False,False
Counter-Strike 2,Learn very mach russian,positive,steam_live,730,True,1778958097,14873,english,0,0.497581213712692261,True,False,False
Counter-Strike 2,too maany cheaters,negative,steam_live,730,False,1778958089,3403,english,3,0.52600395679473877,True,False,False
Counter-Strike 2,you will cry like babyes before you die!!!!,positive,steam_live,730,True,1778958082,7969,english,0,0.497581213712692261,True,False,False
Counter-Strike 2,need a gold,positive,steam_live,730,True,1778958064,46746,english,0,0.497581213712692261,True,False,False
Counter-Strike 2,ну там стреляешь и круто сср напоминает,positive,steam_live,730,True,1778958033,1846,russian,0,0.5,True,False,False
Counter-Strike 2,67,positive,steam_live,730,True,1778958030,393,polish,0,0.5,True,False,False
Counter-Strike 2,ruslar aim çok iyi,negative,steam_live,730,False,1778958000,24977,turkish,0,0.5,True,False,False
Counter-Strike 2,213213,positive,steam_live,730,True,1778957974,76213,schinese,0,0.5,True,False,False
Counter-Strike 2,"Наиграл пару часиков, слишком легкая механика стрельбы и геймплей так себе",negative,steam_live,730,False,1778957957,168856,russian,0,0.5,True,False,False
Counter-Strike 2,MOŻNA BIĆ CZARNYCH POLECAM,positive,steam_live,730,True,1778957913,15131,polish,0,0.5,True,False,False
Counter-Strike 2,hilelerde olmasa süper,positive,steam_live,730,True,1778957902,37980,turkish,0,0.5,True,False,False
Counter-Strike 2,имба,positive,steam_live,730,True,1778957869,35657,ukrainian,0,0.5,True,False,False
Counter-Strike 2,baaaaaaaaaaaaaaaaaaaaaaaaaaaaaaa,positive,steam_live,730,True,1778957818,2124,turkish,0,0.5,True,False,False
Counter-Strike 2,круто,positive,steam_live,730,True,1778957809,18010,russian,0,0.5,True,False,False
Counter-Strike 2,♥♥♥♥♥.,negative,steam_live,730,False,1778957737,82104,english,1,0.502418816089630127,True,False,False
Counter-Strike 2,katastrofa,positive,steam_live,730,True,1778957700,16133,english,0,0.497581213712692261,True,False,False
Counter-Strike 2,gg,positive,steam_live,730,True,1778957680,6025,russian,0,0.5,True,False,False
Counter-Strike 2,♥♥♥♥♥ ♥♥♥ дрочилда,negative,steam_live,730,False,1778957672,50888,russian,0,0.5,True,False,False
Counter-Strike 2,"Counter-Strike 2:

Is a hard game for me to review, because my opinion has changed a lot over time.

When I was younger, Counter-Strike was easily an 8.5/10 experience for me. The combat, gunplay, teamwork, economy system, and round-based matches are still some of the best in any multiplayer FPS. It is simple to understand but hard to master, and that is what makes it so addictive. One good clutch, one clean headshot, or one close match can still remind you why this series became so popular.

CS2 also brings the game onto Source 2, with upgraded maps, better visuals, dynamic smoke grenades, redesigned audio/visual effects, and the move from CS:GO into the newer version. On paper, it is still one of the most important competitive shooters on PC.

The problem is that I do not enjoy it the same way anymore. The gameplay loop is still addictive, but it is also very repetitive, and the biggest issue for me is cheaters. In a game this competitive, cheaters can ruin the whole experience very quickly. When the match feels fair, CS2 can still be great. When it does not, it becomes frustrating fast.

The achievement side is almost not worth talking about anymore. Since CS:GO became CS2, there is basically just one achievement, so it is easy, but not really a proper achievement hunt.

I would recommend Counter-Strike 2 only to certain FPS players. If you enjoy competitive shooters and can handle the learning curve, repetition, and possible cheater problems, there is still a great game here. For me personally.

Overall: great combat and an iconic FPS, but hard to enjoy when cheaters ruin the match.",positive,steam_live,730,True,1778957643,91016,english,0,0.5,True,False,False
Counter-Strike 2,игрулька для подмышульки,positive,steam_live,730,True,1778957565,5004,russian,0,0.5,True,False,False
Counter-Strike 2,Não tem como alguém realmente gostar dessa bomba,negative,steam_live,730,False,1778957532,50685,english,0,0.5,True,False,False
Counter-Strike 2,🫂,positive,steam_live,730,True,1778957523,17944,russian,0,0.5,True,False,False
Counter-Strike 2,good ale cs go był lepszy,positive,steam_live,730,True,1778957438,42007,polish,0,0.476190477609634399,True,False,False
Counter-Strike 2,♥♥♥♥  разраьы ♥♥♥♥♥♥ ♥♥♥♥♥♥♥♥ ♥♥♥♥ не заходит повторно в игру ♥♥♥♥ из за этого бвн ♥♥♥♥ гандонв сдохните,negative,steam_live,730,False,1778957413,80822,russian,0,0.5,True,False,False
Counter-Strike 2,niszczyciel mentalnosci ludzkiej,negative,steam_live,730,False,1778957343,21634,polish,0,0.476190477609634399,True,False,False
Counter-Strike 2,CHINA NOMDER ONE,positive,steam_live,730,True,1778957337,30,english,0,0.5,True,False,False
Counter-Strike 2,Я мопс,positive,steam_live,730,True,1778957324,15744,russian,0,0.5,True,False,False
Counter-Strike 2,"В голову стреляешь, габен не видит
Тебе в голову попадают, габен смотрит
12\10",positive,steam_live,730,True,1778957274,42241,russian,0,0.5,True,False,False
Counter-Strike 2,👍,positive,steam_live,730,True,1778957146,2384,russian,1,0.523809552192687988,True,False,False
Counter-Strike 2,im now a gambling addict,positive,steam_live,730,True,1778957131,3292,english,0,0.5,True,False,False
Counter-Strike 2,"interesante juego, chiters pero bueno vamo ariba",positive,steam_live,730,True,1778957092,19319,latam,0,0.5,True,False,False
Counter-Strike 2,I LOVE ANIME AND ♥♥♥♥ CS2,positive,steam_live,730,True,1778957084,778,polish,0,0.476190477609634399,True,False,False
Counter-Strike 2,"Muito bom, o que mata é o anti-cheat.",positive,steam_live,730,True,1778957046,71495,brazilian,0,0.5,True,False,False
Counter-Strike 2,afk adamı atttığım için 2 saat ban yedim çok güzel oyun.,positive,steam_live,730,True,1778957033,1608,turkish,0,0.5,True,False,False
Counter-Strike 2,Best game I ever played so far.,positive,steam_live,730,True,1778957023,54056,english,0,0.5,True,False,False
Counter-Strike 2,gerçekten harika bir oyun,positive,steam_live,730,True,1778957005,1484,turkish,1,0.523809552192687988,True,False,False
Counter-Strike 2,so cool,positive,steam_live,730,True,1778957003,698,russian,0,0.5,True,False,False
Counter-Strike 2,adictivo,positive,steam_live,730,True,1778956917,4020,spanish,0,0.5,True,False,False
Counter-Strike 2,скоро в киберспорт,positive,steam_live,730,True,1778956892,26865,russian,0,0.5,True,False,False
Counter-Strike 2,"Esta muy bueno el juego, es una pena que nadie haga nada con los chiteros.",positive,steam_live,730,True,1778956858,4649,latam,0,0.5,True,False,False
Counter-Strike 2,"Качаю звание, все супер",positive,steam_live,730,True,1778956815,225,russian,0,0.5,True,False,False
Counter-Strike 2,"Визуальная составляющая
Графический движок демонстрирует высокий уровень детализации окружающей среды. Система глобального освещения обрабатывает прямые и отражённые источники света, формируя контрастные тени и блики на поверхностях моделей вооружения. Частицы дыма и огня имеют реалистичную физику распространения в пространстве, что подтверждается тестированием на всех доступных локациях. Температура цветовой гаммы приближена к естественной, без гипертрофированной насыщенности.

Игровые механики
Центральный режим предполагает разделение участников на две группы с противоположными целями: размещение взрывного устройства или его обезвреживание. Экономическая подсистема связывает эффективность в каждом раунде с доступным арсеналом в последующих. Временные интервалы раундов фиксированы, что исключает вариативность продолжительности матча. Система под названием ""суб-тик"" обрабатывает действия пользователей между стандартными обновлениями сервера, что должно отражаться на точности регистрации попаданий.

Звуковое сопровождение
Аудиоподсистема генерирует звуки шагов, перезарядки и выстрелов с учётом виртуального позиционирования. Пользователь способен идентифицировать направление источника звука с погрешностью до 15 градусов при использовании стереогарнитуры. Частотные характеристики выстрелов отличаются для каждого класса оружия: от низкочастотного импульса у винтовок до высокочастотного щелчка у пистолетов.

Технические требования и производительность
Аппаратные требования продукта классифицируются как выше средних. Для стабильной работы в разрешении 1920x1080 при средних настройках необходима видеокарта с производительностью не менее 4 терафлопс. В ходе тестирования зафиксированы случаи снижения частоты кадров на локациях с высокой плотностью геометрических объектов и эффектами частиц. Минимальные задержки ввода составляют 20–25 миллисекунд при оптимальных сетевых условиях.

Пользовательский интерфейс
Главное меню содержит следующие элементы: кнопку поиска матча, настройки, мастерскую, инвентарь. Внутриигровой интерфейс отображает состояние здоровья, боезапас, миникарту и экономическую информацию текущей команды. Шрифты выполнены в стиле без засечек, контрастность текста по отношению к фону достаточна для чтения. Анимация переходов между экранами меню занимает 0.3 секунды.

Выявленные недостатки
На основе статистики ошибок зафиксированы следующие проблемы:

Некорректная регистрация попаданий при значении пинга более 80 миллисекунд

Эпизодические просадки частоты обновления экрана в момент подбора предметов

Отсутствие встроенной системы обучения для неопытных пользователей

Ограниченное количество доступных игровых карт (менее десяти)

Итоговое заключение
Counter-Strike 2 представляет собой функциональный тактический шутер с современной графикой и отлаженной базовой механикой. Продукт не содержит принципиально новых жанровых решений, но демонстрирует стабильную работу перечисленных систем. Рекомендуется к использованию при наличии соответствующего аппаратного обеспечения и устойчивых навыков координации в трёхмерном пространстве. Конечный вердикт системы: ""Положительно, с оговорками""",positive,steam_live,730,True,1778956802,1529,russian,0,0.5,True,False,False
Counter-Strike 2,игра ♥♥♥♥♥,positive,steam_live,730,True,1778956742,10435,russian,0,0.5,True,False,False
Counter-Strike 2,"nm,.",positive,steam_live,730,True,1778956653,6101,russian,0,0.5,True,False,False
Counter-Strike 2,amına koyim arda şenin,negative,steam_live,730,False,1778956648,4210,turkish,0,0.5,True,False,False
Counter-Strike 2,я ненавижу эту игру,positive,steam_live,730,True,1778956611,14755,russian,0,0.5,True,False,False
Counter-Strike 2,this game is the best you should play it,positive,steam_live,730,True,1778956570,1979,english,0,0.5,True,False,False
Counter-Strike 2,"про*бал 11 каток в премьере вин стрика, из-за плачущего поляка говорящий про русских в кс...",negative,steam_live,730,False,1778956502,4713,russian,0,0.5,True,False,False
Counter-Strike 2,pizdets,positive,steam_live,730,True,1778956481,1490,russian,0,0.5,True,False,False
Counter-Strike 2,"Played CS for the first time since 2010. Really fun! Also with all the skins, tracks and rare stuff to collect really intreaging. Sometimes you wanna rage quit other times you get new friends from the other side of the world,",positive,steam_live,730,True,1778956396,1895,danish,0,0.5,True,False,False
Counter-Strike 2,.,positive,steam_live,730,True,1778956303,3687,turkish,0,0.5,True,False,False
Counter-Strike 2,GOT,positive,steam_live,730,True,1778956294,7854,spanish,1,0.523809552192687988,True,False,False
Counter-Strike 2,не люблю хорроры,negative,steam_live,730,False,1778956287,21158,russian,0,0.5,True,False,False
Counter-Strike 2,best game everr :Dddd,positive,steam_live,730,True,1778956276,26785,english,0,0.5,True,False,False
Counter-Strike 2,2/5 gwiazdek bo są ♥♥♥♥♥ ale nie takie hot jak myslalem ze mnie wydymają,negative,steam_live,730,False,1778956201,1519,polish,0,0.5,True,False,False
Counter-Strike 2,"Качаю звание, все супер",positive,steam_live,730,True,1778956123,1014,russian,0,0.5,True,False,False
Counter-Strike 2,Понравились новые дымы,positive,steam_live,730,True,1778956119,632,russian,0,0.5,True,False,False
Counter-Strike 2,点头yes摇头no，全甲野牛gogogo。,positive,steam_live,730,True,1778956071,16771,schinese,0,0.5,True,False,False
Counter-Strike 2,я свою маму тут потерял,positive,steam_live,730,True,1778956041,740,russian,0,0.5,True,False,False
Counter-Strike 2,это игра очень крутая,positive,steam_live,730,True,1778955971,2626,russian,0,0.5,True,False,False
Counter-Strike 2,游戏不合法，老杀人,negative,steam_live,730,False,1778955918,33499,schinese,0,0.5,True,False,False
Counter-Strike 2,херь,positive,steam_live,730,True,1778955916,13844,russian,0,0.5,True,False,False
Counter-Strike 2,MT BOM,positive,steam_live,730,True,1778955915,2004,brazilian,0,0.5,True,False,False
Counter-Strike 2,норм,positive,steam_live,730,True,1778955897,10143,ukrainian,1,0.523809552192687988,True,False,False
Counter-Strike 2,9,negative,steam_live,730,False,1778955834,26691,russian,0,0.5,True,False,False
Counter-Strike 2,67,positive,steam_live,730,True,1778955680,37193,english,0,0.5,True,False,False
Counter-Strike 2,"♥♥♥♥♥, почти в каждой катке орут ""ЖЕНЩИНААА"" а потом прилетает в ебвло с калаша",positive,steam_live,730,True,1778955649,12827,russian,0,0.5,True,False,False
Counter-Strike 2,iyi oyun,positive,steam_live,730,True,1778955520,11964,turkish,1,0.523809552192687988,True,False,False
Counter-Strike 2,игра калл. играл выйграл рому ковалева 2:0 на калашах. а так игра без смысла. кто быстрее среагировал тот и выйграл ток у ромы ковалева реакции 0  а стасяну рэспект,negative,steam_live,730,False,1778955514,40074,russian,0,0.5,True,False,False
Counter-Strike 2,"Counter strike 2
el juego que empezo con mi vicio en el farmeo de horas, todo fue gracias a un amigo que me recomendo comprar el prime, lo compre, y yo senti que me iba a aburrir de un dia a otro, asi que lo probe antes para saber si lo reembolsaba o no, despues de probarlo 30 minutos, supe que ese juego, me iba a dar una nueva experiencia diferente de los shooters que jugaba a diario, y estaba en lo correcto, despues de 2,351.5 horas de juego, y ya casi pasar a medalla de servicio rosa puedo decir que este juego es uno de los mejores que he jugado, tanto en farmeo de horas, toxicidad, gambling, y lo dificil que es encontrar una partida sin hackers.",positive,steam_live,730,True,1778955506,172257,english,0,0.5,True,False,False
Counter-Strike 2,"игра говно, разраб тоже",negative,steam_live,730,False,1778955483,31849,russian,0,0.5,True,False,False
Counter-Strike 2,"Хочу пепси.
Дайте +реп в профиль пж =)",positive,steam_live,730,True,1778955324,3432,russian,0,0.5,True,False,False
Counter-Strike 2,не регає ♥♥♥♥♥,negative,steam_live,730,False,1778955299,13484,ukrainian,0,0.5,True,False,False
Counter-Strike 2,nice game i love it but has a lot of cheaters,positive,steam_live,730,True,1778955265,13506,english,0,0.5,True,False,False
Counter-Strike 2,Cheaters in almost every normal game. This game should ban itself becuse they dont give a ♥♥♥♥. Play other games. Spit on all lacy workers.,negative,steam_live,730,False,1778955167,37877,swedish,0,0.5,True,False,False
Counter-Strike 2,игра говно не скачивайте,positive,steam_live,730,True,1778955132,16523,russian,0,0.5,True,False,False
Counter-Strike 2,can't even open the ♥♥♥♥♥♥♥ game,negative,steam_live,730,False,1778955118,33519,english,0,0.5,True,False,False
Counter-Strike 2,ок,positive,steam_live,730,True,1778955011,2600,russian,0,0.5,True,False,False
Counter-Strike 2,дерьмище,positive,steam_live,730,True,1778954953,7780,russian,0,0.5,True,False,False
Counter-Strike 2,всё,positive,steam_live,730,True,1778954824,15867,russian,0,0.5,True,False,False
Counter-Strike 2,"Jogo ta abandonado, empresa milionaria e jogo totalmente cheio de xit",positive,steam_live,730,True,1778954786,8532,brazilian,0,0.5,True,False,False
Counter-Strike 2,gg,positive,steam_live,730,True,1778954691,607,russian,0,0.5,True,False,False
Counter-Strike 2,игра плохая надо убивать людей,negative,steam_live,730,False,1778954689,10149,russian,0,0.5,True,False,False
Counter-Strike 2,ysdfdsfsdgsd,positive,steam_live,730,True,1778954674,318,turkish,0,0.5,True,False,False
Counter-Strike 2,çok güzel bir oyun ama hileler sıkıntı,positive,steam_live,730,True,1778954618,7780,turkish,1,0.523809552192687988,True,False,False
Counter-Strike 2,rf,positive,steam_live,730,True,1778954598,2040,russian,0,0.5,True,False,False
Counter-Strike 2,KPYTO,positive,steam_live,730,True,1778954586,21402,russian,0,0.5,True,False,False
Counter-Strike 2,good lucke,positive,steam_live,730,True,1778954552,31,english,0,0.5,True,False,False
Counter-Strike 2,"Comunidade péssima, o jogo é legal",positive,steam_live,730,True,1778954540,15072,english,0,0.5,True,False,False
Counter-Strike 2,,positive,steam_live,730,True,1778954499,7221,russian,0,0.5,True,False,False
Counter-Strike 2,trop de russes,positive,steam_live,730,True,1778954490,19399,french,0,0.5,True,False,False
Counter-Strike 2,♥♥♥♥♥♥♥ game. full with cheaters.,negative,steam_live,730,False,1778954471,273857,english,1,0.5,True,False,False
Counter-Strike 2,"Worst kind of people i have ever had the pleasure of speaking to, 10/10",positive,steam_live,730,True,1778954456,21238,english,0,0.5,True,False,False
Counter-Strike 2,норм,positive,steam_live,730,True,1778954419,440,russian,0,0.5,True,False,False
Counter-Strike 2,"flipping banger of a game, bit rough with cheaters tho and i love how alot of player have mics so can be easy to coordinate with others",positive,steam_live,730,True,1778954418,17338,english,0,0.5,True,False,False
Counter-Strike 2,я п и д роррор,positive,steam_live,730,True,1778954413,24459,russian,0,0.5,True,False,False
Counter-Strike 2,W,positive,steam_live,730,True,1778954348,30533,english,0,0.5,True,False,False
Counter-Strike 2,Lleno de chiteros,negative,steam_live,730,False,1778954281,17325,spanish,2,0.523809552192687988,True,False,False
Counter-Strike 2,jogo muito bom  vendi minha casa para comprar faca e luva e no outro dia uma atualizacao jogo tudo o preco na metade se loko muito incrivel o jogo,positive,steam_live,730,True,1778954199,23178,brazilian,0,0.5,True,False,False
Counter-Strike 2,Имба,positive,steam_live,730,True,1778954156,3436,russian,0,0.5,True,False,False
Counter-Strike 2,schmutz,negative,steam_live,730,False,1778954125,1947,german,0,0.5,True,False,False
Counter-Strike 2,10/10 makes you russophobic,positive,steam_live,730,True,1778954114,74802,polish,0,0.5,True,False,False
Counter-Strike 2,крутая игра,positive,steam_live,730,True,1778954025,89476,russian,0,0.5,True,False,False
Counter-Strike 2,On numara oyun ben yeni başladım ama sarıyor oynarım hep artık,positive,steam_live,730,True,1778953948,285,turkish,1,0.523809552192687988,True,False,False
Counter-Strike 2,Pain,positive,steam_live,730,True,1778953928,6594,english,0,0.5,True,False,False
Counter-Strike 2,♥♥♥♥ GAME DELETE,negative,steam_live,730,False,1778953921,36357,ukrainian,0,0.5,True,False,False
Counter-Strike 2,喜欢,positive,steam_live,730,True,1778953853,102045,schinese,0,0.5,True,False,False
Counter-Strike 2,qweq,positive,steam_live,730,True,1778953759,37764,russian,0,0.5,True,False,False
Counter-Strike 2,все супер 👍,positive,steam_live,730,True,1778953701,44985,russian,0,0.5,True,False,False
Counter-Strike 2,♥♥♥♥,negative,steam_live,730,False,1778953640,6105,russian,0,0.5,True,False,False
Counter-Strike 2,Легендарная игра,positive,steam_live,730,True,1778953616,335,russian,0,0.5,True,False,False
Counter-Strike 2,idk,positive,steam_live,730,True,1778953507,10355,english,0,0.5,True,False,False
Counter-Strike 2,yes,positive,steam_live,730,True,1778953462,1515,english,0,0.5,True,False,False
Counter-Strike 2,тема,positive,steam_live,730,True,1778953396,1912,russian,1,0.523809552192687988,True,False,False
Counter-Strike 2,♥♥♥♥♥♥♥ recommended,positive,steam_live,730,True,1778953379,32643,english,0,0.5,True,False,False
Counter-Strike 2,/,positive,steam_live,730,True,1778953290,8262,russian,0,0.5,True,False,False
Counter-Strike 2,p,positive,steam_live,730,True,1778953224,1004,greek,0,0.5,True,False,False
Counter-Strike 2,热爱,positive,steam_live,730,True,1778953158,59865,schinese,0,0.5,True,False,False
Counter-Strike 2,лучшая игра в мире провел в ней 1000 часов и ещё доволен и всем друзьям нравится,positive,steam_live,730,True,1778953129,2125,english,0,0.5,True,False,False
Counter-Strike 2,бебебе,positive,steam_live,730,True,1778953100,8576,russian,0,0.5,True,False,False
Counter-Strike 2,bom demais,positive,steam_live,730,True,1778953062,4916,brazilian,0,0.5,True,False,False
Counter-Strike 2,"play if racist, homophopbic or sexist :)",negative,steam_live,730,False,1778953051,25109,english,1,0.523809552192687988,True,False,False
Counter-Strike 2,tá meio bugado mas é bom ainda,positive,steam_live,730,True,1778953031,9985,brazilian,0,0.5,True,False,False
Counter-Strike 2,good fk very goood,positive,steam_live,730,True,1778952962,105089,czech,0,0.5,True,False,False
Counter-Strike 2,kk,positive,steam_live,730,True,1778952952,3647,polish,0,0.5,True,False,False
Counter-Strike 2,nice,positive,steam_live,730,True,1778952754,17751,schinese,0,0.5,True,False,False
Counter-Strike 2,.,positive,steam_live,730,True,1778952687,212754,turkish,0,0.5,True,False,False
Counter-Strike 2,"возможно частично да, но бурмалда",positive,steam_live,730,True,1778952594,42185,ukrainian,0,0.5,True,False,False
Counter-Strike 2,good,positive,steam_live,730,True,1778952574,456,english,0,0.5,True,False,False
Counter-Strike 2,Leuk.,positive,steam_live,730,True,1778952569,8463,dutch,0,0.5,True,False,False
Counter-Strike 2,best game,positive,steam_live,730,True,1778952549,62946,english,0,0.5,True,False,False
Counter-Strike 2,"l;,mkl",positive,steam_live,730,True,1778952436,37755,russian,0,0.5,True,False,False
Counter-Strike 2,"nice
men",positive,steam_live,730,True,1778952419,6874,english,1,0.523809552192687988,True,False,False
Counter-Strike 2,Cu toata increderea,positive,steam_live,730,True,1778952338,13419,romanian,0,0.5,True,False,False
Counter-Strike 2,кал,positive,steam_live,730,True,1778952337,19971,russian,0,0.5,True,False,False
Counter-Strike 2,"( """"",positive,steam_live,730,True,1778952319,10311,czech,0,0.5,True,False,False
Counter-Strike 2,sami cheaterzy gra niegrywalna pet simulator wymaga wiecej myslenia,negative,steam_live,730,False,1778952316,19679,polish,0,0.5,True,False,False
Counter-Strike 2,game is ah,negative,steam_live,730,False,1778952311,4858,german,0,0.5,True,False,False
Counter-Strike 2,too many cheats,negative,steam_live,730,False,1778952273,209019,english,2,0.5,True,False,False
Counter-Strike 2,"Самая ужасная игра на свете

Если вы хотите научиться отстаивать жизнеспособность своей матери, то эта игра — для вас.
Единственное полезное, что вы можете от неё получить, — это абсолютное и беспрекословное безразличие к оскорблениям, помыкательствам и другим видам психологического надругательства над вашей психикой",negative,steam_live,730,False,1778952272,64566,russian,0,0.5,True,False,False
Counter-Strike 2,хорошш,positive,steam_live,730,True,1778952237,2890,russian,0,0.5,True,False,False
Counter-Strike 2,antycheat nie działa,negative,steam_live,730,False,1778952229,24331,polish,0,0.5,True,False,False
Counter-Strike 2,bestttttt game ❤️,positive,steam_live,730,True,1778952188,47,english,0,0.5,True,False,False
Counter-Strike 2,.,positive,steam_live,730,True,1778952182,26853,english,0,0.5,True,False,False
Counter-Strike 2,j,positive,steam_live,730,True,1778952141,44974,english,0,0.5,True,False,False
Counter-Strike 2,好玩,positive,steam_live,730,True,1778952067,50317,schinese,0,0.5,True,False,False
Counter-Strike 2,rhenfz buhf,positive,steam_live,730,True,1778952017,5322,russian,0,0.5,True,False,False
Counter-Strike 2,Bästa spelet,positive,steam_live,730,True,1778952005,38411,swedish,0,0.5,True,False,False
Counter-Strike 2,Gambling 👍,positive,steam_live,730,True,1778952001,27231,english,0,0.5,True,False,False
Counter-Strike 2,м ааЫаыа,positive,steam_live,730,True,1778951848,36623,russian,0,0.5,True,False,False
Counter-Strike 2,Pzdc o'yin,positive,steam_live,730,True,1778951814,38549,english,0,0.5,True,False,False
Counter-Strike 2,"игра на 10 минут, зашел побегал вышел",positive,steam_live,730,True,1778951698,100654,russian,0,0.5,True,False,False
Counter-Strike 2,Оптимизация радует,positive,steam_live,730,True,1778951696,477,russian,0,0.5,True,False,False
Counter-Strike 2,böyle oyunun...,positive,steam_live,730,True,1778951684,3079,turkish,2,0.541284441947937012,True,False,False
Counter-Strike 2,无畏契约太好玩了,positive,steam_live,730,True,1778951679,30525,schinese,0,0.5,True,False,False
Counter-Strike 2,...,positive,steam_live,730,True,1778951609,7096,russian,1,0.523809552192687988,True,False,False
Counter-Strike 2,mam porytą banie ale spokojnie to nie przez cs :}},positive,steam_live,730,True,1778951562,43770,polish,0,0.5,True,False,False
Counter-Strike 2,es entretenido,positive,steam_live,730,True,1778951523,9879,spanish,0,0.5,True,False,False
Counter-Strike 2,!!!!,positive,steam_live,730,True,1778951502,5709,russian,1,0.523809552192687988,True,False,False
Counter-Strike 2,Отличная игра,positive,steam_live,730,True,1778951459,7968,russian,0,0.5,True,False,False
Counter-Strike 2,very toxic,negative,steam_live,730,False,1778951455,9442,english,1,0.5,True,False,False
Counter-Strike 2,guns,positive,steam_live,730,True,1778951405,23408,polish,0,0.5,True,False,False
Counter-Strike 2,=),positive,steam_live,730,True,1778951321,250,ukrainian,0,0.5,True,False,False
Counter-Strike 2,Juego para desquiciarte,positive,steam_live,730,True,1778951295,7063,spanish,1,0.523809552192687988,True,False,False
Counter-Strike 2,gut diese,positive,steam_live,730,True,1778951224,5306,german,0,0.5,True,False,False
Counter-Strike 2,sdfsdf,positive,steam_live,730,True,1778951200,19093,russian,0,0.5,True,False,False
Counter-Strike 2,Richtig geil beschissenes Game,positive,steam_live,730,True,1778951195,26688,german,0,0.5,True,False,False
Counter-Strike 2,WW,positive,steam_live,730,True,1778951160,747,english,0,0.5,True,False,False
Counter-Strike 2,Best game I have ever played in my entire life. Barely runs on my potato though,positive,steam_live,730,True,1778951156,2875,english,0,0.5,True,False,False
Counter-Strike 2,за 140 мегаящиков,negative,steam_live,730,False,1778951148,11693,russian,0,0.5,True,False,False
Counter-Strike 2,一款会带来不幸的游戏,positive,steam_live,730,True,1778951146,38353,schinese,0,0.5,True,False,False
Counter-Strike 2,♥♥♥♥♥♥ говно 2,negative,steam_live,730,False,1778951123,10085,russian,0,0.5,True,False,False
Counter-Strike 2,```````````````````````````````````````````````````,positive,steam_live,730,True,1778951108,5038,english,0,0.5,True,False,False
Counter-Strike 2,we need port for mac !!!!!!!!,negative,steam_live,730,False,1778951083,3635,english,0,0.5,True,False,False
Counter-Strike 2,",",positive,steam_live,730,True,1778951076,9199,hungarian,0,0.5,True,False,False
Counter-Strike 2,anger but stress is fun,positive,steam_live,730,True,1778950998,2262,english,0,0.5,True,False,False
Counter-Strike 2,hate it or love it. after all it's vain.,positive,steam_live,730,True,1778950969,78623,german,0,0.5,True,False,False
Counter-Strike 2,yes cs2 yes much good eys kabbom n shi. very nice and very good i think maybe i think so yes perhaps. and yes. mhm. yes i like it. cs2 was csgo but no cs2,positive,steam_live,730,True,1778950910,2371,english,0,0.476190477609634399,True,False,False
Counter-Strike 2,a,positive,steam_live,730,True,1778950882,6147,english,0,0.5,True,False,False
Counter-Strike 2,豪玩,positive,steam_live,730,True,1778950881,10200,schinese,1,0.523809552192687988,True,False,False
Counter-Strike 2,"good,норм игра рег нормальный,не ьакой как в ксго",positive,steam_live,730,True,1778950878,204279,russian,0,0.5,True,False,False
Counter-Strike 2,Катки ищутся быстро,positive,steam_live,730,True,1778950844,673,russian,0,0.5,True,False,False
Counter-Strike 2,<3,positive,steam_live,730,True,1778950793,6524,russian,0,0.5,True,False,False
Counter-Strike 2,НАЙС,positive,steam_live,730,True,1778950788,8194,russian,0,0.5,True,False,False
Counter-Strike 2,s,negative,steam_live,730,False,1778950762,183281,english,0,0.5,True,False,False
Counter-Strike 2,Понравились новые дымы,positive,steam_live,730,True,1778950746,778,russian,0,0.5,True,False,False
Counter-Strike 2,steam://openurl/https://steamcommunity.com/id/jL-13/inventory/#730_2_38824393599,positive,steam_live,730,True,1778950704,15610,schinese,0,0.5,True,False,False
Counter-Strike 2,надеюсь в будущем когда я стану киберспортсменом будет рег будет имба пк и будет имба а так стрелялка не регалка,positive,steam_live,730,True,1778950701,16243,russian,0,0.5,True,False,False
Counter-Strike 2,имба,positive,steam_live,730,True,1778950682,7639,russian,0,0.5,True,False,False
Counter-Strike 2,nice,positive,steam_live,730,True,1778950653,9734,brazilian,0,0.5,True,False,False
Counter-Strike 2,tem muita coisa pra melhorar!,positive,steam_live,730,True,1778950644,45425,brazilian,0,0.5,True,False,False
Counter-Strike 2,¯\_(ツ)_/¯,positive,steam_live,730,True,1778950585,34547,russian,0,0.5,True,False,False
Counter-Strike 2,Премьер режим топчик,positive,steam_live,730,True,1778950563,222,russian,0,0.5,True,False,False
Counter-Strike 2,"This game is dead. Valve didn't pay any attention to their VAC anticheat, you literally can see a cheater on every game. The shooting is broken with casino experience: you have a small square where your bullet may land. Not exact point. Area. Any point in this area picked randomly. If you like gambling in skill-based games, I highly recommend, otherwise - pass",negative,steam_live,730,False,1778950539,1557,english,1,0.5,True,False,False
Counter-Strike 2,ŞU RUSLARA ÖZEL SERVER AÇIN AQ,positive,steam_live,730,True,1778950527,204,turkish,1,0.523809552192687988,True,False,False
Counter-Strike 2,"Jogo mt bom, problema e a valve querer fazer o vac live funcionar",positive,steam_live,730,True,1778950437,5172,brazilian,0,0.5,True,False,False
Counter-Strike 2,♥♥♥♥♥ ♥♥♥♥♥♥♥,positive,steam_live,730,True,1778950427,24048,russian,0,0.5,True,False,False
Counter-Strike 2,lindo,positive,steam_live,730,True,1778950407,62271,portuguese,0,0.5,True,False,False
Counter-Strike 2,"♥♥♥♥♥ позорная в которую нужно задротить и смысл игры в том, чтобы заплатить 1,5 рублей чтобы пассивно получать дроп с еженеделек или с кейсов за звезды, больше смысла нет",negative,steam_live,730,False,1778950373,32499,russian,0,0.5,True,False,False
Counter-Strike 2,"хз,ещё как то не наигрался",positive,steam_live,730,True,1778950296,9993,russian,0,0.5,True,False,False
Counter-Strike 2,GG,positive,steam_live,730,True,1778950273,337,english,1,0.523809552192687988,True,False,False
Counter-Strike 2,TODOS CHITEROS,positive,steam_live,730,True,1778950250,2349,spanish,0,0.5,True,False,False
Counter-Strike 2,lol,negative,steam_live,730,False,1778950250,11600,german,0,0.5,True,False,False
Counter-Strike 2,0-0,positive,steam_live,730,True,1778950183,756,russian,0,0.5,True,False,False
Counter-Strike 2,gameplay great spoilt by cheats,positive,steam_live,730,True,1778950154,5590,english,0,0.5,True,False,False
Counter-Strike 2,top,positive,steam_live,730,True,1778950062,23375,brazilian,0,0.5,True,False,False
Counter-Strike 2,"TBH I used to go hard on this game, but now I just log in for my weekly drops to help fund my steam shenanigans <.<",positive,steam_live,730,True,1778950024,94522,english,0,0.5,True,False,False
Counter-Strike 2,ЖОПА,positive,steam_live,730,True,1778949949,3498,russian,0,0.5,True,False,False
Counter-Strike 2,good companion game to [CS2: perpetual skins upgrade] game that I play.  Occasionally I have time to log into the minigame where you shoot the skins that you've recently acquired.,positive,steam_live,730,True,1778949910,11886,english,0,0.5,True,False,False
Counter-Strike 2,very chill game >.<,positive,steam_live,730,True,1778949877,35582,romanian,0,0.5,True,False,False
Counter-Strike 2,25,positive,steam_live,730,True,1778949866,1753,turkish,0,0.5,True,False,False
Counter-Strike 2,LEGAL,positive,steam_live,730,True,1778949854,2460,brazilian,0,0.5,True,False,False
Counter-Strike 2,dawdaw,positive,steam_live,730,True,1778949816,1046,english,0,0.5,True,False,False
Counter-Strike 2,TR,positive,steam_live,730,True,1778949769,2937,russian,0,0.5,True,False,False
Counter-Strike 2,sensacional,positive,steam_live,730,True,1778949763,32602,brazilian,0,0.5,True,False,False
Counter-Strike 2,Зарегай 2,positive,steam_live,730,True,1778949716,24621,russian,0,0.5,True,False,False
Counter-Strike 2,top,positive,steam_live,730,True,1778949425,2756,russian,1,0.523809552192687988,True,False,False
Counter-Strike 2,so many cheaters,positive,steam_live,730,True,1778949251,27817,english,0,0.5,True,False,False
Counter-Strike 2,+,positive,steam_live,730,True,1778949080,11218,russian,0,0.5,True,False,False
Counter-Strike 2,no cheaters so fun to play no toxicity and u know what to do everytime. amazing game,positive,steam_live,730,True,1778949047,1781,czech,1,0.5,True,False,False
Counter-Strike 2,,positive,steam_live,730,True,1778949035,2774,turkish,0,0.5,True,False,False
Counter-Strike 2,"slot machine with a aim trainer, this is easily my favorite afk clicker by far.",positive,steam_live,730,True,1778949034,624,english,0,0.5,True,False,False
Counter-Strike 2,asdasdasd,positive,steam_live,730,True,1778949028,7902,russian,0,0.5,True,False,False
Counter-Strike 2,не очкен,negative,steam_live,730,False,1778948986,107282,russian,0,0.5,True,False,False
Counter-Strike 2,JOGO LEGAL DEMAIS,positive,steam_live,730,True,1778948922,28270,brazilian,0,0.5,True,False,False
Counter-Strike 2,z,positive,steam_live,730,True,1778948887,25709,russian,0,0.5,True,False,False
Counter-Strike 2,багато років еволюції відеогор пройшло не дарма в цій грі майже за 30 років не помінялось кс як і була єбаною помойкою так і лишилась якшо хочите шоб ваc пиздили ногами дома і по кругу пускали поляки рекомендую!!!!!!!!!!!!!!!!!!!!!!,positive,steam_live,730,True,1778948875,36545,ukrainian,1,0.523809552192687988,True,False,False
Counter-Strike 2,"Einer der besten, wenn nicht der beste Shooter.",positive,steam_live,730,True,1778948809,3191,german,0,0.5,True,False,False
Counter-Strike 2,"only cheaters, dont play premier",negative,steam_live,730,False,1778948764,6207,english,1,0.5,True,False,False
Counter-Strike 2,;),positive,steam_live,730,True,1778948762,10787,german,0,0.5,True,False,False
Counter-Strike 2,Bu office mapini yapanında anasını sikeyim 3 iq beyinle oynayan bütün orosbu evlatlarınıda sikeyim,negative,steam_live,730,False,1778948690,7597,turkish,1,0.5,True,False,False
Counter-Strike 2,Nice game to give a reason to break you're screen,positive,steam_live,730,True,1778948653,2487,french,0,0.5,True,False,False
Counter-Strike 2,EYİ,positive,steam_live,730,True,1778948638,297,turkish,0,0.5,True,False,False
Counter-Strike 2,ИГРА АХУЕНАЯ ЕСЛИ ВЫ КОНЧЕННЫЙ,positive,steam_live,730,True,1778948619,65499,russian,0,0.5,True,False,False
Counter-Strike 2,"Почти 3 года прошло с релиза. Просто мрак. Это же насколько разработчикам все равно на свое детище, что игроки играют на ОТДЕЛЬНОЙ ПЛАТФОРМЕ, чтоб не играть против читеров?? (там, кстати, все тоже не так радужно). Вальве откровенно плевать на свою игру. И ведь не надо даже проводить тесты: зайдите на любой ДМ в игре и ужаснетесь - 80% игроков боты для фарма кейсов. Заходишь в премьер - каждая вторая игра против читера. Кидаешь репорты - толку 0. ВАК это просто шутка какая-то для читеров. О каком удовольствии от игры может идти речь - я не знаю. Просто ХУДШАЯ поддержка своего же продукта. НЕ вкладывайте в это свои деньги!!! А лучше идите сразу на фасик, там ХОТЯ БЫ ПЫТАЮТСЯ бороться за честный матчмейкинг. А вальве позор за такую поддержку продукта.  Рекомендовать такое - это себя не уважать.",negative,steam_live,730,False,1778948608,149097,russian,0,0.5,True,False,False
Counter-Strike 2,"As a gamer, this is one of those games you need to experience, that's the reason I recommend it. If you keep reading, you'll read mostly complaints.

There is a video by NakeyJakey where he tells his journey with the game, he explains well what you need to do to become good at the game. I suggest you watch it and decide if that's the kind of thing you want to spend your free time on.
Basically you need to headshot your enemies, memorize maps to know where enemies may be and where to throw grenades (in game modes with grenades), learn to strafe left and right while shooting (to not be a sitting target). If you think that learning these things is a regarding, then go ahead. If you just want to jump into a shooter and have some fun shooting strangers, then this isn't that good of an option. The reason tends to be that too many players can be on the same game, that makes most game modes unplayable if you are new and want to learn the game. I must confess though that improving on CS2 has made me a better player at other shooters that have some kind of aim assist, I am more aware of the corners and doors on every map, also.

Shooting is solid, weapons have distinctive recoil, accuracy and damage. But frontal headshots are insta-kill, anywhere else requires 2 or more shots.

The cosmetics can be ridiculously expensive. In the past you paid for a key and could get an extremely rare skin, but new boxes are free to open and you can pay for the skin (with prices as ridiculous as the market prices). So if you want a rare skin, you'll have to pay big bucks.",positive,steam_live,730,True,1778948581,2799,english,0,0.5,True,False,False
Counter-Strike 2,,negative,steam_live,730,False,1778948465,7139,russian,0,0.5,True,False,False
Counter-Strike 2,FIX THE ANTI CHEAT other wise best game oat,positive,steam_live,730,True,1778948425,1875,english,0,0.5,True,False,False
Counter-Strike 2,cykaa,positive,steam_live,730,True,1778948408,168876,english,0,0.5,True,False,False
Counter-Strike 2,masakra ban na 20 h za mecz w premier bo bylo duzo cheaterow to poco ten premier ....,negative,steam_live,730,False,1778948349,6204,polish,0,0.5,True,False,False
Counter-Strike 2,Lots of Chinese,positive,steam_live,730,True,1778948338,173,vietnamese,0,0.5,True,False,False
Counter-Strike 2,good game,positive,steam_live,730,True,1778948315,59138,russian,0,0.5,True,False,False
Counter-Strike 2,крута,positive,steam_live,730,True,1778948268,220718,russian,1,0.523809552192687988,True,False,False
Counter-Strike 2,111,positive,steam_live,730,True,1778948266,28568,schinese,1,0.52173912525177002,True,False,False
Counter-Strike 2,топ игра,positive,steam_live,730,True,1778948238,37645,russian,0,0.5,True,False,False
Counter-Strike 2,ОФИГЕННО!!!!!!!!!!!,positive,steam_live,730,True,1778948047,577,russian,0,0.5,True,False,False
Counter-Strike 2,awreytv WE 3QWET Bew,positive,steam_live,730,True,1778948042,11885,schinese,0,0.5,True,False,False
Counter-Strike 2,hacks only,positive,steam_live,730,True,1778948008,10743,english,0,0.5,True,False,False
Counter-Strike 2,buen juego,positive,steam_live,730,True,1778947972,18953,spanish,0,0.5,True,False,False
Counter-Strike 2,Nice Game,positive,steam_live,730,True,1778947903,2094,english,0,0.5,True,False,False
Counter-Strike 2,spermex,positive,steam_live,730,True,1778947882,13726,polish,0,0.5,True,False,False
Counter-Strike 2,Hile var,positive,steam_live,730,True,1778947858,5151,turkish,1,0.523809552192687988,True,False,False
Counter-Strike 2,eeeee,positive,steam_live,730,True,1778947646,11308,polish,0,0.5,True,False,False
Counter-Strike 2,♥♥♥♥♥ для даунов,positive,steam_live,730,True,1778947638,11918,russian,0,0.5,True,False,False
Counter-Strike 2,казино еб?нн?е,positive,steam_live,730,True,1778947601,27877,russian,0,0.5,True,False,False
Counter-Strike 2,"Counter-Strike: the game where everyone is either cheating, accusing someone of cheating, or coping by opening cases.

10/10, financially ruined but entertained.",positive,steam_live,730,True,1778947597,1274,english,0,0.5,True,False,False
Counter-Strike 2,игра имба если ты не лоутаб,positive,steam_live,730,True,1778947591,965,russian,0,0.5,True,False,False
Counter-Strike 2,nb,positive,steam_live,730,True,1778947564,6721,schinese,0,0.5,True,False,False
Counter-Strike 2,wenn man schnell russisch lernen will top 10/10. nachteil ist wenn du klinisch gesund bist brauchst du nach einer woche blutdruck senker.,negative,steam_live,730,False,1778947524,1092,german,0,0.5,True,False,False
Counter-Strike 2,好玩,positive,steam_live,730,True,1778947486,20512,schinese,0,0.5,True,False,False
Counter-Strike 2,обзор кароче имеет вес,positive,steam_live,730,True,1778947458,11915,russian,0,0.5,True,False,False
Counter-Strike 2,best game ever,positive,steam_live,730,True,1778947447,38166,english,0,0.5,True,False,False
Counter-Strike 2,Awesome,positive,steam_live,730,True,1778947380,8796,english,0,0.5,True,False,False
Counter-Strike 2,прикольно,positive,steam_live,730,True,1778947334,6244,russian,1,0.523809552192687988,True,False,False
Counter-Strike 2,too many hackers,negative,steam_live,730,False,1778947276,8852,english,2,0.523809552192687988,True,False,False
Counter-Strike 2,this game is my favorite,positive,steam_live,730,True,1778947241,21497,russian,0,0.5,True,False,False
Counter-Strike 2,для будущих свошников сойдет❤️,positive,steam_live,730,True,1778947175,42097,russian,0,0.5,True,False,False
Counter-Strike 2,great gam,positive,steam_live,730,True,1778947171,1931,english,0,0.5,True,False,False
Counter-Strike 2,Best shooter game,positive,steam_live,730,True,1778947168,9725,hungarian,1,0.523809552192687988,True,False,False
Counter-Strike 2,The best shooter game of all time!,positive,steam_live,730,True,1778947153,23288,russian,0,0.5,True,False,False
Counter-Strike 2,надо перестать играть,positive,steam_live,730,True,1778947132,8227,russian,0,0.5,True,False,False
Counter-Strike 2,This game is a joke idk how people still play it and skins are worth something VAC is not working or people just trolling  10k players lossing to 1k shooting is 50/50 % gamble movement is trash idk why did i try it and buy prime cant refund... and most of reviews that are mark as good are negative people are crying how bad the game is but still nostalgic,negative,steam_live,730,False,1778947100,19381,english,0,0.5,True,False,False
Counter-Strike 2,hgood,positive,steam_live,730,True,1778947080,2389,english,0,0.5,True,False,False
Counter-Strike 2,HERKEZ OYNAMALI TAVSİYE EDİYORUM AMA FACE,positive,steam_live,730,True,1778947072,1178,turkish,0,0.5,True,False,False
Counter-Strike 2,Volvo fix your ♥♥♥♥♥♥ ass matchmaking and while at it fix the game itself too,negative,steam_live,730,False,1778947061,13447,polish,0,0.5,True,False,False
Counter-Strike 2,"Çok güzel bir oyun; her yaşa hitaben, tavsiye ederim.",positive,steam_live,730,True,1778947007,60446,turkish,0,0.5,True,False,False
Counter-Strike 2,thanks for 1cent skin gaben,positive,steam_live,730,True,1778946980,20454,french,0,0.5,True,False,False
Counter-Strike 2,почти зарегало 2,positive,steam_live,730,True,1778946949,104692,russian,0,0.5,True,False,False
Counter-Strike 2,♥♥♥♥♥♥ ♥♥♥♥♥♥♥♥ game,positive,steam_live,730,True,1778946879,88298,english,0,0.5,True,False,False
Counter-Strike 2,кал,negative,steam_live,730,False,1778946869,1327,russian,0,0.5,True,False,False
Counter-Strike 2,"Jeu vraiment très intéressant
Si vous voulez commencer à apprendre le russe, avoir de la paranoïa ainsi que de la schizophrénie ce jeu est fait pour vous !

Jeu très bien si vous voulez ne plus sortir de votre chambre, ne pas avoir de femme, de vie sociale, d'avenir et j'en passe. 

Je recommande tout de même ce jeu !",positive,steam_live,730,True,1778946866,22365,french,0,0.5,True,False,False
Counter-Strike 2,1,positive,steam_live,730,True,1778946764,75222,schinese,0,0.5,True,False,False
Counter-Strike 2,Piece of ♥♥♥♥♥♥♥♥♥♥♥♥,positive,steam_live,730,True,1778946644,39106,english,0,0.5,True,False,False
Counter-Strike 2,Геймплей просто аху...крутой,positive,steam_live,730,True,1778946617,73179,russian,0,0.5,True,False,False
Counter-Strike 2,топик,positive,steam_live,730,True,1778946552,2765,russian,0,0.5,True,False,False
Counter-Strike 2,норм,positive,steam_live,730,True,1778946537,2561,russian,1,0.523809552192687988,True,False,False
Counter-Strike 2,makes me wanna ropemaxx,negative,steam_live,730,False,1778946512,27759,hungarian,0,0.5,True,False,False
Counter-Strike 2,игра залупа полная,positive,steam_live,730,True,1778946500,13976,russian,0,0.5,True,False,False
Counter-Strike 2,вкап,positive,steam_live,730,True,1778946477,29615,russian,0,0.5,True,False,False
Counter-Strike 2,как приложение для монтирования видео-- не очень,positive,steam_live,730,True,1778946440,9151,russian,0,0.5,True,False,False
Counter-Strike 2,好评如潮,positive,steam_live,730,True,1778946410,5060,schinese,0,0.5,True,False,False
Counter-Strike 2,"Норм обнова, играем",positive,steam_live,730,True,1778946389,585,russian,0,0.5,True,False,False
Counter-Strike 2,mając 43 godziny na tym koncie polecam tą gre kiedys napisze kolejną recenzje,positive,steam_live,730,True,1778946330,2874,polish,0,0.5,True,False,False
Counter-Strike 2,"Игра огонь, рекомендую",positive,steam_live,730,True,1778946328,984,russian,0,0.5,True,False,False
Counter-Strike 2,too many hackers,negative,steam_live,730,False,1778946312,110611,english,1,0.5,True,False,False
Counter-Strike 2,BAD GAME IF UR STUPID,positive,steam_live,730,True,1778946299,26752,english,0,0.5,True,False,False
Counter-Strike 2,игра очень крутая больше нет читеров после покупки прайма,positive,steam_live,730,True,1778946297,1940,russian,0,0.5,True,False,False
Counter-Strike 2,пиструн,positive,steam_live,730,True,1778946283,42710,russian,0,0.5,True,False,False
Counter-Strike 2,ideal pour tout decompressé sur des inconnue apres une journée sur les nerf,positive,steam_live,730,True,1778946240,8718,french,1,0.523809552192687988,True,False,False
Counter-Strike 2,сигмо гейм,positive,steam_live,730,True,1778946168,21262,russian,0,0.5,True,False,False
Counter-Strike 2,"Игра огонь, но VAC-баны читерюг оставляют желать лучшего",positive,steam_live,730,True,1778946148,14047,russian,0,0.5,True,False,False
Counter-Strike 2,Symulator Nauki Rosyjskiego polecam,positive,steam_live,730,True,1778946091,25672,polish,0,0.5,True,False,False
Counter-Strike 2,too many russians,positive,steam_live,730,True,1778946073,921,english,0,0.5,True,False,False
Counter-Strike 2,"jogo lixo, jogarei mais vezes",negative,steam_live,730,False,1778946070,5110,brazilian,0,0.5,True,False,False
Counter-Strike 2,Премьер режим топчик,positive,steam_live,730,True,1778946036,467,russian,0,0.5,True,False,False
Counter-Strike 2,beenmedim,negative,steam_live,730,False,1778946033,6312,turkish,0,0.5,True,False,False
Counter-Strike 2,gud gaem,positive,steam_live,730,True,1778945973,29236,english,0,0.5,True,False,False
Counter-Strike 2,low this game,negative,steam_live,730,False,1778945830,526,russian,1,0.523809552192687988,True,False,False
Counter-Strike 2,şahane,positive,steam_live,730,True,1778945799,198735,turkish,1,0.523809552192687988,True,False,False
Counter-Strike 2,Лагает,positive,steam_live,730,True,1778945787,1770,russian,0,0.5,True,False,False
Counter-Strike 2,:P,positive,steam_live,730,True,1778945765,1075,spanish,1,0.523809552192687988,True,False,False
Counter-Strike 2,"Umarım bu oyunda emeği gecen tüm geliştiriciler testis kanseri gecirip hayatlarına kadın olarak devam ederler.Bu kadar zor olmamalı bir anti Cheat yapmak. Eşek yüküyle para kazanıyorlar hala adam akıllı anti-cheat üretemediler.
Yazık",negative,steam_live,730,False,1778945759,31005,turkish,0,0.5,True,False,False
Counter-Strike 2,"классная игра, лишился мамы, но теперь у меня два отца",positive,steam_live,730,True,1778945707,13898,russian,0,0.5,True,False,False
Counter-Strike 2,10/10,positive,steam_live,730,True,1778945679,29269,russian,0,0.5,True,False,False
Counter-Strike 2,.,positive,steam_live,730,True,1778945678,393,russian,0,0.5,True,False,False
Counter-Strike 2,ml,positive,steam_live,730,True,1778945595,403,french,0,0.5,True,False,False
Counter-Strike 2,ćwiczenie refleksu i fajna gierka,positive,steam_live,730,True,1778945593,809,polish,0,0.5,True,False,False
Counter-Strike 2,"Качаю звание, все супер",positive,steam_live,730,True,1778945573,64,russian,0,0.5,True,False,False
Counter-Strike 2,♥♥♥♥♥♥ как жаль свои 462 часа,positive,steam_live,730,True,1778945517,27762,russian,0,0.5,True,False,False
Counter-Strike 2,+5,positive,steam_live,730,True,1778945474,3818,russian,0,0.5,True,False,False
Counter-Strike 2,好玩,positive,steam_live,730,True,1778945423,61802,tchinese,0,0.5,True,False,False
Counter-Strike 2,"Пж зарегай 2 или другое название пж без мамкиных читеров 2. Опустили игру ниже плинитуса своими обновлениями, нет реги, читеры попадаются чаще чем ты дышишь.",negative,steam_live,730,False,1778945343,31620,russian,1,0.523809552192687988,True,False,False
Counter-Strike 2,You will sink your money and time into this game to get mediocre returns in both :),negative,steam_live,730,False,1778945301,78086,english,0,0.5,True,False,False
Counter-Strike 2,VAC = Valve Allows Cheats. The world's best cheat testing environment. Many thanks to Valve for proving to us live in 2-3 matches every day how third-party software destroys the game. Those who want to become mentally ill and lose their sanity can download it now.,negative,steam_live,730,False,1778945247,13247,turkish,1,0.5,True,False,False
Counter-Strike 2,"https://steamcommunity.com/id/donkgojo/inventory/#730_2_41640713724
https://steamcommunity.com/id/perf-/inventory/#730_2_23880241512",positive,steam_live,730,True,1778945246,215737,russian,0,0.5,True,False,False
Counter-Strike 2,OK,positive,steam_live,730,True,1778945245,110816,russian,0,0.5,True,False,False
Counter-Strike 2,я убил крысу а игра топ,positive,steam_live,730,True,1778945226,3174,russian,0,0.5,True,False,False
Counter-Strike 2,BEST,positive,steam_live,730,True,1778945209,7057,schinese,0,0.5,True,False,False
Counter-Strike 2,"New update prevents me from playing again,reinstalling and verifying files did not work.",negative,steam_live,730,False,1778945189,9712,english,0,0.5,True,False,False
Counter-Strike 2,"как выйти с этой помойки, где кнопка??7",negative,steam_live,730,False,1778945157,30346,russian,0,0.5,True,False,False
Counter-Strike 2,"наипрекрассная игра,первый раз зашел,за мной побежал семилетний пацан со словами:""Я чикатило""",positive,steam_live,730,True,1778945120,37832,russian,0,0.523809552192687988,True,False,False
Counter-Strike 2,good game,positive,steam_live,730,True,1778945043,33399,polish,0,0.476190477609634399,True,False,False
Counter-Strike 2,дада,positive,steam_live,730,True,1778944902,7537,russian,0,0.5,True,False,False
Counter-Strike 2,I met a lot of russians who speak such beautiful words i even learnoed some russian and the enemies have such skills that they can noscope me trough a wall in the head with a scout they are really good at the game,positive,steam_live,730,True,1778944878,26569,english,0,0.5,True,False,False
Counter-Strike 2,n1,positive,steam_live,730,True,1778944863,60434,english,0,0.5,True,False,False
Counter-Strike 2,normis,positive,steam_live,730,True,1778944838,1336,russian,0,0.5,True,False,False
Counter-Strike 2,abi bu oyun ♥♥♥ iyi ya hacoş,positive,steam_live,730,True,1778944760,1946,turkish,1,0.523809552192687988,True,False,False
Counter-Strike 2,накидали репортов зато что новичек игра топ,negative,steam_live,730,False,1778944745,493,russian,0,0.5,True,False,False
Counter-Strike 2,"anticheat bad , farming drops is all",negative,steam_live,730,False,1778944733,34367,english,1,0.5,True,False,False
Counter-Strike 2,НУ ПРОСТО ♥♥♥♥♥♥ ЕБАННЫЙ А НЕ ИГРА СУККА,negative,steam_live,730,False,1778944608,11851,russian,0,0.5,True,False,False
Counter-Strike 2,bought premium spent tons of money on cases and terminals gained pretty much nothing 10/10 would recommend,positive,steam_live,730,True,1778944590,2993,english,0,0.5,True,False,False
Counter-Strike 2,Рыготня подзаборной шафки отъёбанной бомжом под мефом,negative,steam_live,730,False,1778944555,11107,russian,0,0.5,True,False,False
Counter-Strike 2,vive l'ukraine,positive,steam_live,730,True,1778944505,3067,french,1,0.523809552192687988,True,False,False
Counter-Strike 2,"The game is full of cheaters, and Valve doing nothing with it...",negative,steam_live,730,False,1778944482,4669,czech,0,0.5,True,False,False
Counter-Strike 2,very russian,positive,steam_live,730,True,1778944455,38886,english,0,0.5,True,False,False
Counter-Strike 2,это просто ♥♥♥♥♥♥,positive,steam_live,730,True,1778944420,7698,russian,0,0.5,True,False,False
Counter-Strike 2,.,positive,steam_live,730,True,1778944379,6240,english,0,0.5,True,False,False
Counter-Strike 2,hile olmasa güzel oyun,positive,steam_live,730,True,1778944316,2527,turkish,1,0.523809552192687988,True,False,False
Counter-Strike 2,"⠀⣠⣤⣄⠀⠀⠀⠀⠀⠀⠀⠀⠀⠀⠀⠀⠀⠀⠀
⠀⠀⠀⠀⠀⠀⠀⠀⠀⠀⠀⢰⣿⣿⣿⡷⠀⠀⠀⠀⠀⠀⠀⠀⠀⠀⠀⠀⠀⠀
⠀⠀⠀⠀⠀⠀⠀⠀⠀⠀⠀⢀⣙⡛⠛⠁⠀⠀⠀⠀⠀⠀⠀⠀⠀⠀⠀⠀⠀⠀
⠀⠀⠀⠀⠀⠀⠀⠀⠀⠀⢀⣿⣿⣿⡆⠀⠀⠀⠀⠀⠀⠀⠀⠀⠀⠀⠀⠀⠀⠀
⠀⠀⠀⠀⠀⠀⠀⠀⠀⠀⣾⣿⣿⣿⣧⠀⠀⠀⠀⠀⠀⠀⠀⠀⠀⠀⠀⠀
⠀⠀⠀⠀⠀⠀⠀⠀⠀⢰⣿⣿⣿⠙⣿⣧⠀⠀⠀⠀⠀⠀⣾⣿⣿⣷⠀⠀⠀⠀⠀⠀
⠀⠀⠀⠀⠀⠀⠀⠀⠀⢻⣿⣿⣇⣴⣮⡿⣿.⠀⠀⠀⠀⣙⠿⠿⠋⠀⠀⠀⠀⠀⠀
⠀⠀⠀⠀⠀⠀⠀⠀⠀⠘⣿⣿⡏⣿⣿⣿⣾⣾⣿⣿⣿⣷⠀⠀⠀⠀⠀⠀⠀⠀
⠀⠀⠀⠀⠀⠀⢀⣀⣀⣀⣿⣿⡇⢿⣿⡇⠈⠉⠻⡿⣿⡏⠀⠀⠀⠀⠀⠀⠀⠀
⠀⠀⠀⠀⠀⠀⠘⠿⠿⠿⠿⠿⠧⠿⠿⠇⠀⠀⠀⠀⠿⠿⠿⠿⠗",positive,steam_live,730,True,1778944275,7655,english,0,0.5,True,False,False
Counter-Strike 2,нормас,positive,steam_live,730,True,1778944251,14472,russian,0,0.5,True,False,False
Counter-Strike 2,"pra que fazer um jogo tão ruim tendo uma lenda chamada cs go, nessa conta tenho só 200hrs só que  juntando outras contas da mais de 1k de hrs.
 VOLTEM COM CSGO PFV",negative,steam_live,730,False,1778944236,16554,brazilian,0,0.5,True,False,False
Counter-Strike 2,игра для конченых,negative,steam_live,730,False,1778944210,15214,russian,0,0.5,True,False,False
Counter-Strike 2,♥♥♥♥♥,negative,steam_live,730,False,1778944204,836,russian,0,0.5,True,False,False
Counter-Strike 2,very tuf,positive,steam_live,730,True,1778944202,4219,english,0,0.5,True,False,False
Counter-Strike 2,топчик,positive,steam_live,730,True,1778944102,70,russian,0,0.5,True,False,False
Counter-Strike 2,güzel,positive,steam_live,730,True,1778944024,13645,turkish,0,0.5,True,False,False
Counter-Strike 2,Jogo esta acabando por contas dos chiters...,positive,steam_live,730,True,1778943936,9322,brazilian,0,0.5,True,False,False
Counter-Strike 2,Я узнал много нового про свою родословную,positive,steam_live,730,True,1778943791,1254,russian,0,0.5,True,False,False
Counter-Strike 2,Very boyfriend friendly!,positive,steam_live,730,True,1778943744,1367,english,1,0.523809552192687988,True,False,False
Counter-Strike 2,ight,positive,steam_live,730,True,1778943738,111492,english,0,0.5,True,False,False
Counter-Strike 2,juego de mierda,positive,steam_live,730,True,1778943735,57441,latam,0,0.5,True,False,False
Counter-Strike 2,beautiful russiians,positive,steam_live,730,True,1778943705,1340,english,0,0.5,True,False,False
Counter-Strike 2,ф,positive,steam_live,730,True,1778943697,7913,russian,0,0.5,True,False,False
Counter-Strike 2,Отличное обновление,positive,steam_live,730,True,1778943635,2124,russian,1,0.523809552192687988,True,False,False
Counter-Strike 2,fsfsd,negative,steam_live,730,False,1778943628,1367,english,0,0.5,True,False,False
Counter-Strike 2,Muito bom,positive,steam_live,730,True,1778943587,2791,brazilian,1,0.523809552192687988,True,False,False
Counter-Strike 2,"Норм обнова, играем",positive,steam_live,730,True,1778943495,388,russian,0,0.5,True,False,False
Counter-Strike 2,veri gud nonsense bat gud,positive,steam_live,730,True,1778943490,4827,english,0,0.5,True,False,False
Counter-Strike 2,gjfgjfgfgjffgj,positive,steam_live,730,True,1778943475,2759,finnish,0,0.5,True,False,False
Counter-Strike 2,+REP,positive,steam_live,730,True,1778943458,7188,turkish,1,0.523809552192687988,True,False,False
Counter-Strike 2,jeu cancer mais bien,positive,steam_live,730,True,1778943375,30409,french,1,0.523809552192687988,True,False,False
Counter-Strike 2,przed chwilą zabiłem swojego teammate'a za bycie gównem,positive,steam_live,730,True,1778943210,5278,polish,1,0.523809552192687988,True,False,False
Counter-Strike 2,nice,positive,steam_live,730,True,1778943196,17076,russian,0,0.5,True,False,False
Counter-Strike 2,kocham cs2,positive,steam_live,730,True,1778943181,33864,polish,0,0.5,True,False,False
Counter-Strike 2,"pt pt pt pt 
CLANGM 
terrorists win",positive,steam_live,730,True,1778943172,1923,english,0,0.5,True,False,False
Counter-Strike 2,The game is lowkey ass,negative,steam_live,730,False,1778943162,46385,german,1,0.523809552192687988,True,False,False
Counter-Strike 2,"i hate and love this game 
i would definitely recomen it top othersa",positive,steam_live,730,True,1778943058,16195,english,0,0.5,True,False,False
Counter-Strike 2,valorant is better,negative,steam_live,730,False,1778943039,15951,english,0,0.5,True,False,False
Counter-Strike 2,it´s very good and fun game,positive,steam_live,730,True,1778943031,4985,czech,1,0.523809552192687988,True,False,False
Counter-Strike 2,best game,positive,steam_live,730,True,1778943020,45518,english,0,0.5,True,False,False
Counter-Strike 2,trash,negative,steam_live,730,False,1778943018,116865,czech,0,0.5,True,False,False
Counter-Strike 2,классно,positive,steam_live,730,True,1778942939,14906,russian,0,0.5,True,False,False
Counter-Strike 2,.,positive,steam_live,730,True,1778942892,36616,russian,0,0.5,True,False,False
Counter-Strike 2,rhenfqa buhf,positive,steam_live,730,True,1778942674,653,russian,0,0.5,True,False,False
Counter-Strike 2,тяжелый случай,positive,steam_live,730,True,1778942616,17980,russian,0,0.5,True,False,False
Counter-Strike 2,veri gud gejm aj rekomend,positive,steam_live,730,True,1778942609,12556,english,0,0.5,True,False,False
Counter-Strike 2,"我喜欢这款游戏，纯粹的fps,没有华丽的射击效果，没有眼花缭乱的技能，既有拟真的感觉又有竞技的内核，毫无疑问，cs2是我遇到的最好的fps游戏，可惜，我现在不能玩了，但我相信下次重逢一定是更加美好的相遇。",positive,steam_live,730,True,1778942589,26581,schinese,0,0.5,True,False,False
Counter-Strike 2,cool,positive,steam_live,730,True,1778942573,1461,russian,0,0.5,True,False,False
Counter-Strike 2,SO FUN,positive,steam_live,730,True,1778942569,1252,english,0,0.5,True,False,False
Counter-Strike 2,Good game but full of cheaters,positive,steam_live,730,True,1778942550,4305,english,0,0.5,True,False,False
Counter-Strike 2,"DONT DO IT, BUT DO IT",positive,steam_live,730,True,1778942549,487,english,0,0.5,True,False,False
Counter-Strike 2,Foarte buna joaca,positive,steam_live,730,True,1778942517,29,russian,0,0.5,True,False,False
Counter-Strike 2,люблю мазать с мухи,positive,steam_live,730,True,1778942507,735,russian,0,0.5,True,False,False
Counter-Strike 2,viciei nessa desgraça,positive,steam_live,730,True,1778942479,3939,brazilian,0,0.5,True,False,False
Counter-Strike 2,Nice game,positive,steam_live,730,True,1778942476,662,french,1,0.523809552192687988,True,False,False
Counter-Strike 2,все имба,positive,steam_live,730,True,1778942322,1515,russian,0,0.5,True,False,False
Counter-Strike 2,"Lots of hacker, unfair match making, too many reports yet no punishment on reported players.",negative,steam_live,730,False,1778942263,9618,english,1,0.5,True,False,False
Counter-Strike 2,in this game more cheaters than in tinder,positive,steam_live,730,True,1778942156,3725,english,0,0.5,True,False,False
Counter-Strike 2,"игра шикарная, каждая новая катка и я узнаю новые виды вертолётов",positive,steam_live,730,True,1778942129,13236,russian,0,0.5,True,False,False
Counter-Strike 2,пж зарегай 2,negative,steam_live,730,False,1778942097,37120,russian,0,0.5,True,False,False
Counter-Strike 2,super,positive,steam_live,730,True,1778942053,124805,turkish,1,0.523809552192687988,True,False,False
Counter-Strike 2,i like,positive,steam_live,730,True,1778941944,8555,spanish,0,0.5,True,False,False
Counter-Strike 2,габен жесткие дропы с еженедельного дает,positive,steam_live,730,True,1778941942,9372,russian,0,0.5,True,False,False
Counter-Strike 2,неплохо,positive,steam_live,730,True,1778941859,25756,russian,0,0.5,True,False,False
Counter-Strike 2,откалибровался на 11к сидя на лоутабе,positive,steam_live,730,True,1778941832,24750,russian,0,0.5,True,False,False
Counter-Strike 2,o melhor jogo ja criado.,positive,steam_live,730,True,1778941807,13969,brazilian,0,0.5,True,False,False
Counter-Strike 2,傻逼游戏优先模式都开转了照样不封禁,negative,steam_live,730,False,1778941807,43838,schinese,0,0.5,True,False,False
Counter-Strike 2,"кс - игра для нормисов и массовки, у которых нет воображения 
+тимы говно",positive,steam_live,730,True,1778941779,7263,russian,0,0.5,True,False,False
Counter-Strike 2,Все понравилось!,positive,steam_live,730,True,1778941758,22385,russian,0,0.5,True,False,False
Counter-Strike 2,класс,positive,steam_live,730,True,1778941703,6181,russian,0,0.5,True,False,False
Counter-Strike 2,КОГДА НОВЫЙ ТЕРМИНАЛ,positive,steam_live,730,True,1778941693,8503,russian,0,0.5,True,False,False
Counter-Strike 2,Jebać rosyjskie dzieci,positive,steam_live,730,True,1778941656,21312,polish,0,0.5,True,False,False
Counter-Strike 2,1,positive,steam_live,730,True,1778941518,64216,schinese,0,0.5,True,False,False
Counter-Strike 2,"really ok game dawg this goes insane with homies and just dudes

no women though at all like it's all over",positive,steam_live,730,True,1778941518,22,english,0,0.5,True,False,False
Counter-Strike 2,♥♥♥♥♥ мать габена умерла,positive,steam_live,730,True,1778941515,5676,ukrainian,0,0.5,True,False,False
Counter-Strike 2,güzel oyun,positive,steam_live,730,True,1778941513,20984,turkish,0,0.5,True,False,False
Counter-Strike 2,"La verdad meparece un juego muy bueno, tiene graficos buenisimos, la jugabilidad es buenisima, es un juego perfecto para mi gusto, lamentablemente esta repleto de gente usando hack y eso arruina muchisimo la experiencia sino seria un 10, pero por los hacers le doy un 7",positive,steam_live,730,True,1778941483,14673,spanish,0,0.5,True,False,False
Counter-Strike 2,It's literally a garbage dump,positive,steam_live,730,True,1778941483,27921,vietnamese,1,0.523809552192687988,True,False,False
Counter-Strike 2,♥♥♥♥♥ 2,negative,steam_live,730,False,1778941480,17633,russian,0,0.5,True,False,False
Counter-Strike 2,HHHHHHHHHHHHH,positive,steam_live,730,True,1778941460,2437,schinese,0,0.5,True,False,False
Counter-Strike 2,нраится,positive,steam_live,730,True,1778941426,5633,russian,0,0.5,True,False,False
Counter-Strike 2,заебись,positive,steam_live,730,True,1778941383,24433,russian,1,0.523809552192687988,True,False,False
Counter-Strike 2,Top game,positive,steam_live,730,True,1778941278,51,russian,0,0.5,True,False,False
Counter-Strike 2,Che dire? Ha fatto la storia!,positive,steam_live,730,True,1778941255,7354,italian,0,0.5,True,False,False
Counter-Strike 2,es muy bueno,positive,steam_live,730,True,1778941241,8158,spanish,0,0.5,True,False,False
Counter-Strike 2,Игра для даунов,positive,steam_live,730,True,1778941236,1365,russian,0,0.5,True,False,False
Counter-Strike 2,Норм,positive,steam_live,730,True,1778941194,2467,russian,1,0.523809552192687988,True,False,False
Counter-Strike 2,fps  기준이되는 게임,positive,steam_live,730,True,1778940977,10562,koreana,0,0.5,True,False,False
Counter-Strike 2,1111,positive,steam_live,730,True,1778940962,11862,schinese,0,0.5,True,False,False
Counter-Strike 2,9178,positive,steam_live,730,True,1778940907,349,schinese,0,0.5,True,False,False
Counter-Strike 2,karışık,positive,steam_live,730,True,1778940866,11621,turkish,1,0.523809552192687988,True,False,False
Counter-Strike 2,"best game but alot of cheaters, smurfers and annoying people",positive,steam_live,730,True,1778940813,20878,english,0,0.5,True,False,False
Counter-Strike 2,a,positive,steam_live,730,True,1778940793,2139,english,0,0.5,True,False,False
Counter-Strike 2,"игра для аутистов и макак,10/10",positive,steam_live,730,True,1778940777,32684,ukrainian,0,0.5,True,False,False
Counter-Strike 2,Düz çöp,negative,steam_live,730,False,1778940764,25110,turkish,1,0.5,True,False,False
Counter-Strike 2,lleno de chiteros y no hacen nada,negative,steam_live,730,False,1778940738,2546,spanish,1,0.5,True,False,False
Counter-Strike 2,иди в попу,positive,steam_live,730,True,1778940723,2299,russian,0,0.5,True,False,False
Counter-Strike 2,"Игра огонь, рекомендую",positive,steam_live,730,True,1778940681,750,russian,0,0.5,True,False,False
Counter-Strike 2,"почините игру, дети отсталых обезьян",negative,steam_live,730,False,1778940679,102031,russian,0,0.5,True,False,False
Counter-Strike 2,.,negative,steam_live,730,False,1778940678,45436,brazilian,0,0.5,True,False,False
Counter-Strike 2,adicdick,positive,steam_live,730,True,1778940651,45959,english,0,0.5,True,False,False
Counter-Strike 2,"Rampant cheating issues in both prime and non-prime matchmaking, premiere is a joke. Loved this game a few years ago now I'm just tired of shooters in general and that's definately a me issue and not the games fault. Even still, one of the biggest games on the platform pulling millions of players every day and still can't do anything about the cheaters in it. Make it make sense, P.S GOLD GOLD GOLD",negative,steam_live,730,False,1778940635,9898,english,1,0.5,True,False,False
Counter-Strike 2,9,positive,steam_live,730,True,1778940624,37632,russian,0,0.5,True,False,False
Counter-Strike 2,https://steamcommunity.com/id/donkgojo/inventory/#730_2_41640713724,positive,steam_live,730,True,1778940600,20861,russian,1,0.523809552192687988,True,False,False
Counter-Strike 2,!?强强？！,positive,steam_live,730,True,1778940580,802,schinese,1,0.523809552192687988,True,False,False
Counter-Strike 2,夯爆了,positive,steam_live,730,True,1778940561,8556,schinese,0,0.5,True,False,False
Counter-Strike 2,i recomend this game,positive,steam_live,730,True,1778940533,12803,english,0,0.5,True,False,False
Counter-Strike 2,很棒，特别是改了弹夹很傻,positive,steam_live,730,True,1778940526,119638,schinese,0,0.5,True,False,False
Counter-Strike 2,Топ за свои деньги,positive,steam_live,730,True,1778940457,393,russian,0,0.5,True,False,False
Counter-Strike 2,F,negative,steam_live,730,False,1778940354,24630,russian,1,0.523809552192687988,True,False,False
Counter-Strike 2,T6F,positive,steam_live,730,True,1778940330,71947,russian,0,0.5,True,False,False
Counter-Strike 2,the best game,positive,steam_live,730,True,1778940236,6957,english,0,0.5,True,False,False
Counter-Strike 2,Имба,positive,steam_live,730,True,1778940235,4635,russian,0,0.5,True,False,False
Counter-Strike 2,♥♥♥♥♥,positive,steam_live,730,True,1778940174,12092,russian,0,0.5,True,False,False
Counter-Strike 2,You need a Team to have fun ! Solo play is terible and 80% in the top 1000 are Cheaters,positive,steam_live,730,True,1778940090,7849,german,0,0.5,True,False,False
Counter-Strike 2,vac is ♥♥♥♥,negative,steam_live,730,False,1778940035,29962,english,0,0.5,True,False,False
Counter-Strike 2,♥♥♥♥,negative,steam_live,730,False,1778939991,2502,hungarian,0,0.5,True,False,False
Counter-Strike 2,1,positive,steam_live,730,True,1778939902,12158,russian,0,0.5,True,False,False
Counter-Strike 2,牛逼,positive,steam_live,730,True,1778939902,2008,schinese,0,0.5,True,False,False
Counter-Strike 2,good gejm,positive,steam_live,730,True,1778939880,7932,english,1,0.523809552192687988,True,False,False
Counter-Strike 2,good,positive,steam_live,730,True,1778939836,4651,english,0,0.5,True,False,False
Counter-Strike 2,nice game,positive,steam_live,730,True,1778939817,2666,polish,0,0.5,True,False,False
Counter-Strike 2,не советую эту игру на премьере очень много читеров и их не банят почемуто лудше всего играть через фейсит,negative,steam_live,730,False,1778939748,44025,russian,0,0.5,True,False,False
Counter-Strike 2,GG MENS,positive,steam_live,730,True,1778939704,1084,english,0,0.5,True,False,False
Counter-Strike 2,Melhor jogo,positive,steam_live,730,True,1778939661,26365,brazilian,1,0.523809552192687988,True,False,False
Counter-Strike 2,ak,positive,steam_live,730,True,1778939617,1314,russian,0,0.5,True,False,False
Counter-Strike 2,ъ,positive,steam_live,730,True,1778939429,3444,russian,0,0.5,True,False,False
Counter-Strike 2,это паража полная,negative,steam_live,730,False,1778939388,1782,russian,0,0.5,True,False,False
Counter-Strike 2,Lots of cheaters and VAC is SUCKS not recommended for new players find a better game,negative,steam_live,730,False,1778939284,5005,english,0,0.5,True,False,False
Counter-Strike 2,хуита,positive,steam_live,730,True,1778939177,73133,russian,0,0.5,True,False,False
Counter-Strike 2,пока наиграл касарь часов мою родословную отимела вся планета,positive,steam_live,730,True,1778939135,59978,russian,1,0.523809552192687988,True,False,False
Counter-Strike 2,Ta gra każdego dnia dodaje mi motywacji do życia. Pozdrawiam Serdecznie,positive,steam_live,730,True,1778939029,201674,polish,0,0.5,True,False,False
Counter-Strike 2,"great game, but too many hackers",positive,steam_live,730,True,1778939003,10430,russian,0,0.5,True,False,False
Counter-Strike 2,♥♥♥♥♥♥♥♥,positive,steam_live,730,True,1778938990,4865,english,0,0.5,True,False,False
Counter-Strike 2,не регает,positive,steam_live,730,True,1778938957,5650,russian,0,0.5,True,False,False
Counter-Strike 2,.,positive,steam_live,730,True,1778938940,60086,russian,0,0.5,True,False,False
Counter-Strike 2,:),positive,steam_live,730,True,1778938864,39509,russian,0,0.5,True,False,False
Counter-Strike 2,Я ЕЕ МАМУ ♥♥♥♥,positive,steam_live,730,True,1778938862,62648,russian,0,0.5,True,False,False
Counter-Strike 2,çok iyi bir oyun,positive,steam_live,730,True,1778938827,1532,turkish,1,0.523809552192687988,True,False,False
Counter-Strike 2,очень понравилась игра лучше стендоффа в стендофе много лагов а кс нету;),positive,steam_live,730,True,1778938818,1392,russian,0,0.5,True,False,False
Counter-Strike 2,♥♥♥♥♥♥ ♥♥♥♥♥,negative,steam_live,730,False,1778938726,3625,russian,0,0.5,True,False,False
Counter-Strike 2,gray green,positive,steam_live,730,True,1778938719,48,english,0,0.5,True,False,False
Counter-Strike 2,пчвпывчам,positive,steam_live,730,True,1778938653,3306,russian,0,0.5,True,False,False
Counter-Strike 2,6,positive,steam_live,730,True,1778938609,94483,schinese,0,0.5,True,False,False
Counter-Strike 2,its ♥♥♥♥ but its good,positive,steam_live,730,True,1778938583,7277,english,0,0.5,True,False,False
Counter-Strike 2,[eqyzs,positive,steam_live,730,True,1778938408,4606,russian,0,0.5,True,False,False
Counter-Strike 2,67 газан оценил бы эту п0ебень,positive,steam_live,730,True,1778938387,30706,russian,0,0.5,True,False,False
Counter-Strike 2,ничего,positive,steam_live,730,True,1778938320,2583,russian,0,0.5,True,False,False
Counter-Strike 2,"КаЛЬВЕ настолько жидкео обосрались, что у них в бой насмерть одни боты с аимом играют и им посрать вообще.",negative,steam_live,730,False,1778938216,72620,russian,0,0.5,True,False,False
Counter-Strike 2,good game,positive,steam_live,730,True,1778938170,31155,english,0,0.5,True,False,False
Counter-Strike 2,top,positive,steam_live,730,True,1778938124,4419,german,0,0.5,True,False,False
Counter-Strike 2,охуено регает,positive,steam_live,730,True,1778938096,4572,russian,0,0.5,True,False,False
Counter-Strike 2,无敌,positive,steam_live,730,True,1778938084,43455,schinese,0,0.5,True,False,False
Counter-Strike 2,very good,positive,steam_live,730,True,1778937973,34866,english,1,0.523809552192687988,True,False,False
Counter-Strike 2,"в игру играть смысла больше нет, читаков еще больше стало, так как анти чита в игре ВООБЩЕ НЕТУ, а разработчикам всеровно на игру, только добавляют никому не нужные обновления вот и всё",negative,steam_live,730,False,1778937919,8714,ukrainian,0,0.5,True,False,False
Counter-Strike 2,好玩爱玩！！！！！！！！！！！！！！！！！！,positive,steam_live,730,True,1778937886,183646,schinese,0,0.5,True,False,False
Counter-Strike 2,11222333,positive,steam_live,730,True,1778937882,9415,russian,0,0.5,True,False,False
Counter-Strike 2,her 2 maçta bir hile geliyor bence her el gelmeli,positive,steam_live,730,True,1778937879,8996,turkish,0,0.5,True,False,False
Counter-Strike 2,1,negative,steam_live,730,False,1778937802,8203,russian,0,0.5,True,False,False
Counter-Strike 2,"Игра хорошая, но античит почти не работает",positive,steam_live,730,True,1778937797,19237,russian,0,0.5,True,False,False
Counter-Strike 2,betiful game,positive,steam_live,730,True,1778937779,3828,english,0,0.5,True,False,False
Counter-Strike 2,.,negative,steam_live,730,False,1778937777,20636,polish,0,0.5,True,False,False
Counter-Strike 2,开了个小号才知道，原来真那么多挂，跳脸都不封的,negative,steam_live,730,False,1778937658,1336,schinese,1,0.523809552192687988,True,False,False
Counter-Strike 2,nice game,positive,steam_live,730,True,1778937634,479,russian,0,0.5,True,False,False
Counter-Strike 2,♥♥♥♥♥ ♥♥♥♥♥♥♥ ни регает ♥♥♥♥♥,positive,steam_live,730,True,1778937615,5711,russian,0,0.5,True,False,False
Counter-Strike 2,ФІіфв,negative,steam_live,730,False,1778937552,20811,ukrainian,0,0.5,True,False,False
Counter-Strike 2,зря скачал,negative,steam_live,730,False,1778937543,40062,russian,0,0.5,True,False,False
Counter-Strike 2,"стандофф круче, а это копирка тупая😭😭😭😭",negative,steam_live,730,False,1778937533,8180,russian,0,0.5,True,False,False
Counter-Strike 2,67,negative,steam_live,730,False,1778937522,14404,russian,0,0.5,True,False,False
Counter-Strike 2,"Muito bom, depois que comecei a jogar CS2 desenvolvi problemas de raiva, perdi o emprego e não jogo mais nenhum jogo. Totalmente viciante, tomem cuidado, pior que crack.",positive,steam_live,730,True,1778937515,30830,brazilian,1,0.523809552192687988,True,False,False
Counter-Strike 2,Крутая игра,positive,steam_live,730,True,1778937475,12549,russian,0,0.5,True,False,False
Counter-Strike 2,好玩,positive,steam_live,730,True,1778937465,266,schinese,0,0.5,True,False,False
Counter-Strike 2,ну что говорить кс она и в Африке кс зарегай пж 2,positive,steam_live,730,True,1778937447,10647,russian,0,0.5,True,False,False
Counter-Strike 2,xyeta,positive,steam_live,730,True,1778937424,24003,russian,1,0.523809552192687988,True,False,False
Counter-Strike 2,лучшая игра!,positive,steam_live,730,True,1778937419,953,russian,0,0.5,True,False,False
Counter-Strike 2,好玩,positive,steam_live,730,True,1778937410,5436,schinese,0,0.5,True,False,False
Counter-Strike 2,fun game but alot of cheaters,positive,steam_live,730,True,1778937374,93128,english,0,0.5,True,False,False
Counter-Strike 2,good game,positive,steam_live,730,True,1778937362,364,english,0,0.5,True,False,False
Counter-Strike 2,good game,positive,steam_live,730,True,1778937269,2000,english,0,0.5,True,False,False
Counter-Strike 2,"dont open cases u will get addicted,but a great game forsure",positive,steam_live,730,True,1778937232,3135,english,0,0.5,True,False,False
Counter-Strike 2,не регает,positive,steam_live,730,True,1778937222,68705,russian,0,0.5,True,False,False
Counter-Strike 2,говно,positive,steam_live,730,True,1778937143,8230,russian,0,0.5,True,False,False
Counter-Strike 2,Bots are now voting to kick us out of the game. valve ...,negative,steam_live,730,False,1778937057,880,turkish,1,0.5,True,False,False
Counter-Strike 2,Ruined game.,negative,steam_live,730,False,1778936861,13087,english,0,0.5,True,False,False
Counter-Strike 2,FULL PIESE OF ♥♥♥♥,negative,steam_live,730,False,1778936817,15570,bulgarian,0,0.5,True,False,False
Counter-Strike 2,.,positive,steam_live,730,True,1778936752,16173,portuguese,0,0.476190477609634399,True,False,False
Counter-Strike 2,Полная ♥♥♥♥♥,positive,steam_live,730,True,1778936729,7342,russian,0,0.5,True,False,False
Counter-Strike 2,Исправили много багов,positive,steam_live,730,True,1778936726,143,russian,0,0.5,True,False,False
Counter-Strike 2,依旧天才双子星,positive,steam_live,730,True,1778936722,16395,schinese,0,0.5,True,False,False
Counter-Strike 2,"do NOT buy this game. the servers are hosted on a potato that valve found in 2003. every lobby has one guy who sounds like he's calling in an airstrike from his bathroom and one guy who has never seen a keyboard before in his life. the anti-cheat is a suggestion. a vibe. a dream. cheaters running around like they pay rent here and valve is just watching with a coffee.

the map design makes me question god. my gun shoots where it wants, not where i tell it. i threw a grenade once and it killed me. HOW. i was standing STILL.

everything is broken. the economy is broken. my mental is broken. my mouse might also be broken i'm not sure anymore.

anyway i cannot stop. something is deeply wrong with me and also with this game.

buy it.",positive,steam_live,730,True,1778936712,28865,english,1,0.523809552192687988,True,False,False
Counter-Strike 2,Пж зарегай 2,positive,steam_live,730,True,1778936623,6897,russian,0,0.5,True,False,False
Counter-Strike 2,top,positive,steam_live,730,True,1778936604,47240,brazilian,0,0.5,True,False,False
Counter-Strike 2,Классная игра но одному скучно,positive,steam_live,730,True,1778936542,28831,russian,0,0.5,True,False,False
Counter-Strike 2,"dont buy prime not worth it , just keep playing non prime casuals way more fun  against the noops",negative,steam_live,730,False,1778936514,2080,english,0,0.476190477609634399,True,False,False
Counter-Strike 2,wow,positive,steam_live,730,True,1778936507,177628,russian,0,0.5,True,False,False
Counter-Strike 2,"Время потрачено не зря, сколько я глупостей за эти 950 часов мог сделать",positive,steam_live,730,True,1778936446,57059,russian,0,0.5,True,False,False
Counter-Strike 2,♥♥♥♥♥♥ говно 2,negative,steam_live,730,False,1778936399,21898,russian,0,0.5,True,False,False
Counter-Strike 2,Игра очень интересная привалекательная ходишь долбишь дереевья потом долбят тебя ты уже опять на бичке с камнем и факелом потом какаото добрый человек в мвк сете подходит к тебе и отдаёт хату ты ему спасибо а он тебя ракетыми потом заплёвывает круто очень лайк,positive,steam_live,730,True,1778936350,4391,russian,0,0.5,True,False,False
Counter-Strike 2,我太菜了玩不明白,positive,steam_live,730,True,1778936336,871,schinese,0,0.5,True,False,False
Counter-Strike 2,не оч,positive,steam_live,730,True,1778936328,503,russian,1,0.523809552192687988,True,False,False
Counter-Strike 2,"If you're reading the reviews of this game you're hunting for funny content, not actually looking for reviews",positive,steam_live,730,True,1778936313,29985,english,0,0.5,True,False,False
Counter-Strike 2,"good
 good",positive,steam_live,730,True,1778936262,5554,schinese,0,0.5,True,False,False
Counter-Strike 2,ы,positive,steam_live,730,True,1778936250,17066,russian,0,0.5,True,False,False
Counter-Strike 2,хзхз,positive,steam_live,730,True,1778936246,3117,russian,1,0.523809552192687988,True,False,False
Counter-Strike 2,jg ruim da porra,negative,steam_live,730,False,1778936177,8202,brazilian,0,0.5,True,False,False
Counter-Strike 2,O jogo é bom!,positive,steam_live,730,True,1778936158,180006,brazilian,0,0.5,True,False,False
Counter-Strike 2,античит имба,positive,steam_live,730,True,1778936117,14051,russian,0,0.5,True,False,False
Counter-Strike 2,k,positive,steam_live,730,True,1778936104,4790,polish,0,0.5,True,False,False
Counter-Strike 2,ПУСКАЙ ДОБАВЯТ ПУДЖА ИЗ ДОТЫ 2,negative,steam_live,730,False,1778936087,6403,russian,0,0.5,True,False,False
Counter-Strike 2,5,positive,steam_live,730,True,1778936063,1483,russian,0,0.5,True,False,False
Counter-Strike 2,четко,positive,steam_live,730,True,1778936046,42858,russian,0,0.5,True,False,False
Counter-Strike 2,very nice good yes,positive,steam_live,730,True,1778935995,4327,swedish,0,0.5,True,False,False
Counter-Strike 2,Too many Russians,negative,steam_live,730,False,1778935964,1678,english,0,0.5,True,False,False
Counter-Strike 2,"i like this game, but stupid ♥♥♥♥♥ report me for grief when i play normally and i get banned for a week again",positive,steam_live,730,True,1778935944,4991,english,0,0.5,True,False,False
Counter-Strike 2,weqr,positive,steam_live,730,True,1778935938,1266,danish,1,0.523809552192687988,True,False,False
Counter-Strike 2,热热特特哥哥个个人,positive,steam_live,730,True,1778935849,32922,schinese,0,0.5,True,False,False
Counter-Strike 2,Obvious cheating all game fix now valve,negative,steam_live,730,False,1778935631,1843,french,0,0.5,True,False,False
Counter-Strike 2,ПОМОЙКА ♥♥♥♥♥♥!!!!! УДАЛИТЬ!!!!!,negative,steam_live,730,False,1778935539,84876,russian,0,0.5,True,False,False
Counter-Strike 2,L,negative,steam_live,730,False,1778935509,8594,english,0,0.5,True,False,False
Counter-Strike 2,fd,positive,steam_live,730,True,1778935468,20224,russian,0,0.5,True,False,False
Counter-Strike 2,to much cheaters don t play this ♥♥♥♥,positive,steam_live,730,True,1778935281,60155,romanian,0,0.5,True,False,False
Counter-Strike 2,Good game,positive,steam_live,730,True,1778935224,8602,english,0,0.5,True,False,False
Counter-Strike 2,норм,positive,steam_live,730,True,1778935215,47282,russian,0,0.5,True,False,False
Counter-Strike 2,nice free game if u love play cheaters its better game,positive,steam_live,730,True,1778935214,36570,russian,0,0.5,True,False,False
Counter-Strike 2,i love my life,negative,steam_live,730,False,1778935174,6162,english,2,0.531914889812469482,True,False,False
Counter-Strike 2,"As of now, the games deatmatch and other similar modes are infested with AI bots. Occasionally even in competitive mode. Also game as huge cheater problem in comp/premier and the developers are doing nothing against it. So i highly recommend not to play this game.",negative,steam_live,730,False,1778935008,74491,english,1,0.508928596973419189,True,False,False
Counter-Strike 2,https://www.youtube.com/watch?v=DS8rwUK1ED0,positive,steam_live,730,True,1778935002,26507,russian,0,0.5,True,False,False
Counter-Strike 2,кайф,positive,steam_live,730,True,1778934993,7688,russian,0,0.5,True,False,False
Counter-Strike 2,мало денег,negative,steam_live,730,False,1778934989,469,russian,1,0.523809552192687988,True,False,False
Counter-Strike 2,.,positive,steam_live,730,True,1778934928,6982,english,0,0.5,True,False,False
Counter-Strike 2,Dieses Spiel ist einfach toll! :steamhappy:,positive,steam_live,730,True,1778934920,12294,german,1,0.523809552192687988,True,False,False
Counter-Strike 2,S++ HUETA,positive,steam_live,730,True,1778934883,44,russian,1,0.523809552192687988,True,False,False
Counter-Strike 2,唉，越改越烂,negative,steam_live,730,False,1778934777,4286,schinese,0,0.5,True,False,False
Counter-Strike 2,拉吉游戏，特别无聊,negative,steam_live,730,False,1778934774,60050,schinese,1,0.518518567085266113,True,False,False
Counter-Strike 2,класс,positive,steam_live,730,True,1778934741,14041,russian,0,0.5,True,False,False
Counter-Strike 2,我能打上海major,positive,steam_live,730,True,1778934610,10956,schinese,0,0.5,True,False,False
Counter-Strike 2,nice,positive,steam_live,730,True,1778934540,49049,english,0,0.5,True,False,False
Counter-Strike 2,3,negative,steam_live,730,False,1778934506,6584,russian,0,0.5,True,False,False
Counter-Strike 2,.,positive,steam_live,730,True,1778934468,138262,turkish,1,0.523809552192687988,True,False,False
Counter-Strike 2,bom,positive,steam_live,730,True,1778934458,45285,brazilian,0,0.5,True,False,False
Counter-Strike 2,nice and alot of rage,positive,steam_live,730,True,1778934446,4645,vietnamese,0,0.5,True,False,False
Counter-Strike 2,"рассказываю, почему не стоило бы заходить в эту игру, 1: - нервы, 2: много читеров, 3: практически нету античита, он как бы есть но он не работает, странно почему, но не работает, хотя должен работать на все 100%, 4: полностью упал рынок, что то вообще не возможно продать, либо же передать, 5: оптимизация у игры плохая, игра сама по себе просто бывает зависает, либо же какие недоработки, лаги. Буду очень рад и благодарен VALVE за то что они что то починят )))",negative,steam_live,730,False,1778934410,7531,russian,1,0.523809552192687988,True,False,False
Counter-Strike 2,"Fast, quick play, with ability to team up with friends",positive,steam_live,730,True,1778934407,3172,english,0,0.5,True,False,False
Counter-Strike 2,♥♥♥♥♥ ♥♥♥♥♥♥♥,negative,steam_live,730,False,1778934396,67655,russian,0,0.5,True,False,False
Counter-Strike 2,"Игра затягивает, но токсичные игроки🤕",positive,steam_live,730,True,1778934392,43676,russian,0,0.5,True,False,False
Counter-Strike 2,best game,positive,steam_live,730,True,1778934244,50,english,0,0.5,True,False,False
Counter-Strike 2,"已经1750个小时了，才想起来居然没给CSGO写过测评，简单写一下吧，与其说是测评，其实更像是感触吧。比起其他fps游戏杂乱又繁琐的技能，CSGO提供了一个绝对公平的竞技模式，你能依靠的只有手中的枪和子弹。

喜欢CS或许是因为游戏胜利队友毫不吝啬的赞美，输掉比赛后队友的一声nice try，拿下关键人头时队友的那一句好枪，每一次残局时肾上腺素飙升控制不住的心跳，时长会因为失误而自责，即使1:11也没有人选择投降，大比分落后，努力追平比分，获得胜利，每一个人都在为追分而努力着。即便最后没有赢，公频上的 gg (good game) 至少证明大家的付出。

CSGO的魅力不仅仅是它充满竞技压力，更多时候是队友之间的互相鼓励，肌肉记忆，团队配合，道具练习，预瞄，经济，道具理解，假拆假脚步，残局，赢下不可能获胜的残局后的心跳与成就感。

虽然有时候会被打破防，觉得自己很菜，在拖队友后退，也时常遇到外挂和压力哥，觉得再也不想玩这个游戏，卸载了，但是下一次还是会打开对局的",positive,steam_live,730,True,1778934226,104599,schinese,3,0.565217375755310059,True,False,False
Counter-Strike 2,‘’,positive,steam_live,730,True,1778934200,22676,schinese,0,0.5,True,False,False
Counter-Strike 2,XD,positive,steam_live,730,True,1778934109,3120,turkish,1,0.523809552192687988,True,False,False
Counter-Strike 2,♥♥♥ iyi,positive,steam_live,730,True,1778934108,22611,turkish,1,0.523809552192687988,True,False,False
Counter-Strike 2,ахерео,positive,steam_live,730,True,1778934099,1635,russian,0,0.5,True,False,False
Counter-Strike 2,Magnificent!,positive,steam_live,730,True,1778934087,5862,english,0,0.5,True,False,False
Counter-Strike 2,!!!!,positive,steam_live,730,True,1778934034,31418,turkish,1,0.523809552192687988,True,False,False
Counter-Strike 2,"Хороший шутер, рекомендую",positive,steam_live,730,True,1778934015,3997,russian,0,0.5,True,False,False
Counter-Strike 2,Катки ищутся быстро,positive,steam_live,730,True,1778934002,359,russian,0,0.5,True,False,False
Counter-Strike 2,"обожаю эту игру, ненавижу её",positive,steam_live,730,True,1778933967,6064,russian,0,0.5,True,False,False
Counter-Strike 2,sklinta,positive,steam_live,730,True,1778933894,22705,english,0,0.5,True,False,False
Counter-Strike 2,gute game,positive,steam_live,730,True,1778933881,1065,german,0,0.5,True,False,False
Counter-Strike 2,ZO'R,positive,steam_live,730,True,1778933844,3196,russian,0,0.5,True,False,False
Counter-Strike 2,"very friendly game , speak with people around the wordl fantastic , everybody is chill and willing to help every newcomers 
I Highly recommand to everyone who want to elevate himslef",positive,steam_live,730,True,1778933843,31971,french,0,0.5,True,False,False
Counter-Strike 2,"Not recommended. The game is completely overrun with cheaters. Nearly every match has at least one blatant hacker, aimbots, wallhacks, you name it. Valve's anti-cheat does nothing. Save yourself the frustration.",negative,steam_live,730,False,1778933831,6019,polish,1,0.508928596973419189,True,False,False
Counter-Strike 2,z kolegami warto ale bez kolegów ni chuja,positive,steam_live,730,True,1778933788,2729,polish,0,0.5,True,False,False
Counter-Strike 2,跟五个工作室人机对射的来,negative,steam_live,730,False,1778933784,70118,schinese,0,0.5,True,False,False
Counter-Strike 2,dont peak mid dog,positive,steam_live,730,True,1778933772,3903,hungarian,0,0.5,True,False,False
Counter-Strike 2,nice game report nocomasch33tos,positive,steam_live,730,True,1778933750,35387,spanish,0,0.5,True,False,False
Counter-Strike 2,NICE GAME,positive,steam_live,730,True,1778933578,8831,russian,0,0.5,True,False,False
Counter-Strike 2,Игра очень крут,positive,steam_live,730,True,1778933576,4950,russian,0,0.5,True,False,False
Counter-Strike 2,好,positive,steam_live,730,True,1778933436,39195,schinese,0,0.5,True,False,False
Counter-Strike 2,hacerse un Ace con AWP en competitivo>>>>>>>>>>>>>Sexo,positive,steam_live,730,True,1778933415,7735,latam,0,0.5,True,False,False
Counter-Strike 2,22,positive,steam_live,730,True,1778933411,2082,russian,0,0.5,True,False,False
Counter-Strike 2,"This game is so adictive. I play it, despise it, convince myself to never play it agian, repeat",positive,steam_live,730,True,1778933406,67027,swedish,0,0.5,True,False,False
Counter-Strike 2,rusça öğrenmeye başladım,positive,steam_live,730,True,1778933287,8653,turkish,0,0.5,True,False,False
Counter-Strike 2,aktrisajanna,positive,steam_live,730,True,1778933252,665,russian,0,0.5,True,False,False
Counter-Strike 2,еб...т каждый день...),positive,steam_live,730,True,1778933213,63111,russian,0,0.5,True,False,False
Counter-Strike 2,i ed57itik cdet5r67ik er56,positive,steam_live,730,True,1778933190,961,russian,0,0.5,True,False,False
Counter-Strike 2,gud,positive,steam_live,730,True,1778933187,27823,russian,0,0.5,True,False,False
Counter-Strike 2,RUSLARIN ANASINI S*keyim,positive,steam_live,730,True,1778933187,21039,turkish,0,0.5,True,False,False
Counter-Strike 2,Понравились новые дымы,positive,steam_live,730,True,1778933150,1224,russian,0,0.5,True,False,False
Counter-Strike 2,0/10,negative,steam_live,730,False,1778933107,1922,russian,0,0.5,True,False,False
Counter-Strike 2,skiny,positive,steam_live,730,True,1778933106,7646,polish,0,0.5,True,False,False
Counter-Strike 2,GRA FAJNA,positive,steam_live,730,True,1778933088,626,polish,0,0.5,True,False,False
Counter-Strike 2,"хз, не играл никогда, но как будто бы говно",negative,steam_live,730,False,1778933087,58621,russian,0,0.5,True,False,False
Counter-Strike 2,joguin bom,positive,steam_live,730,True,1778932990,51184,brazilian,0,0.5,True,False,False
Counter-Strike 2,♥♥♥♥♥,negative,steam_live,730,False,1778932982,441,russian,0,0.5,True,False,False
Counter-Strike 2,sehr gut um russisch zu lernen,positive,steam_live,730,True,1778932960,1518,german,0,0.5,True,False,False
Counter-Strike 2,i wish everyone who was ever involved with conceiving this genre of shooters endless pain and misery,negative,steam_live,730,False,1778932934,14240,english,1,0.508928596973419189,True,False,False
Counter-Strike 2,Llevo un porrón de años jugando y no me canso ... solo algunas veces de la actitud de algunos jugadores ... pero es aceptable. Todos tenemos malos momentos. El juego me parece el mejor shooter de la historia,positive,steam_live,730,True,1778932815,572716,spanish,0,0.5,True,False,False
Counter-Strike 2,好玩,positive,steam_live,730,True,1778932788,26790,schinese,0,0.5,True,False,False
Counter-Strike 2,nice,positive,steam_live,730,True,1778932710,17369,english,0,0.5,True,False,False
Counter-Strike 2,ыыы ксс22222,positive,steam_live,730,True,1778932683,2344,russian,0,0.5,True,False,False
Counter-Strike 2,good game,positive,steam_live,730,True,1778932651,1547,english,2,0.545454561710357666,True,False,False
Counter-Strike 2,"100/10, Vac is finally fixed!",positive,steam_live,730,True,1778932629,11572,english,0,0.5,True,False,False
Counter-Strike 2,nuiice,positive,steam_live,730,True,1778932612,3616,english,0,0.5,True,False,False
Counter-Strike 2,her yer hile,negative,steam_live,730,False,1778932599,2547,turkish,1,0.5,True,False,False
Counter-Strike 2,oyna,positive,steam_live,730,True,1778932545,4738,turkish,0,0.5,True,False,False
Counter-Strike 2,Almayın oynamayın millet o kadar para harcıyo zaman harcıyo her maça hile denk geliyo almayın oynamayın bu valve bir boka yaramaz,negative,steam_live,730,False,1778932537,5021,turkish,1,0.5,True,False,False
Counter-Strike 2,когда тимейта убили он орёт 67 советую,positive,steam_live,730,True,1778932498,2986,russian,0,0.5,True,False,False
Counter-Strike 2,its gay,positive,steam_live,730,True,1778932497,23553,english,1,0.523809552192687988,True,False,False
Counter-Strike 2,HOW MUCH FOR KEBAB IN YOUR GARBAGE COUNTRY MEN??,positive,steam_live,730,True,1778932493,25393,english,0,0.5,True,False,False
Counter-Strike 2,iyi,positive,steam_live,730,True,1778932481,13059,turkish,0,0.5,True,False,False
Counter-Strike 2,sdargarg,positive,steam_live,730,True,1778932355,37201,russian,0,0.5,True,False,False
Counter-Strike 2,фывыкеыап,negative,steam_live,730,False,1778932257,19215,russian,0,0.5,True,False,False
Counter-Strike 2,好游戏，燕云都借了,positive,steam_live,730,True,1778932247,31389,schinese,0,0.5,True,False,False
Counter-Strike 2,"Eğer düzgün çalışmayan bir antihile sistemi, smurf rakipler, berbat server bağlantıları ve yüksek ms değeri sizin için problem değilse oynaya bilirsiniz.
AMA ŞUNA DİKKAT EDİN, OYUN BAĞIMLILIK YARATA BİLİR, KENDİNİ ACAYİP ŞEKİLDE BANA SEVDİRDİ, HER AKŞAM GİRİP HİLELİ RAKİPDEN HAVADA NOSCOPE YEMEME RAĞMEN",negative,steam_live,730,False,1778932227,31411,turkish,1,0.5,True,False,False
Counter-Strike 2,Best shooter ever made?,positive,steam_live,730,True,1778932201,95253,english,0,0.5,True,False,False
Counter-Strike 2,iii,positive,steam_live,730,True,1778932193,630,turkish,0,0.5,True,False,False
Counter-Strike 2,Şuanlık güzel!,positive,steam_live,730,True,1778932176,1942,turkish,0,0.5,True,False,False
Counter-Strike 2,3535,positive,steam_live,730,True,1778932172,2685,russian,0,0.5,True,False,False
Counter-Strike 2,"Quel plaisir de chaque jours se faire défoncer par les profs, puis par les russes.
c'est un bon jeu si vous voulez tryhard, Je mets la note de 7/10",positive,steam_live,730,True,1778932096,7588,french,0,0.5,True,False,False
Counter-Strike 2,Good game,positive,steam_live,730,True,1778932064,172,polish,0,0.5,True,False,False
Counter-Strike 2,Nice,positive,steam_live,730,True,1778932064,464,english,0,0.5,True,False,False
Counter-Strike 2,game nhu lol,positive,steam_live,730,True,1778932051,42487,english,1,0.523809552192687988,True,False,False
Counter-Strike 2,很不错,positive,steam_live,730,True,1778932025,2282,schinese,0,0.5,True,False,False
Counter-Strike 2,ваша игра говно,negative,steam_live,730,False,1778931992,106797,russian,0,0.5,True,False,False
Counter-Strike 2,♥♥♥♥♥ ♥♥♥♥♥♥,positive,steam_live,730,True,1778931891,18341,russian,0,0.5,True,False,False
Counter-Strike 2,игра полный калл,negative,steam_live,730,False,1778931883,10821,russian,0,0.5,True,False,False
Counter-Strike 2,好玩,positive,steam_live,730,True,1778931875,40376,schinese,0,0.5,True,False,False
Counter-Strike 2,Good game if you want permanent brain damage,positive,steam_live,730,True,1778931851,43846,english,0,0.5,True,False,False
Counter-Strike 2,"Игра достаточно непростая. В ней мало быть умелым, нужно ещё и оставаться хорошим человеком. Делиться тем, что происходит, не унывать духом, оставаться спокойным, верить в лучшее. Нужно поддерживать того, кто на твоей стороне. Если не получилось, нельзя сдаваться, только идти вперёд. Нужно уметь прощать ошибки и хвалить хорошие стороны друг друга. Иногда приходится жертвовать собой и ценить такие же жертвы. В общем, необходимо стараться. А ещё я встретил здесь свою любовь. И, знаете, любовь – игра достаточно непростая.",positive,steam_live,730,True,1778931834,8404,russian,0,0.5,True,False,False
Counter-Strike 2,рег бы получше а так норм,positive,steam_live,730,True,1778931817,13513,russian,0,0.5,True,False,False
Counter-Strike 2,призраки,negative,steam_live,730,False,1778931809,9294,russian,0,0.5,True,False,False
Counter-Strike 2,Games a lot of fun. Brings back memories from CSS days.,positive,steam_live,730,True,1778931749,5914,english,0,0.5,True,False,False
Counter-Strike 2,this game lowky fire,positive,steam_live,730,True,1778931742,3839,english,0,0.5,True,False,False
Counter-Strike 2,"ssie pałe.
nie pozdrawiam",negative,steam_live,730,False,1778931714,3631,polish,0,0.5,True,False,False
Counter-Strike 2,фуу,negative,steam_live,730,False,1778931678,4170,russian,0,0.5,True,False,False
Counter-Strike 2,Игра полнейшая хует@ Без прайма играть нечего. до 5-7к прем одни шаурмисты ебливые,positive,steam_live,730,True,1778931630,1805,ukrainian,0,0.5,True,False,False
Counter-Strike 2,Игра хорошая НО НЕ РЕГАЕТТ НЕ ХУЯЯЯЯ,positive,steam_live,730,True,1778931625,1697,russian,0,0.5,True,False,False
Counter-Strike 2,Counter strike is the best fps game of all time you cant say anything else,positive,steam_live,730,True,1778931596,103131,english,0,0.5,True,False,False
Counter-Strike 2,polecam,positive,steam_live,730,True,1778931564,93918,polish,0,0.5,True,False,False
Counter-Strike 2,"Качаю звание, все супер",positive,steam_live,730,True,1778931508,487,russian,0,0.5,True,False,False
Counter-Strike 2,Чисто зайти с друзьями,positive,steam_live,730,True,1778931452,708,russian,0,0.5,True,False,False
Counter-Strike 2,good game,positive,steam_live,730,True,1778931414,204,turkish,1,0.523809552192687988,True,False,False
Counter-Strike 2,не регает игра говна,negative,steam_live,730,False,1778931389,17809,russian,0,0.5,True,False,False
Counter-Strike 2,nice,positive,steam_live,730,True,1778931357,15440,english,0,0.5,True,False,False
Counter-Strike 2,可以,positive,steam_live,730,True,1778931337,3394,schinese,0,0.5,True,False,False
Counter-Strike 2,nice,positive,steam_live,730,True,1778931335,71570,koreana,0,0.5,True,False,False
Counter-Strike 2,"Сначала меня ебали, потом я ♥♥♥♥",positive,steam_live,730,True,1778931327,5395,russian,0,0.5,True,False,False
Counter-Strike 2,"xyеma, но с братанами пойдет",positive,steam_live,730,True,1778931133,24843,russian,3,0.566929101943969727,True,False,False
Counter-Strike 2,nice,positive,steam_live,730,True,1778931075,11265,english,0,0.5,True,False,False
Counter-Strike 2,говно,positive,steam_live,730,True,1778931058,4650,russian,0,0.5,True,False,False
Counter-Strike 2,tak,positive,steam_live,730,True,1778931054,7514,polish,0,0.5,True,False,False
Counter-Strike 2,1,positive,steam_live,730,True,1778930964,5530,russian,0,0.5,True,False,False
Counter-Strike 2,имба а не игра,positive,steam_live,730,True,1778930909,83584,russian,0,0.5,True,False,False
Counter-Strike 2,好玩,positive,steam_live,730,True,1778930883,1043,schinese,0,0.5,True,False,False
Counter-Strike 2,hahaahahhahahha,positive,steam_live,730,True,1778930873,1762,turkish,0,0.5,True,False,False
Counter-Strike 2,s,positive,steam_live,730,True,1778930853,36386,russian,0,0.5,True,False,False
Counter-Strike 2,WWW,positive,steam_live,730,True,1778930844,61696,russian,0,0.5,True,False,False
Counter-Strike 2,♥♥♥♥ THIS GAME TEAM8 KILLS ME 5 TIMES AND NO BAN I KILL 3 TIMES AND BAN,negative,steam_live,730,False,1778930790,11223,english,1,0.508928596973419189,True,False,False
Counter-Strike 2,e,positive,steam_live,730,True,1778930701,13980,english,0,0.5,True,False,False
Counter-Strike 2,10ка фэсита и спать,positive,steam_live,730,True,1778930700,87392,russian,0,0.5,True,False,False
Counter-Strike 2,"hello dear faceit administration.
please remove my ban
i want to play on your beautiful servers",positive,steam_live,730,True,1778930442,18235,english,0,0.5,True,False,False
Counter-Strike 2,♥♥♥♥♥♥♥♥,negative,steam_live,730,False,1778930418,20219,english,0,0.5,True,False,False
Counter-Strike 2,está chulo,positive,steam_live,730,True,1778930338,28265,spanish,1,0.523809552192687988,True,False,False
Counter-Strike 2,volvo good game,positive,steam_live,730,True,1778930310,24968,turkish,1,0.523809552192687988,True,False,False
Counter-Strike 2,.,positive,steam_live,730,True,1778930230,6084,turkish,0,0.5,True,False,False
Counter-Strike 2,g,positive,steam_live,730,True,1778930192,441,polish,0,0.5,True,False,False
Counter-Strike 2,got called racial slurs and spent 50$ for 3$ would spend 100$.,positive,steam_live,730,True,1778930185,1921,english,0,0.5,True,False,False
Counter-Strike 2,"Full with cheaters, dont lose ur time with this game.",negative,steam_live,730,False,1778930176,107404,english,1,0.508928596973419189,True,False,False
Counter-Strike 2,.,positive,steam_live,730,True,1778930024,15048,turkish,0,0.5,True,False,False
Counter-Strike 2,секс с оксимироном,positive,steam_live,730,True,1778930005,29882,russian,0,0.5,True,False,False
Counter-Strike 2,Античит вышел из чата,negative,steam_live,730,False,1778929994,2536,russian,0,0.5,True,False,False
Counter-Strike 2,gogogo,positive,steam_live,730,True,1778929990,11479,schinese,0,0.5,True,False,False
Counter-Strike 2,dfgdfgdg,positive,steam_live,730,True,1778929900,6151,russian,0,0.5,True,False,False
Counter-Strike 2,valvo fix,negative,steam_live,730,False,1778929891,29781,english,0,0.5,True,False,False
Counter-Strike 2,"Title: Solid evolution of a classic shooter

After playing for more than 280 hours, I can safely say that Counter-Strike 2 is a worthy successor to CS:GO. The transition to the Source 2 engine has brought stunning visual upgrades, especially with the dynamic smoke physics and improved lighting that completely change the tactical landscape.

From a technical standpoint, the sub-tick system has become much more stable with recent updates, offering a smoother experience. While it requires a bit more from your hardware than the previous version, the optimization is constantly improving. Whether you are here for the competitive grind or just to ""Rush B"" with friends, the core gameplay remains as addictive as ever. Highly recommended for anyone who loves strategic, high-stakes shooters!",positive,steam_live,730,True,1778929890,16914,english,0,0.5,True,False,False
Counter-Strike 2,cool,positive,steam_live,730,True,1778929823,5628,english,0,0.5,True,False,False
Counter-Strike 2,https://steamcommunity.com/id/donkgojo/inventory/#730_2_41640713724,positive,steam_live,730,True,1778929751,5564,russian,0,0.5,True,False,False
Counter-Strike 2,好玩,positive,steam_live,730,True,1778929734,1128,schinese,0,0.5,True,False,False
Counter-Strike 2,自办,positive,steam_live,730,True,1778929722,1045,schinese,0,0.5,True,False,False
Counter-Strike 2,однозначно да,positive,steam_live,730,True,1778929715,2972,russian,0,0.5,True,False,False
Counter-Strike 2,szkoda że tyle cheaterów,positive,steam_live,730,True,1778929639,7327,polish,0,0.5,True,False,False
Counter-Strike 2,♥♥♥♥♥♥♥ GAME,positive,steam_live,730,True,1778929627,8392,czech,1,0.523809552192687988,True,False,False
Counter-Strike 2,"I like the game, but what I don't like is when I miss a headshot a drunk russian male yells at me that im a disgrace to my family etc.",positive,steam_live,730,True,1778929562,6099,english,0,0.5,True,False,False
Counter-Strike 2,я люблю каэсгощке,positive,steam_live,730,True,1778929521,2561,english,0,0.5,True,False,False
Counter-Strike 2,:),positive,steam_live,730,True,1778929450,47831,polish,0,0.5,True,False,False
Counter-Strike 2,круто,positive,steam_live,730,True,1778929367,3674,russian,0,0.5,True,False,False
Counter-Strike 2,bu oyuna sakin baslamayin kanser olursunuz,negative,steam_live,730,False,1778929329,9954,turkish,1,0.5,True,False,False
Counter-Strike 2,.,positive,steam_live,730,True,1778929239,15465,english,1,0.523809552192687988,True,False,False
Counter-Strike 2,very smooth gameplay better game and optimized than valorant,positive,steam_live,730,True,1778929234,69583,english,0,0.5,True,False,False
Counter-Strike 2,🔥,positive,steam_live,730,True,1778929231,66151,english,0,0.5,True,False,False
Counter-Strike 2,34УкуУК,positive,steam_live,730,True,1778929225,2781,russian,0,0.5,True,False,False
Counter-Strike 2,shoot bomb,positive,steam_live,730,True,1778929188,47953,hungarian,0,0.5,True,False,False
Counter-Strike 2,Git full control,positive,steam_live,730,True,1778929182,52002,polish,0,0.5,True,False,False
Counter-Strike 2,1,positive,steam_live,730,True,1778929166,29540,schinese,0,0.5,True,False,False
Counter-Strike 2,♥♥♥♥ no,negative,steam_live,730,False,1778929123,10650,english,0,0.5,True,False,False
Counter-Strike 2,good,positive,steam_live,730,True,1778929108,2900,schinese,0,0.5,True,False,False
Counter-Strike 2,"J’adore me faire one shot par des Russes avec plus de 1000 heures sur le jeu. Ne tombez pas dans le casino des skins, j’ai déjà perdu presque 100 euros pour finir avec un vieux skin de Nova horriblement moche à 20 cts. Je recommande.",positive,steam_live,730,True,1778929036,2501,french,0,0.5,True,False,False
Counter-Strike 2,灌灌灌灌灌过,positive,steam_live,730,True,1778929031,11365,schinese,0,0.5,True,False,False
Counter-Strike 2,gives u mental breakdown,negative,steam_live,730,False,1778929021,1982,german,0,0.5,True,False,False
Counter-Strike 2,i am not pro,positive,steam_live,730,True,1778928985,9442,english,0,0.5,True,False,False
Counter-Strike 2,wyszystko,positive,steam_live,730,True,1778928980,288150,polish,0,0.5,True,False,False
Counter-Strike 2,asd,positive,steam_live,730,True,1778928976,514,russian,0,0.5,True,False,False
Counter-Strike 2,mvgggttz,positive,steam_live,730,True,1778928968,24028,english,0,0.5,True,False,False
Counter-Strike 2,,negative,steam_live,730,False,1778928938,11635,russian,0,0.5,True,False,False
Counter-Strike 2,я жеский,positive,steam_live,730,True,1778928896,44383,russian,0,0.5,True,False,False
Counter-Strike 2,норм но злит,positive,steam_live,730,True,1778928861,3238,russian,0,0.5,True,False,False
Counter-Strike 2,I hate chess,positive,steam_live,730,True,1778928791,2068,turkish,0,0.5,True,False,False
Counter-Strike 2,awdwad,positive,steam_live,730,True,1778928781,8921,polish,0,0.5,True,False,False
Counter-Strike 2,"bipolar game, everyine loves it and hate it",negative,steam_live,730,False,1778928707,7287,english,0,0.5,True,False,False
Counter-Strike 2,"I love this game "")",positive,steam_live,730,True,1778928680,1976,english,0,0.5,True,False,False
Counter-Strike 2,iyi bir oyun baya eğlenceli ve aim odaklı,positive,steam_live,730,True,1778928601,481,turkish,0,0.5,True,False,False
Counter-Strike 2,tm8s are very retarded,negative,steam_live,730,False,1778928479,1376,english,0,0.5,True,False,False
Counter-Strike 2,топава,positive,steam_live,730,True,1778928465,443,russian,0,0.5,True,False,False
Counter-Strike 2,gggggggggg,positive,steam_live,730,True,1778928462,5081,schinese,0,0.5,True,False,False
Counter-Strike 2,не играйте в эту Xyйню,negative,steam_live,730,False,1778928307,638125,russian,2,0.545454561710357666,True,False,False
Counter-Strike 2,hw,positive,steam_live,730,True,1778928262,129650,schinese,0,0.5,True,False,False
Counter-Strike 2,голые сиски у женшин,positive,steam_live,730,True,1778928196,49881,russian,0,0.5,True,False,False
Counter-Strike 2,e ce trb,positive,steam_live,730,True,1778928173,689,romanian,0,0.5,True,False,False
Counter-Strike 2,Gówno,negative,steam_live,730,False,1778928153,20204,polish,0,0.5,True,False,False
Counter-Strike 2,经典,positive,steam_live,730,True,1778928091,20084,schinese,0,0.5,True,False,False
Counter-Strike 2,viel zu viele Kanisterköpfe,negative,steam_live,730,False,1778927856,14246,german,0,0.5,True,False,False
Counter-Strike 2,дерьмо,negative,steam_live,730,False,1778927825,23233,russian,0,0.5,True,False,False
Counter-Strike 2,huinja,positive,steam_live,730,True,1778927821,60783,russian,0,0.5,True,False,False
Counter-Strike 2,без прайма смысла играть нету,positive,steam_live,730,True,1778927819,9312,russian,0,0.5,True,False,False
Counter-Strike 2,iyi,positive,steam_live,730,True,1778927683,22184,turkish,1,0.523809552192687988,True,False,False
Counter-Strike 2,mega super gra mozna nauczyc sie rosyjskiego,positive,steam_live,730,True,1778927661,3578,polish,0,0.5,True,False,False
Counter-Strike 2,"Average 3 AM be like: You go to lobby, run wingman (only Inferno), you start the game, in the middle of the round when you sell, a russian guy starts yelling at you rapidly, you like it, you do not understand what he is screaming, but you like it. Thats the magic of the game",positive,steam_live,730,True,1778927608,6639,english,0,0.5,True,False,False
Counter-Strike 2,не,positive,steam_live,730,True,1778927574,26679,ukrainian,0,0.5,True,False,False
Counter-Strike 2,güzel oyun adamvuruyon geri canlanıyon adam vuruyon turu kazan bıçak çıkar sat al çok iyi oyun,positive,steam_live,730,True,1778927479,11632,turkish,0,0.5,True,False,False
Counter-Strike 2,.,positive,steam_live,730,True,1778927471,2597,turkish,0,0.5,True,False,False
Counter-Strike 2,лучшая игра,positive,steam_live,730,True,1778927467,29466,russian,0,0.5,True,False,False
Counter-Strike 2,"Если не играть, то рекомендую!",positive,steam_live,730,True,1778927295,195,russian,1,0.523809552192687988,True,False,False
Counter-Strike 2,dostałem 4 rusków do teamu i mnie wyzywali po rusku polecam,positive,steam_live,730,True,1778927279,7262,polish,0,0.5,True,False,False
Counter-Strike 2,"Buen juego, divertido y más con amigos, lo malo es que hay muchos cheaters, en todas las partidas te encuentras por lo menos 1, ojala mejoren el VAC.",positive,steam_live,730,True,1778927264,13038,spanish,0,0.5,True,False,False
Counter-Strike 2,good,positive,steam_live,730,True,1778927249,12387,english,0,0.5,True,False,False
Counter-Strike 2,Отличный симулятор сосания по гланды + можно повысить коммуникативные способности при общении с поляками,negative,steam_live,730,False,1778927220,26662,russian,0,0.5,True,False,False
Counter-Strike 2,I love getting flashed 5 times in comp,positive,steam_live,730,True,1778927206,9145,english,0,0.5,True,False,False
Counter-Strike 2,сэкс ♥♥♥,positive,steam_live,730,True,1778927186,10301,russian,0,0.5,True,False,False
Counter-Strike 2,топ,positive,steam_live,730,True,1778927156,60050,russian,0,0.5,True,False,False
Counter-Strike 2,;D,positive,steam_live,730,True,1778927119,135382,russian,0,0.5,True,False,False
Counter-Strike 2,Качественная игра,positive,steam_live,730,True,1778927068,2320,russian,0,0.5,True,False,False
Counter-Strike 2,Крутоже,positive,steam_live,730,True,1778927065,8000,russian,0,0.5,True,False,False
Counter-Strike 2,Muito bom o jogo amei,positive,steam_live,730,True,1778927033,23475,portuguese,0,0.5,True,False,False
Counter-Strike 2,123,negative,steam_live,730,False,1778927022,8237,russian,0,0.5,True,False,False
Counter-Strike 2,better then valorant,positive,steam_live,730,True,1778926999,39319,russian,0,0.5,True,False,False
Counter-Strike 2,где рег,positive,steam_live,730,True,1778926993,16411,russian,1,0.523809552192687988,True,False,False
Counter-Strike 2,♥♥♥♥♥ ♥♥♥♥♥♥ А НЕ ИГРА,negative,steam_live,730,False,1778926955,44058,russian,0,0.5,True,False,False
Counter-Strike 2,nb,positive,steam_live,730,True,1778926950,17009,schinese,0,0.5,True,False,False
Counter-Strike 2,çok güzellllllllllll,positive,steam_live,730,True,1778926929,4701,turkish,0,0.5,True,False,False
Counter-Strike 2,i dont game dm match,negative,steam_live,730,False,1778926789,46,english,0,0.5,True,False,False
Counter-Strike 2,GEWTGREAWGTRAG,positive,steam_live,730,True,1778926642,292,russian,0,0.5,True,False,False
Counter-Strike 2,Классика в новой обертке,positive,steam_live,730,True,1778926622,1039,russian,0,0.5,True,False,False
Counter-Strike 2,Valoranttan daha kötü bir eşleştirme sistemi olamaz diyordum aradığımı buldum sanırım,positive,steam_live,730,True,1778926588,2781,turkish,2,0.545454561710357666,True,False,False
Counter-Strike 2,салам алейкум,positive,steam_live,730,True,1778926525,11918,russian,0,0.5,True,False,False
Counter-Strike 2,"Отличный шутер, играю каждый день с друзьями, еще отличный соревновательный дух тут есть.",positive,steam_live,730,True,1778926488,5136,russian,0,0.5,True,False,False
Counter-Strike 2,最纯粹的射击游戏,positive,steam_live,730,True,1778926481,61500,schinese,0,0.5,True,False,False
Counter-Strike 2,норм,positive,steam_live,730,True,1778926474,376,russian,0,0.5,True,False,False
Counter-Strike 2,хорошая игра но в последнее время очень много читеров,positive,steam_live,730,True,1778926474,28310,russian,0,0.5,True,False,False
Counter-Strike 2,realised all my other games were ♥♥♥♥ when i found this,positive,steam_live,730,True,1778926408,13317,english,0,0.5,True,False,False
Counter-Strike 2,пися,positive,steam_live,730,True,1778926398,1888,russian,0,0.5,True,False,False
Counter-Strike 2,interium забанил нахуйй,negative,steam_live,730,False,1778926377,15487,russian,0,0.5,True,False,False
Counter-Strike 2,hehe,positive,steam_live,730,True,1778926337,34168,koreana,0,0.5,True,False,False
Counter-Strike 2,"there are cheaters in every game and there's never any VAC LIVE 
this game is becoming unplayable
MOVE UR ASS VOLVO",negative,steam_live,730,False,1778926323,6937,french,0,0.476190477609634399,True,False,False
Counter-Strike 2,fajna gra,positive,steam_live,730,True,1778926287,30380,polish,0,0.5,True,False,False
Counter-Strike 2,gg,positive,steam_live,730,True,1778926240,61585,russian,0,0.5,True,False,False
Counter-Strike 2,"Best of the Best
 /GOAT",positive,steam_live,730,True,1778926222,7639,russian,0,0.5,True,False,False
Counter-Strike 2,对我来说最粘性的游戏，每次退游一段时间都会又回来玩玩，就是国内环境一般,positive,steam_live,730,True,1778926194,99999,schinese,0,0.5,True,False,False
Counter-Strike 2,dassak brolar,positive,steam_live,730,True,1778926143,12269,turkish,0,0.5,True,False,False
Counter-Strike 2,6666,positive,steam_live,730,True,1778925772,69751,schinese,0,0.5,True,False,False
Counter-Strike 2,good nice,positive,steam_live,730,True,1778925562,3488,schinese,0,0.5,True,False,False
Counter-Strike 2,all,positive,steam_live,730,True,1778925557,8185,english,0,0.5,True,False,False
Counter-Strike 2,牛逼cs,positive,steam_live,730,True,1778925526,46109,schinese,0,0.5,True,False,False
Counter-Strike 2,бурмалда,positive,steam_live,730,True,1778925405,12754,russian,0,0.5,True,False,False
Counter-Strike 2,det är skit roligt,positive,steam_live,730,True,1778925382,2407,swedish,0,0.5,True,False,False
Counter-Strike 2,跟屎一样,negative,steam_live,730,False,1778925362,28343,schinese,0,0.5,True,False,False
Counter-Strike 2,不如迷你枪战,negative,steam_live,730,False,1778925335,4915,schinese,0,0.5,True,False,False
Counter-Strike 2,игра классная но рег урона не очень хороший,positive,steam_live,730,True,1778925294,2936,russian,0,0.5,True,False,False
Counter-Strike 2,太好玩了,negative,steam_live,730,False,1778925143,53135,schinese,0,0.5,True,False,False
Counter-Strike 2,Звуки шагов стали лучше,positive,steam_live,730,True,1778925110,1469,russian,0,0.5,True,False,False
Counter-Strike 2,for sure,positive,steam_live,730,True,1778925101,10843,french,0,0.5,True,False,False
Counter-Strike 2,Звуки шагов стали лучше,positive,steam_live,730,True,1778925018,57,russian,0,0.5,True,False,False
Counter-Strike 2,cs is good,positive,steam_live,730,True,1778924964,6380,english,0,0.5,True,False,False
Counter-Strike 2,poidet,positive,steam_live,730,True,1778924959,1923,russian,0,0.5,True,False,False
Counter-Strike 2,ono vonyaet,negative,steam_live,730,False,1778924795,5714,russian,0,0.5,True,False,False
Counter-Strike 2,"Most toxic community I ever witnessed in any game. Sucks all the fun out of it. Furthermore Valve removed most of the maps that I loved, like Cobblestone, Lake and Monastery, when they upgraded to CS2. I just cannot recommend this trash to anyone.",negative,steam_live,730,False,1778924712,19449,english,1,0.523809552192687988,True,False,False
Counter-Strike 2,fasfasfasf,positive,steam_live,730,True,1778924694,2835,russian,0,0.5,True,False,False
Counter-Strike 2,шощапуывкг90з8,positive,steam_live,730,True,1778924693,41343,russian,0,0.5,True,False,False
Counter-Strike 2,"Time is full, probably this game for a quicky 1 hour. Nice game and CS has history more than 20 years",positive,steam_live,730,True,1778924560,76679,english,0,0.5,True,False,False
Counter-Strike 2,好玩爱玩,positive,steam_live,730,True,1778924526,60473,schinese,0,0.5,True,False,False
Counter-Strike 2,good,positive,steam_live,730,True,1778924518,1939,english,0,0.5,True,False,False
Counter-Strike 2,very good and bad game recommend,positive,steam_live,730,True,1778924473,47737,french,1,0.523809552192687988,True,False,False
Counter-Strike 2,only like this game bc i got a knife with no money,positive,steam_live,730,True,1778924413,18506,english,0,0.5,True,False,False
Counter-Strike 2,like,positive,steam_live,730,True,1778924378,18864,polish,0,0.5,True,False,False
Counter-Strike 2,nice,positive,steam_live,730,True,1778924372,4838,russian,1,0.523809552192687988,True,False,False
Counter-Strike 2,отличная игра. но на моем компютере лагает,positive,steam_live,730,True,1778924367,441,russian,0,0.5,True,False,False
Counter-Strike 2,It's fun but don't be scared of racism and sexism.,positive,steam_live,730,True,1778924332,19417,french,0,0.5,True,False,False
Counter-Strike 2,fd,positive,steam_live,730,True,1778924307,14831,english,0,0.5,True,False,False
Counter-Strike 2,非常nice,positive,steam_live,730,True,1778924275,20380,schinese,0,0.5,True,False,False
Counter-Strike 2,fun,positive,steam_live,730,True,1778924271,7211,english,0,0.5,True,False,False
Counter-Strike 2,Пж зарегай,positive,steam_live,730,True,1778924265,4263,russian,0,0.5,True,False,False
Counter-Strike 2,SARIYO BABAĞĞĞĞĞĞĞĞĞĞ,positive,steam_live,730,True,1778924176,201998,turkish,202,0.759194910526275635,True,False,False
Counter-Strike 2,haowan,positive,steam_live,730,True,1778924072,40191,schinese,0,0.5,True,False,False
Counter-Strike 2,класс,positive,steam_live,730,True,1778923914,86478,russian,0,0.5,True,False,False
Counter-Strike 2,Top 🔝,positive,steam_live,730,True,1778923862,3436,russian,0,0.5,True,False,False
Counter-Strike 2,fs,positive,steam_live,730,True,1778923838,910,english,0,0.5,True,False,False
Counter-Strike 2,"не игра, а просто кал",negative,steam_live,730,False,1778923805,9392,russian,0,0.5,True,False,False
Counter-Strike 2,在玩游戏的日子里，我玩了很多款游戏，但无论如何，我都会回到这里——我所热爱的他,positive,steam_live,730,True,1778923804,60222,schinese,0,0.5,True,False,False
Counter-Strike 2,Game Nhu Dau Buoi,positive,steam_live,730,True,1778923767,4649,vietnamese,0,0.5,True,False,False
Counter-Strike 2,"игра не регает, а мне надо на кухню. Короче имба",positive,steam_live,730,True,1778923747,33723,russian,0,0.5,True,False,False
Counter-Strike 2,hab russisch gelernt und brauchte kein duolingo,positive,steam_live,730,True,1778923679,771,german,0,0.5,True,False,False
Counter-Strike 2,♥♥♥♥♥,positive,steam_live,730,True,1778923583,1973,russian,0,0.5,True,False,False
Counter-Strike 2,залупа нерегающая,negative,steam_live,730,False,1778923562,34756,russian,0,0.5,True,False,False
Counter-Strike 2,залупа ♥♥♥♥♥♥♥,positive,steam_live,730,True,1778923555,97903,russian,0,0.5,True,False,False
Counter-Strike 2,♥♥♥♥♥,positive,steam_live,730,True,1778923542,9377,russian,0,0.5,True,False,False
Counter-Strike 2,not bad,positive,steam_live,730,True,1778923463,74995,english,0,0.5,True,False,False
Counter-Strike 2,gggg,positive,steam_live,730,True,1778923416,82833,english,0,0.5,True,False,False
Counter-Strike 2,100% recomens and full of russians +++,positive,steam_live,730,True,1778923402,5681,english,0,0.5,True,False,False
Counter-Strike 2,bardzo selekcyjna i wykwintna gra polecam,positive,steam_live,730,True,1778923393,339,polish,0,0.5,True,False,False
Counter-Strike 2,Peak,positive,steam_live,730,True,1778923312,27337,english,0,0.5,True,False,False
Counter-Strike 2,i hate ♥♥♥♥♥♥s,positive,steam_live,730,True,1778923297,8647,polish,0,0.5,True,False,False
Counter-Strike 2,"Sporo cheaterów, firma nic nie robi dla dobra czystości rozgrywki. Smutne to.  cały czas WH AIM AFK itp",negative,steam_live,730,False,1778923257,63270,polish,0,0.5,True,False,False
Counter-Strike 2,нт,positive,steam_live,730,True,1778923217,17556,russian,0,0.5,True,False,False
Counter-Strike 2,mbg,positive,steam_live,730,True,1778923192,4277,english,0,0.5,True,False,False
Counter-Strike 2,есть много режимов весёлые игры,positive,steam_live,730,True,1778923000,43178,russian,0,0.5,True,False,False
Counter-Strike 2,best fps,positive,steam_live,730,True,1778922930,176265,english,0,0.5,True,False,False
Counter-Strike 2,ЗА столько лет эта игра стала культовой. Все остальные подобные лишь на фоне этой игры!,positive,steam_live,730,True,1778922806,85760,russian,0,0.5,True,False,False
Counter-Strike 2,кайф,positive,steam_live,730,True,1778922739,11789,russian,0,0.5,True,False,False
Counter-Strike 2,на пару часиков сойдет,positive,steam_live,730,True,1778922693,60624,russian,0,0.5,True,False,False
Counter-Strike 2,zzzzzzzzzzzzzzzzzzzzzzzzzzz,positive,steam_live,730,True,1778922666,4827,turkish,0,0.5,True,False,False
Counter-Strike 2,"топ игра, как только зашел кресло сменилось на табуретку и бутылку, стало играть комфортнее. очень много англичан, пытаюсь пропогандировать им Z. хорошая игра только 2 папы которые кстати появились после скачивания мешают играть.",positive,steam_live,730,True,1778922632,2321,russian,0,0.5,True,False,False
Counter-Strike 2,dostaje pierdolca jak w to gram,negative,steam_live,730,False,1778922527,30575,polish,1,0.523809552192687988,True,False,False
Counter-Strike 2,volvo good anticheat,positive,steam_live,730,True,1778922521,8185,english,0,0.5,True,False,False
Counter-Strike 2,♥♥♥♥♥,positive,steam_live,730,True,1778922506,27659,russian,0,0.5,True,False,False
Counter-Strike 2,"аа
не регает",positive,steam_live,730,True,1778922506,69190,russian,0,0.5,True,False,False
Counter-Strike 2,Игра хорошая но не регает в моментах спасибо пожалуйсто,positive,steam_live,730,True,1778922500,6174,russian,0,0.5,True,False,False
Counter-Strike 2,豪丸？豪丸！,positive,steam_live,730,True,1778922417,9333,schinese,0,0.5,True,False,False
Counter-Strike 2,КЛАСС,positive,steam_live,730,True,1778922322,6001,russian,0,0.5,True,False,False
Counter-Strike 2,очень  хорошая графика,positive,steam_live,730,True,1778922316,55543,russian,0,0.5,True,False,False
Counter-Strike 2,lil shine lowkey fire,positive,steam_live,730,True,1778922310,293,english,2,0.54356849193572998,True,False,False
Counter-Strike 2,inanılmaz derece de hile geliyor ve ben hile kullanmadığım halde güven faktörüm düştü sebebi ne valve anlamadım?,negative,steam_live,730,False,1778922299,8961,turkish,1,0.5,True,False,False
Counter-Strike 2,可,positive,steam_live,730,True,1778922211,29269,schinese,0,0.523809552192687988,True,False,False
Counter-Strike 2,Deym so many cheaters </3 can't play the right game with this one...,negative,steam_live,730,False,1778922184,2171,english,0,0.5,True,False,False
Counter-Strike 2,piękna gra poprostu. golda 3 mam na szkrzydło i dobiera 8lvl faceit i po 2 przegranych spadam na golda 2 w czasie kiedy inni przejebią 5 meczy i nie dostają nic,positive,steam_live,730,True,1778922128,26008,polish,0,0.5,True,False,False
Counter-Strike 2,buen juego pero el anticheat una basura,positive,steam_live,730,True,1778922049,95209,spanish,0,0.5,True,False,False
Counter-Strike 2,play legacy batlle,positive,steam_live,730,True,1778921899,36897,russian,0,0.5,True,False,False
Counter-Strike 2,u will see when u play :),positive,steam_live,730,True,1778921395,3292,english,0,0.5,True,False,False
Counter-Strike 2,не регає,negative,steam_live,730,False,1778921372,8749,ukrainian,0,0.5,True,False,False
Counter-Strike 2,good,positive,steam_live,730,True,1778921317,149975,english,0,0.5,True,False,False
Counter-Strike 2,игра превратилась из соревновательно против игроков в соревновательную против ботов и свиней с читами которые бустятят кого то или же просто в соло с читами ебашут и палятса и у них 100% или новый фулл профиль или же он приватный и коменты закрыты а сами коменты которые там есть это от их друзей или же попросили кого то просто вписать в коменты что то хорошое что бы ак выглядел нормально,negative,steam_live,730,False,1778921310,11867,russian,1,0.523809552192687988,True,False,False
Counter-Strike 2,TOP,positive,steam_live,730,True,1778921308,7026,english,0,0.5,True,False,False
Counter-Strike 2,За 23 часа с праймом без читов проебал траст до красного,positive,steam_live,730,True,1778921271,1825,russian,0,0.5,True,False,False
Counter-Strike 2,а,positive,steam_live,730,True,1778921214,42937,russian,0,0.5,True,False,False
Counter-Strike 2,ы,positive,steam_live,730,True,1778921214,2684,russian,0,0.5,True,False,False
Counter-Strike 2,;/,positive,steam_live,730,True,1778921168,15962,russian,0,0.5,True,False,False
Counter-Strike 2,31,positive,steam_live,730,True,1778921007,1203,turkish,0,0.5,True,False,False
Counter-Strike 2,люблю играть в контерстрайк,positive,steam_live,730,True,1778920952,5353,russian,0,0.5,True,False,False
Counter-Strike 2,wewewewe,positive,steam_live,730,True,1778920886,10192,russian,0,0.5,True,False,False
Counter-Strike 2,имба игра,positive,steam_live,730,True,1778920870,22131,russian,0,0.5,True,False,False
Counter-Strike 2,awesome game,positive,steam_live,730,True,1778920666,22696,english,0,0.5,True,False,False
Counter-Strike 2,"[h1]资本的V社[/h1]
三天两头瞎更新，出终端机、改弹匣机制、增强受击抖动、砍死斗经验。利好玩家游戏体验的更新一个没有，死斗一堆脚本管都不管，一直盯着市场乱更新",negative,steam_live,730,False,1778920612,19436,schinese,0,0.5,True,False,False
Counter-Strike 2,г,negative,steam_live,730,False,1778920605,26502,russian,0,0.5,True,False,False
Counter-Strike 2,За 300ч не стал трактористом,negative,steam_live,730,False,1778920602,18183,russian,0,0.5,True,False,False
Counter-Strike 2,"Gaben, son of a ♥♥♥♥♥♥♥ slut, I wish you a speedy death, as well as your entire family. The son of a prostitute can't make a proper VAC and anti-cheat, and he's wondering why he and his games are being ♥♥♥♥♥♥. Son of a ♥♥♥♥♥♥♥ creature, I ♥♥♥♥♥♥ your mother in the mouth.",negative,steam_live,730,False,1778920563,14325,russian,0,0.5,True,False,False
Counter-Strike 2,говно2,negative,steam_live,730,False,1778920551,6616,russian,0,0.5,True,False,False
Counter-Strike 2,вак  не работает постоянно читеры  а так все четкко,positive,steam_live,730,True,1778920536,25057,russian,0,0.5,True,False,False
Counter-Strike 2,i feel good,positive,steam_live,730,True,1778920513,17879,english,0,0.5,True,False,False
Counter-Strike 2,nıceee,positive,steam_live,730,True,1778920381,5083,turkish,0,0.5,True,False,False
Counter-Strike 2,5,positive,steam_live,730,True,1778920355,55980,russian,0,0.5,True,False,False
Counter-Strike 2,говн,negative,steam_live,730,False,1778920255,32296,russian,1,0.523809552192687988,True,False,False
Counter-Strike 2,好哇哦,positive,steam_live,730,True,1778920005,7295,schinese,0,0.5,True,False,False
Counter-Strike 2,good,positive,steam_live,730,True,1778919891,3317,russian,0,0.5,True,False,False
Counter-Strike 2,Понравились новые дымы,positive,steam_live,730,True,1778919875,564,russian,0,0.5,True,False,False
Counter-Strike 2,ч,positive,steam_live,730,True,1778919824,1966,russian,0,0.5,True,False,False
Counter-Strike 2,Нормалди,positive,steam_live,730,True,1778919759,24174,russian,0,0.5,True,False,False
Counter-Strike 2,круто,positive,steam_live,730,True,1778919697,9876,russian,0,0.5,True,False,False
Counter-Strike 2,1,positive,steam_live,730,True,1778919697,112545,schinese,0,0.5,True,False,False
Counter-Strike 2,Very good game i love getting railed by cheaters every match,positive,steam_live,730,True,1778919688,11098,english,1,0.523809552192687988,True,False,False
Counter-Strike 2,брбр патапим,positive,steam_live,730,True,1778919649,16496,russian,0,0.5,True,False,False
Counter-Strike 2,good,positive,steam_live,730,True,1778919635,25548,schinese,0,0.5,True,False,False
Counter-Strike 2,Cs2,positive,steam_live,730,True,1778919589,7803,english,0,0.5,True,False,False
Counter-Strike 2,"Отличная игра, топ",positive,steam_live,730,True,1778919517,9,russian,0,0.5,True,False,False
Counter-Strike 2,как я вас не люблю моего друга (брата) заблокирровали баном зато что он типо читер а он не читер  а еще у него пропал свет и его заблокировали на 7 дней я вас не люблю валве,negative,steam_live,730,False,1778919495,8183,russian,1,0.523809552192687988,True,False,False
Counter-Strike 2,,positive,steam_live,730,True,1778919493,32963,russian,0,0.5,True,False,False
Counter-Strike 2,ekip oyunu,positive,steam_live,730,True,1778919469,62409,turkish,0,0.5,True,False,False
Counter-Strike 2,Throat goat,positive,steam_live,730,True,1778919277,810,english,1,0.523809552192687988,True,False,False
Counter-Strike 2,♥♥♥♥♥,negative,steam_live,730,False,1778919274,3001,russian,0,0.5,True,False,False
Counter-Strike 2,Нет игры лучше кса!,positive,steam_live,730,True,1778919247,45566,russian,0,0.5,True,False,False
Counter-Strike 2,güzel,positive,steam_live,730,True,1778919237,18075,turkish,0,0.5,True,False,False
Counter-Strike 2,sad,positive,steam_live,730,True,1778919198,4412,russian,0,0.5,True,False,False
Counter-Strike 2,nice,positive,steam_live,730,True,1778919185,11846,schinese,0,0.5,True,False,False
Counter-Strike 2,Лучший способ проебать время в никуда,positive,steam_live,730,True,1778919110,925,russian,0,0.5,True,False,False
Counter-Strike 2,люблю,positive,steam_live,730,True,1778919012,5543,russian,1,0.523809552192687988,True,False,False
Counter-Strike 2,"крутая игра,ненавижу ее",positive,steam_live,730,True,1778918989,16302,russian,0,0.5,True,False,False
Counter-Strike 2,VBT,positive,steam_live,730,True,1778918868,5235,russian,0,0.5,True,False,False
Counter-Strike 2,cheater strike 2,negative,steam_live,730,False,1778918849,10807,turkish,1,0.5,True,False,False
Counter-Strike 2,"https://steamcommunity.com/profiles/76561197973845818/inventory/#730_2_182003526
https://steamcommunity.com/profiles/76561197988627193/inventory/#730_2_1905952506
https://steamcommunity.com/id/ChristopherGeTRiGhTAlesund/inventory/#730_2_573158343",positive,steam_live,730,True,1778918763,54105,turkish,0,0.5,True,False,False
Counter-Strike 2,good,positive,steam_live,730,True,1778918749,14023,russian,0,0.5,True,False,False
Counter-Strike 2,очень дорого,positive,steam_live,730,True,1778918720,3284,russian,0,0.5,True,False,False
Counter-Strike 2,"очень плохой античит , много читеров , особенно в премьер режиме",negative,steam_live,730,False,1778918640,3517,russian,0,0.5,True,False,False
Counter-Strike 2,nb,positive,steam_live,730,True,1778918622,3245,schinese,0,0.5,True,False,False
Counter-Strike 2,"pretty good but minor issues like late bullet register, and more........",positive,steam_live,730,True,1778918524,26649,english,0,0.5,True,False,False
Counter-Strike 2,MONEY LAUNDRY!!!,positive,steam_live,730,True,1778918450,91065,english,0,0.5,True,False,False
Counter-Strike 2,.,positive,steam_live,730,True,1778918420,8460,russian,1,0.523809552192687988,True,False,False
Counter-Strike 2,ну такое,positive,steam_live,730,True,1778918382,4451,russian,0,0.5,True,False,False
Counter-Strike 2,игра просто ♥♥♥♥♥,positive,steam_live,730,True,1778918323,7905,russian,0,0.5,True,False,False
Counter-Strike 2,нормик,positive,steam_live,730,True,1778918275,259,english,0,0.5,True,False,False
Counter-Strike 2,JUGARLO CONFIAR EN MI,positive,steam_live,730,True,1778918211,690,spanish,0,0.5,True,False,False
Counter-Strike 2,Game where you can lose all your brain cells in one match,positive,steam_live,730,True,1778918087,1456,english,1,0.523809552192687988,True,False,False
Counter-Strike 2,好玩,positive,steam_live,730,True,1778918063,46454,schinese,0,0.5,True,False,False
Counter-Strike 2,无需多言,positive,steam_live,730,True,1778918016,5595,schinese,0,0.5,True,False,False
Counter-Strike 2,lets go,positive,steam_live,730,True,1778917986,57939,schinese,0,0.5,True,False,False
Counter-Strike 2,♥♥♥♥♥ всем рикоминдую.,positive,steam_live,730,True,1778917943,693,russian,0,0.5,True,False,False
Counter-Strike 2,Катки ищутся быстро,positive,steam_live,730,True,1778917832,217,russian,0,0.5,True,False,False
Counter-Strike 2,.,positive,steam_live,730,True,1778917792,10111,russian,0,0.5,True,False,False
Counter-Strike 2,amazinggame~!,positive,steam_live,730,True,1778917758,30793,russian,0,0.5,True,False,False
Counter-Strike 2,Good,positive,steam_live,730,True,1778917707,3753,english,0,0.5,True,False,False
Counter-Strike 2,hayatım bitmiş benim hayatım,positive,steam_live,730,True,1778917687,5598,turkish,0,0.5,True,False,False
Counter-Strike 2,出货率特别高把把出金,positive,steam_live,730,True,1778917687,29716,schinese,0,0.5,True,False,False
Counter-Strike 2,hilesiz bir oyun oynamadık valve tşk,negative,steam_live,730,False,1778917623,2531,turkish,1,0.5,True,False,False
Counter-Strike 2,nice strike,positive,steam_live,730,True,1778917617,11633,russian,1,0.523809552192687988,True,False,False
Counter-Strike 2,玩多了会很累，和朋友自建房联不了机，很狗屎,negative,steam_live,730,False,1778917572,27207,schinese,0,0.5,True,False,False
Counter-Strike 2,更新后道具粘手，v社你妈死了不会改别改,negative,steam_live,730,False,1778917416,56914,schinese,1,0.5,True,False,False
Counter-Strike 2,.,negative,steam_live,730,False,1778917395,3120,russian,0,0.5,True,False,False
Counter-Strike 2,имба :D,positive,steam_live,730,True,1778917374,1253,russian,0,0.5,True,False,False
Counter-Strike 2,Классика,positive,steam_live,730,True,1778917158,1885,russian,0,0.5,True,False,False
Counter-Strike 2,wymagająca gra ale polecam jeśli lubisz wyzwania,positive,steam_live,730,True,1778917113,6813,polish,0,0.5,True,False,False
Counter-Strike 2,so toxic and hard but love this game,positive,steam_live,730,True,1778917105,63951,english,0,0.5,True,False,False
Counter-Strike 2,oynamayın.,positive,steam_live,730,True,1778917059,4485,turkish,0,0.5,True,False,False
Counter-Strike 2,good lotta sweats but good,positive,steam_live,730,True,1778916942,1472,english,0,0.5,True,False,False
Counter-Strike 2,уруй айхал,positive,steam_live,730,True,1778916724,52472,russian,0,0.5,True,False,False
Counter-Strike 2,NİCE PRETTY GOOD,positive,steam_live,730,True,1778916724,4455,turkish,0,0.5,True,False,False
Counter-Strike 2,HAOWANAIWAN,positive,steam_live,730,True,1778916708,40504,schinese,0,0.5,True,False,False
Counter-Strike 2,:),positive,steam_live,730,True,1778916610,3006,english,0,0.5,True,False,False
Counter-Strike 2,хороша,positive,steam_live,730,True,1778916517,78906,russian,0,0.5,True,False,False
Counter-Strike 2,"Ein gutes game, bei dem es auf skill und Teamarbeit ankommt.",positive,steam_live,730,True,1778916354,97412,german,0,0.5,True,False,False
Counter-Strike 2,1,positive,steam_live,730,True,1778916211,14484,schinese,0,0.5,True,False,False
Counter-Strike 2,66,positive,steam_live,730,True,1778916208,1943,schinese,0,0.5,True,False,False
Counter-Strike 2,很好玩,positive,steam_live,730,True,1778915988,1096,schinese,0,0.5,True,False,False
Counter-Strike 2,Great game for misogyny.,positive,steam_live,730,True,1778915824,53481,english,0,0.5,True,False,False
Counter-Strike 2,good,positive,steam_live,730,True,1778915668,6099,turkish,0,0.5,True,False,False
Counter-Strike 2,Hilelere çözüm bulunsa gayet güzel oyun tavsiye ederim.,positive,steam_live,730,True,1778915647,77877,turkish,0,0.5,True,False,False
Counter-Strike 2,Звуки шагов стали лучше,positive,steam_live,730,True,1778915630,229,russian,0,0.5,True,False,False
Counter-Strike 2,豪丸,positive,steam_live,730,True,1778915531,46308,schinese,0,0.5,True,False,False
Counter-Strike 2,емаааааааааааааааааааааааа,positive,steam_live,730,True,1778915407,2971,russian,0,0.5,True,False,False
Counter-Strike 2,good,positive,steam_live,730,True,1778915355,2903,schinese,1,0.523809552192687988,True,False,False
Counter-Strike 2,una japi lleno dde chiters,negative,steam_live,730,False,1778915312,719,spanish,0,0.5,True,False,False
Counter-Strike 2,top,positive,steam_live,730,True,1778915293,14009,romanian,0,0.5,True,False,False
Counter-Strike 2,cancer game,positive,steam_live,730,True,1778915248,522,english,0,0.5,True,False,False
Counter-Strike 2,Best game in steam,positive,steam_live,730,True,1778915160,144095,english,0,0.5,True,False,False
Counter-Strike 2,完美,positive,steam_live,730,True,1778914963,151802,schinese,0,0.5,True,False,False
Counter-Strike 2,its all ♥♥♥♥♥ and giggles until a random german man ur address and u hear ur doorbell ring,positive,steam_live,730,True,1778914896,1323,english,0,0.476190477609634399,True,False,False
Counter-Strike 2,gg,positive,steam_live,730,True,1778914858,5982,english,0,0.5,True,False,False
Counter-Strike 2,好玩，但上手难度高,positive,steam_live,730,True,1778914784,23383,schinese,0,0.5,True,False,False
Counter-Strike 2,interesting game,positive,steam_live,730,True,1778914677,976,english,0,0.5,True,False,False
Counter-Strike 2,good,positive,steam_live,730,True,1778914659,1307,english,1,0.523809552192687988,True,False,False
Counter-Strike 2,!,positive,steam_live,730,True,1778914522,53224,english,0,0.5,True,False,False
Counter-Strike 2,юю б,positive,steam_live,730,True,1778914479,12308,russian,0,0.5,True,False,False
Counter-Strike 2,GIT,positive,steam_live,730,True,1778914448,3736,polish,0,0.5,True,False,False
Counter-Strike 2,es un hermoso juego,positive,steam_live,730,True,1778914359,10939,spanish,0,0.5,True,False,False
Counter-Strike 2,juego de md no gane ninguna partida en toda la noche puro br en partidas sali re caliente me encanta,positive,steam_live,730,True,1778914269,673,spanish,0,0.5,True,False,False
Counter-Strike 2,цваепро,positive,steam_live,730,True,1778914195,2031,russian,0,0.5,True,False,False
Counter-Strike 2,infested with cheaters,negative,steam_live,730,False,1778914114,4942,english,0,0.5,True,False,False
Counter-Strike 2,可以可以,positive,steam_live,730,True,1778914099,21096,schinese,0,0.5,True,False,False
Counter-Strike 2,,positive,steam_live,730,True,1778913918,24912,turkish,0,0.5,True,False,False
Counter-Strike 2,brings me back,positive,steam_live,730,True,1778913889,4396,english,0,0.5,True,False,False
Counter-Strike 2,这款游戏设计的非常棒,positive,steam_live,730,True,1778913862,39300,schinese,0,0.5,True,False,False
Counter-Strike 2,Исправили много багов,positive,steam_live,730,True,1778913848,51,russian,0,0.5,True,False,False
Counter-Strike 2,ror,positive,steam_live,730,True,1778913579,13150,english,0,0.5,True,False,False
Counter-Strike 2,if u like learning curse words in russain perfact game russain guy screams at u 10,positive,steam_live,730,True,1778913484,24262,english,0,0.5,True,False,False
Counter-Strike 2,не регает плюсом пинг 300,negative,steam_live,730,False,1778913460,9967,russian,0,0.5,True,False,False
Counter-Strike 2,♥♥♥♥♥ просто 0 анитичита просто габен забил ♥♥♥ на античит,negative,steam_live,730,False,1778913392,1743,russian,0,0.5,True,False,False
Counter-Strike 2,Легендарная игра,positive,steam_live,730,True,1778913279,970,russian,0,0.5,True,False,False
Counter-Strike 2,пиу пиу,positive,steam_live,730,True,1778913276,50694,russian,0,0.5,True,False,False
Counter-Strike 2,The best FPS,positive,steam_live,730,True,1778913258,8478,tchinese,1,0.523809552192687988,True,False,False
Counter-Strike 2,经典永流传,positive,steam_live,730,True,1778913161,41468,schinese,0,0.5,True,False,False
Counter-Strike 2,very good game,positive,steam_live,730,True,1778913061,11961,english,0,0.5,True,False,False
Counter-Strike 2,This game sux (hardstuck silver),positive,steam_live,730,True,1778913012,105761,english,0,0.5,True,False,False
Counter-Strike 2,very cool game,positive,steam_live,730,True,1778913003,43269,english,0,0.5,True,False,False
Counter-Strike 2,CSoty of the year,positive,steam_live,730,True,1778913002,25837,latam,0,0.5,True,False,False
Counter-Strike 2,W game,positive,steam_live,730,True,1778912977,1174,english,1,0.523809552192687988,True,False,False
Counter-Strike 2,too many hackers,positive,steam_live,730,True,1778912945,10503,english,1,0.523809552192687988,True,False,False
Counter-Strike 2,не регаем я сьел мвою мышку стало регать,positive,steam_live,730,True,1778912925,1717,russian,0,0.5,True,False,False
Counter-Strike 2,что выпадет? нож или мать с окна,positive,steam_live,730,True,1778912915,8550,russian,0,0.5,True,False,False
Counter-Strike 2,Give me reason not to recommend this game.,positive,steam_live,730,True,1778912670,96605,english,0,0.5,True,False,False
Counter-Strike 2,Hacker vs Hacker Nice Game like dog,negative,steam_live,730,False,1778912620,3693,thai,0,0.5,True,False,False
Counter-Strike 2,made my like miserable,positive,steam_live,730,True,1778912512,25489,english,0,0.5,True,False,False
Counter-Strike 2,add aim acceleration and ill stop ♥♥♥♥♥♥♥♥. valve protects cheaters at this point and its ♥♥♥♥♥♥♥ absurd.,negative,steam_live,730,False,1778912284,16557,english,0,0.5,True,False,False
Counter-Strike 2,"Been playing since 2014, great game.",positive,steam_live,730,True,1778912241,1775,english,1,0.502881824970245361,True,False,False
Counter-Strike 2,bom pra passar raiva,positive,steam_live,730,True,1778912167,10057,brazilian,1,0.523809552192687988,True,False,False
Counter-Strike 2,nice,positive,steam_live,730,True,1778912038,20274,schinese,0,0.5,True,False,False
Counter-Strike 2,./,positive,steam_live,730,True,1778911958,33362,russian,0,0.5,True,False,False
Counter-Strike 2,"El mejor juego del mundo, no lo jueguen nunca",positive,steam_live,730,True,1778911913,6564,latam,0,0.5,True,False,False
Counter-Strike 2,sex,positive,steam_live,730,True,1778911862,2412,russian,0,0.5,True,False,False
Counter-Strike 2,ппп,negative,steam_live,730,False,1778911691,43439,russian,0,0.5,True,False,False
Counter-Strike 2,Já foi melhor,positive,steam_live,730,True,1778911598,5815,brazilian,0,0.5,True,False,False
Counter-Strike 2,I like.,positive,steam_live,730,True,1778911566,788,russian,0,0.5,True,False,False
Counter-Strike 2,"нифига, тут короче стрелять надо графика круто ничосе",positive,steam_live,730,True,1778911509,3022,russian,1,0.523809552192687988,True,False,False
Counter-Strike 2,yani oyuna denilecek laf yok ama kasalardan sarı çıkma ihtimali biraz daha fazla olabilir,positive,steam_live,730,True,1778911477,1708,turkish,0,0.5,True,False,False
Counter-Strike 2,goood bad nice gently i,positive,steam_live,730,True,1778911402,8755,english,0,0.5,True,False,False
Counter-Strike 2,bu amk oyununda oynamayı bilmiyosanız oynamayın sinir krizi geçiriom ananızı sikeyim az oyun öğrenin amk evlatları rekabetçi girin yoldaş girmeyin hepinizin anasını sikim amınakoydumun evlatları inşşalah toplu bir şekilde ölürsünüz amin amk evlatları,negative,steam_live,730,False,1778911370,5306,turkish,1,0.5,True,False,False
Counter-Strike 2,нн,positive,steam_live,730,True,1778911353,252909,russian,0,0.5,True,False,False
Counter-Strike 2,Сикс сэвэн,positive,steam_live,730,True,1778911249,8413,russian,1,0.523809552192687988,True,False,False
Counter-Strike 2,"Fun, but with a twist. If you end up in a match with one hacker using wall hacks and his profile is private and he has at least 100 hours so he toxic spams u with ""cope"", YOU WILL CONSIDER PUTTING A CONTROLLER AGAINST YOUR HEAD. VAC is just slop, so just pray to God you don't end up getting into a lobby like that. Other than that a pretty beginner-friendly game and is fun with friends. Cases are worth buying.",positive,steam_live,730,True,1778911224,3328,english,0,0.5,True,False,False
Counter-Strike 2,"Мне говорили что игра огонь, но не уточняли что из жопы",positive,steam_live,730,True,1778911222,46165,russian,0,0.5,True,False,False
Counter-Strike 2,Исправили много багов,positive,steam_live,730,True,1778911153,1189,russian,0,0.5,True,False,False
Counter-Strike 2,好游戏！顶呱呱,positive,steam_live,730,True,1778911108,51718,schinese,0,0.5,True,False,False
Counter-Strike 2,ого,positive,steam_live,730,True,1778911083,11843,russian,0,0.5,True,False,False
Counter-Strike 2,Much better gunplay then previous entries in the franchise. I could see this actually being enjoyable to play if I had friends. The new engine and graphics are also a big plus. Call it Counter-Strike: Resynced.,positive,steam_live,730,True,1778910901,5826,english,0,0.5,True,False,False
Counter-Strike 2,Интерфейс стал удобнее,positive,steam_live,730,True,1778910769,414,russian,0,0.5,True,False,False
Counter-Strike 2,"купил ак-47 пошел мочить врагов убил много людей, зашел в игру мне понравилось играть",positive,steam_live,730,True,1778910706,22812,russian,0,0.5,True,False,False
Counter-Strike 2,me guzta el bideo guejo,positive,steam_live,730,True,1778910140,17418,spanish,0,0.5,True,False,False
Counter-Strike 2,eeeeeewaedesafsdsierfuysesufgwuyifagsyfasioefgsfug s eufhsag aosuedf se8yuf09sy nsof ai uhef,positive,steam_live,730,True,1778909999,5011,russian,0,0.5,True,False,False
Counter-Strike 2,a,positive,steam_live,730,True,1778909992,62939,schinese,0,0.5,True,False,False
Counter-Strike 2,nah they change dm xp cap L update,negative,steam_live,730,False,1778909930,108010,english,0,0.5,True,False,False
Counter-Strike 2,越更新越卡 垃圾,negative,steam_live,730,False,1778909923,15187,schinese,0,0.5,True,False,False
Counter-Strike 2,weekly free money,positive,steam_live,730,True,1778909836,1795,english,1,0.523809552192687988,True,False,False
Counter-Strike 2,♥♥♥♥♥,negative,steam_live,730,False,1778909480,53388,russian,0,0.5,True,False,False
Counter-Strike 2,ta bueno pero lleno de chiteros,positive,steam_live,730,True,1778909411,17770,latam,0,0.5,True,False,False
Counter-Strike 2,капец блин,positive,steam_live,730,True,1778909352,13716,russian,0,0.5,True,False,False
Counter-Strike 2,nice,positive,steam_live,730,True,1778909215,5741,english,0,0.5,True,False,False
Counter-Strike 2,Интерфейс стал удобнее,positive,steam_live,730,True,1778909099,1158,russian,0,0.5,True,False,False
Counter-Strike 2,gun,positive,steam_live,730,True,1778908788,4443,english,0,0.5,True,False,False
Counter-Strike 2,...,positive,steam_live,730,True,1778908686,21999,russian,0,0.5,True,False,False
Counter-Strike 2,.,positive,steam_live,730,True,1778908633,8962,latam,0,0.5,True,False,False
Counter-Strike 2,vedy fun,positive,steam_live,730,True,1778908521,2356,english,1,0.523809552192687988,True,False,False
Counter-Strike 2,не регает,positive,steam_live,730,True,1778908445,46375,russian,0,0.5,True,False,False
Counter-Strike 2,Game is full of friendly and leading players! Everyone plays fair to the best of their own skin and map knowledge! I am very luck to be in a community that is dedicated to the game!,positive,steam_live,730,True,1778908220,36880,english,0,0.5,True,False,False
Counter-Strike 2,.,positive,steam_live,730,True,1778908061,6639,russian,0,0.5,True,False,False
Counter-Strike 2,Fun game to play with friends. Fun game to waste money and time on,positive,steam_live,730,True,1778908034,3752,english,0,0.5,True,False,False
Counter-Strike 2,уроки сделал ♥♥♥♥♥,positive,steam_live,730,True,1778907990,61184,russian,0,0.5,True,False,False
Counter-Strike 2,"Great game, nothing much to say. Able to run at 1080p 165hz",positive,steam_live,730,True,1778907969,10922,english,0,0.5,True,False,False
Counter-Strike 2,daora,positive,steam_live,730,True,1778907804,44838,brazilian,0,0.5,True,False,False
Counter-Strike 2,good,positive,steam_live,730,True,1778907728,15494,spanish,0,0.5,True,False,False
Counter-Strike 2,rfrb gerb,negative,steam_live,730,False,1778907645,4803,russian,0,0.5,True,False,False
Counter-Strike 2,颗秒！,positive,steam_live,730,True,1778907630,62164,schinese,0,0.5,True,False,False
Counter-Strike 2,топчик,positive,steam_live,730,True,1778907548,4602,russian,0,0.5,True,False,False
Counter-Strike 2,NICE,positive,steam_live,730,True,1778907533,435379,schinese,0,0.5,True,False,False
Counter-Strike 2,Bad,negative,steam_live,730,False,1778907520,8209,english,0,0.5,True,False,False
Counter-Strike 2,yarrak gııbı,negative,steam_live,730,False,1778907359,53501,turkish,1,0.5,True,False,False
Counter-Strike 2,прикольная игра,positive,steam_live,730,True,1778907349,10057,russian,0,0.5,True,False,False
Counter-Strike 2,👍,positive,steam_live,730,True,1778907220,5764,english,1,0.523809552192687988,True,False,False
Counter-Strike 2,BOM,positive,steam_live,730,True,1778907197,2351,brazilian,1,0.523809552192687988,True,False,False
Counter-Strike 2,KNMWEDOMWMDSOLIKMDFOIMFDOIMDFODFOIMERFDQWE叫我强迫MWQPO，,positive,steam_live,730,True,1778907153,9670,schinese,0,0.5,True,False,False
Counter-Strike 2,https://steamcommunity.com/id/donkgojo/inventory/#730_2_37477227121,positive,steam_live,730,True,1778907044,16181,russian,0,0.5,True,False,False
Counter-Strike 2,кс2 хорошая игра,positive,steam_live,730,True,1778906942,4541,russian,0,0.5,True,False,False
Counter-Strike 2,dog,negative,steam_live,730,False,1778906919,67701,english,0,0.5,True,False,False
Counter-Strike 2,"jogo chato, me impressiona a quantidade de pessoas que curte um jogo tão zuado!",negative,steam_live,730,False,1778906567,835,brazilian,0,0.5,True,False,False
Counter-Strike 2,good,positive,steam_live,730,True,1778906139,1481,english,0,0.5,True,False,False
Counter-Strike 2,muy weno,positive,steam_live,730,True,1778906098,15029,spanish,0,0.5,True,False,False
Counter-Strike 2,NB,positive,steam_live,730,True,1778906078,3226,schinese,0,0.5,True,False,False
Counter-Strike 2,es frustrante solo cuando los brasucas se quejan,positive,steam_live,730,True,1778906009,7403,latam,0,0.5,True,False,False
Counter-Strike 2,"yeah, it's a game",positive,steam_live,730,True,1778905997,5868,english,1,0.523809552192687988,True,False,False
Counter-Strike 2,"Lleno de chiters, me estresa, lo amo",positive,steam_live,730,True,1778905971,10336,latam,0,0.5,True,False,False
Counter-Strike 2,NİCE CHEATS,positive,steam_live,730,True,1778905921,3027,turkish,1,0.523809552192687988,True,False,False
Counter-Strike 2,idkioyfftdtdt,positive,steam_live,730,True,1778905648,4167,spanish,0,0.5,True,False,False
Counter-Strike 2,神ゲーだろ。,positive,steam_live,730,True,1778905504,3190,japanese,0,0.5,True,False,False
Counter-Strike 2,good,positive,steam_live,730,True,1778905451,4944,german,0,0.5,True,False,False
Counter-Strike 2,"тут НЕТ релакса!!МНОГО БОТОВ ,ИЛИ ЧИТЕРОВ!ИГРА ♥♥♥♥♥♥♥♥ ,ЭТО ЖЕ КС.Я ЗАХОЖУ ЧТОБ КОРОБКУ ЗАБРАТЬ!ИГРА Для ВАС, И НЕ ДЛЯ ВАС.ХОЧУ ЧТОБ ОНА СТАНОВИЛОСЬ ЛУЧШЕ.ХОЧУ ЧТОБ ЗАБАНИЛИ ВСЕ БОТА ФЕРМЫ, но ЭТОГО НЕ ПРОЗАЙДЕТ .........Я ИГРАЛ В КС С ВЕРСИИ 1.0 ,1998 ИЛИ 1999.ТАМ БЫЛО СТРЕМЛЕНИЕ СТАТЬ ЛУЧШЕМ ...........А СЕЙЧАС РУТИЛИ",negative,steam_live,730,False,1778905355,42632,russian,0,0.5,True,False,False
Counter-Strike 2,this is rocket league,positive,steam_live,730,True,1778905339,40399,english,0,0.5,True,False,False
Counter-Strike 2,NICE,positive,steam_live,730,True,1778905274,17304,english,0,0.5,True,False,False
Counter-Strike 2,muchos bots,positive,steam_live,730,True,1778905261,1912,spanish,0,0.5,True,False,False
Counter-Strike 2,Оптимизация радует,positive,steam_live,730,True,1778905207,382,russian,0,0.5,True,False,False
Counter-Strike 2,Very good,positive,steam_live,730,True,1778905177,6555,english,0,0.5,True,False,False
Counter-Strike 2,god,positive,steam_live,730,True,1778905156,62561,english,0,0.5,True,False,False
Counter-Strike 2,"https://steamcommunity.com/id/ropzkah/inventory/#730_2_25795405089
https://steamcommunity.com/id/b1t333/inventory/#730_2_23880241518",positive,steam_live,730,True,1778905127,125941,schinese,0,0.5,True,False,False
Counter-Strike 2,Game is ♥♥♥♥♥♥♥. Constant cheaters. Valve does everything in their power to keep them around instead of banning them. Do not fall into this trap,negative,steam_live,730,False,1778904919,71745,english,0,0.5,True,False,False
Counter-Strike 2,Suka nahui blyat,positive,steam_live,730,True,1778904882,29265,english,0,0.5,True,False,False
Counter-Strike 2,Güzel,positive,steam_live,730,True,1778904786,2405,turkish,0,0.5,True,False,False
Counter-Strike 2,"Best competitive games ever..
but please update the anti cheat",positive,steam_live,730,True,1778904777,1497,english,1,0.523809552192687988,True,False,False
Counter-Strike 2,donk,positive,steam_live,730,True,1778904596,16641,schinese,0,0.5,True,False,False
Counter-Strike 2,"praticamente sem antcheat, vac live é a coisa mais podre ja criada, só pensam em lançar skins para lucrarem, se procura o minimo de competitivo justo precisa jogar em plataformas de terceiros como faceit ou gc, boa sorte",negative,steam_live,730,False,1778904474,105316,brazilian,0,0.5,True,False,False
Counter-Strike 2,I have hardly played this game. Still can't figure out how to leave silver 1,positive,steam_live,730,True,1778904467,128662,english,0,0.5,True,False,False
Counter-Strike 2,L'état actuel de l'anticheat est affolant ...,negative,steam_live,730,False,1778904332,8873,french,1,0.523809552192687988,True,False,False
Counter-Strike 2,bingo bango bish bash bosh,positive,steam_live,730,True,1778904315,8792,english,0,0.5,True,False,False
Counter-Strike 2,adam,positive,steam_live,730,True,1778904276,36163,english,0,0.5,True,False,False
Counter-Strike 2,"10 вхшеров из 10
Рекоммендую",positive,steam_live,730,True,1778904164,4703,russian,0,0.5,True,False,False
Counter-Strike 2,jogo muito bom vou jogar para a toda vida,positive,steam_live,730,True,1778904123,4995,brazilian,0,0.5,True,False,False
Counter-Strike 2,fk,positive,steam_live,730,True,1778904102,32663,english,0,0.5,True,False,False
Counter-Strike 2,"Run, see player, crouch, die, repeat",positive,steam_live,730,True,1778904095,2175,english,0,0.5,True,False,False
Counter-Strike 2,7,positive,steam_live,730,True,1778903988,82744,brazilian,0,0.5,True,False,False
Counter-Strike 2,Интерфейс стал удобнее,positive,steam_live,730,True,1778903964,253,russian,0,0.5,True,False,False
Counter-Strike 2,крутая игра,positive,steam_live,730,True,1778903811,230,russian,0,0.5,True,False,False
Counter-Strike 2,este juego esta arruinado. compre premier pensando que ahi iba a tener algun respaldo ante cheats de los rivales y compañeros y no aun fue peor de 5 partidas 3 hay un tramposo... realmente una tristeza porque el juego me gusto jugue 98HS estoy totalmente triste porque tampoco puedo solicitar reembolso e invertirlo en algo mas. realmente no inviertan en este juego hasta que valve garantice un mayor cuidado de los jugadores reales. no se dan una idea el odio que tengo,negative,steam_live,730,False,1778903735,5929,spanish,0,0.5,True,False,False
Counter-Strike 2,Review,positive,steam_live,730,True,1778903606,1703,english,0,0.5,True,False,False
Counter-Strike 2,ccvcvcvcvcvcvcvcvcvcvcccvcvc,positive,steam_live,730,True,1778903532,10399,russian,0,0.5,True,False,False
Counter-Strike 2,Легендарная игра,positive,steam_live,730,True,1778903445,697,russian,0,0.5,True,False,False
Counter-Strike 2,TOXIC but fun,positive,steam_live,730,True,1778903364,9971,english,0,0.5,True,False,False
Counter-Strike 2,很棒,positive,steam_live,730,True,1778903346,2692,schinese,0,0.5,True,False,False
Counter-Strike 2,mto bom,positive,steam_live,730,True,1778903328,12230,brazilian,1,0.523809552192687988,True,False,False
Counter-Strike 2,"Даже с покупкой премиум оказывается ""софтеров"" очень много и с этим ничего не делают. Очень жаль что деньги выкинуты в пустую",negative,steam_live,730,False,1778903311,11124,russian,0,0.5,True,False,False
Counter-Strike 2,"Gaben you fat pig, if you could look over your stomach in your New Zealand bunker for more then one second and spend more than one second on a anti-cheat the game would just be more fun.",negative,steam_live,730,False,1778903116,22434,english,0,0.5,True,False,False
Counter-Strike 2,anti-cheat so ♥♥♥♥,positive,steam_live,730,True,1778903039,3539,schinese,0,0.5,True,False,False
Counter-Strike 2,good,positive,steam_live,730,True,1778902967,29183,schinese,0,0.5,True,False,False
Counter-Strike 2,.,positive,steam_live,730,True,1778902896,12452,english,0,0.5,True,False,False
Counter-Strike 2,Y,positive,steam_live,730,True,1778902822,10420,schinese,0,0.5,True,False,False
Counter-Strike 2,Guns,positive,steam_live,730,True,1778902651,8083,english,0,0.5,True,False,False
Counter-Strike 2,Not good game,negative,steam_live,730,False,1778902454,7639,english,0,0.5,True,False,False
Counter-Strike 2,lo mejor,positive,steam_live,730,True,1778902428,4771,spanish,0,0.5,True,False,False
Counter-Strike 2,"Норм обнова, играем",positive,steam_live,730,True,1778902398,5,russian,0,0.5,True,False,False
Counter-Strike 2,w,positive,steam_live,730,True,1778902360,7158,russian,0,0.5,True,False,False
Counter-Strike 2,Best game made,positive,steam_live,730,True,1778902271,8757,english,0,0.5,True,False,False
Counter-Strike 2,好玩,positive,steam_live,730,True,1778902221,29757,schinese,0,0.5,True,False,False
Counter-Strike 2,say gex (change s and g),positive,steam_live,730,True,1778902201,3148,ukrainian,0,0.5,True,False,False
Counter-Strike 2,"odio este juego con todo mi ser y no lo puedo dejar es peor que la droga diría . era lv 20 de gc en el csgo al pedo porque tiempo perdido diría , ahora tratando de llegar a lv 10 de faceit para volver al nivel pero a la vez es terrible perdida de tiempo impresionante si no jugaran mis amigos a esto ni le dedicaría tanto tiempo de mi vida creo que es uno de los peores juegos que Jugué en mi vida y a valve poco le importa ese juego claramente desde que salio cs2 fue un asco total recuerdo incluso un parche de nvidia que le dieron vac a un montón de gente y después lo sacaron , o el bug que cuando kickeaban a alguien de la partida te podía deletear tu inventario y demás que se podría nombrar , la verdad deja mucho que desear este juego y es una completa y absoluta basura diría pero a la vez sirve para pasar tiempo con amigos pero nada mas ojala no hubiera jugado nunca a esta inmundicia de juego y desperdiciado tanto tiempo de vida. tengo otras cuentas con mas horas no lo recomiendo para nada. ojala algún día a valve le importe este juego. no lo recomiendo para nada hagan algo que si valga la pena con sus vidas y no perder tiempo aca.",negative,steam_live,730,False,1778902081,156006,spanish,0,0.5,True,False,False
Counter-Strike 2,ada,positive,steam_live,730,True,1778901622,13962,english,0,0.5,True,False,False
Counter-Strike 2,game is so sheet is so bed facing cheaters premier every match crap game,negative,steam_live,730,False,1778901246,58102,english,0,0.5,True,False,False
Counter-Strike 2,I don't know how this trust score works. Ideally newbie should play with newbie. But what I see is cheaters - a lot. How is this mechanism going to sustain new players into this game?,negative,steam_live,730,False,1778901035,1052,schinese,0,0.5,True,False,False
Counter-Strike 2,我爱这个游戏,positive,steam_live,730,True,1778900980,60316,schinese,0,0.5,True,False,False
Counter-Strike 2,"After hours of mindlessly rotting my brain scrolling through YouTube shorts, I figured I’d dive into this game because I saw some German YouTuber losing his mind over opening cases and screaming ""Gold gold gold!"" Like that’s gonna be my reality. Spoiler alert: It isn’t! This game is like a brick wall for newbies. For your first few hours, you’re going to be queuing against 10-year CS2 veterans who’ve never seen daylight who hit nothing but headshots like they’re playing whack-a-mole.

And let’s not forget your teammates, who are equipped with all the awareness of a potato. Headphones? Nah, who needs those! You’ll find yourself screaming at them while they blissfully slide into death like it’s a slip ‘n slide. And before you even think about taking a bathroom break, think again! Step away for longer than 15 seconds and you'll be voted off the team faster than you can say “uninstall.” 

As if that wasn’t enough, the game is riddled with cheaters who can track you through walls. They act like I cant see them blatantly looking at other players through the walls. I spent over 100 hours on this delightful rollercoaster of despair before finally cracking and buying a case. After extensive lecturing, I was told, ""not to open cases"" because they ""weren't worth it"". But against all odds I decided to test my luck. Yeah, I'll never do that again, I got a well-worn skin worth less than the crumbs in my bean bag. Just kidding! I lied, I bought another case! Great! Now I have a gambling addiction...At least the game has a ""great community,"" right? One last thing—the $10 prime subscription is a steal; you get free cases and skins every week that you can either sell or toss in the digital trash! 10/10 game!",positive,steam_live,730,True,1778900870,9376,english,0,0.5,True,False,False
Counter-Strike 2,"muito bom, sofri mais racismo do que na gringa, recomendo S2",positive,steam_live,730,True,1778900822,26374,english,0,0.5,True,False,False
Counter-Strike 2,"até da para jogar um pouco, mas logo enjoa",positive,steam_live,730,True,1778900795,188019,brazilian,0,0.5,True,False,False
Counter-Strike 2,Оптимизация радует,positive,steam_live,730,True,1778900490,604,russian,0,0.5,True,False,False
Counter-Strike 2,una poronga. lleno de chiteros,positive,steam_live,730,True,1778900451,2441,spanish,0,0.5,True,False,False
Counter-Strike 2,esta bien,positive,steam_live,730,True,1778900442,19236,latam,0,0.5,True,False,False
Counter-Strike 2,因为杨林不给我口，所以我推荐,positive,steam_live,730,True,1778900348,35632,schinese,0,0.5,True,False,False
Counter-Strike 2,lleno de petes,negative,steam_live,730,False,1778900085,77240,spanish,0,0.5,True,False,False
Counter-Strike 2,我爱玩MAG-7,positive,steam_live,730,True,1778899956,97165,schinese,0,0.5,True,False,False
Counter-Strike 2,GG,positive,steam_live,730,True,1778899923,3310,brazilian,0,0.5,True,False,False
Counter-Strike 2,its fun,positive,steam_live,730,True,1778899728,1514,english,0,0.5,True,False,False
Counter-Strike 2,CS2真好玩吧？休闲模式有片姐打广告，死斗跟搭档模式有挂箱机器人，官匹竞技和优先充斥着各种外挂客户端（毛子有巨大贡献）全员注入 绿玩被当球踢。国内的对战平台又有elo机制，再怎么c也赢不了(控制胜率这一块)，总之非常推荐来玩CS2👍,positive,steam_live,730,True,1778899610,75003,schinese,0,0.5,True,False,False
Counter-Strike 2,you can cheat all the way no deteckt.... but if you play in a russ team and be the kill leader all report you like all the time.... you get bannend for 14 days txy for all the support,positive,steam_live,730,True,1778899560,86696,english,0,0.5,True,False,False
Counter-Strike 2,its amazing and has a lot of russians,positive,steam_live,730,True,1778899269,1411,english,0,0.5,True,False,False
Counter-Strike 2,"Отличная игра, топ",positive,steam_live,730,True,1778899267,81,russian,0,0.5,True,False,False
Counter-Strike 2,好玩爱玩,positive,steam_live,730,True,1778898855,62255,schinese,0,0.5,True,False,False
Counter-Strike 2,CS2 is the type of game that ruins your mood for 30 minutes and somehow makes you queue again instantly.,positive,steam_live,730,True,1778898696,12013,english,0,0.5,True,False,False
Counter-Strike 2,ss,positive,steam_live,730,True,1778898626,906,english,0,0.5,True,False,False
Counter-Strike 2,cs good gambling case nice knife gold win,positive,steam_live,730,True,1778898618,27866,english,0,0.5,True,False,False
Counter-Strike 2,"El Counter es un carrusel de muchas emociones, un día estas jugando partidas únicas con tus amigos, otro dia te encuentras a 10.000 peruanos que no saben jugar y los puntos que obtuviste en premier se esfuman, al otro dia, te encuentras jugando con unos ♥♥♥♥♥♥♥ que tienen wall hack, iam hack, radar y te cuestionas porque sigues jugando. 
Al dia siguiente, te pasa todo lo mencionado en un mismo dia. 
Recuerdas que muchos se volvieron ricos ahorrando cajas que te salen gratis cada martes de la semana, y solo sigues jugando por esas cajas que salen cada marte.

10 de 10 el juego y mas cuando tienes premier.",positive,steam_live,730,True,1778898461,16038,spanish,0,0.5,True,False,False
Counter-Strike 2,trustworthy factor is annoying,positive,steam_live,730,True,1778898406,3535,english,0,0.5,True,False,False
Counter-Strike 2,"Le nombre de cheater est arrivé à un point où le jeu est vraiment injouable, 1 partie sur 3 minimum vous tomberai sur un mec qui met des travers no scope a travers des smokes. Bref il est temps de changer de jeu.",negative,steam_live,730,False,1778898255,222760,french,0,0.5,True,False,False
Counter-Strike 2,Легендарная игра,positive,steam_live,730,True,1778898247,188,russian,0,0.5,True,False,False
Counter-Strike 2,"https://steamcommunity.com/profiles/76561198041683378/inventory/#730_2_23880241526
https://steamcommunity.com/id/ropzkah/inventory/#730_2_48492132705
https://steamcommunity.com/id/ropzkah/inventory/#730_2_25795405089",positive,steam_live,730,True,1778898220,3676,schinese,0,0.5,True,False,False
Counter-Strike 2,"НУ ЧТО СКАЗАТЬ, Я ПРОСЛАВИЛСЯ СВОИМ ПИКОМ НА КЭШЕ, А ГАБЕН ШЛЮХОЙ МАМОЙ",positive,steam_live,730,True,1778898039,60155,russian,0,0.5,True,False,False
Counter-Strike 2,"Permanently one bad queue away from a full mental collapse.

I play Counter-Strike: Global Offensive, which is without question the greatest competitive game ever made… and also the worst-designed punishment system known to man. It’s perfect. It’s beautiful. It’s balanced like a masterpiece. And I ♥♥♥♥♥♥♥ hate it with every fibre of my being.

5,000 hours of pure psychological damage. Not gameplay. Damage. I’ve been flashbanged more times in real life emotional stability than I have in-game at this point. Every session starts with hope and ends with me staring at the monitor like I’ve just been personally insulted by Valve employees.

The teammates are not teammates. They are case studies in why education funding matters. I get people who buy Zeus every round like it’s a personality trait, blokes who peak mid with a Negev, and absolute geniuses who think planting the bomb is optional. And somehow I’m the villain because I didn’t 1v5 a stack of sweatlords with sound turned off and a team arguing in the background about who stole whose USB stick.

And yet I keep queuing. That’s the sick part. I uninstall it in rage, sit there fuming, go for a walk, reflect on life… then reinstall it like I’m entering a toxic relationship I know is going to end in screaming and regret.

Not working. Not interested. Why would I spend 40 hours a week contributing to society when I can instead experience 40 emotional breakdowns per evening in ranked? It’s more efficient. It’s more consistent. It builds character, apparently. Mostly it builds rage.

This game is elite. It is sacred. It is the peak of competitive design. And I want to throw my entire setup into the ocean every time I lose a 1v2 because my teammate is lurking in spawn with 17 HP and zero brain cells.

If you’ve read this far, either you understand the addiction… or you’re about to get screamed at in a voice chat for doing something stupid in Mirage palace.",negative,steam_live,730,False,1778897981,26930,english,0,0.5,True,False,False
Counter-Strike 2,goodgood,positive,steam_live,730,True,1778897909,1269,schinese,0,0.5,True,False,False
Counter-Strike 2,dont play intuil they fix the cheating problem,negative,steam_live,730,False,1778897873,32025,english,0,0.5,True,False,False
Counter-Strike 2,Sim,positive,steam_live,730,True,1778897804,60171,brazilian,0,0.5,True,False,False
Counter-Strike 2,太讷了,positive,steam_live,730,True,1778897720,6226,schinese,0,0.5,True,False,False
Counter-Strike 2,"1. me buy crate
2. me buy key
3. me get ♥♥♥♥
4. me play game
5. me get ♥♥♥♥ on
6. me close game
7. me swear to no play no more
8. me repeat",negative,steam_live,730,False,1778897631,2590,english,0,0.5,True,False,False
Counter-Strike 2,blyat,positive,steam_live,730,True,1778897577,140110,english,0,0.5,True,False,False
Counter-Strike 2,CS,positive,steam_live,730,True,1778897462,27631,english,0,0.5,True,False,False
Counter-Strike 2,este juego me alegra las tardes lastima que lo juega elias,negative,steam_live,730,False,1778897452,26365,spanish,0,0.5,True,False,False
Counter-Strike 2,for EGOISTS,positive,steam_live,730,True,1778897401,47604,russian,1,0.523809552192687988,True,False,False
Counter-Strike 2,Ta Josha,positive,steam_live,730,True,1778897215,701,latam,0,0.5,True,False,False
Counter-Strike 2,fasza,positive,steam_live,730,True,1778897182,34891,hungarian,1,0.523809552192687988,True,False,False
Counter-Strike 2,good game,positive,steam_live,730,True,1778896988,6253,romanian,0,0.5,True,False,False
Counter-Strike 2,es un buen juego la mayor parte del tiempo cuando no te tocan trolls o bots fuera de eso el juego es bueno,positive,steam_live,730,True,1778896952,84421,spanish,0,0.5,True,False,False
Counter-Strike 2,Desde a era de 2007,positive,steam_live,730,True,1778896950,4332,brazilian,0,0.5,True,False,False
Counter-Strike 2,норм,positive,steam_live,730,True,1778896917,29860,russian,0,0.5,True,False,False
Counter-Strike 2,"É o melhor jogo que exite, só tem muito cara chato, mas é o melhoor !!!",positive,steam_live,730,True,1778896905,298201,brazilian,0,0.5,True,False,False
Counter-Strike 2,jogaso da porra,positive,steam_live,730,True,1778896903,8768,spanish,0,0.5,True,False,False
Counter-Strike 2,322,positive,steam_live,730,True,1778896875,33151,russian,0,0.5,True,False,False
Counter-Strike 2,dont,negative,steam_live,730,False,1778896790,14158,english,0,0.5,True,False,False
Counter-Strike 2,me han banneado sin sentido alguno,negative,steam_live,730,False,1778896784,2527,spanish,0,0.5,True,False,False
Counter-Strike 2,vvv,positive,steam_live,730,True,1778896784,68037,brazilian,0,0.5,True,False,False
Counter-Strike 2,Люблю кс GLADKOVA TEAM ХУЕСОСИ И ПИДОРАСИ я их матерей ♥♥♥♥ в жопу,positive,steam_live,730,True,1778896710,2202,russian,0,0.5,True,False,False
Counter-Strike 2,чя,positive,steam_live,730,True,1778896188,794,russian,1,0.523809552192687988,True,False,False
Counter-Strike 2,♡ℙ𝕠𝟛𝕒𝕣ℤ♡,positive,steam_live,730,True,1778896150,566,tchinese,0,0.5,True,False,False
Counter-Strike 2,a,positive,steam_live,730,True,1778896120,11897,brazilian,0,0.5,True,False,False
Counter-Strike 2,it's ight ig,positive,steam_live,730,True,1778896032,28569,english,0,0.5,True,False,False
Counter-Strike 2,как  играть то,negative,steam_live,730,False,1778895946,267254,russian,0,0.5,True,False,False
Counter-Strike 2,qwearwfwafwaf,positive,steam_live,730,True,1778895878,32061,schinese,0,0.5,True,False,False
Counter-Strike 2,"Графика супер, физика топ",positive,steam_live,730,True,1778895784,888,russian,0,0.5,True,False,False
Counter-Strike 2,rogal,positive,steam_live,730,True,1778895748,25426,polish,0,0.5,True,False,False
Counter-Strike 2,XD,positive,steam_live,730,True,1778895561,23499,russian,1,0.523809552192687988,True,False,False
Counter-Strike 2,67,positive,steam_live,730,True,1778895403,883,english,0,0.5,True,False,False
Counter-Strike 2,"Игра с ботами майнерами которые бегают по кругу (если не стрелять мимо пробегают и бегут на базу делают круг и по новой ) на карте и ваншотят с пол карты с любова оружия с одного патрона 
10 ботов майнеров из 10",negative,steam_live,730,False,1778895244,18527,russian,0,0.5,True,False,False
Counter-Strike 2,hackers,negative,steam_live,730,False,1778895218,16112,english,0,0.5,True,False,False
Counter-Strike 2,Лучший шутер на ПК,positive,steam_live,730,True,1778895134,759,russian,0,0.5,True,False,False
Counter-Strike 2,Acabou com a minha saúde mental... ADOREI!!,positive,steam_live,730,True,1778895126,1616,brazilian,0,0.5,True,False,False
Counter-Strike 2,67,positive,steam_live,730,True,1778895029,115794,russian,0,0.5,True,False,False
Counter-Strike 2,♥♥♥♥♥,negative,steam_live,730,False,1778894938,200789,japanese,0,0.5,True,False,False
Counter-Strike 2,this is an amazing fps game and its for free making it all around a great game for those who dont have the money to spend on call of duty's overpriced copy and paste games,positive,steam_live,730,True,1778894925,337,english,0,0.5,True,False,False
Counter-Strike 2,For a Indian Nate this game is good!,positive,steam_live,730,True,1778894910,3133,english,0,0.5,True,False,False
Counter-Strike 2,.,positive,steam_live,730,True,1778894850,66823,turkish,0,0.5,True,False,False
Counter-Strike 2,TOP,positive,steam_live,730,True,1778894824,13872,portuguese,0,0.5,True,False,False
Counter-Strike 2,pfffff,positive,steam_live,730,True,1778894820,2758,turkish,0,0.5,True,False,False
Counter-Strike 2,love dis game,positive,steam_live,730,True,1778894415,3279,english,0,0.5,True,False,False
Counter-Strike 2,"lets me say slurs with out being banned. and the russians i guess, Also very easy to rage bait people 

10/10",positive,steam_live,730,True,1778894406,74638,english,0,0.5,True,False,False
Counter-Strike 2,Игра норм но когда начнут занимается читерами,positive,steam_live,730,True,1778894305,5264,russian,1,0.523809552192687988,True,False,False
Counter-Strike 2,"anti cheat de mierda, juego de mrd no lo jueguen y me gusta la hermana de benja",negative,steam_live,730,False,1778894196,12139,latam,0,0.5,True,False,False
Counter-Strike 2,gem l,positive,steam_live,730,True,1778894011,15964,english,1,0.523809552192687988,True,False,False
Counter-Strike 2,"Como jogar:
1-Caia em um time full Argentino, se vc não for chamado de macaco, merece um premio
2-Jogue mal, será expulso da partida e xingado até quitar
3-Jogue bem, e seja chamado de Xitado
4-depois de jogar, va em uma psicóloga",positive,steam_live,730,True,1778893768,10589,brazilian,0,0.5,True,False,False
Counter-Strike 2,hileli,positive,steam_live,730,True,1778893663,19599,turkish,0,0.5,True,False,False
Counter-Strike 2,top,positive,steam_live,730,True,1778893588,4026,brazilian,1,0.523809552192687988,True,False,False
Counter-Strike 2,juego de hombres vro,positive,steam_live,730,True,1778893555,845,spanish,0,0.5,True,False,False
Counter-Strike 2,Затягивает на сотни часов,positive,steam_live,730,True,1778893477,212,russian,0,0.5,True,False,False
Counter-Strike 2,;P,positive,steam_live,730,True,1778893471,10925,spanish,0,0.5,True,False,False
Counter-Strike 2,very fun,positive,steam_live,730,True,1778893465,1148,english,0,0.5,True,False,False
Counter-Strike 2,УОУООМООУМОУМООУМ,positive,steam_live,730,True,1778893442,101775,russian,1,0.523809552192687988,True,False,False
Counter-Strike 2,"najlepsza gra typu FPS za dobry rynek, gunplay , taktyczne podejście , no i za to że jebać cheaterów",positive,steam_live,730,True,1778893341,7218,polish,0,0.5,True,False,False
Counter-Strike 2,MUY BUENO PERO MUCHOS CHEATS,positive,steam_live,730,True,1778893338,33435,spanish,1,0.523809552192687988,True,False,False
Counter-Strike 2,"da best fps shooter game i swear why? because theres gambling,talking trash, and highly competitive. btw ohnepixel is da goat so is s1mple",positive,steam_live,730,True,1778893338,7535,english,0,0.5,True,False,False
Counter-Strike 2,Затягивает на сотни часов,positive,steam_live,730,True,1778893131,606,russian,0,0.5,True,False,False
Counter-Strike 2,da,positive,steam_live,730,True,1778893083,61259,romanian,0,0.5,True,False,False
Counter-Strike 2,bad,negative,steam_live,730,False,1778892958,1243,english,0,0.5,True,False,False
Counter-Strike 2,xuynya,negative,steam_live,730,False,1778892932,2869,english,0,0.5,True,False,False
Counter-Strike 2,good,negative,steam_live,730,False,1778892829,345,english,0,0.5,True,False,False
Counter-Strike 2,Топ за свои деньги,positive,steam_live,730,True,1778892685,213,russian,0,0.5,True,False,False
Counter-Strike 2,"2 partida define sua patente, numa eu não mato tanto e na outra dou a vida mato quase 30 cara, fico em primeiro como melhor da partida. Pra no final pegar Prata 2.

Sistema de patente já foi melhor já.",positive,steam_live,730,True,1778892613,1733,brazilian,0,0.5,True,False,False
Counter-Strike 2,haowan,positive,steam_live,730,True,1778892568,1275,schinese,0,0.5,True,False,False
Counter-Strike 2,that the game i like but the hacker are interrupt us to main players valve do something that some wallers instant ban,positive,steam_live,730,True,1778892423,6043,english,0,0.5,True,False,False
Counter-Strike 2,Nur am cheaten alle richtig schlechtes Spiel CSGO war das beste Valve hat alles kaputt gemacht.,negative,steam_live,730,False,1778892405,35771,german,0,0.476190477609634399,True,False,False
Counter-Strike 2,god,positive,steam_live,730,True,1778892335,19178,spanish,0,0.5,True,False,False
Counter-Strike 2,F1 Please!,positive,steam_live,730,True,1778892088,7446,turkish,0,0.5,True,False,False
Counter-Strike 2,i,positive,steam_live,730,True,1778892085,32140,english,0,0.5,True,False,False
Counter-Strike 2,oihlukuihk,positive,steam_live,730,True,1778891920,8750,russian,0,0.5,True,False,False
Counter-Strike 2,"Great game. Playing since over 25 years, since CS 1.6
But the netcode since those many Russians is really worse.
Therefore: What about Tickrate 120 Server, geographical limits (without Russians) when I want this...?",positive,steam_live,730,True,1778891870,47013,german,0,0.5,True,False,False
Counter-Strike 2,"Играть только если у вас диагностировали одну из перечисленых диагнозов:
Аутизм
Синдром Аспергера
Синдром дефицита внимания и гиперактивности
Шизофрения
Биполярное расстройство
Депрессия
Дистимия
Обсессивно-компульсивное расстройство
Генерализованное тревожное расстройство
Паническое расстройство
Социальное тревожное расстройство
Посттравматическое стрессовое расстройство
Расстройства личности
Пограничное расстройство личности
Нарциссическое расстройство личности
Антисоциальное расстройство личности
Избегающее расстройство личности
Шизотипическое расстройство личности
Диссоциативное расстройство идентичности
Диссоциативная амнезия
Соматоформные расстройства
Ипохондрия
Расстройства пищевого поведения
Анорексия
Булимия
Компульсивное переедание
Бессонница
Нарколепсия
Паранойя
Психоз
Кататония
Синдром Туретта
Расстройства адаптации
Агорафобия
Селективный мутизм
Пика
Трихотилломания
Дерматилломания",positive,steam_live,730,True,1778891716,35633,russian,1,0.523809552192687988,True,False,False
Counter-Strike 2,"Hay demasiados hacker y lo peor es que no los banean ni les pasa nada, este juego se siente muerto",negative,steam_live,730,False,1778891707,6367,english,0,0.5,True,False,False
Counter-Strike 2,A lot of cheaters but the game is good,positive,steam_live,730,True,1778891615,73453,english,1,0.52173912525177002,True,False,False
Counter-Strike 2,F this,positive,steam_live,730,True,1778891499,3293,english,0,0.5,True,False,False
Counter-Strike 2,Only the best kind of people play this.,positive,steam_live,730,True,1778891460,12652,english,0,0.5,True,False,False
Counter-Strike 2,"ÖNCELİKLE YUVAM DAĞILDI, BASURUM PATLADI, PSİKOLOJİK SORUNLAR YAŞIYORUM, TAVSİYE ETMEM OCAK SÖNDÜRÜR KİTABIMA KARIMI DÖVMEKTEN KOMAYA SOKTUM ÇOCUĞUMU SATIP KELEŞE SKİN ALDIM O DA YARI YARIYA DÜŞTÜ ALLAHINIZDAN BULUN",negative,steam_live,730,False,1778891455,39823,turkish,1,0.5,True,False,False
Counter-Strike 2,bungas,positive,steam_live,730,True,1778891366,31227,brazilian,0,0.5,True,False,False
Counter-Strike 2,keşke daha az hile olsa,positive,steam_live,730,True,1778891240,5169,turkish,0,0.5,True,False,False
Counter-Strike 2,süper,positive,steam_live,730,True,1778891056,3908,turkish,0,0.5,True,False,False
Counter-Strike 2,De graça ainda é caro,positive,steam_live,730,True,1778890997,1097,brazilian,0,0.5,True,False,False
Counter-Strike 2,Игра нормальное но лучше бы занялись баном читеров а не клепали анимации ножей от третьего лица новые админы,negative,steam_live,730,False,1778890975,5214,russian,1,0.523809552192687988,True,False,False
Counter-Strike 2,.,positive,steam_live,730,True,1778890752,1298,russian,1,0.509090900421142578,True,False,False
Counter-Strike 2,Bueno,positive,steam_live,730,True,1778890591,6543,spanish,0,0.5,True,False,False
Counter-Strike 2,♥♥♥♥♥,positive,steam_live,730,True,1778890518,9848,russian,0,0.5,True,False,False
Counter-Strike 2,You run faster with a knife,positive,steam_live,730,True,1778890516,9948,english,0,0.5,True,False,False
Counter-Strike 2,bazen aşırı sinirli oluyorum,positive,steam_live,730,True,1778890258,7913,turkish,0,0.5,True,False,False
Counter-Strike 2,RPG,positive,steam_live,730,True,1778890254,1985,polish,0,0.5,True,False,False
Counter-Strike 2,Esse jogo tem melhorado bastante. Único ponto crítico aqui seria aprimorar o sistema anti-cheat.,positive,steam_live,730,True,1778890181,17967,english,0,0.5,True,False,False
Counter-Strike 2,cheaters.,positive,steam_live,730,True,1778890158,9766,english,0,0.5,True,False,False
Counter-Strike 2,"godeto, una banda de chiteros",positive,steam_live,730,True,1778890150,7299,spanish,0,0.5,True,False,False
Counter-Strike 2,best game,positive,steam_live,730,True,1778890150,248470,english,0,0.5,True,False,False
Counter-Strike 2,XD,positive,steam_live,730,True,1778890109,13373,polish,0,0.5,True,False,False
Counter-Strike 2,"Game keeps crashing, now says ""Downloading content 0%"" and won't launch or verify integrity of files. 
When it's not doing that it's randomly crashing for some other reason. 
You what game didn't have this problem and I could easily play with friends without getting cooldowns? CSGO.",negative,steam_live,730,False,1778889988,42145,english,0,0.5,True,False,False
Counter-Strike 2,Затягивает на сотни часов,positive,steam_live,730,True,1778889984,949,russian,0,0.5,True,False,False
Counter-Strike 2,игра не оправдала ожиданий. простіми словами хуетень бурмалдень,negative,steam_live,730,False,1778889969,19135,russian,0,0.5,True,False,False
Counter-Strike 2,dont waste ur time 99% of what u play are either chinese bot accounts or cheaters,negative,steam_live,730,False,1778889954,3581,english,0,0.5,True,False,False
Counter-Strike 2,CS,positive,steam_live,730,True,1778889810,19005,brazilian,1,0.523809552192687988,True,False,False
Counter-Strike 2,NICE,positive,steam_live,730,True,1778889607,829,german,0,0.5,True,False,False
Counter-Strike 2,♥♥♥♥♥ peak,positive,steam_live,730,True,1778889533,18522,english,0,0.5,True,False,False
Counter-Strike 2,VERY FUN,positive,steam_live,730,True,1778889504,16673,english,0,0.5,True,False,False
Counter-Strike 2,maravilhoso.,positive,steam_live,730,True,1778889494,2409,brazilian,0,0.5,True,False,False
Counter-Strike 2,"qué quilombo, hermano. Lo vendieron como “el salto al futuro del shooter táctico”, pero al final es más humo que balas. Los gráficos están lindos, sí, pero se siente como ponerle pintura nueva a un auto viejo que sigue fallando. El netcode… mamita, todavía te morís detrás de la pared y el rival parece tener Wi-Fi directo con Dios. Parece que lo jugás desde un cibercafé del 2005. Te desconectás más seguido que un módem de dial-up, y cuando no se te cae la partida, el lag hace que tus balas viajen en colectivo,llegan tarde y nunca donde vos apuntaste.los jugadores la re viven, loco. Entrás a una partida y parece que todos son Messi con un AK: te deletean en milisegundos, te hacen wallbangs imposibles y encima te spamean el chat como si fueran comentaristas de fútbol.",positive,steam_live,730,True,1778889481,35666,latam,0,0.5,True,False,False
Counter-Strike 2,Классика в новой обертке,positive,steam_live,730,True,1778889478,677,russian,0,0.5,True,False,False
Counter-Strike 2,"this game is only good for cases, the r8, and the negev",positive,steam_live,730,True,1778889465,1587,english,0,0.5,True,False,False
Counter-Strike 2,",",negative,steam_live,730,False,1778889315,21988,norwegian,0,0.5,True,False,False
Counter-Strike 2,ng,positive,steam_live,730,True,1778889292,877,turkish,0,0.5,True,False,False
Counter-Strike 2,Хуйнч,positive,steam_live,730,True,1778889225,5517,ukrainian,0,0.5,True,False,False
Counter-Strike 2,tghrhth,positive,steam_live,730,True,1778889058,5194,english,0,0.5,True,False,False
Counter-Strike 2,SEDTSRGDHHFG,positive,steam_live,730,True,1778889053,59894,english,0,0.5,True,False,False
Counter-Strike 2,lule picanhe,positive,steam_live,730,True,1778888999,4996,brazilian,0,0.5,True,False,False
Counter-Strike 2,Polecam fajnie się gra jak jest dobry internet:),positive,steam_live,730,True,1778888967,19458,polish,0,0.5,True,False,False
Counter-Strike 2,maybe,positive,steam_live,730,True,1778888915,1545,english,1,0.523809552192687988,True,False,False
Counter-Strike 2,"Если вы хотите купить прайм в 2026 не делайте этого, пустая трата денег! Вместо нормальных игроков в напах будут боты которые фармят кейсы и будет  нереально играть потому что у них вх и аим! А сорвеновательный это вообще польный ♥♥♥♥♥♥!!!!!!!!!!!!!!!!!!!!!!!!!!!!!!!!!!!!!!!!!!!!!!!!!!!!!!!!!!!!!!!!!!!!!!!!!!!!!!!!!!!!!!!!!!!!!!!!!!!!!!!!!!!!!!!!!!!!!!!!!!!!!!!!!!!!!!!!!!!!!!!!!!!!!!!!!!!!!!!!!!!!!!!!!!!!!!!!!!!!!!!!!!!!!!!!!!!!!!!!!!!!!!!!!!!!!!!!!!!!!!!!!!!!!!! Вы найдете игру и потвердит еее максимум 5 людей",negative,steam_live,730,False,1778888907,3103,russian,0,0.5,True,False,False
Counter-Strike 2,acık acık hile kullanıyolar banlayın artık,negative,steam_live,730,False,1778888902,6469,turkish,1,0.5,True,False,False
Counter-Strike 2,oyunda çok fazla hile açan var ve viyana sunucularından bağlıyor bu da tr de sunucu olmadığı için ekstra ping yüksek oynuyoruz adaletli değil yani,negative,steam_live,730,False,1778888900,36646,turkish,1,0.5,True,False,False
Counter-Strike 2,Звуки шагов стали лучше,positive,steam_live,730,True,1778888803,979,russian,0,0.5,True,False,False
Counter-Strike 2,.,negative,steam_live,730,False,1778888767,15205,english,0,0.5,True,False,False
Counter-Strike 2,Bugado,positive,steam_live,730,True,1778888737,612,brazilian,0,0.5,True,False,False
Counter-Strike 2,"Норм обнова, играем",positive,steam_live,730,True,1778888606,484,russian,0,0.5,True,False,False
Counter-Strike 2,норм игруха наверно не знаю не ииграл еще,positive,steam_live,730,True,1778888599,11212,russian,0,0.5,True,False,False
Counter-Strike 2,só xitados parabens valve empresa lixo,negative,steam_live,730,False,1778888554,2925,brazilian,1,0.523809552192687988,True,False,False
Counter-Strike 2,wow,positive,steam_live,730,True,1778888550,4275,french,0,0.5,True,False,False
Counter-Strike 2,Juego de mrd lleno de cheaters cada 2 partidas. ya ni para gamblear sirve porque el mercado se cae a pedazos y las unicas actualizaciones que hacen es en cambiar el ángulo del sol o alguna textura que a nadie le interesa. (lo sigue jugando),negative,steam_live,730,False,1778888548,57599,spanish,0,0.5,True,False,False
Counter-Strike 2,game good,positive,steam_live,730,True,1778888461,17870,english,0,0.5,True,False,False
Counter-Strike 2,ыыыыыыыыы,positive,steam_live,730,True,1778888453,429,russian,1,0.523809552192687988,True,False,False
Counter-Strike 2,"Игра на самом деле хорошая, но иногда слова ""ГАБЕН СЫН ♥♥♥♥♥"" просто не возможно сдержать, не хочу ныть, но не играя в кс го, я могу понять, что регало там лучше, однако движок был совершенно другой, вообщем вальвам спс, но на доработку и спс за кэш))",positive,steam_live,730,True,1778888423,20790,english,0,0.5,True,False,False
Counter-Strike 2,You're gambling with WW3,negative,steam_live,730,False,1778888409,51557,russian,0,0.5,True,False,False
Counter-Strike 2,çok güzel bir oyun olduğu kesin ama bu hileler konusunda cs2 tarafından büyük güvenlik önlemleri bekliyoruz ve yeni gelen şarjör değişince mermiler gitme özelliği çok iyi olmuş başarılar.,positive,steam_live,730,True,1778888366,1936,turkish,0,0.5,True,False,False
Counter-Strike 2,her yer hile dolu ve hic bir onlem alinmiyor,negative,steam_live,730,False,1778888337,79621,turkish,1,0.5,True,False,False
Counter-Strike 2,fix vac,positive,steam_live,730,True,1778888256,612,english,0,0.5,True,False,False
Counter-Strike 2,"4 КЕЙСА ОТКРЫЛ РАДИ 4 СИНЬКИ ПРЯМО С КОЛХОЗА, ♥♥♥♥♥♥ ♥♥♥♥♥♥♥♥",negative,steam_live,730,False,1778888213,78963,russian,0,0.5,True,False,False
Counter-Strike 2,ta bueno,positive,steam_live,730,True,1778888110,1474,latam,0,0.5,True,False,False
Counter-Strike 2,bom,positive,steam_live,730,True,1778888016,552,brazilian,0,0.5,True,False,False
Counter-Strike 2,BOM,positive,steam_live,730,True,1778887871,13197,brazilian,0,0.5,True,False,False
Counter-Strike 2,"Excelent joc , grafica , etc",positive,steam_live,730,True,1778887395,31974,romanian,0,0.5,True,False,False
Counter-Strike 2,xуiнR,negative,steam_live,730,False,1778886938,1545,russian,0,0.5,True,False,False
Counter-Strike 2,играю не так давно.что бы зарегало нужно в реальной жизни убить противника.я так сделал и меня посадили на 10 лет.не советую,negative,steam_live,730,False,1778886909,7343,russian,0,0.5,True,False,False
Counter-Strike 2,ass game,negative,steam_live,730,False,1778886874,48943,english,0,0.5,True,False,False
Counter-Strike 2,аааавгпсууонкппогпагошлбкап4к,negative,steam_live,730,False,1778886790,12683,russian,0,0.5,True,False,False
Counter-Strike 2,das spiel macht wirklich spaß doch es gibt nur viele cheater vac sollte verbessert werden,positive,steam_live,730,True,1778886683,1605,german,0,0.5,True,False,False
Counter-Strike 2,купил прайм онли из за дропа а так ♥♥♥♥♥ скучная никому не советую,negative,steam_live,730,False,1778886633,5884,russian,0,0.5,True,False,False
Counter-Strike 2,"juego de mrd lleno de chiteros, igual voy a seguir jugando esta cagada",negative,steam_live,730,False,1778886600,46696,spanish,0,0.5,True,False,False
Counter-Strike 2,Game bom e ruim,positive,steam_live,730,True,1778886575,3648,brazilian,0,0.5,True,False,False
Counter-Strike 2,игра норм ну старая версия была лучше,positive,steam_live,730,True,1778886563,13417,russian,0,0.5,True,False,False
Counter-Strike 2,es un juego muy bueno,positive,steam_live,730,True,1778886528,6643,spanish,0,0.5,True,False,False
Counter-Strike 2,Yes,positive,steam_live,730,True,1778886506,7222,english,0,0.5,True,False,False
Counter-Strike 2,настолько сильно у меня попа не болела,positive,steam_live,730,True,1778886416,10560,russian,1,0.523809552192687988,True,False,False
Counter-Strike 2,cheaters,negative,steam_live,730,False,1778886362,408,danish,1,0.523809552192687988,True,False,False
Counter-Strike 2,nice game,positive,steam_live,730,True,1778886227,22831,english,0,0.5,True,False,False
Counter-Strike 2,games a movie,positive,steam_live,730,True,1778886186,6568,english,0,0.5,True,False,False
Counter-Strike 2,I was kicked by Farmbots in GunGame,positive,steam_live,730,True,1778886157,141678,russian,2,0.547325074672698975,True,False,False
Counter-Strike 2,"10/10, learned russian from this game",positive,steam_live,730,True,1778886115,6668,english,0,0.5,True,False,False
Counter-Strike 2,epic,positive,steam_live,730,True,1778886036,6270,english,0,0.5,True,False,False
Counter-Strike 2,buem juego,positive,steam_live,730,True,1778886010,2751,latam,0,0.5,True,False,False
Counter-Strike 2,"Sinceramente é um excelente jogo, pena que eu odeio.",positive,steam_live,730,True,1778885936,118825,brazilian,1,0.523809552192687988,True,False,False
Counter-Strike 2,e,positive,steam_live,730,True,1778885908,735,german,1,0.523809552192687988,True,False,False
Counter-Strike 2,lo odio y lo amo a la vez,positive,steam_live,730,True,1778885868,31012,spanish,0,0.5,True,False,False
Counter-Strike 2,XANTARES PEEEKKKKK,positive,steam_live,730,True,1778885800,76931,turkish,0,0.5,True,False,False
Counter-Strike 2,RDYRY5,positive,steam_live,730,True,1778885779,21709,russian,0,0.5,True,False,False
Counter-Strike 2,Лучший шутер на ПК,positive,steam_live,730,True,1778885767,658,russian,0,0.5,True,False,False
Counter-Strike 2,Make VAC better the game has so many cheaters that arent even hiding it.,negative,steam_live,730,False,1778885736,19828,english,0,0.5,True,False,False
Counter-Strike 2,Топ,positive,steam_live,730,True,1778885714,314,russian,2,0.526503860950469971,True,False,False
Counter-Strike 2,"trash game for trash cheaters, valve will never fix, keep spending your money though",negative,steam_live,730,False,1778885638,47618,english,0,0.5,True,False,False
Counter-Strike 2,Чисто зайти с друзьями,positive,steam_live,730,True,1778885630,252,russian,0,0.5,True,False,False
Counter-Strike 2,我虽然是新玩家，但是之前看到别人玩我就喜欢玩上了，容易上瘾。,positive,steam_live,730,True,1778885573,1745,schinese,0,0.5,True,False,False
Counter-Strike 2,HILE KAYNIYOR VALVENIN KENDISI SATIYOR BIDE,negative,steam_live,730,False,1778885500,164970,turkish,1,0.5,True,False,False
Counter-Strike 2,aura juego,positive,steam_live,730,True,1778885466,95482,spanish,0,0.5,True,False,False
Counter-Strike 2,i like this game to play with mein friends :D,positive,steam_live,730,True,1778885387,3825,english,0,0.5,True,False,False
Counter-Strike 2,bon jeu,positive,steam_live,730,True,1778885276,9715,french,0,0.5,True,False,False
Counter-Strike 2,"O jogo em sí é lindo em gráficos e imersão,e otimizou muito o fps dentro das partidas. Todavia,o anti-cheat é uma bosta e vc sempre vai parecer ser chorão,mas n se iluda achando q é ruim,esse jogo 60% dos players usam cheat.",negative,steam_live,730,False,1778885266,37478,brazilian,0,0.5,True,False,False
Counter-Strike 2,♥♥♥♥,negative,steam_live,730,False,1778885229,2825,russian,1,0.523809552192687988,True,False,False
Counter-Strike 2,666,positive,steam_live,730,True,1778885185,6541,english,0,0.5,True,False,False
Counter-Strike 2,juego de mierda lo juego para el ojete y encima me corre para el ojete,positive,steam_live,730,True,1778885162,13009,spanish,0,0.5,True,False,False
Counter-Strike 2,staa,positive,steam_live,730,True,1778885140,476,english,0,0.5,True,False,False
Counter-Strike 2,MÜQ,positive,steam_live,730,True,1778885041,60302,turkish,0,0.5,True,False,False
Counter-Strike 2,xiters,negative,steam_live,730,False,1778885011,2540,brazilian,0,0.5,True,False,False
Counter-Strike 2,"Spending $15 to play with some cheaters and communication abuser who use 3rd party discord or TS to tell where is opponent in competitive premier also available hackers! 

Specially Indians do a lot friend play both side, talk local language, use discord or ts. I and many players caught red handed with video and screenshots.

Many players stopped playing game because of it also these cheaters and white lies rank builder players go in ESL and get sponsor just for playing Pis of shi*",negative,steam_live,730,False,1778884983,9290,english,0,0.5,True,False,False
Counter-Strike 2,"Muy bueno para coger asco a los Franceses, Rusos, inútiles de compañeros que te ponen...",positive,steam_live,730,True,1778884967,6316,spanish,0,0.5,True,False,False
Counter-Strike 2,Легендарная игра,positive,steam_live,730,True,1778884839,286,russian,0,0.5,True,False,False
Counter-Strike 2,gowno,positive,steam_live,730,True,1778884807,2545,polish,0,0.5,True,False,False
Counter-Strike 2,не советую,negative,steam_live,730,False,1778884795,322,russian,0,0.5,True,False,False
Counter-Strike 2,bom,positive,steam_live,730,True,1778884733,61066,brazilian,0,0.5,True,False,False
Counter-Strike 2,govno,negative,steam_live,730,False,1778884717,7765,russian,0,0.5,True,False,False
Counter-Strike 2,Игра даже за 0₽ не стоит своих денег,positive,steam_live,730,True,1778884681,19025,russian,1,0.523809552192687988,True,False,False
Counter-Strike 2,I want to ♥♥♥♥♥♥♥ die.,negative,steam_live,730,False,1778884543,17537,english,0,0.5,True,False,False
Counter-Strike 2,: ),positive,steam_live,730,True,1778884425,48187,turkish,0,0.5,True,False,False
Counter-Strike 2,.,positive,steam_live,730,True,1778884372,18306,russian,1,0.523809552192687988,True,False,False
Counter-Strike 2,"Dear, volvo administration, plis remove my ban, i want to play cs, plis volvo remove my ban volvo plis",positive,steam_live,730,True,1778884325,11784,latam,0,0.5,True,False,False
Counter-Strike 2,sick,positive,steam_live,730,True,1778884228,2008,english,0,0.5,True,False,False
Counter-Strike 2,its like C&BT but theres fun skins!,positive,steam_live,730,True,1778884201,6467,english,0,0.5,True,False,False
Counter-Strike 2,игра помойка много софтеров,positive,steam_live,730,True,1778884196,3338,russian,1,0.523809552192687988,True,False,False
Counter-Strike 2,igra zalupi ebanoy,negative,steam_live,730,False,1778884164,24256,english,0,0.5,True,False,False
Counter-Strike 2,adamlar bu işi yapıyo ne hile var ne de bug var herşey muhteşem,positive,steam_live,730,True,1778884148,1090,turkish,0,0.5,True,False,False
Counter-Strike 2,abuso,positive,steam_live,730,True,1778884106,1761,spanish,0,0.5,True,False,False
Counter-Strike 2,"Hello am 48 year man from somalia. Sorry for my bed england. I selled my wife for internet connection for play ""conter strik"" and i want to become the goodest player like you I play with 400 ping on brazil and i am global elite 2. pls no copy pasterio my story",positive,steam_live,730,True,1778884079,2601,english,0,0.5,True,False,False
Counter-Strike 2,Кайф,positive,steam_live,730,True,1778884073,427,russian,0,0.5,True,False,False
Counter-Strike 2,o jogo e muito bom viciante mas as vezes extresantes pode ser que de de cara com varios xiters,positive,steam_live,730,True,1778884031,5365,brazilian,0,0.5,True,False,False
Counter-Strike 2,я инцел,negative,steam_live,730,False,1778884004,43056,russian,1,0.523809552192687988,True,False,False
Counter-Strike 2,meh,positive,steam_live,730,True,1778883975,1274,polish,0,0.5,True,False,False
Counter-Strike 2,Pretty good,positive,steam_live,730,True,1778883955,76916,english,0,0.5,True,False,False
Counter-Strike 2,"There are to manny trolls. Happens to often that whole teams start a game without being present and just stand around for 13 rounds to lower their elo. As a consequence, I am overrated and loose normal games whereas they play against easier player. Its just not fun. i quit this game",negative,steam_live,730,False,1778883936,72549,german,0,0.5,True,False,False
Counter-Strike 2,LEGEND,positive,steam_live,730,True,1778883931,772,turkish,0,0.5,True,False,False
Counter-Strike 2,ONLiNE funyyyy,positive,steam_live,730,True,1778883799,15136,turkish,0,0.5,True,False,False
Counter-Strike 2,cheat problems :(((((,negative,steam_live,730,False,1778883714,10790,turkish,1,0.5,True,False,False
Counter-Strike 2,вЯчф,positive,steam_live,730,True,1778883707,29882,russian,0,0.5,True,False,False
Counter-Strike 2,chopped,negative,steam_live,730,False,1778883704,2448,english,0,0.5,True,False,False
Counter-Strike 2,♥♥♥♥♥,negative,steam_live,730,False,1778883704,10766,russian,0,0.5,True,False,False
Counter-Strike 2,Скины выглядят сочно,positive,steam_live,730,True,1778883647,405,russian,0,0.5,True,False,False
Counter-Strike 2,Оптимизация радует,positive,steam_live,730,True,1778883612,499,russian,0,0.5,True,False,False
Counter-Strike 2,♥♥♥♥♥♥♥♥ but keep playing it. I think its kind of mental illness,negative,steam_live,730,False,1778883601,49346,english,0,0.5,True,False,False
Counter-Strike 2,"Шутер.Популярная игра.
Если хотите не выйгрывать раунды, а играть раунды ради атмосферы и смотреть кино, как вы проигрываете изи вин раунды, то добро пожаловать!",positive,steam_live,730,True,1778883580,27107,russian,0,0.5,True,False,False
Counter-Strike 2,i like to jerk off,positive,steam_live,730,True,1778883570,5946,english,0,0.5,True,False,False
Counter-Strike 2,SDF,positive,steam_live,730,True,1778883470,13707,russian,0,0.5,True,False,False
Counter-Strike 2,"the lege
nd",positive,steam_live,730,True,1778883450,42898,english,0,0.5,True,False,False
Counter-Strike 2,"Ребята на информатике игру сделали, в целом чётка.",positive,steam_live,730,True,1778883431,526,russian,1,0.523809552192687988,True,False,False
Counter-Strike 2,very coolio and you can shoot your friend so he says the n word 99 times and i love the russians screming in my ears,positive,steam_live,730,True,1778883408,909,english,1,0.523809552192687988,True,False,False
Counter-Strike 2,НЕТ АНТИ ЧИТА,negative,steam_live,730,False,1778883354,99652,russian,0,0.5,True,False,False
Counter-Strike 2,esta bueno el juego,positive,steam_live,730,True,1778883302,1403,latam,0,0.5,True,False,False
Counter-Strike 2,"Cs:Go Nedir ;

1- Kapıdan ve Duvardan hs yemek istiyorsanız.

2- Smoke tan vurulmak istiyorsanız.

3- Kör ettiğiniz adamın size çıkar çıkmaz hs atmasını istiyorsanız.

4- Bir türlü nerden geldiği bilinmeyen hg leri içinize alıp canınızın 10 kaldığı maçta silahınızı save lemek isteyerek gittiğiniz t basede de içinize hg alarak ölmek istiyorsanız.

5- Tek girip 4 tane rus la beraber oynamak ve son elde silah save leyen adamları görmek istiyorsanız.

6- Bir akşam vakti işten yorulmuş, stress ten canı çıkmış halde gelip sitres atmak için 1 maç atayım dedikten sonra, kalp yetmezliği, beyin kanaması, saç beyazlaması, ve kanser olarak ölmek istiyorsanız.

İşte tam size göre bir oyun hemen alın ve oynayın.

Kolonya içip, eroin, kokain ve bonzai yi beraber çekerek ölmek, csgo da 1 maç atmaktan daha iyidir.",positive,steam_live,730,True,1778883207,124920,turkish,0,0.5,True,False,False
Counter-Strike 2,10/10,positive,steam_live,730,True,1778883187,13039,turkish,0,0.5,True,False,False
Counter-Strike 2,good,positive,steam_live,730,True,1778883175,2305,english,0,0.5,True,False,False
Counter-Strike 2,mental game,positive,steam_live,730,True,1778883133,3366,turkish,0,0.5,True,False,False
Counter-Strike 2,j'aime,positive,steam_live,730,True,1778883111,4418,french,0,0.5,True,False,False
Counter-Strike 2,с,positive,steam_live,730,True,1778883082,12689,russian,0,0.5,True,False,False
Counter-Strike 2,vse,positive,steam_live,730,True,1778883068,26661,russian,0,0.5,True,False,False
Counter-Strike 2,почти вафля.,positive,steam_live,730,True,1778883048,2017,russian,0,0.5,True,False,False
Counter-Strike 2,"Vişneli Cheesecake Tarifi

2 paket burçak bisküvi
100 g eritilmiş tereyağı
600 g labne peynir
1 paket sıvı krema
1 su bardağı şeker
3 yumurta
1 yemek kaşığı un
1 paket vanilin
2 su bardağı vişne
3 yemek kaşığı şeker
1 yemek kaşığı nişasta
Yarım çay bardağı su",positive,steam_live,730,True,1778883031,32228,turkish,0,0.5,True,False,False
Counter-Strike 2,Anaista tripimixeado all the night. Somos todosd renacidos de papa loro y lalora.,positive,steam_live,730,True,1778882998,4496,spanish,0,0.5,True,False,False
Counter-Strike 2,výborná odreagovačka,positive,steam_live,730,True,1778882949,6344,czech,0,0.5,True,False,False
Counter-Strike 2,"Невозможно играть, одни читеры. Жаль потраченных денег",negative,steam_live,730,False,1778882875,27412,russian,0,0.5,True,False,False
Counter-Strike 2,"free, competitive, if you wanna play against cheaters pleay in competitive.",positive,steam_live,730,True,1778882849,6951,english,0,0.5,True,False,False
Counter-Strike 2,",",positive,steam_live,730,True,1778882715,11637,english,0,0.5,True,False,False
Counter-Strike 2,hammasi zor,positive,steam_live,730,True,1778882587,27127,russian,0,0.5,True,False,False
Counter-Strike 2,bom jogo pessima comunidade,positive,steam_live,730,True,1778882552,56568,brazilian,0,0.5,True,False,False
Counter-Strike 2,fun lowk,positive,steam_live,730,True,1778882543,5456,english,0,0.5,True,False,False
Counter-Strike 2,"never ending pain and suffering
you will experience true ego death...
you will hate every second you play
but you won't stop playing
and sometimes once in a blue moon you get some happy brain chemicals from it",positive,steam_live,730,True,1778882425,14948,english,0,0.5,True,False,False
Counter-Strike 2,cs é midia,positive,steam_live,730,True,1778882416,4630,brazilian,0,0.5,True,False,False
Counter-Strike 2,very fun :3,positive,steam_live,730,True,1778882393,5528,norwegian,0,0.5,True,False,False
Counter-Strike 2,best game ever pls volvo unban me,positive,steam_live,730,True,1778882371,7794,english,0,0.5,True,False,False
Counter-Strike 2,"《反恐精英 2》（Counter-Strike 2，简称 CS2）是 Valve 基于 Source 2 引擎打造的顶级战术射击大作，也是全球最具影响力的硬核 FPS 电竞项目。作为《CS:GO》的全面升级续作，CS2 保留系列经典 5v5 攻防内核，同时以动态烟雾、Sub-tick 超低延迟、重制高清地图三大革新，带来前所未有的精准手感与战术深度。
游戏强调枪法、战术、经济管理与团队协作的高度统一，每一次预瞄、每一颗投掷物、每一轮决策都可能左右胜负。无论是紧张刺激的竞技匹配、快节奏死亡竞赛，还是自由创意工坊，都能满足不同玩家的训练与娱乐需求。CS2 不仅是一款免费游戏，更是一种极致专注、冷静判断、默契配合的竞技精神象征。全球千万玩家同台竞技，职业赛事热度居高不下，是射击爱好者与电竞选手的首选舞台。强烈推荐给追求纯粹竞技与硬核体验的你。
English Recommendation（对应篇幅）
Counter-Strike 2 (CS2) is a top-tier tactical shooter developed by Valve on the Source 2 engine, and one of the most influential hardcore FPS esports titles worldwide. As a full upgrade and sequel to CS:GO, CS2 preserves the classic 5v5 attack-defend core while introducing three major innovations: dynamic smoke physics, Sub-tick low-latency architecture, and fully remastered HD maps, delivering unprecedented precision and tactical depth.
The game emphasizes the perfect balance of aiming skill, strategy, economy management, and teamwork, where every pre-aim, every utility, and every decision can decide the round. Whether in intense Competitive matches, fast-paced Deathmatch, or creative Community Maps, CS2 caters to both training and casual fun. More than a free-to-play game, CS2 stands for a competitive spirit of focus, calm judgment, and coordinated teamwork. With millions of players worldwide and a thriving pro scene, it remains the ultimate choice for shooter and esports enthusiasts. Highly recommended for those who pursue pure competition and hardcore gameplay.",positive,steam_live,730,True,1778882246,427,schinese,0,0.5,True,False,False
Counter-Strike 2,Who is this,negative,steam_live,730,False,1778882175,6099,english,0,0.456431567668914795,True,False,False
Counter-Strike 2,"Este jogo vai te dar uma azia muito profunda, para alguém que tenha a sanidade mental estável, não recomendo este jogo. Ao inicio parece um jogo simples de tiros e tudo mais mas lá no fundo é um um jogo horrível. Nota: 10/10",negative,steam_live,730,False,1778882152,25765,portuguese,0,0.5,True,False,False
Counter-Strike 2,Nice game,positive,steam_live,730,True,1778882151,56,english,0,0.5,True,False,False
Counter-Strike 2,hueta,negative,steam_live,730,False,1778882034,60453,russian,0,0.5,True,False,False
Counter-Strike 2,"it's getting better and better, the new optimizations are making a difference in a good way",positive,steam_live,730,True,1778881951,123932,english,0,0.5,True,False,False
Counter-Strike 2,finally vac started to work,positive,steam_live,730,True,1778881862,64865,polish,0,0.5,True,False,False
Counter-Strike 2,"Counter-Strike 2 é um jogo muito bom pra quem curte FPS competitivo. O jogo é rápido, estratégico e recompensa habilidade de verdade. Os gráficos ficaram mais modernos e a gameplay continua muito viciante. Apesar de ser meio difícil pra iniciantes e ter alguns problemas com cheaters, ainda é um dos melhores jogos de tiro da atualidade. Cada partida dá aquela sensação de adrenalina e vontade de jogar mais.",positive,steam_live,730,True,1778881856,44905,brazilian,0,0.5,True,False,False
Counter-Strike 2,BU OYUNU BİLGİSAYARIMA İNDİRDİĞİM İÇİN BİLGİSAYARIMDAN ÖZÜR DİLİYORUM,negative,steam_live,730,False,1778881741,14493,turkish,1,0.5,True,False,False
Counter-Strike 2,"не быо бы низкого траста, было бы топ",positive,steam_live,730,True,1778881689,3409,russian,0,0.5,True,False,False
Counter-Strike 2,i love this game,positive,steam_live,730,True,1778881674,23280,english,0,0.5,True,False,False
Counter-Strike 2,GG,positive,steam_live,730,True,1778881603,376339,russian,0,0.5,True,False,False
Counter-Strike 2,good,positive,steam_live,730,True,1778881599,5193,english,0,0.5,True,False,False
Counter-Strike 2,its a good game if you want to kill you´r self oh and ♥♥♥♥ the russians,positive,steam_live,730,True,1778881453,12801,english,0,0.5,True,False,False
Counter-Strike 2,Ludopatía,positive,steam_live,730,True,1778881390,5556,spanish,1,0.523809552192687988,True,False,False
Counter-Strike 2,♥♥♥♥ ass game,positive,steam_live,730,True,1778881370,7747,german,0,0.5,True,False,False
Counter-Strike 2,Güzel oyun ama hayatınızdan bişeyler eksiltebilir.,positive,steam_live,730,True,1778881341,71889,turkish,1,0.523809552192687988,True,False,False
Counter-Strike 2,good game,positive,steam_live,730,True,1778881211,5760,english,0,0.5,True,False,False
Counter-Strike 2,ezez,negative,steam_live,730,False,1778881169,1388,polish,0,0.5,True,False,False
Counter-Strike 2,"Very nice game, love the energy from my lovely teammates and the low amount of cheaters.",positive,steam_live,730,True,1778881103,23245,english,0,0.5,True,False,False
Counter-Strike 2,asdasd,positive,steam_live,730,True,1778880980,323,russian,1,0.523809552192687988,True,False,False
Counter-Strike 2,xdxdxd,positive,steam_live,730,True,1778880977,36998,brazilian,1,0.523809552192687988,True,False,False
Counter-Strike 2,hello,positive,steam_live,730,True,1778880824,21815,english,0,0.5,True,False,False
Counter-Strike 2,jogo ruim valve lixo #tira os xit,negative,steam_live,730,False,1778880754,2864,brazilian,0,0.5,True,False,False
Counter-Strike 2,"Nicht empfohlen
2.560,8 Std. insgesamt
VERFASST: 25. APRIL
Dank CS2.

- .. kann ich Russisch
- .. sterbe ich 20 Jahre früher
- .. werde ich jede 2. Runde als Naz... beschimpft
- .. jede andere Runde werde ich als ""Hitl..."" beschimpft
- .. habe ich 400,- in einen Messer Skin investiert
- .. habe ich Leute kennengelernt, die durch Wände schauen können
- .. habe ich Leute kennengelernt, die sich schnell im Kreis drehen können
- .. hassen mich meine Nachbarn
- .. ist mein Tisch kaputt
- .. freut sich der Einzelhandel über Ihre Umsatzstärksten Monate dank meiner ganzen Tastatur- und Mauskäufe
- .. habe ich eine verbesserte Reaktionsfähigkeit

Eindeutige Kaufempfehlung für jeden, der an Suizid dachte und sich nicht vor die Bahn schmeißen will.",positive,steam_live,730,True,1778880703,5580,german,0,0.5,True,False,False
Counter-Strike 2,♥♥♥♥♥♥ ♥♥♥♥♥.,positive,steam_live,730,True,1778880593,16069,russian,1,0.523809552192687988,True,False,False
Counter-Strike 2,Топ за свои деньги,positive,steam_live,730,True,1778880530,674,russian,0,0.5,True,False,False
Counter-Strike 2,вот это да пушки стрелялки супер,positive,steam_live,730,True,1778880489,19309,russian,0,0.5,True,False,False
Counter-Strike 2,gjyh,positive,steam_live,730,True,1778880323,28312,turkish,0,0.5,True,False,False
Counter-Strike 2,realistyczna gra,positive,steam_live,730,True,1778880318,7844,polish,0,0.5,True,False,False
Counter-Strike 2,wws,positive,steam_live,730,True,1778880268,1667,english,0,0.5,True,False,False
Counter-Strike 2,"Doing drugs is healthier than premier daily. 10/10, csgo laps this.",positive,steam_live,730,True,1778880258,35231,english,0,0.5,True,False,False
Counter-Strike 2,калл ♥♥♥♥♥♥,positive,steam_live,730,True,1778880248,18770,russian,0,0.5,True,False,False
Counter-Strike 2,Игрушка на все времена!,positive,steam_live,730,True,1778880205,1183,russian,0,0.5,True,False,False
Counter-Strike 2,"Le repère des cheaters, ils ne s'en cachent même pas et valve ne fait strictement rien pour....",negative,steam_live,730,False,1778880182,44603,french,0,0.5,True,False,False
Counter-Strike 2,"Este juego me da todo lo que la vida no me dio:

1:    Ganas de acabar con la pobreza a base de jarabe de plomo en las zonas más recónditas de mi país, porque siempre me tocan los mismos individuos que hablan de manera catastrófica y me hacen la partida un infierno.
2:    Ganas de desinstalar porque soy malísimo.
3:     Ganas de gastar plata al pedo en skins.
4: (te ponen) Ganas de ir a Brasil.

10/10, experiencia religiosa.",positive,steam_live,730,True,1778880157,3994,spanish,0,0.5,True,False,False
Counter-Strike 2,https://steamcommunity.com/profiles/76561198113666193/inventory/#730_2_48492132786,positive,steam_live,730,True,1778880123,12044,russian,0,0.5,True,False,False
Counter-Strike 2,baya güzel kafa dağıtmak için yapılmış gibi,positive,steam_live,730,True,1778880078,52485,turkish,1,0.523809552192687988,True,False,False
Counter-Strike 2,teuer süchtig hacker das beschreibt es gut,negative,steam_live,730,False,1778880039,6072,german,0,0.5,True,False,False
Counter-Strike 2,залупа та еще,positive,steam_live,730,True,1778879977,16512,russian,0,0.5,True,False,False
Counter-Strike 2,"bom, muito cheats",positive,steam_live,730,True,1778879960,19393,brazilian,0,0.5,True,False,False
Counter-Strike 2,,positive,steam_live,730,True,1778879954,61781,finnish,0,0.5,True,False,False
Counter-Strike 2,热爱是最好的答案,positive,steam_live,730,True,1778879927,56538,schinese,0,0.5,True,False,False
Counter-Strike 2,ne diyim baba yılların oyunu,positive,steam_live,730,True,1778879892,1212,turkish,0,0.5,True,False,False
Counter-Strike 2,nice game XD нету читеров только мясо,positive,steam_live,730,True,1778879826,2024,english,0,0.5,True,False,False
Counter-Strike 2,way-not,positive,steam_live,730,True,1778879809,49320,russian,0,0.5,True,False,False
Counter-Strike 2,"♥♥♥♥ this ga,mee",positive,steam_live,730,True,1778879734,2631,english,0,0.5,True,False,False
Counter-Strike 2,♥♥♥♥♥,negative,steam_live,730,False,1778879728,30754,russian,1,0.523809552192687988,True,False,False
Counter-Strike 2,Best game ever to lose braincells which is what we are supposed to do anyways 10/10 would recommend to become a dumbass,positive,steam_live,730,True,1778879718,14334,french,0,0.5,True,False,False
Counter-Strike 2,bad,negative,steam_live,730,False,1778879715,5911,english,0,0.5,True,False,False
Counter-Strike 2,Very good game its so fun just needs a little work.💪🏿,positive,steam_live,730,True,1778879636,22848,english,0,0.5,True,False,False
Counter-Strike 2,67,positive,steam_live,730,True,1778879631,4475,english,0,0.5,True,False,False
Counter-Strike 2,too much russian and gay people with shotgun. can't play this game normal. but still i love it,negative,steam_live,730,False,1778879594,37768,english,0,0.5,True,False,False
Counter-Strike 2,ich leibe sie,positive,steam_live,730,True,1778879541,161947,german,0,0.5,True,False,False
Counter-Strike 2,very best game,positive,steam_live,730,True,1778879539,91846,czech,0,0.5,True,False,False
Counter-Strike 2,tung tung pizdung,negative,steam_live,730,False,1778879492,12142,english,0,0.5,True,False,False
Counter-Strike 2,niquez vos meres bande de fils de pute de cheater,negative,steam_live,730,False,1778879480,6392,french,0,0.5,True,False,False
Counter-Strike 2,крутая игра,positive,steam_live,730,True,1778879467,19214,russian,0,0.5,True,False,False
Counter-Strike 2,"putz pior que n gostei do jogo, skins feias e caras e uns mapas muito complexo acho que tenho que jogar mais 300hrs e abrir umas 500 caixas para poder ter certeza que essa é a minha review definitiva.",positive,steam_live,730,True,1778879446,7203,brazilian,0,0.5,True,False,False
Counter-Strike 2,anlatılmaz yaşanır,positive,steam_live,730,True,1778879386,40572,turkish,0,0.5,True,False,False
Counter-Strike 2,asd,positive,steam_live,730,True,1778879371,4312,turkish,0,0.5,True,False,False
Counter-Strike 2,oynanır,positive,steam_live,730,True,1778879363,92,turkish,0,0.5,True,False,False
Counter-Strike 2,no es la gran cosa por que este juego se se come las balas yo le pego a los jugadores y no les cuenta las balas garcha.,negative,steam_live,730,False,1778879348,31021,latam,0,0.5,True,False,False
Counter-Strike 2,♥♥♥♥♥. и секунды времени не заслуживает,negative,steam_live,730,False,1778879346,61166,russian,0,0.5,True,False,False
Counter-Strike 2,"Игра слабовата, сюжет не цепляет. Не рекомендую.",negative,steam_live,730,False,1778879295,193900,russian,0,0.5,True,False,False
Counter-Strike 2,"Played Counter-Strike since 2014 when it was still CS. Watched it turn into CS2 in 2023, and somehow the game became worse in almost every possible way.

CS had cheaters too, but at least people still feared bans. In CS2, blatant hackers play like they own the servers because they already know nothing is going to happen to them anyway. Walls, aimlock, rage cheating — completely open, completely shameless, and completely normal now.

Every single session feels identical:
Queue.
Meet obvious cheaters.
Get frustrated.
Watch the system do absolutely nothing.
Repeat.

And somehow the people suffering the most are legitimate players instead of the actual hackers.

Trust Factor is probably one of the most broken and miserable systems ever forced into a competitive game. Nobody understands how it works, nobody knows how to properly fix it, and every answer sounds like random nonsense:
“Play more.”
“Keep grinding.”
“Queue with friends.”
“Don’t get reported.”

So after wasting dozens of hours playing miserable matches, losing game after game, and grinding nonstop trying to fix this invisible garbage system, it still randomly decides to throw you back into terrible lobbies anyway.

Recently played around 60 matches trying to improve the experience. Lost most of them. Finally saw yellow Trust Factor for a short time while queueing with a friend… and later the SAME DAY it went red again.

Absolute joke of a system.

At this point CS2 doesn’t even feel like a competitive game anymore. It feels like a matchmaking experiment where normal players are trapped suffering while cheaters run around freely ruining matches every single day.

VAC Live feels invisible.
Matchmaking feels terrible.
Trust Factor feels completely random.
And the overall experience feels more mentally exhausting than enjoyable.

This was my last game and I am deleting this game forever.

Thank you and ♥♥♥♥ you",negative,steam_live,730,False,1778879260,209640,english,0,0.5,True,False,False
Counter-Strike 2,W,positive,steam_live,730,True,1778879256,11440,spanish,0,0.5,True,False,False
Counter-Strike 2,NIE POLECAM CHEATERZY VAC NIE DZIAŁA NAPRAWCIE TO!!!!,negative,steam_live,730,False,1778879242,19194,polish,0,0.5,True,False,False
Counter-Strike 2,ЧЕТКАЯ ИГРА СОВЕТУЮ,positive,steam_live,730,True,1778879240,3225,russian,1,0.523809552192687988,True,False,False
Counter-Strike 2,Rusları o kadar çok siktim ki artık sikim kalkmıyor,positive,steam_live,730,True,1778879235,5724,turkish,2,0.541984736919403076,True,False,False
Counter-Strike 2,gra utrzymała się tylko dla tego bo ma hazard 10/10,positive,steam_live,730,True,1778879223,17145,polish,0,0.5,True,False,False
Counter-Strike 2,Звуки шагов стали лучше,positive,steam_live,730,True,1778879218,606,russian,0,0.5,True,False,False
Counter-Strike 2,ФИГНЧ,positive,steam_live,730,True,1778879187,2522,ukrainian,0,0.5,True,False,False
Counter-Strike 2,Take all my money atp bro,positive,steam_live,730,True,1778879148,5175,english,0,0.5,True,False,False
Counter-Strike 2,i love it,positive,steam_live,730,True,1778879125,1327,english,0,0.5,True,False,False
Counter-Strike 2,alot of cheaters but good game,positive,steam_live,730,True,1778879090,4745,norwegian,0,0.5,True,False,False
Counter-Strike 2,jogo e bom mas os cheaters acabam com a diverçao de qualquer  um,negative,steam_live,730,False,1778878986,33761,brazilian,0,0.5,True,False,False
Counter-Strike 2,ыы,negative,steam_live,730,False,1778878917,4674,russian,0,0.5,True,False,False
Counter-Strike 2,"Esse jogo acabou, hacker toda partida, parabéns por transformar CS em bet Valve",negative,steam_live,730,False,1778878886,10535,brazilian,0,0.5,True,False,False
Counter-Strike 2,Jogo é ótimo... mas o cheater tá demais... tomou conta!,positive,steam_live,730,True,1778878883,4014,brazilian,0,0.5,True,False,False
Counter-Strike 2,кал,negative,steam_live,730,False,1778878847,94123,russian,0,0.5,True,False,False
Counter-Strike 2,XD,positive,steam_live,730,True,1778878795,1811,russian,0,0.5,True,False,False
Counter-Strike 2,"If your racist, Sexist, homophobic, mean against handicaped or just extremely horny, and want to moan into the mic, its the perfect game for you. THOUGH! dont do the last part.

To go away from the jokes, this game is awesome. Even though your probbably gonna get destroid, then its awesome. Its perfect to connect with your friends, or just be a little unhinged with your teammates.

If you deside to play it, can you report Nicey_Ricey, for me",positive,steam_live,730,True,1778878766,2360,english,0,0.5,True,False,False
Counter-Strike 2,все,positive,steam_live,730,True,1778878755,237,russian,0,0.5,True,False,False
Counter-Strike 2,zzzzzzzzzzzzzzzzzzzzzzzzzzzzzzzzz,negative,steam_live,730,False,1778878715,3444,spanish,0,0.5,True,False,False
Counter-Strike 2,"У игру куча проблем: начиная от ошибок из почти каждого обновления и заканчивая античита-пустышки. Зная, что валвы гребут деньги лопатой с этой игры, они должны исправлять каждый увиденный недочёт вплоть до идеала. Ставить хороший отзыв за игру, на которую почти плевать разрабам я не буду.",negative,steam_live,730,False,1778878701,20330,russian,0,0.5,True,False,False
Counter-Strike 2,"One of the BEST FPS games, really fun cuz of the russians and belarusians (no hate ofc)",positive,steam_live,730,True,1778878672,25683,polish,0,0.476190477609634399,True,False,False
Counter-Strike 2,"JOGO A MAIS DE 12 ANOS, JA TOMEI UM PERMA BAN, JA XINGUEI TODOS OS BOLUDOS DO MUNDO, JA MATEI MAIS DE 3MIL AMIGOS NO JOGO, JA TROLEI 5MIL PARTIDAS, ESSA É A DECIMA SEGUNDA CONTA QUE CRIO PARA JOGAR O GAME.... E MESMO ASSIM EU NAO CONSIGO PARAR DE JOGAR... ALGUEM ME AJUDA.",negative,steam_live,730,False,1778878608,33616,brazilian,0,0.5,True,False,False
Counter-Strike 2,Топ за свои деньги,positive,steam_live,730,True,1778878586,1427,russian,0,0.5,True,False,False
Counter-Strike 2,wwwwwwww,positive,steam_live,730,True,1778878585,35773,russian,0,0.5,True,False,False
Counter-Strike 2,gg,positive,steam_live,730,True,1778878547,3015,russian,0,0.5,True,False,False
Counter-Strike 2,+vaib gg,positive,steam_live,730,True,1778878494,257330,russian,1,0.523809552192687988,True,False,False
Counter-Strike 2,full of cheaters,negative,steam_live,730,False,1778878465,6853,english,0,0.5,True,False,False
Counter-Strike 2,"«Отличная игра! Купил Прайм, пришел домой расслабиться, а у врагов удача на бегу такая, будто они лично у Габена на яхте подрабатывают. 10 высаженных патронов из 10».",positive,steam_live,730,True,1778878383,4478,russian,0,0.5,True,False,False
Counter-Strike 2,xxx,positive,steam_live,730,True,1778878339,6839,russian,0,0.5,True,False,False
Counter-Strike 2,mental health issues after plaing with iq free russians,negative,steam_live,730,False,1778878271,8326,english,0,0.5,True,False,False
Counter-Strike 2,yes,positive,steam_live,730,True,1778878253,314,english,0,0.5,True,False,False
Counter-Strike 2,BOK GİBİ OYUN,positive,steam_live,730,True,1778878237,7045,turkish,0,0.5,True,False,False
Counter-Strike 2,muiito bom,positive,steam_live,730,True,1778878220,9177,brazilian,0,0.5,True,False,False
Counter-Strike 2,bom,positive,steam_live,730,True,1778878134,4388,brazilian,0,0.523809552192687988,True,False,False
Counter-Strike 2,valve,positive,steam_live,730,True,1778878130,4635,spanish,0,0.5,True,False,False
Counter-Strike 2,Aucune évolution depuis 20 ans. Pour certains c'est une qualité. Pas pour tout le monde...,negative,steam_live,730,False,1778878105,1670,french,0,0.5,True,False,False
Counter-Strike 2,amazing game,positive,steam_live,730,True,1778878034,506,english,0,0.5,True,False,False
Counter-Strike 2,"ОЧЕНЬ НРАВИТСЯ СТРЕЛЬБА, РЕГАЕТ КАК НАДО ПО СРАВНЕНИЮ С ДРУГИМИ ИГРАМИ 
СТАВЛЮ -10/10",positive,steam_live,730,True,1778878000,12148,russian,1,0.523809552192687988,True,False,False
Counter-Strike 2,no,negative,steam_live,730,False,1778877981,62836,english,0,0.5,True,False,False
Counter-Strike 2,im about to sell my brother to buy some skins,positive,steam_live,730,True,1778877951,1129,english,0,0.5,True,False,False
Counter-Strike 2,shoot shoot flashbang ow my eyes then proceed to die and break my monitor (best game ever),positive,steam_live,730,True,1778877935,11816,english,0,0.5,True,False,False
Counter-Strike 2,VAC live should get better,positive,steam_live,730,True,1778877929,8230,english,0,0.5,True,False,False
Counter-Strike 2,ucube oyunu,positive,steam_live,730,True,1778877776,33572,turkish,1,0.523809552192687988,True,False,False
Counter-Strike 2,trop de cheaters,negative,steam_live,730,False,1778877761,39105,french,1,0.523809552192687988,True,False,False
Counter-Strike 2,"HIGHLY NOT RECOMMENDED!! Game is full of cheaters, and by full I mean in every match you play, there will be minimum 2 wallhack users guaranteed in each team, and sometimes you get the bonus of encountering an aimhack player. DO NOT MAKE THE MISTAKE OF PURCHASING PRIME (THE CHEATERS EXIST THERE TOO!).",negative,steam_live,730,False,1778877758,3998,english,1,0.5,True,False,False
Counter-Strike 2,nic,positive,steam_live,730,True,1778877712,9201,english,0,0.5,True,False,False
Counter-Strike 2,pipi,positive,steam_live,730,True,1778877691,749,turkish,0,0.5,True,False,False
Counter-Strike 2,hilelere çözüm acil,negative,steam_live,730,False,1778877661,11001,turkish,1,0.5,True,False,False
Counter-Strike 2,../,positive,steam_live,730,True,1778877638,543,russian,0,0.5,True,False,False
Counter-Strike 2,Го 1VS1,positive,steam_live,730,True,1778877627,27364,russian,0,0.5,True,False,False
Counter-Strike 2,richtig gut :),positive,steam_live,730,True,1778877612,138591,german,0,0.5,True,False,False
Counter-Strike 2,Süper,positive,steam_live,730,True,1778877580,3209,german,0,0.5,True,False,False
Counter-Strike 2,THFGSRFNGHFNTGFNG,positive,steam_live,730,True,1778877574,5761,english,0,0.5,True,False,False
Counter-Strike 2,пенис,positive,steam_live,730,True,1778877528,116,russian,1,0.523809552192687988,True,False,False
Counter-Strike 2,pew pew and gamble with russians,positive,steam_live,730,True,1778877348,14782,english,0,0.5,True,False,False
Counter-Strike 2,bok gıbı,negative,steam_live,730,False,1778877347,20516,turkish,1,0.5,True,False,False
Counter-Strike 2,kogda igraesh budet bolet jopa,positive,steam_live,730,True,1778877338,9503,russian,0,0.5,True,False,False
Counter-Strike 2,♥♥♥♥ game full of russians and türks and cheaters,negative,steam_live,730,False,1778877328,8354,english,0,0.5,True,False,False
Counter-Strike 2,muito bom,positive,steam_live,730,True,1778877328,29317,brazilian,0,0.5,True,False,False
Counter-Strike 2,SÜPER,positive,steam_live,730,True,1778877300,23709,turkish,0,0.5,True,False,False
Counter-Strike 2,GG,positive,steam_live,730,True,1778877208,6361,danish,0,0.5,True,False,False
Counter-Strike 2,"в основном читеры, подбор отвратительный, баланс уехал в Казахстан",negative,steam_live,730,False,1778877123,2088,russian,0,0.5,True,False,False
Counter-Strike 2,игра имба,positive,steam_live,730,True,1778877083,17990,russian,0,0.5,True,False,False
Counter-Strike 2,"I don't recommend it, it's trash with cheaters",negative,steam_live,730,False,1778877034,3536,russian,0,0.5,True,False,False
Counter-Strike 2,mtühiş oyıun,positive,steam_live,730,True,1778877000,7204,turkish,0,0.5,True,False,False
Counter-Strike 2,"lixxxxxxxxxxxxxxxooooooooooo  pior que o primeiro mil vezes  , verdade é moda lança jogo igual o aintigo nao  muda nao melhora nada merdaaaaa",negative,steam_live,730,False,1778876995,4657,brazilian,0,0.5,True,False,False
Counter-Strike 2,йоу,positive,steam_live,730,True,1778876912,10624,russian,0,0.5,True,False,False
Counter-Strike 2,好玩,positive,steam_live,730,True,1778876856,1234,schinese,0,0.5,True,False,False
Counter-Strike 2,franchement très bon jeu mais je vous déconseille si vous etes rageur !,positive,steam_live,730,True,1778876851,3263,french,0,0.5,True,False,False
Counter-Strike 2,sarmadı beni tarzı sevenler beğenebilir,positive,steam_live,730,True,1778876781,16058,turkish,0,0.5,True,False,False
Counter-Strike 2,beğendim,positive,steam_live,730,True,1778876769,156377,turkish,0,0.5,True,False,False
Counter-Strike 2,güzel,positive,steam_live,730,True,1778876719,3727,english,1,0.523809552192687988,True,False,False
Counter-Strike 2,fk ur vac,negative,steam_live,730,False,1778876544,184182,schinese,0,0.5,True,False,False
Counter-Strike 2,🫦,positive,steam_live,730,True,1778876520,29246,turkish,0,0.5,True,False,False
Counter-Strike 2,"Отличная игра, топ",positive,steam_live,730,True,1778876516,543,russian,0,0.5,True,False,False
Counter-Strike 2,все четка,positive,steam_live,730,True,1778876507,3635,russian,0,0.5,True,False,False
Counter-Strike 2,omg,negative,steam_live,730,False,1778876470,33074,turkish,1,0.5,True,False,False
Counter-Strike 2,пушка кайф,positive,steam_live,730,True,1778876443,9885,russian,0,0.5,True,False,False
Counter-Strike 2,ыфУЙФЦ,positive,steam_live,730,True,1778876430,3311,russian,0,0.5,True,False,False
Counter-Strike 2,крутая игра,positive,steam_live,730,True,1778876407,38365,russian,0,0.5,True,False,False
Counter-Strike 2,god,positive,steam_live,730,True,1778876391,6508,english,0,0.5,True,False,False
Counter-Strike 2,потому что 52,positive,steam_live,730,True,1778876356,3623,russian,1,0.5,True,False,False
Counter-Strike 2,baya iyi oyun ruslar var,positive,steam_live,730,True,1778876351,6631,turkish,0,0.5,True,False,False
Counter-Strike 2,卡卡木一样的游戏,positive,steam_live,730,True,1778876335,99950,schinese,0,0.5,True,False,False
Counter-Strike 2,ok,positive,steam_live,730,True,1778876332,22042,swedish,0,0.5,True,False,False
Counter-Strike 2,топ),negative,steam_live,730,False,1778876316,57735,russian,0,0.5,True,False,False
Counter-Strike 2,норм если не играть,positive,steam_live,730,True,1778876305,3115,russian,0,0.5,True,False,False
Counter-Strike 2,Хорошая игра.,positive,steam_live,730,True,1778876270,22828,russian,0,0.5,True,False,False
Counter-Strike 2,"Counter-Strike 2 is a genuinely fun and addictive competitive FPS with great gunplay and intense matches. The core gameplay is excellent.

Unfortunately, the cheating problem is completely out of control. Almost every match contains someone blatantly cheating, often accounts with around 100 hours played and absurd stats like a 3.0 K/D average. It is hard to understand how such obvious cases are still not detected or punished.

The game itself is great, but the matchmaking experience is being ruined by cheaters, and Valve seriously needs to address it.",negative,steam_live,730,False,1778876238,446,english,0,0.5,True,False,False
Counter-Strike 2,game shoot gun,positive,steam_live,730,True,1778876211,5986,english,0,0.5,True,False,False
Counter-Strike 2,"Its just way to many cheaters every single match, its just crazy",negative,steam_live,730,False,1778876193,181104,portuguese,0,0.5,True,False,False
Counter-Strike 2,muitos cheaters,negative,steam_live,730,False,1778876177,6429,portuguese,0,0.5,True,False,False
Counter-Strike 2,"The game robs you of every will to live. In every round, there is a Russian and his three-year-old boy who want to get on your balls and pull every nerve from you. Best game if you are suicidal.",positive,steam_live,730,True,1778876103,13280,german,0,0.5,True,False,False
Counter-Strike 2,veey guud so guud very guud i recom i reccomend,positive,steam_live,730,True,1778876030,1969,english,0,0.5,True,False,False
Counter-Strike 2,ez4ence,positive,steam_live,730,True,1778876026,4419,english,0,0.5,True,False,False
Counter-Strike 2,jó,positive,steam_live,730,True,1778876007,1151,hungarian,0,0.5,True,False,False
Counter-Strike 2,hilelerin olmadığı maçlar çok eğlenceli geçiyo süper oyun (20'de 1),positive,steam_live,730,True,1778875950,18508,turkish,0,0.5,True,False,False
Counter-Strike 2,"ete uzum eq hamarya amen or 4 kazaxi het yngneq, reg chani u tuny case battle-um krveq uremn xorhurd em tali 10/10",positive,steam_live,730,True,1778875885,86608,russian,0,0.5,True,False,False
Counter-Strike 2,топ игра,positive,steam_live,730,True,1778875844,1589,russian,0,0.5,True,False,False
Counter-Strike 2,Si la empresa indie de valve supiera poner anti cheat seria increible *tose *,positive,steam_live,730,True,1778875798,5622,latam,0,0.5,True,False,False
Counter-Strike 2,говноебаное,positive,steam_live,730,True,1778875782,14711,russian,0,0.5,True,False,False
Counter-Strike 2,Оптимизация радует,positive,steam_live,730,True,1778875690,836,russian,0,0.5,True,False,False
Counter-Strike 2,just a verry fun game,positive,steam_live,730,True,1778875558,8121,english,0,0.5,True,False,False
Counter-Strike 2,muy buenou,positive,steam_live,730,True,1778875542,6306,spanish,0,0.5,True,False,False
Counter-Strike 2,super good game,positive,steam_live,730,True,1778875441,11774,english,0,0.5,True,False,False
Counter-Strike 2,is halt ein geiles game,positive,steam_live,730,True,1778875351,2996,german,0,0.5,True,False,False
Counter-Strike 2,"Рекомендую, тут не то что отдых, тут просто максимальный чилл возможный в этой игре! Кортизол явно уменьшится у вас по жизни, ибо тут вы сможете выплеснуть все свои эмоции :3",positive,steam_live,730,True,1778875350,10846,russian,0,0.5,True,False,False
Counter-Strike 2,ну сойдет,positive,steam_live,730,True,1778875349,209,russian,0,0.5,True,False,False
Counter-Strike 2,kkkk,positive,steam_live,730,True,1778875308,2172,russian,0,0.5,True,False,False
Counter-Strike 2,найс,positive,steam_live,730,True,1778875304,16236,russian,0,0.5,True,False,False
Counter-Strike 2,.....,negative,steam_live,730,False,1778875199,14392,russian,0,0.5,True,False,False
Counter-Strike 2,am dat restart la pc,positive,steam_live,730,True,1778875199,6361,english,0,0.5,True,False,False
Counter-Strike 2,sarıyor,positive,steam_live,730,True,1778875198,9064,turkish,0,0.5,True,False,False
Counter-Strike 2,Good,positive,steam_live,730,True,1778875110,749,english,0,0.5,True,False,False
Counter-Strike 2,"Gran juego competitivo, pero el GRAN PROBLEMA SON LOS CHEATERS! QUE VALVE ACTÚE YA! SI NO SE IRÁ A PIQUE... UNA PENA",positive,steam_live,730,True,1778875106,48731,spanish,0,0.5,True,False,False
Counter-Strike 2,good,positive,steam_live,730,True,1778875048,617,english,0,0.5,True,False,False
Counter-Strike 2,"'/,l,l,;.",positive,steam_live,730,True,1778875025,7687,english,0,0.5,True,False,False
Counter-Strike 2,idk what to say kill buy kill buy like for a life time yo buy no way to unistal.,positive,steam_live,730,True,1778874998,1680,english,0,0.5,True,False,False
Counter-Strike 2,RY,positive,steam_live,730,True,1778874984,4609,russian,0,0.5,True,False,False
Counter-Strike 2,имба,positive,steam_live,730,True,1778874977,3298,russian,0,0.5,True,False,False
Counter-Strike 2,1,positive,steam_live,730,True,1778874974,4720,russian,0,0.5,True,False,False
Counter-Strike 2,BIEN,positive,steam_live,730,True,1778874770,89837,french,0,0.5,True,False,False
Counter-Strike 2,Good game ;),positive,steam_live,730,True,1778874674,4914,polish,0,0.5,True,False,False
Counter-Strike 2,bok gibi oyun amk,negative,steam_live,730,False,1778874650,25049,turkish,2,0.523809552192687988,True,False,False
Counter-Strike 2,too many russian spies,negative,steam_live,730,False,1778874644,7405,english,0,0.47826087474822998,True,False,False
Counter-Strike 2,best shooting game ever,positive,steam_live,730,True,1778874633,2317,english,0,0.5,True,False,False
Counter-Strike 2,mğkemmel bir oyun,positive,steam_live,730,True,1778874539,35438,turkish,0,0.5,True,False,False
Counter-Strike 2,антон сказал что нет,negative,steam_live,730,False,1778874498,5120,russian,0,0.5,True,False,False
Counter-Strike 2,класс,positive,steam_live,730,True,1778874497,941,russian,0,0.5,True,False,False
Counter-Strike 2,qqqq,positive,steam_live,730,True,1778874344,6091,russian,0,0.5,True,False,False
Counter-Strike 2,ааа,positive,steam_live,730,True,1778874293,39391,russian,0,0.5,True,False,False
Counter-Strike 2,I love gambling!,positive,steam_live,730,True,1778874281,2145,english,0,0.5,True,False,False
Counter-Strike 2,♥♥♥♥♥,positive,steam_live,730,True,1778874236,110474,russian,0,0.5,True,False,False
Counter-Strike 2,хз ♥♥♥♥♥,negative,steam_live,730,False,1778874214,111,russian,1,0.523809552192687988,True,False,False
Counter-Strike 2,,positive,steam_live,730,True,1778874175,11300,english,0,0.5,True,False,False
Counter-Strike 2,♥♥♥♥♥ любимая,negative,steam_live,730,False,1778874173,191,russian,0,0.5,True,False,False
Counter-Strike 2,Top forever,positive,steam_live,730,True,1778874114,4954,brazilian,1,0.523809552192687988,True,False,False
Counter-Strike 2,Dobra gra duzo cheaterow,positive,steam_live,730,True,1778874098,14085,polish,0,0.5,True,False,False
Counter-Strike 2,mük,positive,steam_live,730,True,1778874097,12230,turkish,0,0.5,True,False,False
Counter-Strike 2,çok iyi oyun,positive,steam_live,730,True,1778874090,12427,turkish,0,0.5,True,False,False
Counter-Strike 2,♥♥♥♥♥ полная,negative,steam_live,730,False,1778874074,56546,russian,0,0.5,True,False,False
Counter-Strike 2,Adam Öldürüp Rank Kasıyon,positive,steam_live,730,True,1778874060,2244,turkish,0,0.5,True,False,False
Counter-Strike 2,aaaaaaaaaaaaaaaaaaaaaaaaaaaaaa,positive,steam_live,730,True,1778874026,760,latam,0,0.5,True,False,False
Counter-Strike 2,♥♥♥♥♥,negative,steam_live,730,False,1778874008,21451,russian,0,0.5,True,False,False
Counter-Strike 2,SUPer gierka,positive,steam_live,730,True,1778873982,1635,polish,0,0.5,True,False,False
Counter-Strike 2,обнова с фиксом багов топ,positive,steam_live,730,True,1778873906,39063,russian,0,0.5,True,False,False
Counter-Strike 2,игра говно,negative,steam_live,730,False,1778873884,101431,russian,0,0.5,True,False,False
Counter-Strike 2,"В самом начале - я сосал, а теперь - я сосу.)
Вообще начал играть случайно, мне 20 лет, ясен пень застал и прошлые версии кс, но не играл, ибо было не интересно, а тут бац резко стало интересно и начал учится играть,  получается начал играть на фоне еще пару заболеваний в виде тревожного расстройства, тремора, бессоницы, легкой депрессии, по итогу недели кс, я снова смог спать, тревожность спала, и снова появился вкус к жизни",positive,steam_live,730,True,1778873878,11562,russian,0,0.5,True,False,False
Counter-Strike 2,Biraz daha oynayım tecrübe edeyim nasılmış bakacaz şuan iyi ama,positive,steam_live,730,True,1778873809,33415,turkish,0,0.5,True,False,False
Counter-Strike 2,игра хрень не скачивайте,positive,steam_live,730,True,1778873795,3722,russian,0,0.5,True,False,False
Counter-Strike 2,The best game ever,positive,steam_live,730,True,1778873791,432,spanish,0,0.5,True,False,False
Counter-Strike 2,not worth it,negative,steam_live,730,False,1778873727,5355,english,0,0.5,True,False,False
Counter-Strike 2,gg,positive,steam_live,730,True,1778873723,59519,english,0,0.5,True,False,False
Counter-Strike 2,gg,positive,steam_live,730,True,1778873708,16908,english,0,0.5,True,False,False
Counter-Strike 2,git,positive,steam_live,730,True,1778873698,7741,polish,0,0.5,True,False,False
Counter-Strike 2,Лучший шутер на ПК,positive,steam_live,730,True,1778873684,1132,russian,0,0.5,True,False,False
Counter-Strike 2,walić tą gre sami ciperzy,negative,steam_live,730,False,1778873673,20690,polish,0,0.5,True,False,False
Counter-Strike 2,нереально ♥♥♥♥♥ читеров просто калл ♥♥♥♥♥♥,negative,steam_live,730,False,1778873660,1401,russian,0,0.5,True,False,False
Counter-Strike 2,auf keinen fall würde ich das spiel empfehlen es sind nur cheater da die teams mit den cheatern wollen sie nicht kicken es sind überdurschnitlich viele russen aktive die mich auf jede mögliche weise beleidigen absolutes nein,negative,steam_live,730,False,1778873642,11866,german,0,0.5,True,False,False
Counter-Strike 2,gr8,positive,steam_live,730,True,1778873523,1575,swedish,1,0.523809552192687988,True,False,False
Counter-Strike 2,"Solid Shooter, but sadly many farmbots in DM modes, 
cheaters all around and VAC does not really get them. 
Over 1000 hrs since i started playing again (Im kind of a 1.6 and CS:S veteran) and I can clearly say: 
Maybe the real treasure was the friends we made along the way.",positive,steam_live,730,True,1778873510,65283,english,0,0.5,True,False,False
Counter-Strike 2,говно полное,positive,steam_live,730,True,1778873454,17675,russian,0,0.5,True,False,False
Counter-Strike 2,fain,positive,steam_live,730,True,1778873422,1028,romanian,0,0.5,True,False,False
Counter-Strike 2,sigara içmiyorsanız eğer içeceksiniz.,positive,steam_live,730,True,1778873397,24952,turkish,0,0.5,True,False,False
Counter-Strike 2,Fazla oynamayın dostlar,positive,steam_live,730,True,1778873313,1633,turkish,7,0.629629611968994141,True,False,False
Counter-Strike 2,хуже игры не видел,negative,steam_live,730,False,1778873299,34628,russian,0,0.5,True,False,False
Counter-Strike 2,trágico.,negative,steam_live,730,False,1778873293,25857,brazilian,0,0.5,True,False,False
Counter-Strike 2,RACIST GAME,positive,steam_live,730,True,1778873290,58873,english,1,0.523809552192687988,True,False,False
Counter-Strike 2,"Bad inconsistent hitboxes and gun mechanics, no control and punishment on toxicity of players at all. Rampant cheating and botting not controlled. Poor matchmaking. Players get kicked just because they are placed in a game too difficult for them by no fault of theirs, and they rank last on the scoreboard despite trying their best, but their teammates kick them. Kicking should not even be an option in the game. Basically a game that could have been good but run by a company too lazy and incompetent to make things good.",negative,steam_live,730,False,1778873229,7660,english,0,0.5,True,False,False
Counter-Strike 2,"Що більше обнов, то лайновішою стає КС, не витрачайте свій час із цією грою, чітерів так і не банять, система рангів зламана, кретини, що псують гру (не слабка гра, а просто неадеквати які стріляють по своїх, спамлять в чат тай взагалі все руінять дедалі більше)",negative,steam_live,730,False,1778873146,133432,ukrainian,0,0.5,True,False,False
Counter-Strike 2,好玩,positive,steam_live,730,True,1778873145,13756,schinese,1,0.523809552192687988,True,False,False
Counter-Strike 2,MUITO BOM,positive,steam_live,730,True,1778873013,16633,brazilian,0,0.5,True,False,False
Counter-Strike 2,jak chcesz zjebac sobie psyche to graj śmiało,positive,steam_live,730,True,1778873010,9657,polish,0,0.5,True,False,False
Counter-Strike 2,игра ♥♥♥♥♥ но мне нравиться,positive,steam_live,730,True,1778872993,4677,russian,0,0.5,True,False,False
Counter-Strike 2,mükemmel,positive,steam_live,730,True,1778872976,14405,turkish,0,0.5,True,False,False
Counter-Strike 2,TOP,positive,steam_live,730,True,1778872923,2567,russian,0,0.5,True,False,False
Counter-Strike 2,cheaters,positive,steam_live,730,True,1778872770,10276,ukrainian,0,0.5,True,False,False
Counter-Strike 2,rusların anasını sikiyim hepsi hile,negative,steam_live,730,False,1778872713,3719,turkish,1,0.5,True,False,False
Counter-Strike 2,legal,positive,steam_live,730,True,1778872687,50,english,0,0.5,True,False,False
Counter-Strike 2,Лучший шутер на ПК,positive,steam_live,730,True,1778872500,1535,russian,0,0.5,True,False,False
Counter-Strike 2,Can we please stop voting for baggage please.,positive,steam_live,730,True,1778872490,639,english,0,0.5,True,False,False
Counter-Strike 2,Sigma female game recomanded!!!,positive,steam_live,730,True,1778872479,646,english,0,0.5,True,False,False
Counter-Strike 2,GOOD GAME,positive,steam_live,730,True,1778872462,34688,english,0,0.5,True,False,False
Counter-Strike 2,"Норм обнова, играем",positive,steam_live,730,True,1778872428,154,russian,0,0.5,True,False,False
Counter-Strike 2,Хорошая игра для 5 на 5,positive,steam_live,730,True,1778872398,4103,russian,0,0.5,True,False,False
Counter-Strike 2,Это пизда....,positive,steam_live,730,True,1778872291,23989,russian,0,0.5,True,False,False
Counter-Strike 2,norm,positive,steam_live,730,True,1778872281,3465,ukrainian,0,0.5,True,False,False
Counter-Strike 2,its a amazing game,positive,steam_live,730,True,1778872251,637,english,0,0.5,True,False,False
Counter-Strike 2,"ass game, learnt russian ♥♥♥♥♥♥ up my faceit ♥♥♥",negative,steam_live,730,False,1778872232,21899,finnish,0,0.5,True,False,False
Counter-Strike 2,пошел ♥♥♥♥♥,negative,steam_live,730,False,1778872137,42812,russian,0,0.5,True,False,False
Counter-Strike 2,"Все сподобалось !
Просто супер пупер !
Я повернувся думками 1.6 !!)))",positive,steam_live,730,True,1778872126,1323,ukrainian,0,0.5,True,False,False
Counter-Strike 2,ЕСЛИ ПЛОХО ИГРАЕШЬ БУДУТ В ЖОПУ ♥♥♥♥♥,negative,steam_live,730,False,1778872075,1355,russian,0,0.5,True,False,False
Counter-Strike 2,top,positive,steam_live,730,True,1778872041,52,russian,1,0.523809552192687988,True,False,False
Counter-Strike 2,Parasta paskaa,positive,steam_live,730,True,1778872037,10308,finnish,0,0.5,True,False,False
Counter-Strike 2,good,positive,steam_live,730,True,1778871972,18082,turkish,0,0.5,True,False,False
Counter-Strike 2,vac nefasto ni  un solo ban a cheaters 25 millones de partidas con cheaters,negative,steam_live,730,False,1778871921,9455,english,0,0.5,True,False,False
Counter-Strike 2,Good Game,positive,steam_live,730,True,1778871862,1431,german,0,0.5,True,False,False
Counter-Strike 2,det är roligt,positive,steam_live,730,True,1778871797,6068,swedish,0,0.5,True,False,False
Counter-Strike 2,n j,positive,steam_live,730,True,1778871784,68050,russian,0,0.5,True,False,False
Counter-Strike 2,CNCS,positive,steam_live,730,True,1778871696,18488,schinese,0,0.5,True,False,False
Counter-Strike 2,i like this !,positive,steam_live,730,True,1778871680,228710,german,0,0.5,True,False,False
Counter-Strike 2,GGG,positive,steam_live,730,True,1778871663,3804,russian,0,0.5,True,False,False
Counter-Strike 2,Читеров бы поменьше,positive,steam_live,730,True,1778871631,1083,russian,0,0.5,True,False,False
Counter-Strike 2,♥♥♥♥♥ ♥♥♥♥♥♥,positive,steam_live,730,True,1778871601,25547,russian,0,0.5,True,False,False
Counter-Strike 2,"best ga,e",positive,steam_live,730,True,1778871464,3368,english,0,0.5,True,False,False
Counter-Strike 2,"Классная игра, рекомендую :3",positive,steam_live,730,True,1778871444,26833,russian,0,0.5,True,False,False
Counter-Strike 2,LADNA GRAFIKA JEDYNY MINUS TO RZUCANIE MYSZKA PRZEZ RAGE,positive,steam_live,730,True,1778871422,1235,polish,0,0.5,True,False,False
Counter-Strike 2,ох ♥♥♥♥♥ снеё всё и начиналось,positive,steam_live,730,True,1778871383,35069,russian,0,0.5,True,False,False
Counter-Strike 2,игра говна,negative,steam_live,730,False,1778871317,25956,russian,0,0.5,True,False,False
Counter-Strike 2,"Говно ♥♥♥♥♥♥♥, каждая катка на прайме ебанные читеры+афк в твоей тиме, играйте если решитесь, но только без прайма, одни боты фармилки и читеры за 2 копейки",negative,steam_live,730,False,1778871299,53872,russian,0,0.5,True,False,False
Counter-Strike 2,игра очень прикольная,positive,steam_live,730,True,1778871284,8949,russian,1,0.523809552192687988,True,False,False
Counter-Strike 2,best game ever,positive,steam_live,730,True,1778871278,9930,english,0,0.5,True,False,False
Counter-Strike 2,67 porno,positive,steam_live,730,True,1778871187,11849,english,0,0.5,True,False,False
Counter-Strike 2,гугугага,positive,steam_live,730,True,1778871078,24129,russian,0,0.5,True,False,False
Counter-Strike 2,"очень классная игра, добрые сокомандники.
только почему то некоторые видят через стены(
ну а так ничего)",positive,steam_live,730,True,1778871050,376314,russian,0,0.5,True,False,False
Counter-Strike 2,норм,positive,steam_live,730,True,1778871034,281,ukrainian,0,0.5,True,False,False
Counter-Strike 2,igra xyini,positive,steam_live,730,True,1778870974,5821,english,0,0.5,True,False,False
Counter-Strike 2,♥♥♥♥♥,negative,steam_live,730,False,1778870938,18954,russian,0,0.5,True,False,False
Counter-Strike 2,super,positive,steam_live,730,True,1778870874,22034,polish,0,0.5,True,False,False
Counter-Strike 2,.,negative,steam_live,730,False,1778870845,13798,russian,0,0.5,True,False,False
Counter-Strike 2,♥♥♥♥♥ в которой я в лоутабе,positive,steam_live,730,True,1778870810,3352,russian,0,0.5,True,False,False
Counter-Strike 2,topigera,positive,steam_live,730,True,1778870809,2287,russian,1,0.523809552192687988,True,False,False
Counter-Strike 2,я ненавижу эту игру,negative,steam_live,730,False,1778870753,20189,russian,0,0.5,True,False,False
Counter-Strike 2,volvo fix your game,positive,steam_live,730,True,1778870702,23094,polish,0,0.5,True,False,False
Counter-Strike 2,"The reality is bitter but undeniable: the ban system in Counter-Strike 2 is completely broken. Cheaters are now running rampant with total impunity. To make matters worse, they have the nerve to play the victim and start crying the moment a legitimate player calls them out in-game.

The current state of the game can be summed up easily:

A toxic surge: The number of players victimized by blatant cheating grows every single day.

The mass exodus: Fewer and fewer real players are choosing to stay and endure this constant frustration.

A dark future: At this rate, the game will soon be entirely eaten alive by cheaters.

The ball is in Valve's court. Until they decide to take drastic, concrete action against this plague, the legitimate community will keep deserting. A monumental waste for a legendary FPS.",negative,steam_live,730,False,1778870604,40801,english,0,0.5,True,False,False
Counter-Strike 2,"Качаю звание, все супер",positive,steam_live,730,True,1778870603,302,russian,0,0.5,True,False,False
Counter-Strike 2,"bu oyun çok geçerli bir oyun fakat büyük bir sorun var. Aşırı derecede hile var şikayet göndermeme rağmen aynı oyuncularla denk düşüyorum , oyuncu sayısı çok fazlayken denk düşmek çok saçma ve oyuncular banlanmıyor demektir . HEMEN HEMEN HER OYUNDA HİLE OLUYOR , yada bunu şahıslara biri kasıtlı yapıyor kontrol edilmeli oyun dünyasına dokunulmamalı ve gerekli işlemler başlatılmalı bence acil bir cözüm bulunmalı. steam ve counter yapımcıları güvenliği sağlayamıyorm yoksa.",positive,steam_live,730,True,1778870588,3741,turkish,0,0.5,True,False,False
Counter-Strike 2,bvbnvfd,positive,steam_live,730,True,1778870530,6158,russian,0,0.5,True,False,False
Counter-Strike 2,harika bir oyun,positive,steam_live,730,True,1778870478,22215,turkish,0,0.5,True,False,False
Counter-Strike 2,"If you don't wanna get insulted and get sent death threats by russians you shouldn't play this game , every teammate that you will find they will tell you that they'll rape your mother",negative,steam_live,730,False,1778870471,5284,italian,0,0.5,True,False,False
Counter-Strike 2,I don't like this game but I still keep playing it i don't know why,negative,steam_live,730,False,1778870459,151,english,0,0.5,True,False,False
Counter-Strike 2,Нервы сказали пока,negative,steam_live,730,False,1778870357,9975,ukrainian,0,0.5,True,False,False
Counter-Strike 2,топ,positive,steam_live,730,True,1778870333,14956,russian,0,0.5,True,False,False
Counter-Strike 2,говно но иногда нормально ну а так говно,negative,steam_live,730,False,1778870300,5810,russian,0,0.5,True,False,False
Counter-Strike 2,oyun ücretsiz çünkü karşıya hayatsız güneş görmemiş oevlatlarının gelmesiyle birlikte ve takımınıza gelen aptal beyinsiz kişilerin daha bombayı kurmayı bilmeyen kişilerle falan uğraşırken ruhunuz ile volvoya bedelini ödüyorsunuz.(seçkinden en azından para kazanılıyor),positive,steam_live,730,True,1778870205,3637,turkish,1,0.523809552192687988,True,False,False
Counter-Strike 2,1,positive,steam_live,730,True,1778870172,45026,schinese,0,0.5,True,False,False
Counter-Strike 2,prawie 1000h a dalej nie znam spray patternu na ak,positive,steam_live,730,True,1778870138,59921,polish,0,0.5,True,False,False
Counter-Strike 2,игра ♥♥♥♥♥♥ дерьмо у тебя если на экране показываеться что ты попал на самом деле нет и постояные вылеты без причины без возможности перезайти пока полностью не перезагрузишь игру. найс игра читеров ♥♥♥♥♥ но зато добавляют новые кейсы проблема серверов досихпор не решилась у тебя если пиздатый интернет всеровно пинг будет под 50-60 а у твоих противниеов 10-15 игры ♥♥♥♥♥. Если хочешь просто заййти по стрелять то норм а если хочешь по играть на цифры рейтинга будь готов к тому что эта игры которая считается киберспортивной дисциплиной саже делает лютый расинхрон между игроками,negative,steam_live,730,False,1778870106,18491,russian,0,0.5,True,False,False
Counter-Strike 2,.,positive,steam_live,730,True,1778869968,6596,turkish,0,0.5,True,False,False
Counter-Strike 2,best game,positive,steam_live,730,True,1778869923,8035,english,0,0.5,True,False,False
Counter-Strike 2,govno,negative,steam_live,730,False,1778869902,130417,russian,0,0.5,True,False,False
Counter-Strike 2,zdsf,positive,steam_live,730,True,1778869899,5276,russian,0,0.5,True,False,False
Counter-Strike 2,111,positive,steam_live,730,True,1778869833,15467,russian,0,0.5,True,False,False
Counter-Strike 2,BEST TO ♥♥♥♥ UP YOUR MOOD,positive,steam_live,730,True,1778869782,34494,english,0,0.5,True,False,False
Counter-Strike 2,"кайф, но уже стар для неё",positive,steam_live,730,True,1778869775,2743,russian,0,0.5,True,False,False
Counter-Strike 2,норм,positive,steam_live,730,True,1778869771,7822,russian,0,0.5,True,False,False
Counter-Strike 2,"люблю эту игру, правда только начал играть",positive,steam_live,730,True,1778869751,569,russian,0,0.5,True,False,False
Counter-Strike 2,i love nuke/mirage,positive,steam_live,730,True,1778869740,7584,russian,1,0.523809552192687988,True,False,False
Counter-Strike 2,"“Allaha emanet ol dedi… ben de defuse’a gittim, ama bazı şeyler çözülmüyor.”
-m1stakeN",positive,steam_live,730,True,1778869689,143839,turkish,0,0.5,True,False,False
Counter-Strike 2,I've been playing this game since 2001. It's the best game in the world! CS 2 is a fantastic sequel to the legendary game.,positive,steam_live,730,True,1778869664,887,russian,0,0.5,True,False,False
Counter-Strike 2,Great Free To Play Game!,positive,steam_live,730,True,1778869661,1645,english,3,0.565217375755310059,True,False,False
Counter-Strike 2,э эла дес эла соби нуба леприсао энали да перегоза нуба ли хорасао батидао батидао,positive,steam_live,730,True,1778869643,4624,russian,0,0.5,True,False,False
Counter-Strike 2,top,positive,steam_live,730,True,1778869636,91518,brazilian,0,0.5,True,False,False
Counter-Strike 2,SHUANG,positive,steam_live,730,True,1778869620,6854,schinese,0,0.5,True,False,False
Counter-Strike 2,jh,positive,steam_live,730,True,1778869545,11340,polish,0,0.5,True,False,False
Counter-Strike 2,ulan takım arkadaşım kötü oynayıp kural ihlali yapıyor diye takımca oylayıp attık 7 gün ban yedim deli oluyorum aq yav. LAN TAKIM ARKADAŞI ATMAK BAN SEBEBİ İSE NİYE ÖYLE BİR EKLENTİ VAR SIKINTILIMISINIZ LAN SİZ,positive,steam_live,730,True,1778869484,8995,turkish,0,0.5,True,False,False
Counter-Strike 2,y,positive,steam_live,730,True,1778869456,5346,english,0,0.5,True,False,False
Counter-Strike 2,love this game but cs go is better,positive,steam_live,730,True,1778869424,7093,english,0,0.5,True,False,False
Counter-Strike 2,good game but  EFN,positive,steam_live,730,True,1778869372,20295,russian,0,0.5,True,False,False
Counter-Strike 2,好,positive,steam_live,730,True,1778869337,30282,schinese,0,0.5,True,False,False
Counter-Strike 2,muito bom joge uma vez e vicia,positive,steam_live,730,True,1778869334,64109,brazilian,0,0.5,True,False,False
Counter-Strike 2,"я играю в премьер, отыгрываю на 2к+ урона почти всегда на первом месте, тем временем мои тиммейты: казах, молочный зуб, вася с бутылкой пива, и ебанат у которого закончилось время в пк клубе. В итоге что мы имеем 1:13 конечно же в пользу моих соперников ведь у них в комманде симпл, донк, монеси, киосуке и xantares",negative,steam_live,730,False,1778869327,20605,russian,0,0.5,True,False,False
Counter-Strike 2,this game is terrible i want all my money back and compensation,negative,steam_live,730,False,1778869257,26391,english,1,0.523809552192687988,True,False,False
Counter-Strike 2,.,negative,steam_live,730,False,1778869172,175972,turkish,1,0.5,True,False,False
Counter-Strike 2,игра ♥♥♥♥♥,positive,steam_live,730,True,1778869112,40896,russian,0,0.5,True,False,False
Counter-Strike 2,1 STAR   I keep on getting rude people and I legit get 7 days for no reason and i dont want to play this game if i just have dumbass people anoying me and killing me for no reason i kill them 7 day cooldown for them 30 minute cooldown everytime like why this is just blatant racist,negative,steam_live,730,False,1778869070,7152,english,0,0.5,True,False,False
Counter-Strike 2,GOOD GAME,positive,steam_live,730,True,1778869048,22549,english,0,0.5,True,False,False
Counter-Strike 2,Скины выглядят сочно,positive,steam_live,730,True,1778869046,366,russian,0,0.5,True,False,False
Counter-Strike 2,На апгрейдер депнул весь бюджет Яблока,positive,steam_live,730,True,1778868988,7704,russian,0,0.5,True,False,False
Counter-Strike 2,usem csgo,positive,steam_live,730,True,1778868979,8900,brazilian,0,0.5,True,False,False
Counter-Strike 2,ak robi buuuuu,positive,steam_live,730,True,1778868972,5280,english,0,0.5,True,False,False
Counter-Strike 2,♥♥♥♥♥ на 3 часа,negative,steam_live,730,False,1778868969,31551,russian,0,0.5,True,False,False
Counter-Strike 2,я чмо,positive,steam_live,730,True,1778868951,40398,russian,0,0.5,True,False,False
Counter-Strike 2,oi,positive,steam_live,730,True,1778868854,15888,brazilian,0,0.5,True,False,False
Counter-Strike 2,w game,positive,steam_live,730,True,1778868798,612,english,0,0.5,True,False,False
Counter-Strike 2,убивать,positive,steam_live,730,True,1778868788,29875,russian,0,0.5,True,False,False
Counter-Strike 2,bruch,positive,steam_live,730,True,1778868773,5920,german,0,0.5,True,False,False
Counter-Strike 2,игра имба выбил нож хоть не играл и 200 ч,positive,steam_live,730,True,1778868754,11688,russian,0,0.5,True,False,False
Counter-Strike 2,HER YER HILE KAYNIYOR VAC NE YAPIYON LŞAN SENN,negative,steam_live,730,False,1778868695,1283,turkish,1,0.5,True,False,False
Counter-Strike 2,bo nie graja w to geje,positive,steam_live,730,True,1778868558,3629,polish,0,0.5,True,False,False
Counter-Strike 2,говарили то что игра огонь но не уточьняли то что из жопы,positive,steam_live,730,True,1778868556,816,russian,0,0.5,True,False,False
Counter-Strike 2,какашки,negative,steam_live,730,False,1778868516,13041,russian,0,0.5,True,False,False
Counter-Strike 2,залупа,negative,steam_live,730,False,1778868488,26027,ukrainian,0,0.5,True,False,False
Counter-Strike 2,игра имба,positive,steam_live,730,True,1778868484,15777,russian,0,0.5,True,False,False
Counter-Strike 2,nice hack,positive,steam_live,730,True,1778868440,680,turkish,0,0.5,True,False,False
Counter-Strike 2,хрень,positive,steam_live,730,True,1778868393,85172,russian,0,0.5,True,False,False
Counter-Strike 2,четко,positive,steam_live,730,True,1778868258,9193,russian,0,0.5,True,False,False
Counter-Strike 2,не знаю,positive,steam_live,730,True,1778868253,75947,russian,0,0.5,True,False,False
Counter-Strike 2,"Infelizmente é um jogo que está morrendo por culpa da Valve. O jogo sempre foi ótimo, com mais de 20 anos de história, e teve sua época de auge no CS:GO. Porém, infelizmente, no CS2 a Valve está mirando em um objetivo que a própria comunidade nunca pediu.

O jogo sempre teve a característica de ser leve, justo e simples. Ninguém pediu um jogo que necessita de uma máquina de mais de 7 mil reais para rodar liso. E isso é o menor dos problemas: até em PCs fortes ele sofre com muitas quedas de FPS, cada atualização quebra ainda mais o jogo, e a quantidade de hackers não é brincadeira.

Os banimentos acontecem em uma proporção ridícula, e o MM da Valve está impossível de jogar. Infelizmente, é um jogo que não vai sobreviver por mais de 10 anos se continuar assim.",negative,steam_live,730,False,1778868169,17239,brazilian,0,0.5,True,False,False
Counter-Strike 2,Kolsuzlukta bir DÜNYA MARKASIYIM ama yine de eğlenebiliyorum. Buradan hilecilerin hepsinin sülalesine selam göndermekle beraber EFSANE OYUN benim gibi kolsuzsanız ve mazoşistseniz girin ölüm maçına delirtsinler sdgphehgığwg,positive,steam_live,730,True,1778868110,1970,turkish,3,0.552294492721557617,True,False,False
Counter-Strike 2,Great game but it lags a bit i get like 43fps but its fine,positive,steam_live,730,True,1778868099,1893,english,0,0.5,True,False,False
Counter-Strike 2,yes,positive,steam_live,730,True,1778868056,2532,polish,0,0.5,True,False,False
Counter-Strike 2,аа,positive,steam_live,730,True,1778868055,171597,russian,0,0.5,True,False,False
Counter-Strike 2,wszystko,positive,steam_live,730,True,1778868038,2291,polish,0,0.5,True,False,False
Counter-Strike 2,"Сливаешь свой рейтинг из-за умников тимов, которые не умеют ходить, пока у врагов s1mple",negative,steam_live,730,False,1778868030,10263,russian,0,0.5,True,False,False
Counter-Strike 2,GOLD GOLD GOLD,positive,steam_live,730,True,1778868012,47674,english,0,0.5,True,False,False
Counter-Strike 2,jogo estressante,positive,steam_live,730,True,1778867996,3949,brazilian,0,0.5,True,False,False
Counter-Strike 2,FAJNA GRA MAŁO HACKERÓW,positive,steam_live,730,True,1778867984,2419,polish,0,0.5,True,False,False
Counter-Strike 2,güzel,positive,steam_live,730,True,1778867981,3838,turkish,0,0.5,True,False,False
Counter-Strike 2,very good and skillful game,positive,steam_live,730,True,1778867981,2087,english,0,0.5,True,False,False
Counter-Strike 2,aaaa,positive,steam_live,730,True,1778867980,1927,english,1,0.523809552192687988,True,False,False
Counter-Strike 2,"The game will be ♥♥♥♥ until the developers make a proper anti-cheat, and many cheaters play with impunity without getting into trouble.",negative,steam_live,730,False,1778867980,35689,russian,0,0.5,True,False,False
Counter-Strike 2,ziomek mi wyjebał cheda przez ściane bez celowania 10/10,positive,steam_live,730,True,1778867894,20038,polish,0,0.5,True,False,False
Counter-Strike 2,muito bom!,positive,steam_live,730,True,1778867880,4643,brazilian,0,0.5,True,False,False
Counter-Strike 2,very good,negative,steam_live,730,False,1778867818,7953,russian,0,0.5,True,False,False
Counter-Strike 2,УБЕРИТЕ ВСЕ КАРТЫ КРОМЕ ОФИСА,negative,steam_live,730,False,1778867808,2865,russian,0,0.5,True,False,False
Counter-Strike 2,прспрмп,positive,steam_live,730,True,1778867799,9140,ukrainian,0,0.5,True,False,False
Counter-Strike 2,good,positive,steam_live,730,True,1778867752,53489,english,0,0.5,True,False,False
Counter-Strike 2,sigma gra,positive,steam_live,730,True,1778867740,2107,polish,1,0.523809552192687988,True,False,False
Counter-Strike 2,bom,positive,steam_live,730,True,1778867712,2598,portuguese,0,0.5,True,False,False
Counter-Strike 2,ИГРА ♥♥♥♥♥ я в нее больше не зайду я не заходил год а в первой игре меня сразу кикнули,negative,steam_live,730,False,1778867686,7835,russian,0,0.5,True,False,False
Counter-Strike 2,ok,positive,steam_live,730,True,1778867685,7328,turkish,0,0.5,True,False,False
Counter-Strike 2,bu hesap dışında 500 saatlik bir hesabımdaha var oyun müq valonun renkli dünyasından bin kat iyi aim oyunu,positive,steam_live,730,True,1778867677,1428,turkish,0,0.5,True,False,False
Counter-Strike 2,GABEN SIN HUINI KAK DELA,negative,steam_live,730,False,1778867621,70468,russian,0,0.5,True,False,False
Counter-Strike 2,"?
?",positive,steam_live,730,True,1778867562,2095,russian,0,0.5,True,False,False
Counter-Strike 2,çok iyi hile koruma,positive,steam_live,730,True,1778867506,15330,turkish,0,0.5,True,False,False
Counter-Strike 2,Премьер режим топчик,positive,steam_live,730,True,1778867493,233,russian,0,0.5,True,False,False
Counter-Strike 2,♥♥♥♥ you vitality,positive,steam_live,730,True,1778867394,6872,english,0,0.5,True,False,False
Counter-Strike 2,muito xiter,negative,steam_live,730,False,1778867285,16362,brazilian,0,0.5,True,False,False
Counter-Strike 2,"Classic, better then valorant.",positive,steam_live,730,True,1778867279,18925,english,0,0.5,True,False,False
Counter-Strike 2,.,positive,steam_live,730,True,1778867245,47562,russian,0,0.5,True,False,False
Counter-Strike 2,.,positive,steam_live,730,True,1778867234,8320,turkish,1,0.523809552192687988,True,False,False
Counter-Strike 2,Пу пу пу.. игра норм мне зашло,positive,steam_live,730,True,1778867226,29201,russian,0,0.5,True,False,False
Counter-Strike 2,нет,positive,steam_live,730,True,1778867209,131664,russian,0,0.5,True,False,False
Counter-Strike 2,"Отличная игра, топ",positive,steam_live,730,True,1778867183,349,russian,0,0.5,True,False,False
Counter-Strike 2,yes good,positive,steam_live,730,True,1778867171,21197,english,0,0.5,True,False,False
Counter-Strike 2,https://steamcommunity.com/id/kisats/inventory/#730_2_39574085494,positive,steam_live,730,True,1778867123,31734,russian,0,0.5,True,False,False
Counter-Strike 2,zajebista giereczka,positive,steam_live,730,True,1778867067,18797,polish,0,0.5,True,False,False
Counter-Strike 2,"Counter-Strike 2 reste une référence du FPS compétitif. Le gameplay est précis, le feeling des armes est excellent et les matchs sont intenses. Malgré quelques défauts, le jeu reste très addictif et gratifiant quand on progresse.",positive,steam_live,730,True,1778867008,21826,french,0,0.5,True,False,False
Counter-Strike 2,Zayebis,positive,steam_live,730,True,1778866892,23856,russian,0,0.5,True,False,False
Counter-Strike 2,Симулятор еженедельного дропа,positive,steam_live,730,True,1778866888,1991,russian,1,0.523809552192687988,True,False,False
Counter-Strike 2,the best,positive,steam_live,730,True,1778866802,15543,hungarian,0,0.5,True,False,False
Counter-Strike 2,JOGO BOOOOOOOOOOOOOOOOOOOOM,positive,steam_live,730,True,1778866758,6358,brazilian,0,0.5,True,False,False
Counter-Strike 2,"лучшая игра , дота говно",positive,steam_live,730,True,1778866749,96376,russian,0,0.5,True,False,False
Counter-Strike 2,♥♥♥ ♥♥♥ ♥♥♥ ♥♥♥,positive,steam_live,730,True,1778866734,71415,russian,0,0.5,True,False,False
Counter-Strike 2,ыыыыыыыыыыыыыыыыыыыыыыы,positive,steam_live,730,True,1778866545,6415,russian,0,0.5,True,False,False
Counter-Strike 2,"да ♥♥♥♥♥ ♥♥♥♥♥♥, не играйте в это",negative,steam_live,730,False,1778866465,3324,russian,0,0.5,True,False,False
Counter-Strike 2,xd,positive,steam_live,730,True,1778866445,138,russian,1,0.523809552192687988,True,False,False
Counter-Strike 2,♥♥♥♥♥ ta gra jest tak chujowa że ♥♥♥♥♥ chuj z tego ♥♥♥♥♥,negative,steam_live,730,False,1778866380,2760,polish,0,0.5,True,False,False
Counter-Strike 2,...,positive,steam_live,730,True,1778866364,203855,russian,0,0.5,True,False,False
Counter-Strike 2,"bruh i,m so tired of this game
buuuuuuut i still love iiiiiiiiiiit hooooooooyaaaaaa🐦‍🔥🎇😘",positive,steam_live,730,True,1778866361,78689,english,0,0.5,True,False,False
Counter-Strike 2,КРУТА,positive,steam_live,730,True,1778866334,1301,russian,0,0.5,True,False,False
Counter-Strike 2,Норм,positive,steam_live,730,True,1778866334,13529,russian,0,0.5,True,False,False
Counter-Strike 2,cant say more,positive,steam_live,730,True,1778866204,33890,english,0,0.5,True,False,False
Counter-Strike 2,guzwel,positive,steam_live,730,True,1778866124,4177,turkish,0,0.5,True,False,False
Counter-Strike 2,Одни читаки не какой нормальной системы анти чит,negative,steam_live,730,False,1778865967,61970,russian,0,0.5,True,False,False
Counter-Strike 2,Good Game,positive,steam_live,730,True,1778865944,1196,english,0,0.5,True,False,False
Counter-Strike 2,xyuna,negative,steam_live,730,False,1778865936,4539,russian,0,0.5,True,False,False
Counter-Strike 2,Lai deagle siaw,positive,steam_live,730,True,1778865932,4913,english,0,0.5,True,False,False
Counter-Strike 2,fasza,positive,steam_live,730,True,1778865917,21907,hungarian,0,0.5,True,False,False
Counter-Strike 2,çok iyi oyun,positive,steam_live,730,True,1778865888,3073,turkish,0,0.5,True,False,False
Counter-Strike 2,good good but GO miss me,positive,steam_live,730,True,1778865808,31259,french,0,0.5,True,False,False
Counter-Strike 2,♥♥♥♥♥♥♥♥ не могут починить регестрацию попаданий всё существование игры.,negative,steam_live,730,False,1778865725,27208,russian,0,0.5,True,False,False
Counter-Strike 2,yes,positive,steam_live,730,True,1778865639,52860,english,0,0.5,True,False,False
Counter-Strike 2,"Game is good, takes real skill and couple of keyboards and mouses",positive,steam_live,730,True,1778865584,12101,english,0,0.5,True,False,False
Counter-Strike 2,лажа,positive,steam_live,730,True,1778865550,48906,russian,0,0.5,True,False,False
Counter-Strike 2,ав,positive,steam_live,730,True,1778865418,12851,russian,0,0.5,True,False,False
Counter-Strike 2,воч демо,positive,steam_live,730,True,1778865413,43073,russian,0,0.5,True,False,False
Counter-Strike 2,аошлмпьофывам,positive,steam_live,730,True,1778865347,6203,russian,0,0.5,True,False,False
Counter-Strike 2,FAJNA GRA,positive,steam_live,730,True,1778865311,6297,polish,0,0.5,True,False,False
Counter-Strike 2,counter strike 2 makes me want to cry,negative,steam_live,730,False,1778865282,61617,english,0,0.5,True,False,False
Counter-Strike 2,juego bueno te obliga a gastar plata pero es bueno,positive,steam_live,730,True,1778865247,2915,spanish,0,0.5,True,False,False
Counter-Strike 2,:f,positive,steam_live,730,True,1778865227,874,russian,0,0.5,True,False,False
Counter-Strike 2,This game is so good and it has cool skins.,positive,steam_live,730,True,1778865222,70601,finnish,0,0.5,True,False,False
Counter-Strike 2,hayattımı bittirdin 5-6 ayda bir geri dönüyorum sana...,positive,steam_live,730,True,1778865211,52663,turkish,0,0.5,True,False,False
Counter-Strike 2,Самые бесполезно потраченные 1000 часов в моей жизни,positive,steam_live,730,True,1778865164,60285,russian,0,0.5,True,False,False
Counter-Strike 2,РЕГАЕТ,positive,steam_live,730,True,1778865144,1246,russian,0,0.5,True,False,False
Counter-Strike 2,лтьтб,positive,steam_live,730,True,1778865138,22881,russian,0,0.5,True,False,False
Counter-Strike 2,Премьер режим топчик,positive,steam_live,730,True,1778865087,410,russian,0,0.5,True,False,False
Counter-Strike 2,i know only 2 things from ds game first is suka and sec is blyat <3,positive,steam_live,730,True,1778865048,46355,english,0,0.5,True,False,False
Counter-Strike 2,игра нравится но играю всего 34 часа но уже могу сказать что смог  более менее играть как не нуб,positive,steam_live,730,True,1778865001,2956,russian,0,0.476190477609634399,True,False,False
Counter-Strike 2,我们为什么热爱CS？因为这里充满了无数的热血 激情 传奇 遗憾。几千小时的努力，这些时间你可以做很多事，一场甜甜的恋爱，健身房或体育场挥洒汗水，但你没有选择而是坐在电脑前与另外9个素不相识的陌生人去配合去努力，有时对着屏幕傻笑，有时恨自己不够努力。这里没有酷炫的特效，没有强大的技能，只有你在一个个夜晚靶场中那一抹孤独的身影。它拥有着悠久的历史，从千禧年的cs1.5/6到2023年的cs2，它是游戏史上浓墨重彩的一笔，哪怕是一个不会用电脑的小白，甚至是没有碰过游戏的人，他也知道cs是一款怎样的游戏，用我自己举例，我的父亲在上初中时偷偷跑去打游戏，到后来我上初中虽然不辍学打游戏，但依然还在玩cs。它传承着一代人的童年记忆。超越cs的只有也唯有cs。【虽然cs2现在还有很多不足，但当年csgo刚出时也骂声一片，相信官方会让这个游戏变得更好。,positive,steam_live,730,True,1778864996,68980,schinese,0,0.5,True,False,False
Counter-Strike 2,"game full of cheaters and stubborn balkan/russian players
Awful game",negative,steam_live,730,False,1778864985,20796,english,0,0.5,True,False,False
Counter-Strike 2,имба,positive,steam_live,730,True,1778864983,3183,russian,0,0.5,True,False,False
Counter-Strike 2,I gambled all my savings and i got knife 10/10,positive,steam_live,730,True,1778864963,2496,polish,0,0.5,True,False,False
Counter-Strike 2,люблю когда меня насилуют,positive,steam_live,730,True,1778864909,20418,russian,0,0.5,True,False,False
Counter-Strike 2,зарегай 2,negative,steam_live,730,False,1778864895,58614,russian,0,0.5,True,False,False
Counter-Strike 2,s,negative,steam_live,730,False,1778864893,8586,german,0,0.5,True,False,False
Counter-Strike 2,"Armor is for cowards. Utility is for nerds. True Kings only need 150 bullets and a dream. If you think CS2 is a bad game, please unfriend me, delete your account, and stay out of my sight. You don't deserve the Negev lifestyle.",positive,steam_live,730,True,1778864874,24239,english,0,0.5,True,False,False
Counter-Strike 2,хуятина,positive,steam_live,730,True,1778864861,16289,russian,0,0.5,True,False,False
Counter-Strike 2,Читеров бы поменьше,positive,steam_live,730,True,1778864802,440,russian,0,0.5,True,False,False
Counter-Strike 2,Play The Game,positive,steam_live,730,True,1778864756,28151,english,1,0.523809552192687988,True,False,False
Counter-Strike 2,bazalrightt,positive,steam_live,730,True,1778864653,7907,english,0,0.5,True,False,False
Counter-Strike 2,Very good,positive,steam_live,730,True,1778864619,33805,english,0,0.5,True,False,False
Counter-Strike 2,ale gawno,positive,steam_live,730,True,1778864446,23679,polish,0,0.5,True,False,False
Counter-Strike 2,),positive,steam_live,730,True,1778864437,79080,russian,0,0.5,True,False,False
Counter-Strike 2,"я играю каждую среду ради дропа, игра полная ♥♥♥♥♥",positive,steam_live,730,True,1778864377,3578,russian,0,0.5,True,False,False
Counter-Strike 2,good,positive,steam_live,730,True,1778864351,31427,russian,0,0.5,True,False,False
Counter-Strike 2,Легендарная игра,positive,steam_live,730,True,1778864341,328,russian,0,0.5,True,False,False
Counter-Strike 2,yes,positive,steam_live,730,True,1778864274,5762,english,0,0.5,True,False,False
Counter-Strike 2,bad game,positive,steam_live,730,True,1778864267,2989,english,0,0.5,True,False,False
Counter-Strike 2,I am 2012 Player,positive,steam_live,730,True,1778864254,13042,english,0,0.5,True,False,False
Counter-Strike 2,z,positive,steam_live,730,True,1778864244,3549,polish,0,0.5,True,False,False
Counter-Strike 2,Kann jz besser Russisch als wenn ich's in der Schulelernen würde,positive,steam_live,730,True,1778864225,4389,german,0,0.5,True,False,False
Counter-Strike 2,Игра отличная не регает   тимейты узбеки,positive,steam_live,730,True,1778864200,102986,russian,2,0.545454561710357666,True,False,False
Counter-Strike 2,funny game i get called jewish but i am even not a jew :(,positive,steam_live,730,True,1778864169,34658,english,0,0.476190477609634399,True,False,False
Counter-Strike 2,good game,positive,steam_live,730,True,1778864152,16825,polish,1,0.523809552192687988,True,False,False
Counter-Strike 2,[jkhjuvhiuhuiahvij,positive,steam_live,730,True,1778864101,624,russian,1,0.523809552192687988,True,False,False
Counter-Strike 2,прикольная оптимизированная игра ток после покупки прайма не зачто получил красный траст фактор,positive,steam_live,730,True,1778864050,1702,russian,1,0.523809552192687988,True,False,False
Counter-Strike 2,ytre,positive,steam_live,730,True,1778864027,14316,russian,0,0.5,True,False,False
Counter-Strike 2,fedt,positive,steam_live,730,True,1778863970,2052,danish,0,0.5,True,False,False
Counter-Strike 2,"Duolingo officially has a competition. In this game you not only get bummed and lose your sanity, u also learn Russian 😁. 10/10 would recommend",positive,steam_live,730,True,1778863968,3674,english,0,0.5,True,False,False
Counter-Strike 2,все,positive,steam_live,730,True,1778863957,18614,russian,0,0.5,True,False,False
Counter-Strike 2,"Here’s a quick rundown of the new rank system:
• Lost three games in a row? – Demotion.
• Won seven games in a row, then lost one? – Demotion.
• Tie? – Demotion.
• Got stuck with idiots on your team? – Demotion.
• Do your friends think you’re joking about the new ranking system? - Demotion.
• Did someone kick you? - Ban and demotion.
• Don’t like something? - Demotion.
• Not opening cases? - Demotion.
• Are you registered on Origin? - Demotion.
• Did you win fifteen games in a row? - Ahem... Well... We’ll wait until you lose.
• Did you lose? - Demotion.
• Did you get a knife? - Demotion.
• Didn’t you get a knife? - Demotion.
• Do you NOT like the new ranking system? - Demotion.
• Do you LIKE the new ranking system? - Great, you’ll like demotion too.
• Do you not log into the game? - Demotion.
• Do you log into the game? - Deal with your dumb teammates.
• Why? - Demotion.
• Demotion? - Demotion.
• Promotion? - Demotion.

10/10 on the rank-draining scale.",positive,steam_live,730,True,1778863883,2493,english,0,0.5,True,False,False
Counter-Strike 2,no,negative,steam_live,730,False,1778863879,8924,english,0,0.5,True,False,False
Counter-Strike 2,И нахуйя я это купил?,positive,steam_live,730,True,1778863857,156,russian,1,0.523809552192687988,True,False,False
Counter-Strike 2,no good,positive,steam_live,730,True,1778863836,20185,english,0,0.5,True,False,False
Counter-Strike 2,coole grafik,positive,steam_live,730,True,1778863832,753,german,0,0.5,True,False,False
Counter-Strike 2,juego de mierda te odio,negative,steam_live,730,False,1778863828,18681,spanish,0,0.5,True,False,False
Counter-Strike 2,banger,positive,steam_live,730,True,1778863799,4513,polish,0,0.5,True,False,False
Counter-Strike 2,"Counter-Strike стал раздражающим из-за читеров, и некоторые матчи портят игроки, использующие читы. Suka blyat cs2",positive,steam_live,730,True,1778863756,943,french,0,0.5,True,False,False
Counter-Strike 2,güzel,positive,steam_live,730,True,1778863741,18060,turkish,0,0.5,True,False,False
Counter-Strike 2,"зачем я плачу деньги на прайм статус если там невозможно играть и за читеров,просто ужас",negative,steam_live,730,False,1778863728,1389,russian,0,0.5,True,False,False
Counter-Strike 2,говно,positive,steam_live,730,True,1778863728,17818,russian,0,0.5,True,False,False
Counter-Strike 2,/,positive,steam_live,730,True,1778863701,49443,english,0,0.5,True,False,False
Counter-Strike 2,iyi,positive,steam_live,730,True,1778863695,33581,english,0,0.5,True,False,False
Counter-Strike 2,"не регает,не скачивайте",negative,steam_live,730,False,1778863682,55440,russian,0,0.5,True,False,False
Counter-Strike 2,имба,positive,steam_live,730,True,1778863678,60600,russian,0,0.5,True,False,False
Counter-Strike 2,"Counter-Strike 2 — ⭐⭐⭐⭐☆ (4/5)

Counter-Strike 2 chega como a nova geração de uma das franquias mais icônicas dos FPS competitivos. Mantendo a essência clássica do CS, o jogo aposta em melhorias gráficas, novas tecnologias e uma experiência mais moderna, sem abandonar o estilo tático e competitivo que consagrou a série ao longo dos anos.

🔹 Gameplay competitivo extremamente viciante
O grande ponto forte de CS2 continua sendo sua jogabilidade. Cada partida exige precisão, estratégia, comunicação e controle emocional. Diferente de muitos FPS atuais, aqui a habilidade do jogador realmente faz diferença. Um simples erro pode custar um round inteiro, enquanto uma boa jogada pode virar completamente o jogo.

O sistema de armas continua muito satisfatório, principalmente para jogadores que gostam de dominar recoil, movimentação e posicionamento. A sensação de acertar um headshot ou ganhar um clutch decisivo continua sendo uma das experiências mais intensas do cenário competitivo.

🔹 Gráficos modernos e nova engine
Com a chegada da Source 2, o jogo recebeu melhorias visuais significativas. Os mapas ficaram mais detalhados, a iluminação mais realista e os efeitos de fumaça ganharam novas mecânicas que impactam diretamente o gameplay.

As smokes dinâmicas são uma das melhores novidades do jogo, permitindo interações inéditas durante as partidas e trazendo ainda mais profundidade tática para o competitivo.

🔹 Competitividade e fator replay gigantesco
CS2 é o tipo de jogo que consegue prender jogadores por milhares de horas. Sempre existe algo para melhorar: mira, posicionamento, leitura de jogo, granadas ou tomada de decisão.

Além disso, o cenário competitivo continua sendo um dos maiores do mundo dos esports, mantendo o jogo constantemente vivo e relevante.

🔹 Problemas que ainda prejudicam a experiência
Apesar das melhorias, CS2 ainda possui problemas importantes. O sistema anti-cheat continua sendo uma das maiores críticas da comunidade, especialmente no modo Premier, onde muitos jogadores relatam partidas contra hackers.

Outro ponto bastante criticado é a inconsistência do subtick e dos servidores em certas situações. Em alguns momentos, tiros parecem não registrar corretamente, causando frustração principalmente em partidas competitivas.

A otimização também ainda não é perfeita. Muitos jogadores com PCs intermediários enfrentam quedas de FPS e instabilidades, especialmente após atualizações.

🔹 Comunidade competitiva e ambiente tóxico
A comunidade de Counter-Strike sempre foi conhecida por sua competitividade extrema, e isso continua em CS2. Embora isso torne as partidas intensas, também gera bastante toxicidade em partidas ranqueadas, principalmente para jogadores iniciantes ou casuais.

Por outro lado, quando jogado com amigos ou uma equipe organizada, o jogo entrega uma experiência extremamente divertida e estratégica.

🎯 Veredito Final
Counter-Strike 2 consegue modernizar a fórmula clássica do CS sem perder sua identidade. O jogo continua oferecendo uma das experiências competitivas mais sólidas e viciantes do gênero FPS, recompensando habilidade, estratégia e dedicação como poucos jogos conseguem fazer.

Mesmo com problemas envolvendo anti-cheat, servidores e otimização, CS2 ainda se mantém como referência absoluta quando o assunto é FPS competitivo.

🔥 Nota: 4/5 – Um dos melhores FPS competitivos da atualidade, mas que ainda precisa corrigir problemas importantes para alcançar todo seu potencial.",positive,steam_live,730,True,1778863670,7731,brazilian,0,0.5,True,False,False
Counter-Strike 2,Ну еслі хотите пострадать то советую,positive,steam_live,730,True,1778863664,17760,russian,0,0.5,True,False,False
Counter-Strike 2,sneaky beaky like,positive,steam_live,730,True,1778863645,4516,german,0,0.5,True,False,False
Counter-Strike 2,пирипипиу пипиу,positive,steam_live,730,True,1778863617,40851,russian,0,0.5,True,False,False
Counter-Strike 2,oyun güzel ama haksız ban atıyor çok fazla neymiş oyunda çok fazla kişi atmışım diye 24 saatlik rekabet banı verdi ilk defa seçkin aldım la daha 5 saat ya kullandım ya kullanamadım,positive,steam_live,730,True,1778863608,2156,turkish,0,0.5,True,False,False
Counter-Strike 2,it's a competitive game so if u are bad pls don't play it,positive,steam_live,730,True,1778863561,13427,english,0,0.5,True,False,False
Counter-Strike 2,676767676767676767676766767676767676767676767676767676767676767676767,positive,steam_live,730,True,1778863549,17897,russian,0,0.5,True,False,False
Counter-Strike 2,"jogo otimo e muito divertido alem de bom,o problema e que recentemente os xiters vem aumentando e o vac simplesmente nao pega,se for jogar crie conta faceit ou gc.",positive,steam_live,730,True,1778863532,3395,brazilian,0,0.5,True,False,False
Counter-Strike 2,♥♥♥♥♥,positive,steam_live,730,True,1778863528,24361,russian,0,0.5,True,False,False
Counter-Strike 2,xueta.*(,positive,steam_live,730,True,1778863365,1032,russian,0,0.5,True,False,False
Counter-Strike 2,прикольно,positive,steam_live,730,True,1778863308,1042,russian,1,0.523809552192687988,True,False,False
Counter-Strike 2,"ок, норм",positive,steam_live,730,True,1778863221,12980,russian,0,0.5,True,False,False
Counter-Strike 2,i love gambling!!!!! also Valorant is a ♥♥♥♥ game #allhailgaben,positive,steam_live,730,True,1778863212,4284,english,0,0.5,True,False,False
Counter-Strike 2,игра полное говно мама дырка,positive,steam_live,730,True,1778863195,35440,russian,0,0.5,True,False,False
Counter-Strike 2,блокировка за то что я не смог подключиться к игре,negative,steam_live,730,False,1778863181,664,russian,0,0.5,True,False,False
Counter-Strike 2,игра просто супер советую вы будете знать настоящее имя своих мам,positive,steam_live,730,True,1778863135,6941,russian,0,0.5,True,False,False
Counter-Strike 2,Absolutely amazing.,positive,steam_live,730,True,1778863016,198,english,0,0.5,True,False,False
Counter-Strike 2,"Мою маму обзывали, больше чем людей на этой планете. Хотя тимейтов в этой тупорылой игре, называть ""ЧЕЛОВЕКОМ"", трудно, да даже - невозможно. Твои тупые ошибки, из-за которых ты извиняешься, могут привести, что всю твою родословную перережут, изобьют и расстреляют",positive,steam_live,730,True,1778862912,6126,russian,0,0.5,True,False,False
Counter-Strike 2,"gooooooooooooooooooooooooooooood
]",positive,steam_live,730,True,1778862842,7284,english,0,0.5,True,False,False
Counter-Strike 2,CS go daha iyiydi ama genede onun yerini tutar gibi,positive,steam_live,730,True,1778862771,13876,turkish,0,0.5,True,False,False
Counter-Strike 2,nice,positive,steam_live,730,True,1778862662,344224,turkish,410,0.702956855297088623,True,False,False
Counter-Strike 2,Игра топ!,positive,steam_live,730,True,1778862485,1150,russian,0,0.5,True,False,False
Counter-Strike 2,ну короче тут стрелялка убивалка секес уебалка,positive,steam_live,730,True,1778862446,107510,russian,0,0.5,True,False,False
Counter-Strike 2,I love Counter-Strike 2,positive,steam_live,730,True,1778862347,8017,english,0,0.5,True,False,False
Counter-Strike 2,"去你妈的v社,这是什么垃圾受击抖动",positive,steam_live,730,True,1778862315,3646,schinese,0,0.5,True,False,False
Counter-Strike 2,easy peasy dep dodep,positive,steam_live,730,True,1778862303,1493,russian,0,0.5,True,False,False
Counter-Strike 2,SHI GOOD,positive,steam_live,730,True,1778862236,6491,english,0,0.5,True,False,False
Counter-Strike 2,норм игрулька,negative,steam_live,730,False,1778862220,17177,russian,0,0.5,True,False,False
Counter-Strike 2,Gaben pls give me gold,positive,steam_live,730,True,1778862129,55414,english,1,0.523809552192687988,True,False,False
Counter-Strike 2,arkadaş grubuyla güzel oluyor,positive,steam_live,730,True,1778862054,3057,turkish,0,0.5,True,False,False
Counter-Strike 2,♥♥♥♥♥ ♥♥♥♥♥♥,positive,steam_live,730,True,1778862006,34256,russian,0,0.5,True,False,False
Counter-Strike 2,"好
good
game",positive,steam_live,730,True,1778861979,61915,schinese,0,0.5,True,False,False
Counter-Strike 2,.,positive,steam_live,730,True,1778861974,12689,turkish,0,0.5,True,False,False
Counter-Strike 2,Naprawdę bardzo ładna grafika i fizyka postaci oraz broni choć najwiekszy minus to chęsto są osoby cheatujące co przeszkadza w grani ( najcześciej na ranikngowych ),positive,steam_live,730,True,1778861940,10553,polish,0,0.5,True,False,False
Counter-Strike 2,...,positive,steam_live,730,True,1778861813,12974,german,1,0.523809552192687988,True,False,False
Counter-Strike 2,gra,positive,steam_live,730,True,1778861782,8424,polish,0,0.5,True,False,False
Counter-Strike 2,Sehr gute diese,positive,steam_live,730,True,1778861768,2370,german,0,0.5,True,False,False
Counter-Strike 2,游戏有bug，胶囊里没找到danking的贴纸,negative,steam_live,730,False,1778861645,11012,schinese,0,0.5,True,False,False
Counter-Strike 2,This has become the worst game ever...I play it because of the good memories but it's not worth it anymore.,negative,steam_live,730,False,1778861641,67922,english,1,0.514606714248657227,True,False,False
Counter-Strike 2,крутая игра,positive,steam_live,730,True,1778861593,1799,russian,0,0.5,True,False,False
Counter-Strike 2,гамно,negative,steam_live,730,False,1778861578,18583,russian,0,0.5,True,False,False
Counter-Strike 2,"если не учитывать наличие читеров, в целом игра кайф)",positive,steam_live,730,True,1778861564,5389,russian,1,0.523809552192687988,True,False,False
Counter-Strike 2,nao gostei,positive,steam_live,730,True,1778861564,36786,brazilian,0,0.5,True,False,False
Counter-Strike 2,越优化越卡，还不如不优化,negative,steam_live,730,False,1778861533,10362,schinese,0,0.5,True,False,False
Counter-Strike 2,premier is unplayable,negative,steam_live,730,False,1778861487,14305,czech,0,0.5,True,False,False
Counter-Strike 2,"Сев играть в КС2 ваша жизнь разделится на до и после, у вас очень быстро проявятся мазохистские наклонности, и в основном в этой игре как раз одни мазохисты...

Если кто-то из вашего круга друзей вдруг стал странно себя вести и уговаривать вас поиграть в кс, не соглашайтесь",positive,steam_live,730,True,1778861474,35929,russian,0,0.5,True,False,False
Counter-Strike 2,пойдет,positive,steam_live,730,True,1778861462,57231,russian,0,0.5,True,False,False
Counter-Strike 2,"valve precisa urgentemente, colocar um anti cheat minimamente aceitavel, o jogo é incrivel!",positive,steam_live,730,True,1778861368,68801,brazilian,0,0.5,True,False,False
Counter-Strike 2,"да ну ♥♥♥♥♥ это говно заебло, сломал режим , мышку и нервы. пошло оно все ♥♥♥♥♥",positive,steam_live,730,True,1778861368,17072,russian,1,0.5,True,False,False
Counter-Strike 2,"Un joc foarte fain, Hittler cu STalin fac echipă.",positive,steam_live,730,True,1778861367,2685,romanian,0,0.5,True,False,False
Counter-Strike 2,Fajne ♥♥♥♥♥,positive,steam_live,730,True,1778861344,9387,polish,0,0.5,True,False,False
Counter-Strike 2,tares jago banget ♥♥♥,positive,steam_live,730,True,1778861300,11020,english,0,0.5,True,False,False
Counter-Strike 2,"все понравилось все гуд
только сделать бы нормальный подбор игроков в играх попадаются иностранцы",positive,steam_live,730,True,1778861273,15690,russian,0,0.5,True,False,False
Counter-Strike 2,HWHW,positive,steam_live,730,True,1778861193,2521,schinese,0,0.5,True,False,False
Counter-Strike 2,Really good game,positive,steam_live,730,True,1778861176,7282,english,0,0.476190477609634399,True,False,False
Counter-Strike 2,good,positive,steam_live,730,True,1778861124,8291,english,0,0.5,True,False,False
Counter-Strike 2,кайф,positive,steam_live,730,True,1778861118,1174,russian,0,0.5,True,False,False
Counter-Strike 2,you will rage quite 24/7,positive,steam_live,730,True,1778861091,4310,danish,0,0.5,True,False,False
Counter-Strike 2,sad,negative,steam_live,730,False,1778861042,58810,english,0,0.5,True,False,False
Counter-Strike 2,"Nao jogue este jogo, nele você descobre que seus amigos sao uns completos idiotas, dizem fazer a perfeitinha ""perfeita para os inimigos"" Porém o unico que leva a flash e você e acaba morrendo igual um idiota para o pessimo inimigo",negative,steam_live,730,False,1778861041,23131,brazilian,0,0.5,True,False,False
Counter-Strike 2,),positive,steam_live,730,True,1778861015,1930,russian,0,0.5,True,False,False
Counter-Strike 2,Такое,negative,steam_live,730,False,1778860995,1969,russian,0,0.5,True,False,False
Counter-Strike 2,esta piola,positive,steam_live,730,True,1778860907,11463,spanish,1,0.523809552192687988,True,False,False
Counter-Strike 2,"Lo juego, me deprime, me pongo a lloran y lo vuelvo a jugar. Lo recomiendo",positive,steam_live,730,True,1778860885,57984,spanish,0,0.5,True,False,False
Counter-Strike 2,не регает 10/10,positive,steam_live,730,True,1778860847,781,russian,0,0.5,True,False,False
Counter-Strike 2,имбулька барабулька,positive,steam_live,730,True,1778860783,240,russian,0,0.5,True,False,False
Counter-Strike 2,КО,positive,steam_live,730,True,1778860772,29785,russian,0,0.5,True,False,False
Counter-Strike 2,jebany syf,negative,steam_live,730,False,1778860761,3042,polish,0,0.5,True,False,False
Counter-Strike 2,"Играет много читеор, даем жалобы игра на них не реагирует, снимает рейтинг просто так, ужасный баланс по рейтингу",negative,steam_live,730,False,1778860723,23410,russian,0,0.5,True,False,False
Counter-Strike 2,Includes intense violence and blood.,positive,steam_live,730,True,1778860698,125,english,0,0.5,True,False,False
Counter-Strike 2,grafika jest wspaniała,positive,steam_live,730,True,1778860610,5075,polish,0,0.5,True,False,False
Counter-Strike 2,ИГРА ДЛЯ ДУРАЧКОВ,negative,steam_live,730,False,1778860587,15501,russian,0,0.5,True,False,False
Counter-Strike 2,10/10,positive,steam_live,730,True,1778860512,4197,spanish,0,0.5,True,False,False
Counter-Strike 2,igra xuyni,positive,steam_live,730,True,1778860476,10558,russian,0,0.5,True,False,False
Counter-Strike 2,Seviyorum ama Allah kurtarsın diyorum,positive,steam_live,730,True,1778860417,60379,turkish,0,0.5,True,False,False
Counter-Strike 2,норм,positive,steam_live,730,True,1778860386,41486,russian,0,0.5,True,False,False
Counter-Strike 2,Топ за свои деньги,positive,steam_live,730,True,1778860232,384,russian,0,0.5,True,False,False
Counter-Strike 2,вотч демо,positive,steam_live,730,True,1778860207,2442,russian,0,0.5,True,False,False
Counter-Strike 2,game dee mak,positive,steam_live,730,True,1778860118,15637,thai,1,0.523809552192687988,True,False,False
Counter-Strike 2,"Настолько же скучная, насколько была и CS:GO. Только тут ещё и контента меньше.",negative,steam_live,730,False,1778860110,3843,russian,0,0.5,True,False,False
Counter-Strike 2,"полное говно, габену -rep, когда найдешь мать, габен?",negative,steam_live,730,False,1778860082,18016,russian,0,0.5,True,False,False
Counter-Strike 2,my 1000h,positive,steam_live,730,True,1778860082,60695,schinese,1,0.5,True,False,False
Counter-Strike 2,пж зарегай,negative,steam_live,730,False,1778860053,16050,russian,0,0.5,True,False,False
Counter-Strike 2,Звуки шагов стали лучше,positive,steam_live,730,True,1778860049,785,russian,0,0.5,True,False,False
Counter-Strike 2,Хуже шутера еще не сделали а есть ведь еще пабг...,negative,steam_live,730,False,1778860039,9044,russian,1,0.523809552192687988,True,False,False
Counter-Strike 2,NIOK,positive,steam_live,730,True,1778860033,11984,schinese,0,0.5,True,False,False
Counter-Strike 2,a,positive,steam_live,730,True,1778859924,3052,turkish,0,0.5,True,False,False
Counter-Strike 2,垃圾游戏，官匹挂钩多，平台开绝对单排排不到人，不开又是组排小哑巴，真好玩嘻嘻,negative,steam_live,730,False,1778859871,19300,schinese,0,0.5,True,False,False
Counter-Strike 2,güven faktörünü ayrı hilenizi ayrı sikeyim,negative,steam_live,730,False,1778859833,3624,turkish,1,0.5,True,False,False
Counter-Strike 2,bu devirde oynanacak tek fps oyunu cs 1.6 falan alayım oynıyım demeyin sakın oynanmıyor eskiler eskide kaldı ama valorant oynayanın direkt amk,positive,steam_live,730,True,1778859736,17290,turkish,0,0.5,True,False,False
Counter-Strike 2,"感觉不如。。。
就很。。。",positive,steam_live,730,True,1778859657,60879,schinese,0,0.5,True,False,False
Counter-Strike 2,"♥♥♥♥♥ ♥♥♥♥♥♥, не качайте если не хотите проебать пол жизни смотря на то как читеры ♥♥♥♥ вас в жопу и в рот",positive,steam_live,730,True,1778859636,5318,russian,0,0.5,True,False,False
Counter-Strike 2,+,positive,steam_live,730,True,1778859621,17631,english,0,0.5,True,False,False
Counter-Strike 2,Премьер режим топчик,positive,steam_live,730,True,1778859589,780,russian,0,0.5,True,False,False
Counter-Strike 2,nice,positive,steam_live,730,True,1778859559,29199,schinese,0,0.5,True,False,False
Counter-Strike 2,Forever timeless.,positive,steam_live,730,True,1778859449,128063,english,0,0.5,True,False,False
Counter-Strike 2,玩了这么就，最近那个镜头抖动改的是真心恶心，V社你就这么改改到最后把我们这些习惯了的东西都改掉然后全退游,negative,steam_live,730,False,1778859447,103597,schinese,0,0.5,True,False,False
Counter-Strike 2,.,positive,steam_live,730,True,1778859445,2901,spanish,0,0.5,True,False,False
Counter-Strike 2,Топ за свои деньги,positive,steam_live,730,True,1778859372,572,russian,0,0.5,True,False,False
Counter-Strike 2,"First, we counter... then, we STRIKE!!",positive,steam_live,730,True,1778859365,4812,english,0,0.5,True,False,False
Counter-Strike 2,güven faktörü saçmalığı ve hilelere çözüm bulunsa ne güzel olur :D,positive,steam_live,730,True,1778859327,30081,turkish,0,0.5,True,False,False
Counter-Strike 2,a333333322222 epoptooostoosion,positive,steam_live,730,True,1778859322,6146,turkish,0,0.5,True,False,False
Counter-Strike 2,Great FPS game ever!!! Valve please do something to get rid of cheaters.,positive,steam_live,730,True,1778859308,10926,english,0,0.5,True,False,False
Counter-Strike 2,nice game,positive,steam_live,730,True,1778859303,9286,tchinese,0,0.5,True,False,False
Counter-Strike 2,TERÖR,positive,steam_live,730,True,1778859300,2245,turkish,0,0.5,True,False,False
Counter-Strike 2,"Saí do CS 1.6 e vim direto pro CS2, excelente e precisa a evolução do jogo.",positive,steam_live,730,True,1778859292,46288,brazilian,0,0.5,True,False,False
Counter-Strike 2,67 67,positive,steam_live,730,True,1778859291,5968,english,0,0.476190477609634399,True,False,False
Counter-Strike 2,1,positive,steam_live,730,True,1778859222,4233,russian,0,0.5,True,False,False
Counter-Strike 2,best shooter ever created hands down,positive,steam_live,730,True,1778859203,729,english,0,0.5,True,False,False
Counter-Strike 2,出生遊戲 讚！半夜群魔亂舞 各種透 各種野牛 p90跑打 180度大迴轉ak鎖頭,positive,steam_live,730,True,1778859149,56784,tchinese,0,0.5,True,False,False
Counter-Strike 2,дайте 2,positive,steam_live,730,True,1778859105,8577,russian,0,0.5,True,False,False
Counter-Strike 2,"It's a good and great game but it kind of falls behind in matchmaking especially in the Asian servers.
If this game really wants to be a fair matchmaking for very skilled players then it should have servers
on countries like Singapore and the Philippines because the ping is lagging and is bias to the Chinese
players. Fair matchmaking is impossible when your ping is 130 up and the enemy team from China or a
difference country has a lower ping at 1 to 10 which is very unfair. Those who wants to play this game
please check if the developers put a server of this game in your country if not you are just wasting your
time and money buy this game. It's better to play mobile MOBA games than this game because it doesn't
take you seriously because you live in a country far from the server they placed the matches. So it does seem pretty bias that the only Asian server is in China and not place in each country that paid for this game. But still it's a good game but poorly executed with the service they backed it up with.",negative,steam_live,730,False,1778859103,1812,english,0,0.5,True,False,False
Counter-Strike 2,♥♥♥♥♥,positive,steam_live,730,True,1778858958,68205,russian,0,0.5,True,False,False
Counter-Strike 2,очень добрая и хорошая игра-сарказм,positive,steam_live,730,True,1778858737,36614,russian,0,0.5,True,False,False
Counter-Strike 2,ОНО НЕ РЕГАЕТ,negative,steam_live,730,False,1778858697,5701,russian,0,0.5,True,False,False
Counter-Strike 2,D,positive,steam_live,730,True,1778858696,16676,french,0,0.5,True,False,False
Counter-Strike 2,Müll,negative,steam_live,730,False,1778858623,3679,german,0,0.5,True,False,False
Counter-Strike 2,the game is  so ♥♥♥♥♥♥♥ entertsaining and ther servers are so sooo good full of good players,positive,steam_live,730,True,1778858529,3206,english,0,0.5,True,False,False
Counter-Strike 2,...............................................,positive,steam_live,730,True,1778858512,2680,turkish,0,0.5,True,False,False
Counter-Strike 2,вадика мама свинья,positive,steam_live,730,True,1778858467,63475,russian,0,0.5,True,False,False
Counter-Strike 2,хз,positive,steam_live,730,True,1778858462,2110,russian,0,0.5,True,False,False
Counter-Strike 2,,positive,steam_live,730,True,1778858384,2286,english,0,0.5,True,False,False
Counter-Strike 2,uwielbiam gra w której nauczysz gadać po rosyjsku i korzystać z chitów,positive,steam_live,730,True,1778858376,4845,polish,0,0.5,True,False,False
Counter-Strike 2,"игра нормик, только ждал 6часов+ пока прайм подключат",positive,steam_live,730,True,1778858253,176,english,0,0.5,True,False,False
Counter-Strike 2,石,negative,steam_live,730,False,1778858207,16843,schinese,0,0.5,True,False,False
Counter-Strike 2,Não vale sua sanidade mental por conta de cheaters,negative,steam_live,730,False,1778858144,60380,brazilian,0,0.5,True,False,False
Counter-Strike 2,Топ за свои деньги,positive,steam_live,730,True,1778858109,1713,russian,0,0.5,True,False,False
Counter-Strike 2,"лучшая игра, играбельна даже после большого перерыва",positive,steam_live,730,True,1778858039,10041,russian,0,0.5,True,False,False
Counter-Strike 2,"game is good for kids that spam and run with gun, bring back CS:GO it was most skilled game.",negative,steam_live,730,False,1778857977,32185,english,0,0.5,True,False,False
Counter-Strike 2,"no lo juegues, te va a dejar pelado..",negative,steam_live,730,False,1778857967,90931,spanish,1,0.523809552192687988,True,False,False
Counter-Strike 2,畜生游戏,positive,steam_live,730,True,1778857958,42107,schinese,0,0.5,True,False,False
Counter-Strike 2,"Full chiteros, Valve trabaja.",positive,steam_live,730,True,1778857949,159965,spanish,0,0.5,True,False,False
Counter-Strike 2,"je to pičovina at se jdou zabit rusaci
-diktator hugo",positive,steam_live,730,True,1778857823,404,czech,0,0.5,True,False,False
Counter-Strike 2,купил игру. только начал играть выйграл 2 потом 4 игры подряд против читеров которые бегают через стены убивают. на что я потратил деньги. конченая игра,negative,steam_live,730,False,1778857820,644,russian,0,0.5,True,False,False
Counter-Strike 2,"Играл сегодня я мираж
И попросил у типа калаш
Он не повелся на шантаж
И мне сказал: иди в гараж(
Но я совсем не расстроился
И на б плент я перестроился
Но вот тиммейт опять кричит:
ЭТО А,ТУПОЙ ТЫ ИНВАЛИД!!!
Есть деньги только на диглец
Походу нам уже конец
Но вдруг я сделал фраг
Потом проснулся я
И вижу: что убил меня враг
-Не надейтесь на меня
Кричу тиммейтам я
И наконец,я выжил и засейвил авп
Иду на мид и мне бб
Смотрю на счет
13:2
Обидно чет...
Это всё весна.
Полегли на карте,
Все как один.
Ранги сливаем
Terrorist Win...",positive,steam_live,730,True,1778857612,94,russian,0,0.5,True,False,False
Counter-Strike 2,Легендарная игра просто топчик,positive,steam_live,730,True,1778857411,32308,russian,0,0.5,True,False,False
Counter-Strike 2,"gran comunidad, mejor juego",positive,steam_live,730,True,1778857408,19412,spanish,1,0.523809552192687988,True,False,False
Counter-Strike 2,Learned my neighbor countries language. Russian and Chinese. Now I can visit those to countries to beat the sh*t out of those brainless b*tches.,positive,steam_live,730,True,1778857378,37246,english,0,0.5,True,False,False
Counter-Strike 2,Çok nezih bir oyuncu topluluğu var dost canlısı bir çevre edinebilirsiniz. Ayrıca sıcakkanlı ruslarla bağ kurup entelektüel sohbetler edebilirsiniz . Üzerine kafa yorulmuş bir Anticheat sistemine sahip yeni başlayan dostu bir oyun 👍🏻,positive,steam_live,730,True,1778857321,18498,turkish,0,0.5,True,False,False
Counter-Strike 2,U learn ♥♥♥♥♥ very good 10/10,positive,steam_live,730,True,1778857310,1186,english,0,0.5,True,False,False
Counter-Strike 2,прикольно 67,positive,steam_live,730,True,1778857295,5261,russian,0,0.48571428656578064,True,False,False
Counter-Strike 2,nice +rep,positive,steam_live,730,True,1778857293,30,russian,0,0.5,True,False,False
Counter-Strike 2,кайф,positive,steam_live,730,True,1778857235,1149,russian,0,0.5,True,False,False
Counter-Strike 2,),positive,steam_live,730,True,1778857195,5971,russian,0,0.5,True,False,False
Counter-Strike 2,spoko,positive,steam_live,730,True,1778857173,2586,polish,0,0.5,True,False,False
Counter-Strike 2,♥♥♥♥ game,negative,steam_live,730,False,1778857111,14173,english,0,0.5,True,False,False
Counter-Strike 2,интересная игра для людей любящих командные перестрелки,positive,steam_live,730,True,1778857071,4850,russian,0,0.5,True,False,False
Counter-Strike 2,"Я не понимаю за счет чего ещ держится эта незамысловатая игра, в ней суть одна и та же но люди играют в это годами, и мне жаль что из за спроса подобных игр, не развивается...
Достоинства: Можно зайти с друзьями
Недостатки: Можно потерять все нервы потому что в этой игре люди не научились коммуницировать друг с другом в нормальных тонах",positive,steam_live,730,True,1778857044,3780,russian,1,0.523809552192687988,True,False,False
Counter-Strike 2,good for refreshing after busy day at work,positive,steam_live,730,True,1778857022,2938,english,0,0.5,True,False,False
Counter-Strike 2,♥♥♥♥,positive,steam_live,730,True,1778856944,13497,english,1,0.523809552192687988,True,False,False
Counter-Strike 2,Great little time killer. Not much I can say about this game that hasn't been said but it's fun sometimes especially with a good lobby group setup!,positive,steam_live,730,True,1778856746,5308,english,0,0.5,True,False,False
Counter-Strike 2,0.0.0.0.0,positive,steam_live,730,True,1778856716,25294,russian,0,0.5,True,False,False
Counter-Strike 2,Super,positive,steam_live,730,True,1778856654,27,russian,0,0.5,True,False,False
Counter-Strike 2,хорошая игра,positive,steam_live,730,True,1778856637,54853,russian,0,0.477941185235977173,True,False,False
Counter-Strike 2,more toxic than dota2,positive,steam_live,730,True,1778856624,78827,english,0,0.5,True,False,False
Counter-Strike 2,игра ончень класная с сказал что играю в кс меня уже 3 раза обосрали и 1 раз обосали приставьте что будет если на улицу выйду,positive,steam_live,730,True,1778856615,17517,russian,0,0.5,True,False,False
Counter-Strike 2,这个游戏很好玩,positive,steam_live,730,True,1778856587,17546,schinese,0,0.5,True,False,False
Counter-Strike 2,gówno latasz z kałachem skaczesz i walisz same heady 100% no cheat,positive,steam_live,730,True,1778856569,7278,polish,0,0.5,True,False,False
Counter-Strike 2,♥♥♥♥ games,negative,steam_live,730,False,1778856512,7212,english,0,0.5,True,False,False
Counter-Strike 2,"You know what...With time I realized this game might be bad in it's ways. But it's really fun to play with ANYONE, u'll find friends in here and just strange people xD",positive,steam_live,730,True,1778856482,40052,english,0,0.5,True,False,False
Counter-Strike 2,zalypa,positive,steam_live,730,True,1778856396,27489,russian,0,0.5,True,False,False
Counter-Strike 2,nice,positive,steam_live,730,True,1778856386,52558,russian,0,0.5,True,False,False
Counter-Strike 2,siadłem przez nią na słoiku.,positive,steam_live,730,True,1778856346,34346,polish,0,0.5,True,False,False
Counter-Strike 2,learn russian 101,positive,steam_live,730,True,1778856322,69442,english,0,0.5,True,False,False
Counter-Strike 2,good,positive,steam_live,730,True,1778856265,590,french,0,0.5,True,False,False
Counter-Strike 2,gold gold gold,positive,steam_live,730,True,1778856144,60250,english,0,0.5,True,False,False
Counter-Strike 2,топовая игра если вы хотите назвать мать других шлухами,positive,steam_live,730,True,1778856140,1156,russian,0,0.5,True,False,False
Counter-Strike 2,"Ужасная игра, специально получил вак, чтоб больше не играть  в эту помойку. И в итоге скачал. я позорище.",positive,steam_live,730,True,1778856129,49,russian,0,0.5,True,False,False
Counter-Strike 2,"игра даунов, не советую начинать играть в эту игру",negative,steam_live,730,False,1778856125,32772,russian,0,0.5,True,False,False
Counter-Strike 2,заходишь в игру чтобы получить пизды и ещё за это отдаёшь деньги 10000/5,negative,steam_live,730,False,1778856095,18420,russian,0,0.5,True,False,False
Counter-Strike 2,I like it,positive,steam_live,730,True,1778856079,898,english,0,0.5,True,False,False
Counter-Strike 2,yeah its ok i guess,positive,steam_live,730,True,1778856029,10913,english,0,0.5,True,False,False
Counter-Strike 2,Molto Gaming effettuazione,positive,steam_live,730,True,1778856027,4354,english,0,0.5,True,False,False
Counter-Strike 2,♥♥♥♥♥,positive,steam_live,730,True,1778856023,13323,russian,0,0.5,True,False,False
Counter-Strike 2,喜欢给我个刀玩,positive,steam_live,730,True,1778855981,2404,schinese,0,0.5,True,False,False
Counter-Strike 2,cs2,positive,steam_live,730,True,1778855911,1948,german,0,0.5,True,False,False
Counter-Strike 2,good,positive,steam_live,730,True,1778855907,780,schinese,0,0.5,True,False,False
Counter-Strike 2,такое се,positive,steam_live,730,True,1778855874,33107,russian,0,0.5,True,False,False
Counter-Strike 2,"В этой игре всё довольно честно! Ты хочешь быть сильнейшим, хочешь разносить черепа своим врагам и чтобы тима тебя восхваляла? НЕ ПРОБЛЕМА! Ведь ты можешь купить читы и ты будешь сильнейшим солнышком в этой игре! Но есть маленькая проблемка... если у твоих соперников читы будут дороже, то эти солнечные будут лучше чем ты и будут сиять, греть тоже лучше! Поэтому не трать своё время на эту ДОНАТНУЮ помойку и играй в эту игру, в другой игре под названием REAL LIFE ведь там нет читов, а значит солнечным (светом) будешь только ты!",negative,steam_live,730,False,1778855843,21516,russian,0,0.5,True,False,False
Counter-Strike 2,оч нрав,positive,steam_live,730,True,1778855795,443,russian,0,0.5,True,False,False
Counter-Strike 2,You still come back to it...,positive,steam_live,730,True,1778855774,99853,english,0,0.5,True,False,False
Counter-Strike 2,-_-,positive,steam_live,730,True,1778855759,27825,russian,0,0.5,True,False,False
Counter-Strike 2,good game,positive,steam_live,730,True,1778855716,6048,russian,0,0.5,True,False,False
Counter-Strike 2,govno,positive,steam_live,730,True,1778855712,8415,russian,0,0.5,True,False,False
Counter-Strike 2,"O trem maluco
Quando sai de Pernambuco
Vai fazendo chic, chic,
Até chegar no Ceará.",positive,steam_live,730,True,1778855705,21306,spanish,0,0.5,True,False,False
Counter-Strike 2,только вак бан вообше не работает,positive,steam_live,730,True,1778855655,4811,russian,0,0.5,True,False,False
Counter-Strike 2,反作弊跟一坨狗屎一样，直接对着烟穿都封不掉。上分机制更是纯的没边只要运气不好一分都别想上，碰到贱货四人队打到最后一回合被踢了直接白打半个小时,negative,steam_live,730,False,1778855654,16123,schinese,1,0.511568129062652588,True,False,False
Counter-Strike 2,"НЕВОЗМОЖНО ИГРАТЬ СЫГРАЛ СЕГОДНЯ 3 КАТКИ 2 НЮК 1 ПРЕИЬЕР ДАСТ И ВО ВСЕХ ТРЁХ МАТЧЕЙ ПРОТИВ МЕНЯ ПОПАДАЛИСЬ СОФТЫ А В ИГРУ Я НЕ ЗАХОДИЛ 3 ДНЯ (ФАКТОР У МЕНЯ ЗЕЛЁНЫЙ) 
РЕКОМЕНДУЮ Я ЭТУ ИГРУ ТОЛЬКО ИЗ ЗА ТОГО ЧТО МОЖНО ИГРАТЬ С КЕНТАМИ",positive,steam_live,730,True,1778855648,24803,russian,0,0.5,True,False,False
Counter-Strike 2,ЮРА НАДОЕЛ ИГРАТЬ,negative,steam_live,730,False,1778855644,21434,russian,0,0.5,True,False,False
Counter-Strike 2,its aight,positive,steam_live,730,True,1778855632,114247,english,0,0.5,True,False,False
Counter-Strike 2,BEST GAME EVER PZDR,positive,steam_live,730,True,1778855589,846,polish,0,0.5,True,False,False
Counter-Strike 2,Bu oyunu sigara gibi düşünebilirsiniz nekadar bırakmak istesenizde kendinizi hep içinde buluyoaunuzve her oynadığınızda hem eğlwniyosunuz hemde gene bu oyuna niye girdim diye sorguluyosunuz ama harika bi oyun,positive,steam_live,730,True,1778855556,5271,turkish,0,0.5,True,False,False
Counter-Strike 2,♥♥♥♥♥,negative,steam_live,730,False,1778855508,140,russian,0,0.5,True,False,False
Counter-Strike 2,horrible,negative,steam_live,730,False,1778855486,93677,english,0,0.5,True,False,False
Counter-Strike 2,aim vurmak adam oyun güzel aim al vur adam ak al adam vur,positive,steam_live,730,True,1778855443,1566,turkish,0,0.5,True,False,False
Counter-Strike 2,chciałą bym skiny także proszę dajcie coś xd,positive,steam_live,730,True,1778855389,6121,polish,0,0.5,True,False,False
Counter-Strike 2,pum pum,positive,steam_live,730,True,1778855267,1829,spanish,0,0.5,True,False,False
Counter-Strike 2,Works great on Arch!,positive,steam_live,730,True,1778855244,135386,english,0,0.5,True,False,False
Counter-Strike 2,все норм кроме рега урона,positive,steam_live,730,True,1778855231,2480,russian,0,0.5,True,False,False
Counter-Strike 2,ммммммм ♥♥♥♥♥,positive,steam_live,730,True,1778855157,8551,russian,0,0.5,True,False,False
Counter-Strike 2,trash,positive,steam_live,730,True,1778855149,975,german,0,0.5,True,False,False
Counter-Strike 2,крч говно не играйте ),positive,steam_live,730,True,1778855121,23419,russian,0,0.5,True,False,False
Counter-Strike 2,1111,positive,steam_live,730,True,1778855027,11174,russian,0,0.5,True,False,False
Counter-Strike 2,dont,negative,steam_live,730,False,1778855021,1124,english,0,0.5,True,False,False
Counter-Strike 2,tựa game tôi yêu gặp toàn hãm lz,positive,steam_live,730,True,1778854971,10354,vietnamese,0,0.5,True,False,False
Counter-Strike 2,имба,positive,steam_live,730,True,1778854935,533,russian,0,0.5,True,False,False
Counter-Strike 2,gulagu habar !,positive,steam_live,730,True,1778854811,48652,vietnamese,0,0.5,True,False,False
Counter-Strike 2,"CS 2 has taught me to:


* masterfully blame my teammates;

* believe that in the next round I’ll definitely get it right.

The game is a masterpiece. My skill level is rising… exponentially — but in the opposite direction.",positive,steam_live,730,True,1778854802,7554,russian,0,0.5,True,False,False
Counter-Strike 2,"Игра научила меня экономике лучше, чем университет. Теперь я знаю, что если нет денег на Калаш — нужно бегать с пистолетом и надеяться на чудо. Жаль только, что в реальной жизни за попытку задефьюзить бомбу в банке дают срок, а не победный раунд. 10 сорванных голосов из 10.",positive,steam_live,730,True,1778854781,2948,russian,1,0.523809552192687988,True,False,False
Counter-Strike 2,не регает,positive,steam_live,730,True,1778854770,6112,russian,0,0.5,True,False,False
Counter-Strike 2,i play csgo because i am not femboy who play walorant,positive,steam_live,730,True,1778854744,7010,czech,0,0.5,True,False,False
Counter-Strike 2,"CT or T

very good frames per second 300+",positive,steam_live,730,True,1778854738,556,english,0,0.5,True,False,False
Counter-Strike 2,very good game,positive,steam_live,730,True,1778854644,49369,polish,0,0.5,True,False,False
Counter-Strike 2,"why me gaben? why nerf me with silvers in my team? what have i done to upset you?
nvm 10/10 game i love ragebaiting russians",positive,steam_live,730,True,1778854549,52161,french,0,0.5,True,False,False
Counter-Strike 2,Great game. Helped me a lot with learning Russian.,positive,steam_live,730,True,1778854473,2111,english,1,0.523809552192687988,True,False,False
Counter-Strike 2,kz v time = no happy Blat suka nahyi kotakbas,positive,steam_live,730,True,1778854450,66526,russian,0,0.5,True,False,False
Counter-Strike 2,хорошая игра,positive,steam_live,730,True,1778854345,136674,russian,0,0.5,True,False,False
Counter-Strike 2,FAJNA GRA,positive,steam_live,730,True,1778854345,3850,polish,0,0.5,True,False,False
Counter-Strike 2,nice game but not teammates :(,positive,steam_live,730,True,1778854331,15964,ukrainian,1,0.523809552192687988,True,False,False
Counter-Strike 2,Прекрасная игра чтобы потратить лишние нервы,positive,steam_live,730,True,1778854211,23883,russian,0,0.5,True,False,False
Counter-Strike 2,Alwayes,positive,steam_live,730,True,1778854163,7881,russian,0,0.5,True,False,False
Counter-Strike 2,"A gyász, meg a szenvedés.",positive,steam_live,730,True,1778854119,20543,hungarian,0,0.5,True,False,False
Counter-Strike 2,"zesxdrctfvygbuhnjimk,l",positive,steam_live,730,True,1778854039,2814,russian,0,0.5,True,False,False
Counter-Strike 2,♥♥♥♥♥,positive,steam_live,730,True,1778853970,22936,russian,0,0.5,True,False,False
Counter-Strike 2,ghhf,positive,steam_live,730,True,1778853913,2329,polish,0,0.5,True,False,False
Counter-Strike 2,ᴨод ᴨиʙᴀᴄ ᴨойдᴇᴛ,positive,steam_live,730,True,1778853846,41438,russian,1,0.52173912525177002,True,False,False
Counter-Strike 2,"Great game, I lost all my money on it.",positive,steam_live,730,True,1778853798,3932,english,0,0.5,True,False,False
Counter-Strike 2,AIAIAI,positive,steam_live,730,True,1778853786,39256,schinese,0,0.5,True,False,False
Counter-Strike 2,"if you want to be happy in life, don't play this garbage of a game",negative,steam_live,730,False,1778853728,58931,english,0,0.5,True,False,False
Counter-Strike 2,神人,positive,steam_live,730,True,1778853728,38028,schinese,0,0.5,True,False,False
Counter-Strike 2,"Игра огонь, рекомендую",positive,steam_live,730,True,1778853722,352,russian,0,0.5,True,False,False
Counter-Strike 2,89yr97065r0t0yggudrss6utfuytf6uty,positive,steam_live,730,True,1778853651,3192,russian,0,0.5,True,False,False
Counter-Strike 2,纯粹,positive,steam_live,730,True,1778853603,649,schinese,0,0.5,True,False,False
Counter-Strike 2,"CS2 is a pretty solid game, it balances raw skill with good tactics pretty well and honestly the movement feels smooth and can be flashy if you learn how to Bhop and Edgebugging. Getting cool looking kills feels rewarding and the headshot sound effect is perfect. It feels nice to progress but it might be triggering if you play solo queue in low ranks because teams can feel unfair. Huge tip, play with friends unless you're way better than the rank you're in because there will be matches you'll 100% lose no matter what.
Better if you know Russian if you play this game since there is a huge eastern european playerbase, not many people from western Europe, so if you are European and play you will surely meet atleast 1-2 Russians on your team. The playerbase tends to be toxic but it's honestly alright overall.
Theres a slight bot problem in Deathmatch but even then you can just kick the bots.

Overall 9/10, very good game.",positive,steam_live,730,True,1778853585,25761,english,0,0.5,True,False,False
Counter-Strike 2,♥♥♥♥♥ гра,positive,steam_live,730,True,1778853574,2416,ukrainian,0,0.5,True,False,False
Counter-Strike 2,Best Game,positive,steam_live,730,True,1778853549,40432,schinese,0,0.5,True,False,False
Counter-Strike 2,.,negative,steam_live,730,False,1778853405,53102,polish,0,0.5,True,False,False
Counter-Strike 2,W w,positive,steam_live,730,True,1778853366,1066202,russian,0,0.5,True,False,False
Counter-Strike 2,its a good game . but full of cheater . otherwise all good,positive,steam_live,730,True,1778853288,23041,english,1,0.523809552192687988,True,False,False
Counter-Strike 2,很好玩的游戏good,positive,steam_live,730,True,1778853207,44323,schinese,0,0.5,True,False,False
Counter-Strike 2,vse je dobre,positive,steam_live,730,True,1778853188,7507,czech,0,0.5,True,False,False
Counter-Strike 2,♥♥♥♥♥ игра,positive,steam_live,730,True,1778853154,31041,russian,0,0.5,True,False,False
Counter-Strike 2,♥♥♥♥♥,negative,steam_live,730,False,1778853148,21014,russian,0,0.5,True,False,False
Counter-Strike 2,"░░░░░░░██████╗░███████╗██████╗░░
░░██╗░░██╔══██╗██╔════╝██╔══██╗░
██████╗██████╔╝█████╗░░██████╔╝░
╚═██╔═╝██╔══██╗██╔══╝░░██╔═══╝░░
░░╚═╝░░██║░░██║███████╗██║░░░░░░
░░░░░░░╚═╝░░╚═╝╚══════╝╚═╝░░░░░░
░░░░░░░░░░░░░░░░░░░░░░░░░░░░░░░░",positive,steam_live,730,True,1778853127,25846,russian,0,0.5,True,False,False
Counter-Strike 2,flashbang dance,positive,steam_live,730,True,1778853114,3974,english,0,0.5,True,False,False
Counter-Strike 2,"very goob game ,i love cs <3",positive,steam_live,730,True,1778853060,17102,english,0,0.5,True,False,False
Counter-Strike 2,не играйте в это,negative,steam_live,730,False,1778853037,22447,russian,0,0.5,True,False,False
Counter-Strike 2,Оптимизация радует,positive,steam_live,730,True,1778853027,195,russian,0,0.5,True,False,False
Counter-Strike 2,Топ за свои деньги,positive,steam_live,730,True,1778852986,770,russian,0,0.5,True,False,False
Counter-Strike 2,пт3ушпгтр3куйщшгп3куйнгщпрцкунщгп3цукрнагцугтриа23цгункащрпитгцкуНАСЩРИТЦУНАИЦ,positive,steam_live,730,True,1778852927,17858,russian,0,0.5,True,False,False
Counter-Strike 2,GGWP - ONLY LOSE (MORE HACKERS),negative,steam_live,730,False,1778852903,11676,ukrainian,0,0.5,True,False,False
Counter-Strike 2,GAMBLE !!!!!,positive,steam_live,730,True,1778852770,6116,english,0,0.5,True,False,False
Counter-Strike 2,Plis stop asking for awp,positive,steam_live,730,True,1778852715,2914,polish,0,0.5,True,False,False
Counter-Strike 2,блядинская помойка с читерами и не оптимизированная,negative,steam_live,730,False,1778852712,93690,russian,0,0.5,True,False,False
Counter-Strike 2,nerf shotguns,negative,steam_live,730,False,1778852646,2970,czech,0,0.5,True,False,False
Counter-Strike 2,好玩爱玩这一块,positive,steam_live,730,True,1778852565,9128,schinese,0,0.5,True,False,False
Counter-Strike 2,好,positive,steam_live,730,True,1778852483,12571,schinese,0,0.5,True,False,False
Counter-Strike 2,ыуеь,positive,steam_live,730,True,1778852474,33954,russian,0,0.5,True,False,False
Counter-Strike 2,Siis jos sinä tahdot kipua ja tuskaa nii pelaa sit,positive,steam_live,730,True,1778852432,23404,finnish,0,0.5,True,False,False
Counter-Strike 2,sdasd,positive,steam_live,730,True,1778852430,14886,polish,0,0.5,True,False,False
Counter-Strike 2,absolute cinema,positive,steam_live,730,True,1778852426,13065,english,0,0.5,True,False,False
Counter-Strike 2,gra zabija nude i jest wciągająca,positive,steam_live,730,True,1778852381,3858,polish,0,0.5,True,False,False
Counter-Strike 2,Good game men,positive,steam_live,730,True,1778852344,14712,english,0,0.5,True,False,False
Counter-Strike 2,gogogogo,positive,steam_live,730,True,1778852201,53969,schinese,0,0.5,True,False,False
Counter-Strike 2,0огьш9от8шорть,negative,steam_live,730,False,1778852194,14556,russian,0,0.5,True,False,False
Counter-Strike 2,полная залупа а не игра,negative,steam_live,730,False,1778852172,57199,russian,0,0.5,True,False,False
Counter-Strike 2,кака не регать кал,negative,steam_live,730,False,1778852162,11176,russian,0,0.5,True,False,False
Counter-Strike 2,merhaba oyunun grafikleri akıcılığı ve rekabeti efsane sadece biraz fazla yer kaplıyo onun harici efesane bir oyun,positive,steam_live,730,True,1778852108,9501,turkish,0,0.5,True,False,False
Counter-Strike 2,me ha gustado mucho este juego,positive,steam_live,730,True,1778852088,1732,spanish,0,0.5,True,False,False
Counter-Strike 2,"Jogo bom, bom pra passar raiva enquanto joga com aleatório e contra cheater",positive,steam_live,730,True,1778852085,40781,brazilian,0,0.5,True,False,False
Counter-Strike 2,好玩，但是把换弹改回来行不行,positive,steam_live,730,True,1778852077,29371,schinese,0,0.5,True,False,False
Counter-Strike 2,好玩,positive,steam_live,730,True,1778852007,18163,schinese,0,0.5,True,False,False
Counter-Strike 2,анти чит ♥♥♥♥♥ полная каждую 2 катку читак стреляюший только в бошки и сквозь стени,negative,steam_live,730,False,1778851961,5770,russian,0,0.5,True,False,False
Counter-Strike 2,тымиваст чясьбу,positive,steam_live,730,True,1778851955,49589,russian,0,0.5,True,False,False
Counter-Strike 2,имба,positive,steam_live,730,True,1778851914,15943,russian,0,0.5,True,False,False
Counter-Strike 2,1别买饰品,positive,steam_live,730,True,1778851885,60153,schinese,0,0.5,True,False,False
Counter-Strike 2,"The sub-tick system makes every shot feel more precise, and the lighting on the maps is incredible. While it took some time to get used to the new movement, CS2 feels like a true upgrade. Highly recommended for anyone who loves competitive gaming.""",positive,steam_live,730,True,1778851746,20942,english,0,0.5,True,False,False
Counter-Strike 2,не  регает,positive,steam_live,730,True,1778851735,17929,russian,0,0.5,True,False,False
Counter-Strike 2,КРУТАЯ ИГРА,positive,steam_live,730,True,1778851670,258,russian,0,0.5,True,False,False
Counter-Strike 2,.,positive,steam_live,730,True,1778851645,23584,romanian,0,0.5,True,False,False
Counter-Strike 2,Катки ищутся быстро,positive,steam_live,730,True,1778851640,870,russian,0,0.5,True,False,False
Counter-Strike 2,"Пули летят хер пойми куда. Первая пуля летит прямо а дальше рандом. Читеры на право и на лево. Дерьмо, а не игра.",negative,steam_live,730,False,1778851594,5614,russian,3,0.563106775283813477,True,False,False
Counter-Strike 2,Оптимизация радует,positive,steam_live,730,True,1778851593,869,russian,0,0.5,True,False,False
Counter-Strike 2,fajna gra tylko szkoda ze gotek nie ma :[,positive,steam_live,730,True,1778851567,16988,polish,0,0.5,True,False,False
Counter-Strike 2,good,positive,steam_live,730,True,1778851435,5439,schinese,0,0.5,True,False,False
Counter-Strike 2,I don't recommend it,positive,steam_live,730,True,1778851374,2496,english,0,0.5,True,False,False
Counter-Strike 2,soy una persona calmada pero este juego saca lo peor de mi. 10/10,positive,steam_live,730,True,1778851362,51315,latam,0,0.5,True,False,False
Counter-Strike 2,отличное время при провождении,positive,steam_live,730,True,1778851353,22907,russian,0,0.5,True,False,False
Counter-Strike 2,♥♥♥,positive,steam_live,730,True,1778851339,4652,russian,0,0.5,True,False,False
Counter-Strike 2,good,positive,steam_live,730,True,1778851336,12076,schinese,0,0.5,True,False,False
Counter-Strike 2,。。。,negative,steam_live,730,False,1778851325,6775,schinese,0,0.5,True,False,False
Counter-Strike 2,Koşarak sıkmayın artık.. Nolur..,positive,steam_live,730,True,1778851312,994,english,0,0.5,True,False,False
Counter-Strike 2,ИГРА ТОП. СТЭНДПОРАША ГОВНО. КС ТОП,positive,steam_live,730,True,1778851265,25973,russian,0,0.5,True,False,False
Counter-Strike 2,Матуху Гейба накрутило на столб,negative,steam_live,730,False,1778851263,66189,russian,0,0.5,True,False,False
Counter-Strike 2,Would not recommend to people that cant handle things with pressure,negative,steam_live,730,False,1778851247,29307,english,1,0.476190477609634399,True,False,False
Counter-Strike 2,имба,positive,steam_live,730,True,1778851225,9689,russian,0,0.5,True,False,False
Counter-Strike 2,好玩,positive,steam_live,730,True,1778851100,8818,schinese,0,0.5,True,False,False
Counter-Strike 2,))))),positive,steam_live,730,True,1778850932,14173,russian,0,0.5,True,False,False
Counter-Strike 2,клева,positive,steam_live,730,True,1778850883,1356,russian,0,0.5,True,False,False
Counter-Strike 2,çok iyi,positive,steam_live,730,True,1778850787,8334,turkish,0,0.5,True,False,False
Counter-Strike 2,Одни читеры и сервера лучшие в мире удачи,negative,steam_live,730,False,1778850618,4363,russian,0,0.5,True,False,False
Counter-Strike 2,Nice game !!!,positive,steam_live,730,True,1778850581,1034,russian,0,0.5,True,False,False
Counter-Strike 2,najszybsza nauka rosyjskiego,positive,steam_live,730,True,1778850553,33451,polish,0,0.5,True,False,False
Counter-Strike 2,gamba ! gamba ! gamba ! gamba ! gamba ! gamba ! gamba ! gamba ! gamba ! gamba ! gamba ! gamba ! gamba ! gamba ! gamba ! gamba ! gamba ! gamba ! gamba ! gamba ! gamba ! gamba ! gamba ! gamba ! gamba ! gamba ! gamba ! gamba ! gamba ! gamba ! gamba ! gamba ! gamba ! gamba ! gamba ! gamba ! gamba ! gamba ! gamba ! gamba ! gamba ! gamba ! gamba ! gamba ! gamba ! gamba ! gamba ! gamba ! gamba ! gamba ! gamba ! gamba ! gamba ! gamba ! gamba ! gamba ! gamba ! gamba ! gamba ! gamba ! gamba ! gamba ! gamba ! gamba ! gamba ! gamba ! gamba ! gamba ! gamba ! gamba ! gamba ! gamba ! gamba ! gamba ! gamba ! gamba ! gamba ! gamba ! gamba ! gamba ! gamba ! gamba ! gamba ! gamba ! gamba ! gamba ! gamba ! gamba ! gamba ! gamba ! gamba ! gamba ! gamba ! gamba ! gamba ! gamba ! gamba ! gamba ! gamba ! gamba ! gamba ! gamba ! gamba ! gamba ! gamba ! gamba ! gamba ! gamba ! gamba ! gamba ! gamba ! gamba ! gamba ! gamba ! gamba ! gamba ! gamba ! gamba ! gamba ! gamba ! gamba ! gamba ! gamba ! gamba ! gamba ! gamba ! gamba ! gamba ! gamba ! gamba ! gamba ! gamba ! gamba ! gamba ! gamba ! gamba ! gamba ! gamba ! gamba ! gamba ! gamba ! gamba ! gamba ! gamba ! gamba ! gamba ! gamba ! gamba ! gamba ! gamba ! gamba ! gamba ! gamba ! gamba ! gamba ! gamba ! gamba ! gamba ! gamba ! gamba ! gamba ! gamba ! gamba ! gamba ! gamba ! gamba ! gamba ! gamba ! gamba ! gamba ! gamba ! gamba ! gamba ! gamba ! gamba ! gamba ! gamba ! gamba ! gamba ! gamba ! gamba ! gamba ! gamba ! gamba ! gamba ! gamba ! gamba ! gamba ! gamba ! gamba ! gamba ! gamba ! gamba ! gamba ! gamba ! gamba ! gamba ! gamba ! gamba ! gamba ! gamba ! gamba ! gamba ! gamba ! gamba ! gamba ! gamba ! gamba ! gamba ! gamba ! gamba ! gamba ! gamba ! gamba ! gamba ! gamba ! gamba ! gamba ! gamba ! gamba ! gamba ! gamba ! gamba ! gamba ! gamba ! gamba ! gamba ! gamba ! gamba ! gamba ! gamba ! gamba ! gamba ! gamba ! gamba ! gamba ! gamba ! gamba ! gamba ! gamba ! gamba ! gamba ! gamba ! gamba ! gamba ! gamba ! gamba ! gamba ! gamba ! gamba ! gamba ! gamba ! gamba ! gamba ! gamba ! gamba ! gamba ! gamba ! gamba ! gamba ! gamba ! gamba ! gamba ! gamba ! gamba ! gamba ! gamba ! gamba ! gamba ! gamba ! gamba ! gamba ! gamba ! gamba ! gamba ! gamba ! gamba ! gamba ! gamba ! gamba ! gamba ! gamba ! gamba ! gamba ! gamba ! gamba ! gamba ! gamba ! gamba ! gamba ! gamba ! gamba ! gamba ! gamba ! gamba ! gamba ! gamba ! gamba ! gamba ! gamba ! gamba ! gamba ! gamba ! gamba ! gamba ! gamba ! gamba ! gamba ! gamba ! gamba ! gamba ! gamba ! gamba ! gamba ! gamba ! gamba ! gamba ! gamba ! gamba ! gamba ! gamba ! gamba ! gamba ! gamba ! gamba ! gamba ! gamba ! gamba ! gamba ! gamba ! gamba ! gamba ! gamba ! gamba ! gamba ! gamba ! gamba ! gamba ! gamba ! gamba ! gamba ! gamba ! gamba ! gamba ! gamba ! gamba ! gamba ! gamba ! gamba ! gamba ! gamba ! gamba ! gamba ! gamba ! gamba ! gamba ! gamba ! gamba ! gamba ! gamba ! gamba ! gamba ! gamba ! gamba ! gamba ! gamba ! gamba ! gamba ! gamba ! gamba ! gamba ! gamba ! gamba ! gamba ! gamba ! gamba ! gamba ! gamba ! gamba ! gamba ! gamba ! gamba ! gamba ! gamba ! gamba ! gamba ! gamba ! gamba ! gamba ! gamba ! gamba ! gamba ! gamba ! gamba ! gamba ! gamba ! gamba ! gamba ! gamba ! gamba ! gamba ! gamba ! gamba ! gamba ! gamba ! gamba ! gamba ! gamba ! gamba ! gamba ! gamba ! gamba ! gamba ! gamba ! gamba ! gamba ! gamba ! gamba ! gamba ! gamba ! gamba ! gamba ! gamba ! gamba ! gamba ! gamba ! gamba ! gamba ! gamba ! gamba ! gamba ! gamba ! gamba ! gamba ! gamba ! gamba ! gamba ! gamba ! gamba ! gamba ! gamba ! gamba ! gamba ! gamba ! gamba ! gamba ! gamba ! gamba ! gamba ! gamba ! gamba ! gamba ! gamba ! gamba ! gamba ! gamba ! gamba ! gamba ! gamba ! gamba ! gamba ! gamba ! gamba ! gamba ! gamba ! gamba ! gamba ! gamba ! gamba ! gamba ! gamba ! gamba ! gamba ! gamba ! gamba ! gamba ! gamba ! gamba ! gamba ! gamba ! gamba ! gamba ! gamba ! gamba ! gamba ! gamba ! gamba ! gamba ! gamba ! gamba ! gamba ! gamba ! gamba ! gamba ! gamba ! gamba ! gamba ! gamba ! gamba ! gamba ! gamba ! gamba ! gamba ! gamba ! gamba ! gamba ! gamba ! gamba ! gamba ! gamba ! gamba ! gamba ! gamba ! gamba ! gamba ! gamba ! gamba ! gamba ! gamba ! gamba ! gamba ! gamba ! gamba ! gamba ! gamba ! gamba ! gamba ! gamba ! gamba ! gamba ! gamba ! gamba ! gamba ! gamba ! gamba ! gamba ! gamba ! gamba ! gamba ! gamba ! gamba ! gamba ! gamba ! gamba ! gamba ! gamba ! gamba ! gamba ! gamba ! gamba ! gamba ! gamba ! gamba ! gamba ! gamba ! gamba ! gamba ! gamba ! gamba ! gamba ! gamba ! gamba ! gamba ! gamba ! gamba ! gamba ! gamba ! gamba ! gamba ! gamba ! gamba ! gamba ! gamba ! gamba ! gamba ! gamba ! gamba ! gamba ! gamba ! gamba ! gamba ! gamba ! gamba ! gamba ! gamba ! gamba ! gamba ! gamba ! gamba ! gamba ! gamba ! gamba ! gamba ! gamba ! gamba ! gamba ! gamba ! gamba ! gamba ! gamba ! gamba ! gamba ! gamba ! gamba ! gamba ! gamba ! gamba ! gamba ! gamba ! gamba ! gamba ! gamba ! gamba ! gamba ! gamba ! gamba ! gamba ! gamba ! gamba ! gamba ! gamba ! gamba ! gamba ! gamba ! gamba ! gamba ! gamba ! gamba ! gamba ! gamba ! gamba ! gamba ! gamba ! gamba ! gamba ! gamba ! gamba ! gamba ! gamba ! gamba ! gamba ! gamba ! gamba ! gamba ! gamba ! gamba ! gamba ! gamba ! gamba ! gamba ! gamba ! gamba ! gamba ! gamba ! gamba ! gamba ! gamba ! gamba ! gamba ! gamba ! gamba ! gamba ! gamba ! gamba ! gamba ! gamba ! gamba ! gamba ! gamba ! gamba ! gamba ! gamba ! gamba ! gamba ! gamba ! gamba ! gamba ! gamba ! gamba ! gamba ! gamba ! gamba ! gamba ! gamba ! gamba ! gamba ! gamba ! gamba ! gamba ! gamba ! gamba ! gamba ! gamba ! gamba ! gamba ! gamba ! gamba ! gamba ! gamba ! gamba ! gamba ! gamba ! gamba ! gamba ! gamba ! gamba ! gamba ! gamba ! gamba ! gamba ! gamba ! gamba ! gamba ! gamba ! gamba ! gamba ! gamba ! gamba ! gamba ! gamba ! gamba ! gamba ! gamba ! gamba ! gamba ! gamba ! gamba ! gamba ! gamba ! gamba ! gamba ! gamba ! gamba ! gamba ! gamba ! gamba ! gamba ! gamba ! gamba ! gamba ! gamba ! gamba ! gamba ! gamba ! gamba ! gamba ! gamba ! gamba ! gamba ! gamba ! gamba ! gamba ! gamba ! gamba ! gamba ! gamba ! gamba ! gamba ! gamba ! gamba ! gamba ! gamba ! gamba ! gamba ! gamba ! gamba ! gamba ! gamba ! gamba ! gamba ! gamba ! gamba ! gamba ! gamba ! gamba ! gamba ! gamba ! gamba ! gamba ! gamba ! gamba ! gamba ! gamba ! gamba ! gamba ! gamba ! gamba ! gamba ! gamba ! gamba ! gamba ! gamba ! gamba ! gamba ! gamba ! gamba ! gamba ! gamba ! gamba ! gamba ! gamba ! gamba ! gamba ! gamba ! gamba ! gamba ! gamba ! gamba ! gamba ! gamba ! gamba ! gamba ! gamba ! gamba ! gamba ! gamba ! gamba ! gamba ! gamba ! gamba ! gamba ! gamba ! gamba ! gamba ! gamba ! gamba ! gamba ! gamba ! gamba ! gamba ! gamba ! gamba ! gamba ! gamba ! gamba ! gamba ! gamba ! gamba ! gamba ! gamba ! gamba ! gamba ! gamba ! gamba ! gamba ! gamba ! gamba ! gamba ! gamba ! gamba ! gamba ! gamba ! gamba ! gamba ! gamba ! gamba ! gamba ! gamba ! gamba ! gamba ! gamba ! gamba ! gamba ! gamba ! gamba ! gamba ! gamba ! gamba ! gamba ! gamba ! gamba ! gamba ! gamba ! gamba ! gamba ! gamba ! gamba ! gamba ! gamba ! gamba ! gamba ! gamba ! gamba ! gamba ! gamba ! gamba ! gamba ! gamba ! gamba ! gamba ! gamba ! gamba ! gamba ! gamba ! gamba ! gamba ! gamba ! gamba ! gamba ! gamba ! gamba ! gamba ! gamba ! gamba ! gamba ! gamba ! gamba ! gamba ! gamba ! gamba ! gamba ! gamba ! gamba ! gamba ! gamba ! gamba ! gamba ! gamba ! gamba ! gamba ! gamba ! gamba ! gamba ! gamba ! gamba ! gamba ! gamba ! gamba ! gamba ! gamba ! gamba ! gamba ! gamba ! gamba ! gamba ! gamba ! gamba ! gamba ! gamba ! gamba ! gamba ! gamba ! gamba ! gamba ! gamba ! gamba ! gamba ! gamba ! gamba ! gamba ! gamba ! gamba ! gamba ! gamba ! gamba ! gamba ! gamba ! gamba ! gamba ! gamba ! gamba ! gamba ! gamba ! gamba ! gamba ! gamba ! gamba ! gamba ! gamba ! gamba ! gamba ! gamba ! gamba ! gamba ! gamba ! gamba ! gamba ! gamba ! gamba ! gamba ! gamba ! gamba ! gamba ! gamba ! gamba ! gamba ! gamba ! gamba ! gamba ! gamba ! gamba ! gamba ! gamba ! gamba ! gamba ! gamba ! gamba ! gamba ! gamba ! gamba !,positive,steam_live,730,True,1778850350,3490,english,0,0.5,True,False,False
Counter-Strike 2,За 56 часов я сделала свой первый эйс,positive,steam_live,730,True,1778850348,3731,russian,1,0.523809552192687988,True,False,False
Counter-Strike 2,fffff,positive,steam_live,730,True,1778850301,15603,russian,0,0.5,True,False,False
Counter-Strike 2,不是怎么人人都是爆头 是我太菜了吗,positive,steam_live,730,True,1778850095,350,koreana,0,0.5,True,False,False
Counter-Strike 2,крутая игра. Всем советую,positive,steam_live,730,True,1778850061,49772,russian,1,0.507575750350952148,True,False,False
Counter-Strike 2,крут,positive,steam_live,730,True,1778850047,15190,russian,2,0.530685961246490479,True,False,False
Counter-Strike 2,♥♥♥♥♥,negative,steam_live,730,False,1778849983,28839,russian,0,0.492424249649047852,True,False,False
Counter-Strike 2,jeu incroyablement inclusif <3<3<3<3<3<3 tellement inclusif qu'il y a des cheater de partout...,negative,steam_live,730,False,1778849953,792,french,0,0.5,True,False,False
Counter-Strike 2,i hate this game but is good,positive,steam_live,730,True,1778849871,7582,english,1,0.523809552192687988,True,False,False
Counter-Strike 2,gg,positive,steam_live,730,True,1778849851,30393,polish,0,0.5,True,False,False
Counter-Strike 2,WW,positive,steam_live,730,True,1778849755,55654,russian,1,0.507575750350952148,True,False,False
Counter-Strike 2,нужен ксанакс,positive,steam_live,730,True,1778849739,18914,russian,1,0.523809552192687988,True,False,False
Counter-Strike 2,boru gibi anti-cheat lazım,positive,steam_live,730,True,1778849705,16533,turkish,0,0.5,True,False,False
Counter-Strike 2,knife in game 200 knife irl 10 so blanced suibscribe to ohnepixel,positive,steam_live,730,True,1778849685,2186,english,0,0.5,True,False,False
Counter-Strike 2,"u,u",negative,steam_live,730,False,1778849675,3188,english,0,0.5,True,False,False
Counter-Strike 2,good ♥♥♥♥,positive,steam_live,730,True,1778849637,3024,english,0,0.5,True,False,False
Counter-Strike 2,on numara hileler hariç,positive,steam_live,730,True,1778849607,4154,turkish,1,0.523809552192687988,True,False,False
Counter-Strike 2,Yeah knife,positive,steam_live,730,True,1778849583,10610,english,0,0.5,True,False,False
Counter-Strike 2,не регает ваще а там круто,positive,steam_live,730,True,1778849519,13612,russian,0,0.5,True,False,False
Counter-Strike 2,;kl,positive,steam_live,730,True,1778849509,6330,ukrainian,0,0.5,True,False,False
Counter-Strike 2,my love <3,positive,steam_live,730,True,1778849481,26253,russian,0,0.5,True,False,False
Counter-Strike 2,xdf,positive,steam_live,730,True,1778849395,3026,english,0,0.5,True,False,False
Counter-Strike 2,good,positive,steam_live,730,True,1778849370,2739,hungarian,0,0.5,True,False,False
Counter-Strike 2,"真拿你没办法😂，坐好喽
那是CS职业赛场上，一记足以载入CNCS记忆的冷枪。赛场寂静得只剩下鼠标点击与呼吸声。TYLOO深陷经济绝境，全员半甲残装，几乎是赤手空拳面对当时如日中天的世界第一战队Vitality。DANK1NG没有选择保守退守，而是抓起了那把轻如鸿毛、威力却被无数人轻视的鸟狙——SSG 08。对面，是被称为“怪物”的ZywOo。彼时他正站在CS巅峰，反应、定位、威慑力都近乎无解，是所有狙击手的噩梦。他前压控场，姿态从容，仿佛一切尽在掌握。谁也不会想到，这一步，会撞上来自东方的致命准星。DANK1NG静步卡位，目光如钉。没有多余动作，没有花哨身法，只有一瞬的屏息、瞄准、击发。枪响的瞬间，尘埃未落。一发轻盈却决绝的子弹，越过战场喧嚣，精准穿过ZywOo的头颅。世界第一应声倒地。全场哗然。那不是依靠火力碾压的胜利，而是极致瞄准与绝对冷静的胜利。一把廉价鸟狙，一颗普通子弹，一位中国选手，在最绝望的局里，狙杀了当时不可一世的天才。这一枪没有改写整场战局，却在无数观众心里刻下了一句话：再强的神，也会被凡人一枪封喉。它轻得像一阵风，却重得像一座碑。",positive,steam_live,730,True,1778849259,59638,schinese,0,0.5,True,False,False
Counter-Strike 2,ytugfgtyufriytu,positive,steam_live,730,True,1778849232,1350,russian,0,0.5,True,False,False
Counter-Strike 2,fgadedf,positive,steam_live,730,True,1778849228,3135,russian,0,0.5,True,False,False
Counter-Strike 2,норм,positive,steam_live,730,True,1778849180,2022,russian,1,0.523809552192687988,True,False,False
Counter-Strike 2,сool game,positive,steam_live,730,True,1778849132,2512,english,0,0.5,True,False,False
Counter-Strike 2,好,positive,steam_live,730,True,1778849032,55286,schinese,0,0.5,True,False,False
Counter-Strike 2,9爷nb,positive,steam_live,730,True,1778848913,15901,schinese,0,0.5,True,False,False
Counter-Strike 2,Оно не регает,positive,steam_live,730,True,1778848775,24994,russian,0,0.5,True,False,False
Counter-Strike 2,"Нууууууу 
хз хз ;)))))))))",positive,steam_live,730,True,1778848701,16853,russian,0,0.5,True,False,False
Counter-Strike 2,Короче пушка,positive,steam_live,730,True,1778848701,74,russian,0,0.5,True,False,False
Counter-Strike 2,好,positive,steam_live,730,True,1778848679,43979,schinese,0,0.5,True,False,False
Counter-Strike 2,i has good graphics the people are very realistic,positive,steam_live,730,True,1778848630,25204,english,0,0.5,True,False,False
Counter-Strike 2,好玩,positive,steam_live,730,True,1778848556,51549,schinese,0,0.5,True,False,False
Counter-Strike 2,除了总有弱智更新之外还是挺好玩的，还有导购死妈,positive,steam_live,730,True,1778848464,30741,schinese,0,0.5,True,False,False
Counter-Strike 2,Top4ik,positive,steam_live,730,True,1778848461,871,russian,0,0.5,True,False,False
Counter-Strike 2,"Hackers everywhere, I despise more so hate this dog water of a game but its only redeeming quality is the weekly cases that you can get and sell them on the market for a couple of cents or if you're lucky a couple of dollars. With those Weekly cases earnings you can get another game on steam. But it seems like they gutted that too because I keep getting all these useless 20 cents genesis terminals for the past few weeks. Having to endure these heathens these god forsaken ragebaiting Neanderthals aka CS players to get those cheap undercutting weeklys that are not worth it. And No don't even play Valorant as an alternative, that game is even worse but at least for comparison you can ping on the map for Valorant. Meanwhile in this game, you try to make any voice comms about where enemy was spotted your teammates will respond with racial slurs because their brain isn't developed. F*ck this game and I'm glad Valve isn't giving a f*ck about this game either.",negative,steam_live,730,False,1778848381,33056,english,0,0.5,True,False,False
Counter-Strike 2,yyg,positive,steam_live,730,True,1778848337,22777,english,0,0.5,True,False,False
Counter-Strike 2,♥♥♥♥♥,negative,steam_live,730,False,1778848333,22517,russian,0,0.5,True,False,False
Counter-Strike 2,ОЙПУРМОЙЙЙЙЙ😁,positive,steam_live,730,True,1778848247,2615,russian,0,0.5,True,False,False
Counter-Strike 2,ЗАЛУПА,negative,steam_live,730,False,1778848161,1144,russian,1,0.523809552192687988,True,False,False
Counter-Strike 2,da pra brincar um pouco kkkkkkkkkk,positive,steam_live,730,True,1778848054,59973,brazilian,0,0.5,True,False,False
Counter-Strike 2,заебись,positive,steam_live,730,True,1778848026,25044,russian,0,0.5,True,False,False
Counter-Strike 2,jbjhhkgbn,positive,steam_live,730,True,1778847990,9229,russian,0,0.5,True,False,False
Counter-Strike 2,dont play TS,positive,steam_live,730,True,1778847959,10001,english,0,0.5,True,False,False
Counter-Strike 2,вкусно,positive,steam_live,730,True,1778847947,21180,russian,0,0.5,True,False,False
Counter-Strike 2,goat,positive,steam_live,730,True,1778847866,1880,english,0,0.5,True,False,False
Counter-Strike 2,GOOD,positive,steam_live,730,True,1778847862,69317,schinese,0,0.5,True,False,False
Counter-Strike 2,мне нравиться,positive,steam_live,730,True,1778847837,2757,russian,0,0.5,True,False,False
Counter-Strike 2,恶心,negative,steam_live,730,False,1778847810,7411,schinese,0,0.5,True,False,False
Counter-Strike 2,cpoko giera lol,positive,steam_live,730,True,1778847804,5080,polish,0,0.5,True,False,False
Counter-Strike 2,gavno,negative,steam_live,730,False,1778847775,62228,russian,0,0.5,True,False,False
Counter-Strike 2,W game,positive,steam_live,730,True,1778847756,75004,english,0,0.5,True,False,False
Counter-Strike 2,даже на ксивик заходить не надо,positive,steam_live,730,True,1778847651,13430,russian,0,0.5,True,False,False
Counter-Strike 2,ASDFGHJK,positive,steam_live,730,True,1778847623,19525,english,0,0.5,True,False,False
Counter-Strike 2,..,positive,steam_live,730,True,1778847515,53816,russian,0,0.5,True,False,False
Counter-Strike 2,gjn,negative,steam_live,730,False,1778847396,4897,russian,0,0.5,True,False,False
Counter-Strike 2,ROZWALA CZACHE,positive,steam_live,730,True,1778847371,8664,polish,0,0.5,True,False,False
Counter-Strike 2,spielalaj,positive,steam_live,730,True,1778847367,3918,polish,0,0.5,True,False,False
Counter-Strike 2,very great game and interesting game.Its easily addicting game.i recomment others to play this game and buy prime status,positive,steam_live,730,True,1778847238,8665,english,0,0.5,True,False,False
Counter-Strike 2,nb,positive,steam_live,730,True,1778847183,12699,schinese,0,0.5,True,False,False
Counter-Strike 2,cs source remake,positive,steam_live,730,True,1778847129,18330,english,0,0.5,True,False,False
Counter-Strike 2,More cheaters than on tinder,negative,steam_live,730,False,1778847092,123984,english,0,0.5,True,False,False
Counter-Strike 2,аппсываыррррпдолжкекуукщххъффычясяссстбь,negative,steam_live,730,False,1778847054,11016,russian,0,0.5,True,False,False
Counter-Strike 2,https://steamcommunity.com/profiles/76561198113666193/inventory/#730_2_48492132786,positive,steam_live,730,True,1778847018,41062,russian,0,0.5,True,False,False
Counter-Strike 2,♥♥♥♥♥ много весит,positive,steam_live,730,True,1778846965,7581,russian,0,0.5,True,False,False
Counter-Strike 2,我要打上海major。,positive,steam_live,730,True,1778846957,48563,schinese,0,0.5,True,False,False
Counter-Strike 2,nabawiłem się nerwicy przez to coś,negative,steam_live,730,False,1778846927,68546,polish,0,0.5,True,False,False
Counter-Strike 2,фигня тупая,positive,steam_live,730,True,1778846842,6490,russian,0,0.5,True,False,False
Counter-Strike 2,çok iyi,positive,steam_live,730,True,1778846806,52789,turkish,0,0.5,True,False,False
Counter-Strike 2,много читттттироф,positive,steam_live,730,True,1778846776,1305,russian,0,0.5,True,False,False
Counter-Strike 2,2,positive,steam_live,730,True,1778846770,8981,ukrainian,0,0.5,True,False,False
Counter-Strike 2,"Este juego es uno de los peores que he jugado hasta el día de hoy, esta lleno de portugueses que se dedican a meterse chetos, personas que se meten al discord y se dan información en medio de partidas, denuncias y reportes que en este juego es como hablar con una empresa fantasma. Cada actualización lo joden más, que les cuesta crear un servidor para Portugal??????, no son el mismo país aunque estén pegados, ni se habla el mismo idioma. TAMPOCO ENTIENDO QUE HACEN CON LOS CHETOS, este juego es una mierda jugarlo por que esta muy mal gestionado. También de que me sirve meterme a los mapas de la comunidad si van a haber dos subnormales farmeando experiencia que te van a echar de la partida en cuanto entres????, además de hablarte en otros idiomas cuando son servidores de MADRID. Este juego es otro nivel de toxicidad dentro del juego, además de que cambian a mapas de la comunidad que nadie les gusta, quitan los que la gente ama y luego nadie quiere jugar esos mapas por lo bochornosos que son. Counter ha dejado de ser un juego de disparos en el que jugar con amigos, gastarse el dinero en skins de armas o abrir cajas a ser un juego lleno de chetos,  servidores llenos de extranjeros que te insultan, farmeadores que meten cuentas para echar a gente y gente que se encarga de bajar los precios de las cajas en masa haciendo que ya no merezca ni jugar el juego..",negative,steam_live,730,False,1778846719,16510,spanish,0,0.5,True,False,False
Counter-Strike 2,"quit fortnite, kids",positive,steam_live,730,True,1778846703,31110,english,0,0.5,True,False,False
Counter-Strike 2,www goooodie,positive,steam_live,730,True,1778846702,11527,danish,0,0.5,True,False,False
Counter-Strike 2,не рекомендую,positive,steam_live,730,True,1778846643,13785,russian,0,0.5,True,False,False
Counter-Strike 2,четка,positive,steam_live,730,True,1778846606,7479,russian,0,0.5,True,False,False
Counter-Strike 2,s++++ TIER,positive,steam_live,730,True,1778846534,38,english,0,0.5,True,False,False
Counter-Strike 2,"Counter-Strike 2 to gra, która potrafi jednocześnie wkurzać i przyciągać jak magnes. Z jednej strony dalej sprawia masę frajdy, szczególnie kiedy wbijasz na matchmaking ze znajomymi i próbujecie wygrać kolejny mecz „na ostatnią rundę”. Z drugiej — trudno nie zauważyć, że CS2 jest momentami zwyczajnie niedopracowany.

Największy problem? Cheaterzy. System antycheat nadal pozostawia wiele do życzenia i zdarzają się mecze, w których człowiek zastanawia się, czy przeciwnik jest po prostu dobry, czy jednak „wspomagany”. To potrafi skutecznie zepsuć zabawę i sprawić, że po kilku rankingach masz ochotę wyłączyć grę.

Do tego dochodzą różne bugi, dziwne ticki, problemy z hitboxami czy niestabilność po aktualizacjach. Czasami wygląda to tak, jakby gra była dalej w fazie testów, mimo że to jedna z największych produkcji FPS na świecie.

Ale jest też druga strona medalu - gameplay nadal daje ogrom satysfakcji. Gunplay jest świetny, emocje w clutchach dalej robią robotę, a granie ze znajomymi potrafi wciągnąć na długie godziny. I właśnie tu pojawia się problem: CS2 uzależnia. Nawet kiedy narzekasz po każdym meczu, i tak odpalasz „jeszcze jedną mapę”.

No i oczywiście skiny. Valve doskonale wie, jak przyciągnąć graczy wyglądem broni. Wiele skinów prezentuje się naprawdę świetnie i dla części społeczności stały się praktycznie osobnym elementem gry. Otwieranie skrzynek może i jest pułapką na portfel, ale trudno odmówić tym kosmetykom klimatu.

CS2 to więc trochę relacja typu „to skomplikowane”. Gra ma sporo problemów i momentami potrafi doprowadzić do szału, ale mimo wszystko dalej chce się do niej wracać, głównie dla emocji, rywalizacji i wspólnego grania ze znajomymi.",positive,steam_live,730,True,1778846405,6305,polish,0,0.5,True,False,False
Counter-Strike 2,6666666,positive,steam_live,730,True,1778846399,10343,schinese,0,0.5,True,False,False
Counter-Strike 2,玩cs的都是我叠,positive,steam_live,730,True,1778846363,85391,schinese,0,0.5,True,False,False
Counter-Strike 2,傻逼v社你他妈天天搞那些那些逆天更新也就算了，妈的那些挂哥是你爸吗，你的vac到底有个鸟用，妈的老子白天辛辛苦苦忙完事情就是为了晚上打你那傻逼游戏，你他妈打五把每把都给我配一个挂狗，休闲我操你妈的片姐把把比真人多，竞技全是一群开着挂的嘴臭哥，种族歧视，演员，操你妈的v社你妈死了,negative,steam_live,730,False,1778846324,33453,schinese,0,0.476190477609634399,True,False,False
Counter-Strike 2,регай пж,positive,steam_live,730,True,1778846246,2881,russian,0,0.5,True,False,False
Counter-Strike 2,"Игра огонь, рекомендую",positive,steam_live,730,True,1778846228,943,russian,0,0.5,True,False,False
Counter-Strike 2,TÜRKÜN GÜCÜ,positive,steam_live,730,True,1778846206,11604,turkish,0,0.5,True,False,False
Counter-Strike 2,щл,positive,steam_live,730,True,1778846172,204164,russian,0,0.5,True,False,False
Counter-Strike 2,GRA JEST OSTRO ROZJEBANA WYSTARCZY BIEGAC PROSTO I LOSOWO STRZELAĆ!!!!!!!!!!!!!!!!!,negative,steam_live,730,False,1778846151,98350,polish,0,0.5,True,False,False
Counter-Strike 2,,negative,steam_live,730,False,1778846117,11779,russian,0,0.5,True,False,False
Counter-Strike 2,不玩它，去打瓦吗，同类老大哥没什么好说的,positive,steam_live,730,True,1778846107,437,schinese,0,0.5,True,False,False
Counter-Strike 2,very tuff game 67676767676767,positive,steam_live,730,True,1778846104,6440,english,0,0.5,True,False,False
Counter-Strike 2,fortnite balls im gay i like boys (its joke) :L,positive,steam_live,730,True,1778846002,2850,russian,1,0.52173912525177002,True,False,False
Counter-Strike 2,♥♥♥♥ тима реал ебланы я им говорю идите на б там бомба они идут а сливаться и просирать авп,negative,steam_live,730,False,1778845974,807,ukrainian,0,0.5,True,False,False
Counter-Strike 2,Maddox is a ♥♥♥♥♥♥♥ trolling. ♥♥♥♥ THIS GAME ♥♥♥♥ FACEIT. DO NOT PLAY IF YOU WANT TO KEEP YOUR PEACE!!!!,negative,steam_live,730,False,1778845969,11051,english,0,0.5,True,False,False
Counter-Strike 2,垃圾游戏，一直不明原因的退出游戏，还直接判定死亡，妈的智障。要不是不能退款，早删了这垃圾游戏,negative,steam_live,730,False,1778845959,971,schinese,0,0.476190477609634399,True,False,False
Counter-Strike 2,Затягивает на сотни часов,positive,steam_live,730,True,1778845955,1670,russian,0,0.5,True,False,False
Counter-Strike 2,nice game,positive,steam_live,730,True,1778845937,2506,czech,1,0.523809552192687988,True,False,False
Counter-Strike 2,Топ за свои деньги,positive,steam_live,730,True,1778845929,286,russian,0,0.5,True,False,False
Counter-Strike 2,"Качаю звание, все супер",positive,steam_live,730,True,1778845886,634,russian,0,0.5,True,False,False
Counter-Strike 2,legendery game fun funny and angry russians,positive,steam_live,730,True,1778845883,33198,english,0,0.5,True,False,False
Counter-Strike 2,"Норм обнова, играем",positive,steam_live,730,True,1778845871,295,russian,0,0.5,True,False,False
Counter-Strike 2,я стал гамасеком спасиба,positive,steam_live,730,True,1778845860,6816,russian,0,0.5,True,False,False
Counter-Strike 2,сool game,positive,steam_live,730,True,1778845815,9553,english,0,0.5,True,False,False
Counter-Strike 2,og,positive,steam_live,730,True,1778845751,37188,english,0,0.5,True,False,False
Counter-Strike 2,уцй,positive,steam_live,730,True,1778845749,289,russian,0,0.5,True,False,False
Counter-Strike 2,FGD,positive,steam_live,730,True,1778845746,1372,russian,0,0.5,True,False,False
Counter-Strike 2,"this game sucks
hella unoptimized
well i can't say anything since my gpu cant handle shid",positive,steam_live,730,True,1778845743,3150,english,0,0.5,True,False,False
Counter-Strike 2,dd,positive,steam_live,730,True,1778845637,5765,russian,0,0.5,True,False,False
Counter-Strike 2,还是GO好玩,positive,steam_live,730,True,1778845628,66859,schinese,0,0.5,True,False,False
Counter-Strike 2,"I've been playing since CS:GO 2021, over 100 hours without Prime Status. Finally caved in and bought Prime. Not even a hour with it I play Wingman with a teammate using a AWP only for the enemy to tell me to end myself and called me a racial slur. So yeah, good game.

R8 & Zeus my beloved.",positive,steam_live,730,True,1778845615,10148,english,0,0.5,True,False,False
Counter-Strike 2,tak strzelanie do talibów i czarnych mężczyzn to moje marzenie które przez tą grę się spełniło,positive,steam_live,730,True,1778845514,7077,polish,0,0.5,True,False,False
Counter-Strike 2,russians screaming in vc very good game,positive,steam_live,730,True,1778845497,10211,english,0,0.5,True,False,False
Counter-Strike 2,1,negative,steam_live,730,False,1778845467,422,russian,0,0.5,True,False,False
Counter-Strike 2,best game ever,positive,steam_live,730,True,1778845395,1552,english,0,0.5,True,False,False
Counter-Strike 2,"Трачу свою жизнь (не)впустую, какие бы новые игры не выходили я всегда имею желание вернуться в эту помойку",positive,steam_live,730,True,1778845342,44272,russian,0,0.5,True,False,False
Counter-Strike 2,yuenchdczhdcjhyughdfuid hkjhfuyy fuiieryuwuiuh hywsh,positive,steam_live,730,True,1778845271,26065,russian,0,0.5,True,False,False
Counter-Strike 2,удалите даст пж,positive,steam_live,730,True,1778845213,57436,russian,1,0.523809552192687988,True,False,False
Counter-Strike 2,cheaters,negative,steam_live,730,False,1778844989,39142,russian,0,0.5,True,False,False
Counter-Strike 2,ЦВС,positive,steam_live,730,True,1778844983,1109,russian,0,0.5,True,False,False
Counter-Strike 2,классная игра,positive,steam_live,730,True,1778844973,15453,russian,0,0.5,True,False,False
Counter-Strike 2,"Норм обнова, играем",positive,steam_live,730,True,1778844934,380,russian,0,0.5,True,False,False
Counter-Strike 2,игра мамы габена,positive,steam_live,730,True,1778844908,2310,russian,0,0.5,True,False,False
Counter-Strike 2,ахуеть,positive,steam_live,730,True,1778844879,11052,russian,0,0.5,True,False,False
Counter-Strike 2,the best game ever,positive,steam_live,730,True,1778844774,9069,french,0,0.5,True,False,False
Counter-Strike 2,да вроде имба,positive,steam_live,730,True,1778844712,16897,russian,0,0.5,True,False,False
Counter-Strike 2,рекомендую,positive,steam_live,730,True,1778844675,19123,russian,0,0.5,True,False,False
Counter-Strike 2,Heavy,positive,steam_live,730,True,1778844635,5033,english,0,0.5,True,False,False
Counter-Strike 2,666,positive,steam_live,730,True,1778844628,40317,schinese,0,0.5,True,False,False
Counter-Strike 2,лучшая игра,positive,steam_live,730,True,1778844609,3780,russian,0,0.5,True,False,False
Counter-Strike 2,♥♥♥♥♥ ♥♥♥♥♥♥♥,positive,steam_live,730,True,1778844565,11986,russian,0,0.5,True,False,False
Counter-Strike 2,eeeeeeeeeeeee,positive,steam_live,730,True,1778844529,13223,brazilian,0,0.5,True,False,False
Counter-Strike 2,top,positive,steam_live,730,True,1778844489,4975,brazilian,0,0.5,True,False,False
Counter-Strike 2,"full of hacks , valve not tolerating this problem at all",negative,steam_live,730,False,1778844487,1251,english,0,0.5,True,False,False
Counter-Strike 2,上瘾！！！！！,positive,steam_live,730,True,1778844486,45672,schinese,0,0.5,True,False,False
Counter-Strike 2,не рекомендую,negative,steam_live,730,False,1778844447,8259,russian,0,0.5,True,False,False
Counter-Strike 2,класс но не регает,positive,steam_live,730,True,1778844386,19003,russian,0,0.5,True,False,False
Counter-Strike 2,uwielbiam skrzynki oraz dopamine,positive,steam_live,730,True,1778844345,72217,polish,0,0.5,True,False,False
Counter-Strike 2,kocham te gre,positive,steam_live,730,True,1778844338,3082,polish,0,0.5,True,False,False
Counter-Strike 2,"Полная ♥♥♥♥♥, если у вас не в порядке нервы - лучше удалите ♥♥♥♥♥ эту ♥♥♥♥♥♥♥ с глаз долой. Зашел сегодня поиграть - очередное обновление тупо не загружается просто потому что. Удалил - установка 2 часа. Ради того, чтобы в команду пришли инвалиды и ты словил рейдж.",negative,steam_live,730,False,1778844248,52959,russian,1,0.523809552192687988,True,False,False
Counter-Strike 2,kaif,positive,steam_live,730,True,1778844225,197207,russian,0,0.5,True,False,False
Counter-Strike 2,говно,negative,steam_live,730,False,1778844188,93932,russian,0,0.5,True,False,False
Counter-Strike 2,♥♥♥♥♥♥♥♥ хоррор. Советую.,positive,steam_live,730,True,1778844164,790,russian,0,0.5,True,False,False
Counter-Strike 2,Gaşşar cs oyunu,positive,steam_live,730,True,1778844146,27744,turkish,0,0.5,True,False,False
Counter-Strike 2,det er et godt spil,positive,steam_live,730,True,1778844145,1134,danish,0,0.5,True,False,False
Counter-Strike 2,"спасибо, хорошо",negative,steam_live,730,False,1778844101,100457,russian,0,0.476190477609634399,True,False,False
Counter-Strike 2,nice,positive,steam_live,730,True,1778844100,2787,schinese,0,0.5,True,False,False
Counter-Strike 2,HHHHAOWAN,positive,steam_live,730,True,1778844098,2049,schinese,0,0.5,True,False,False
Counter-Strike 2,goated.,positive,steam_live,730,True,1778844088,8217,english,0,0.5,True,False,False
Counter-Strike 2,"Playing Against Your Past Self

Shooting is like a casino: you shoot at a target while standing still, and even if you control your spread perfectly, you’ll still hit the target almost at random. But your enemy’s luck is on his side today—he’ll hit you, and maybe even with his first shot while on the move.

Ping—whoever has lower ping wins, provided you have high skill

Anti-Cheat – ALMOST COMPLETELY DISABLED, because you can cheat for 5 years and everything will be fine; they replaced VAC Ban with VAC Live, so now cheaters get a 20-hour ban; hundreds of thousands of cheaters play to their heart’s content and don’t worry about a thing; they’ve even caught cyberers using cheats at tournaments, Thanks to Valve for the anti-cheat

CIS Community – there are some cool guys here, but often they’re just trolls and 12–14-year-old kids; it’s a total toxic audience. Most of them stop playing normally and start ruining the game after the very first pistol round
Casino—the sweetest part of it all. The game literally attracts players with one thing but occupies their minds with another: skins and knives that you have to grind to get, and Gaben uses the money from this casino to buy yachts instead of spending it on game development.
However, I believe in this game; I believe it has a bright future ahead.
Even with all its flaws, the game is worth playing.",positive,steam_live,730,True,1778843822,2501,english,0,0.5,True,False,False
Counter-Strike 2,Yılların eskitemediği en iyi fps oyunu,positive,steam_live,730,True,1778843813,139686,turkish,2,0.545454561710357666,True,False,False
Counter-Strike 2,Doporučuji (y),positive,steam_live,730,True,1778843779,198224,czech,0,0.5,True,False,False
Counter-Strike 2,ревик имба а все дерьмо,positive,steam_live,730,True,1778843763,12885,russian,0,0.5,True,False,False
Counter-Strike 2,not good but addicted,negative,steam_live,730,False,1778843717,113553,english,0,0.5,True,False,False
Counter-Strike 2,1,negative,steam_live,730,False,1778843646,34447,russian,0,0.5,True,False,False
Counter-Strike 2,"Продал почку и купил прайм, это того стоило",positive,steam_live,730,True,1778843632,20864,russian,1,0.523809552192687988,True,False,False
Counter-Strike 2,...,positive,steam_live,730,True,1778843626,2247,turkish,1,0.523809552192687988,True,False,False
Counter-Strike 2,"this is literally the worst game i have ever played in my 10 years of gaming histroy, tm8s r trolls, 24 hour ban for stabbing a tm8 once, pay for cases then pay for keys to unlock them, id rather crawl through a trench full of catcus and rusty barbed wire then spend another second on this game, i want my time, my money and my mental health back, ♥♥♥♥ u valve and ur ridiculous game, i never leave reviews but this god awful game deserves it, save ur money, click of this dumbass game and go buy r6, 120 hours of playing this game waiting to get used to it, waiting for it to finally become fun, it never did. whoever unironically plays this game needs to be in a mental asylum, go ♥♥♥♥ youself valve.",negative,steam_live,730,False,1778843622,7377,english,0,0.5,True,False,False
Counter-Strike 2,"Quando comecei a jogar, não me atrai tanto pelo jogo, agora que tenho 300 horas percebo; minha vida não vale a pena, cada segundo que passo nesse jogo eu me questiono sobre a existência, a criação do Mundo e o Deus... Oh Deus, louvai - me perante todos os problemas que isto me causou, não suporto mais esse jogo,virou um vício, eu só quero poder ser feliz de novo, vai se fuder gabe, mercenário!!",negative,steam_live,730,False,1778843606,18601,english,0,0.5,True,False,False
Counter-Strike 2,GOOD GAME I LIKE SIMLE,positive,steam_live,730,True,1778843566,12490,czech,0,0.5,True,False,False
Counter-Strike 2,......,negative,steam_live,730,False,1778843541,62746,schinese,0,0.5,True,False,False
Counter-Strike 2,ss,positive,steam_live,730,True,1778843489,4295,turkish,0,0.5,True,False,False
Counter-Strike 2,好玩,negative,steam_live,730,False,1778843443,57691,schinese,0,0.5,True,False,False
Counter-Strike 2,после захода в премьер начинает болеть жопа(,positive,steam_live,730,True,1778843434,48155,russian,0,0.5,True,False,False
Counter-Strike 2,Nice Game !!,positive,steam_live,730,True,1778843424,4769,french,0,0.5,True,False,False
Counter-Strike 2,好玩,positive,steam_live,730,True,1778843422,37235,schinese,0,0.5,True,False,False
Counter-Strike 2,це вареники не реально играть пока,negative,steam_live,730,False,1778843373,20426,russian,0,0.5,True,False,False
Counter-Strike 2,rep,positive,steam_live,730,True,1778843326,5270,russian,1,0.523809552192687988,True,False,False
Counter-Strike 2,"ну вроде норм ,но не регает",positive,steam_live,730,True,1778843104,9279,russian,0,0.5,True,False,False
Counter-Strike 2,wer,positive,steam_live,730,True,1778842773,1186,english,0,0.5,True,False,False
Counter-Strike 2,кб в рот ♥♥♥♥,positive,steam_live,730,True,1778842711,26010,russian,1,0.52173912525177002,True,False,False
Counter-Strike 2,гавно игра не играйте ♥♥♥,negative,steam_live,730,False,1778842708,24427,russian,0,0.5,True,False,False
Counter-Strike 2,"ЛАГАНАЯ ПОМОЙКА, В КОТОРОЙ НЕ РЕГАЕТ 
ВЕРНИТЕ КС ГО",negative,steam_live,730,False,1778842667,78152,russian,0,0.5,True,False,False
Counter-Strike 2,Pretty decent way to lose money,positive,steam_live,730,True,1778842665,3192,english,0,0.5,True,False,False
Counter-Strike 2,nice,positive,steam_live,730,True,1778842652,1047,hungarian,1,0.5,True,False,False
Counter-Strike 2,好,positive,steam_live,730,True,1778842600,156086,schinese,0,0.5,True,False,False
Counter-Strike 2,здесь с писюном играть можно,positive,steam_live,730,True,1778842399,13766,russian,0,0.5,True,False,False
Counter-Strike 2,haowan,positive,steam_live,730,True,1778842393,41701,schinese,0,0.5,True,False,False
Counter-Strike 2,"jestem w to chujowy, zajebiste",positive,steam_live,730,True,1778842354,7630,polish,0,0.5,True,False,False
Counter-Strike 2,"полная ♥♥♥♥♥, очень своетую очень интересная игра",positive,steam_live,730,True,1778842260,5355,russian,0,0.5,True,False,False
Counter-Strike 2,"https://steamcommunity.com/profiles/76561198113666193/inventory/#730_2_48492132786
https://steamcommunity.com/profiles/76561198113666193/inventory/#730_2_48162884301",positive,steam_live,730,True,1778842199,23420,russian,0,0.5,True,False,False
Counter-Strike 2,♥♥♥♥♥ не кому не советую,positive,steam_live,730,True,1778842159,17014,russian,0,0.5,True,False,False
Counter-Strike 2,/.,positive,steam_live,730,True,1778842045,35470,english,0,0.5,True,False,False
Counter-Strike 2,67,positive,steam_live,730,True,1778842034,62420,russian,0,0.5,True,False,False
Counter-Strike 2,_,positive,steam_live,730,True,1778842015,28802,english,0,0.5,True,False,False
Counter-Strike 2,"♥♥♥♥♥♥ ♥♥♥♥♥, после последнего обновления не открывается кс
маленькая инди компания валве идите ♥♥♥♥♥",negative,steam_live,730,False,1778841998,3262,russian,0,0.5,True,False,False
Counter-Strike 2,only,positive,steam_live,730,True,1778841923,4154,russian,1,0.523809552192687988,True,False,False
Counter-Strike 2,bs,negative,steam_live,730,False,1778841893,19535,english,0,0.5,True,False,False
Counter-Strike 2,Amazing,positive,steam_live,730,True,1778841788,24761,english,0,0.5,True,False,False
Counter-Strike 2,<3,positive,steam_live,730,True,1778841752,120974,english,1,0.523809552192687988,True,False,False
Counter-Strike 2,因为杨林不推荐，所以我推荐,positive,steam_live,730,True,1778841689,34606,schinese,0,0.5,True,False,False
Counter-Strike 2,многие играют с читами,negative,steam_live,730,False,1778841625,82912,russian,0,0.5,True,False,False
Counter-Strike 2,я обожаю эту вашу каэсгоу)))),positive,steam_live,730,True,1778841602,460,english,0,0.5,True,False,False
Counter-Strike 2,好玩,positive,steam_live,730,True,1778841540,7148,schinese,0,0.5,True,False,False
Counter-Strike 2,kanser oyun,positive,steam_live,730,True,1778841476,24013,turkish,0,0.5,True,False,False
Counter-Strike 2,"кто это делал,знайте,вы дети ♥♥♥♥",positive,steam_live,730,True,1778841193,66530,russian,0,0.5,True,False,False
Counter-Strike 2,jó a játék élmény,positive,steam_live,730,True,1778840687,1127,hungarian,1,0.5,True,False,False
Counter-Strike 2,cokıyı bır oyun ıyı drop ver valve,positive,steam_live,730,True,1778840637,1253,turkish,0,0.5,True,False,False
Counter-Strike 2,fergergerfergergere,positive,steam_live,730,True,1778840631,2650,russian,0,0.5,True,False,False
Counter-Strike 2,НОРМ,positive,steam_live,730,True,1778840514,17753,russian,0,0.5,True,False,False
Counter-Strike 2,"Игра огонь, рекомендую",positive,steam_live,730,True,1778840494,460,russian,0,0.5,True,False,False
Counter-Strike 2,ww,positive,steam_live,730,True,1778840383,33275,russian,0,0.5,True,False,False
Counter-Strike 2,NICE TO play faceit only that bc on normal you have cheaters,positive,steam_live,730,True,1778840366,13623,dutch,0,0.5,True,False,False
Counter-Strike 2,好玩,positive,steam_live,730,True,1778840289,24567,schinese,0,0.5,True,False,False
Counter-Strike 2,good,positive,steam_live,730,True,1778840271,60586,russian,0,0.5,True,False,False
Counter-Strike 2,非常好玩,positive,steam_live,730,True,1778840191,54504,schinese,0,0.5,True,False,False
Counter-Strike 2,"bueno, bonito y barato",positive,steam_live,730,True,1778840053,14525,spanish,0,0.5,True,False,False
Counter-Strike 2,777,positive,steam_live,730,True,1778840034,8006,russian,0,0.5,True,False,False
Counter-Strike 2,"assez bon jeu juste svp valve ameliorez votre putain d'anti tcheat 
Y'A UN CHEATER DANS CHAQUE GAME C'EST PAS POSSIBLE 
jeu assez bien opti juste y'a des shaders qu'on s'en bas les couilles donc ca ralenti le jeu",positive,steam_live,730,True,1778839933,6792,french,0,0.5,True,False,False
Counter-Strike 2,世界上最好玩的游戏,positive,steam_live,730,True,1778839888,20818,schinese,0,0.5,True,False,False
Counter-Strike 2,ИГРА ТОП,positive,steam_live,730,True,1778839833,817,russian,0,0.5,True,False,False
Counter-Strike 2,класс,positive,steam_live,730,True,1778839803,1607,russian,0,0.5,True,False,False
Counter-Strike 2,nice,positive,steam_live,730,True,1778839754,2452,english,0,0.5,True,False,False
Counter-Strike 2,luuckyyy,positive,steam_live,730,True,1778839737,34,english,0,0.5,True,False,False
Counter-Strike 2,Гавно,negative,steam_live,730,False,1778839731,806,russian,0,0.5,True,False,False
Counter-Strike 2,игра отличная,positive,steam_live,730,True,1778839716,4080,russian,0,0.5,True,False,False
Counter-Strike 2,Не затянуло,positive,steam_live,730,True,1778839690,62,russian,0,0.5,True,False,False
Counter-Strike 2,可以可以,positive,steam_live,730,True,1778839660,26921,schinese,0,0.5,True,False,False
Counter-Strike 2,111,positive,steam_live,730,True,1778839523,1339,schinese,0,0.5,True,False,False
Counter-Strike 2,+,positive,steam_live,730,True,1778839451,19760,spanish,0,0.5,True,False,False
Counter-Strike 2,"Классная игра еще и бесплатная играю уже 166 часов,только иногда может надоесть",positive,steam_live,730,True,1778839401,10426,russian,0,0.5,True,False,False
Counter-Strike 2,"Полная ♥♥♥♥♥, а не игра.",negative,steam_live,730,False,1778839330,10388,russian,0,0.5,True,False,False
Counter-Strike 2,"поиграв в ксго и в кс 2 , я сумел понять  , что я ♥♥♥♥♥♥ бот",positive,steam_live,730,True,1778839323,26256,russian,0,0.5,True,False,False
Counter-Strike 2,"душевно, отлично!",positive,steam_live,730,True,1778839282,46525,russian,0,0.5,True,False,False
Counter-Strike 2,"1000 Saat sonra belirtiyorum: Gece ve Gündüz kavramları artık benim için pek bir şey ifade etmiyor. Önemli olan tek şey A Long'u kanımın son damlasına kadar savunmak ve tabii, Short'tan gelen Backstab'a rağmen ölmemeye çalışmak...",positive,steam_live,730,True,1778839204,60793,turkish,0,0.5,True,False,False
Counter-Strike 2,Классная игра,positive,steam_live,730,True,1778839198,173773,russian,0,0.5,True,False,False
Counter-Strike 2,норм,positive,steam_live,730,True,1778839131,1344,russian,0,0.5,True,False,False
Counter-Strike 2,Топовая игра прям вооще огонь,positive,steam_live,730,True,1778839126,3864,russian,0,0.5,True,False,False
Counter-Strike 2,!,positive,steam_live,730,True,1778839074,8095,russian,1,0.523809552192687988,True,False,False
Counter-Strike 2,Danking！Danking！Danking！,positive,steam_live,730,True,1778838920,103560,schinese,0,0.5,True,False,False
Counter-Strike 2,good,positive,steam_live,730,True,1778838879,7315,english,0,0.5,True,False,False
Counter-Strike 2,great i love theese russians,positive,steam_live,730,True,1778838837,57245,english,0,0.5,True,False,False
Counter-Strike 2,♥♥♥♥♥,positive,steam_live,730,True,1778838741,7936,russian,0,0.5,True,False,False
Counter-Strike 2,https://steamcommunity.com/id/donkgojo/inventory/#730_2_41640713724,positive,steam_live,730,True,1778838689,48724,russian,0,0.5,True,False,False
Counter-Strike 2,good game,positive,steam_live,730,True,1778838633,58218,english,0,0.5,True,False,False
Counter-Strike 2,yeeeeeeeeee,positive,steam_live,730,True,1778838551,3157,english,0,0.5,True,False,False
Counter-Strike 2,i am an israeli citizen and this is my favourite video game,positive,steam_live,730,True,1778838535,58854,english,0,0.5,True,False,False
Counter-Strike 2,very good,positive,steam_live,730,True,1778838504,3888,english,0,0.5,True,False,False
Counter-Strike 2,крутая игра мне все нравится,positive,steam_live,730,True,1778838467,2153,russian,0,0.5,True,False,False
Counter-Strike 2,好玩,positive,steam_live,730,True,1778838382,79333,schinese,0,0.5,True,False,False
Counter-Strike 2,бурмалда,positive,steam_live,730,True,1778838347,7553,russian,0,0.5,True,False,False
Counter-Strike 2,Aim hacking and wall hacking is a common issue right now. I don't understand how it could get this bad.,negative,steam_live,730,False,1778838321,9771,english,0,0.5,True,False,False
Counter-Strike 2,i love gambling,positive,steam_live,730,True,1778838268,468,english,0,0.5,True,False,False
Counter-Strike 2,jest super,positive,steam_live,730,True,1778838267,1732,polish,0,0.5,True,False,False
Counter-Strike 2,"зашел - выебали
вышел - выебали
но на самом деле в кс играют хорошие врачи, я как только зашел в эту игру мне сказали все мои диагнозы",positive,steam_live,730,True,1778838185,18338,russian,0,0.5,True,False,False
Counter-Strike 2,Un banger,positive,steam_live,730,True,1778838181,2895,english,1,0.523809552192687988,True,False,False
Counter-Strike 2,"90% of the people are cheating, have at it",negative,steam_live,730,False,1778838053,4304,english,1,0.523809552192687988,True,False,False
Counter-Strike 2,very fun just learn russian and turkish,positive,steam_live,730,True,1778837925,3334,spanish,0,0.5,True,False,False
Counter-Strike 2,"Игра - топ. Но только читаки иногда бесят.
Ну в целом КС - классика. Настоятельно рекомендую купить прайм.",positive,steam_live,730,True,1778837918,54158,russian,0,0.5,True,False,False
Counter-Strike 2,"СНГ ребята так сильно потеют, что с аниме на аве мне туза порвали.",positive,steam_live,730,True,1778837809,26894,russian,0,0.5,True,False,False
Counter-Strike 2,stabil,positive,steam_live,730,True,1778837736,19887,german,0,0.5,True,False,False
Counter-Strike 2,Good time  after 2 bottles of Vodka!,positive,steam_live,730,True,1778837717,72714,english,0,0.5,True,False,False
Counter-Strike 2,υθτ,positive,steam_live,730,True,1778837701,1272,english,0,0.5,True,False,False
Counter-Strike 2,мне перчи не выпали в кейсе,negative,steam_live,730,False,1778837628,6604,russian,0,0.5,True,False,False
Counter-Strike 2,"Всех приветствую на платформе Steam! Листал список рекомендаций и наткнулся на такую замечательную игру как Counter-Strike 2! Поиграл час и понял это то чего мне не хватало в жизни. Также хочу заметить , что в CS2 очень доброе комьюнити , которое на протяжении всех 13 слитых раундов с уважением напоминают тебе об отсутствии навыков в игре сопровждая все это словами ""нищий рак"" и ""сын миража"". С точки зрения сострадания лишний раз не упускают возможности напомнить о том , что у тебя имеется лишние пару хромосом , о чем не скажешь о маме с папой.",positive,steam_live,730,True,1778837533,851,russian,0,0.5,True,False,False
Counter-Strike 2,the best,positive,steam_live,730,True,1778837505,21032,english,0,0.5,True,False,False
Counter-Strike 2,"Игра хорошая, если пару минусов и предложений. Первый минус - в игру очень много казахов которые не знают как играть, у них нет понимания карт, не знают гранат, не умеют аимить, если им запретят играть в данную всемлюбимую игру это будет очень хорошо. Второй минус - в игре анрега и это ♥♥♥♥♥ ♥♥♥♥♥♥.",positive,steam_live,730,True,1778837496,32254,russian,0,0.5,True,False,False
Counter-Strike 2,nice,positive,steam_live,730,True,1778837454,7158,french,0,0.5,True,False,False
Counter-Strike 2,"CS2 has honestly changed my life. I used to feel lost, but now every match I load into I’m greeted with pure kindness like “nice try, dumbass” and “you are literally throwing the game, uninstall and ♥♥♥”.

I actually feel like my life has worth and meaning, because my teammates never forget to remind me — constantly, loudly, and in 4K detail, with bonus commentary from a guy who died first every round.

10/10 community. Extremely supportive. Very healing. Would get emotionally destroyed again, but in a wholesome way.",positive,steam_live,730,True,1778837414,8242,english,0,0.5,True,False,False
Counter-Strike 2,"you see you shoot if you dont you dont shoot you, if you dont see and dont shoot dont be sad its just GG go next",positive,steam_live,730,True,1778837338,726,english,0,0.5,True,False,False
Counter-Strike 2,"Da asco jugarlo, solo queda gente haciendo trampas y a Valve se la suda completamente",negative,steam_live,730,False,1778837261,20889,spanish,0,0.5,True,False,False
Counter-Strike 2,BEST,positive,steam_live,730,True,1778837231,485,english,1,0.523809552192687988,True,False,False
Counter-Strike 2,;[,positive,steam_live,730,True,1778837230,15740,brazilian,0,0.5,True,False,False
Counter-Strike 2,legal,positive,steam_live,730,True,1778837160,42667,brazilian,0,0.5,True,False,False
Counter-Strike 2,"CS2 has the foundation to be one of the best competitive shooters available, but Valve’s complete lack of urgency regarding cheating is destroying the experience for legitimate players. At this point, trying to take matchmaking seriously feels pointless. Reports rarely seem to matter, suspicious accounts continue playing without consequences, and far too many matches are decided by obvious cheaters rather than actual skill.

What makes it worse is that the core gameplay is still excellent, which only highlights how neglected the competitive environment has become. Instead of prioritizing anti-cheat improvements and protecting fair play, Valve appears far more focused on cosmetics and monetization while the integrity of ranked play continues to decline.

If you genuinely want a competitive experience where your time and effort are respected, you are probably better off playing something else until Valve starts treating the cheating problem seriously.",negative,steam_live,730,False,1778837144,15645,english,0,0.5,True,False,False
Counter-Strike 2,ЗАРЕГАЙ ПРОШУ!,positive,steam_live,730,True,1778837028,74034,russian,0,0.5,True,False,False
Counter-Strike 2,adam vuruyon güzel,positive,steam_live,730,True,1778837011,10329,turkish,0,0.5,True,False,False
Counter-Strike 2,ну и залупа,positive,steam_live,730,True,1778836775,39403,russian,0,0.5,True,False,False
Counter-Strike 2,HJHJHNJMOJMO,positive,steam_live,730,True,1778836755,22525,russian,0,0.5,True,False,False
Counter-Strike 2,♥♥♥♥♥,positive,steam_live,730,True,1778836473,37937,russian,0,0.5,True,False,False
Counter-Strike 2,good,positive,steam_live,730,True,1778836432,46531,english,0,0.5,True,False,False
Counter-Strike 2,harika.,positive,steam_live,730,True,1778836146,29370,turkish,0,0.5,True,False,False
Counter-Strike 2,gav no,negative,steam_live,730,False,1778836119,56146,russian,0,0.5,True,False,False
Counter-Strike 2,挂多,negative,steam_live,730,False,1778836099,14270,schinese,0,0.5,True,False,False
Counter-Strike 2,Very nice game but need a strong mind to play,positive,steam_live,730,True,1778836082,13410,english,0,0.5,True,False,False
Counter-Strike 2,PASKA,negative,steam_live,730,False,1778836066,281037,finnish,0,0.5,True,False,False
Counter-Strike 2,mocne gowno,positive,steam_live,730,True,1778836053,76996,polish,0,0.5,True,False,False
Counter-Strike 2,вцф,positive,steam_live,730,True,1778835857,61074,russian,0,0.5,True,False,False
Counter-Strike 2,"click heads? no headshot 
shoot body? headshot 

fun",positive,steam_live,730,True,1778835852,4522,english,0,0.5,True,False,False
Counter-Strike 2,ok,positive,steam_live,730,True,1778835794,35164,english,0,0.5,True,False,False
Counter-Strike 2,This ganme is so trtash i get ban because its not going right dont start i can not get in the game and i get ban vel valve you have 13 years to make this game playeble and u destroy this game,negative,steam_live,730,False,1778835741,10694,english,0,0.47999998927116394,True,False,False
Counter-Strike 2,Исправили много багов,positive,steam_live,730,True,1778835710,370,russian,0,0.5,True,False,False
Counter-Strike 2,ni,positive,steam_live,730,True,1778835629,212,finnish,0,0.5,True,False,False
Counter-Strike 2,best game,positive,steam_live,730,True,1778835563,4438,english,0,0.5,True,False,False
Counter-Strike 2,"Russian man say he loves me bc i save awp, my girlfriend has not told me that before 10/10 game",positive,steam_live,730,True,1778835508,11535,english,0,0.5,True,False,False
Counter-Strike 2,♥♥♥♥♥ игра,positive,steam_live,730,True,1778835325,69260,russian,0,0.5,True,False,False
Counter-Strike 2,"cannot play properly in deathmatch , only bots , bots ,bots and bots valve do nothing",negative,steam_live,730,False,1778835292,22842,french,0,0.5,True,False,False
Counter-Strike 2,удалите игру казахам и полякам пжж,negative,steam_live,730,False,1778835126,38458,russian,1,0.523809552192687988,True,False,False
Counter-Strike 2,wow,positive,steam_live,730,True,1778835004,1524,russian,0,0.5,True,False,False
Counter-Strike 2,Интерфейс стал удобнее,positive,steam_live,730,True,1778834986,204,russian,0,0.5,True,False,False
Counter-Strike 2,"Интерфейс в целом остался знакомым, но появились некоторые изменения. Например, теперь в магазине можно отменять случайную покупку оружия и возвращать деньги. Однако некоторые игроки отмечали неудобство новой расстановки элементов интерфейса (например, перемещение полос здоровья и брони).
CS2 — это попытка обновить классическую формулу Counter-Strike с помощью современных технологий. Игра сохранила ядро геймплея, но добавила ряд нововведений, которые могут как улучшить, так и усложнить игровой опыт. На момент релиза проект критиковали за сырость, баги и проблемы с оптимизацией, но разработчики регулярно выпускали обновления, исправляя ошибки и внося изменения в баланс. Восприятие игры зависит от ожиданий игрока: хардкорные фанаты могут ценить новые механики, а новички — столкнуться с отсутствием полноценного обучения",positive,steam_live,730,True,1778834926,6589,russian,0,0.5,True,False,False
Counter-Strike 2,cheater chineses monkey look like a ♥♥♥♥ son of a ♥♥♥♥ ♥♥♥♥♥♥,positive,steam_live,730,True,1778834920,1773,english,0,0.5,True,False,False
Counter-Strike 2,игра сочная хорор игра,positive,steam_live,730,True,1778834804,36734,russian,1,0.523809552192687988,True,False,False
Counter-Strike 2,AMOR Y ODIO EN UN SOLO JUEGO,positive,steam_live,730,True,1778834615,14611,spanish,0,0.5,True,False,False
Counter-Strike 2,ееее,positive,steam_live,730,True,1778834584,14542,russian,0,0.5,True,False,False
Counter-Strike 2,nice,positive,steam_live,730,True,1778834489,1154,english,0,0.5,True,False,False
Counter-Strike 2,говно,negative,steam_live,730,False,1778834422,21294,russian,0,0.5,True,False,False
Counter-Strike 2,good,positive,steam_live,730,True,1778834406,10989,schinese,0,0.5,True,False,False
Counter-Strike 2,хех мда),negative,steam_live,730,False,1778834266,11180,english,0,0.5,True,False,False
Counter-Strike 2,Неплохая игра но VAC можно улудшить,positive,steam_live,730,True,1778834158,7326,russian,0,0.5,True,False,False
Counter-Strike 2,ужасные режимы,negative,steam_live,730,False,1778834076,65016,russian,0,0.5,True,False,False
Counter-Strike 2,this game is very funny with diddy and my toliet seat,positive,steam_live,730,True,1778833970,18438,danish,0,0.5,True,False,False
Counter-Strike 2,very good,positive,steam_live,730,True,1778833961,29517,english,1,0.523809552192687988,True,False,False
Counter-Strike 2,1000K hours and still bad,positive,steam_live,730,True,1778833931,71999,english,0,0.5,True,False,False
Counter-Strike 2,hackerzzzzzzzzzzzzzzzzzzzzzzzzzzzzz,negative,steam_live,730,False,1778833890,6493,english,0,0.5,True,False,False
Counter-Strike 2,шляпа вонючая,positive,steam_live,730,True,1778833864,18800,russian,0,0.5,True,False,False
Counter-Strike 2,cheaters game but i like it,positive,steam_live,730,True,1778833844,11525,english,0,0.5,True,False,False
Counter-Strike 2,Да.,positive,steam_live,730,True,1778833744,16960,russian,1,0.523809552192687988,True,False,False
Counter-Strike 2,very good game. i love this game,positive,steam_live,730,True,1778833691,16754,english,0,0.5,True,False,False
Counter-Strike 2,"its fun, aside from the occasional cheater",positive,steam_live,730,True,1778833630,6697,english,0,0.5,True,False,False
Counter-Strike 2,Лучший шутер на ПК,positive,steam_live,730,True,1778833486,156,russian,0,0.5,True,False,False
Counter-Strike 2,жгп,positive,steam_live,730,True,1778833431,10821,russian,0,0.5,True,False,False
Counter-Strike 2,какашки,positive,steam_live,730,True,1778833410,2441,russian,0,0.5,True,False,False
Counter-Strike 2,регает только если мама габена захочет и не даст габену пизды,positive,steam_live,730,True,1778833301,60268,russian,0,0.5,True,False,False
Counter-Strike 2,etwtw,positive,steam_live,730,True,1778832964,10499,russian,0,0.5,True,False,False
Counter-Strike 2,gun,positive,steam_live,730,True,1778832924,14897,english,0,0.5,True,False,False
Counter-Strike 2,666,positive,steam_live,730,True,1778832824,27997,schinese,0,0.5,True,False,False
Counter-Strike 2,转瓦了,positive,steam_live,730,True,1778832793,38453,schinese,0,0.5,True,False,False
Counter-Strike 2,.,positive,steam_live,730,True,1778832781,1828,russian,0,0.5,True,False,False
Counter-Strike 2,ok,positive,steam_live,730,True,1778832762,20421,french,0,0.5,True,False,False
Counter-Strike 2,NU I XUETA,positive,steam_live,730,True,1778832613,6788,russian,0,0.5,True,False,False
Counter-Strike 2,"Отличная игра , если хочешь разрушить свою психику !!
ЕСЛИ ХОЧЕШЬ ПОЧУВСТВОВАТЬ СЕБЯ ДЕРЬМОМ ПОД ПРЕССОМ ЧИТЕРОВ , ДОБРО ПОЖАЛОВАТЬ",positive,steam_live,730,True,1778832591,660,russian,0,0.5,True,False,False
Counter-Strike 2,恶妇色粉色E,positive,steam_live,730,True,1778832590,556,schinese,0,0.5,True,False,False
Counter-Strike 2,.,positive,steam_live,730,True,1778832555,11742,turkish,1,0.523809552192687988,True,False,False
Counter-Strike 2,nice,positive,steam_live,730,True,1778832529,4140,english,0,0.5,True,False,False
Counter-Strike 2,这是一个好游戏,positive,steam_live,730,True,1778832358,14586,schinese,0,0.5,True,False,False
Counter-Strike 2,когда классно убиваю на скилле дркг говорит лаки и так всё время,positive,steam_live,730,True,1778832347,22370,russian,0,0.5,True,False,False
Counter-Strike 2,精彩的道具和枪法碰撞，cf校长可以来试试,positive,steam_live,730,True,1778832325,26436,schinese,0,0.5,True,False,False
Counter-Strike 2,Juego lleno de Xiteros,positive,steam_live,730,True,1778832124,38068,spanish,0,0.5,True,False,False
Counter-Strike 2,Åååh blanda!,positive,steam_live,730,True,1778832053,2058,swedish,0,0.5,True,False,False
Counter-Strike 2,jiughuh,positive,steam_live,730,True,1778832026,3975,russian,0,0.5,True,False,False
Counter-Strike 2,mükemmel,positive,steam_live,730,True,1778831809,1616,turkish,0,0.5,True,False,False
Counter-Strike 2,nb,positive,steam_live,730,True,1778831639,10082,schinese,0,0.5,True,False,False
Counter-Strike 2,gf,positive,steam_live,730,True,1778831560,6918,russian,0,0.5,True,False,False
Counter-Strike 2,史,positive,steam_live,730,True,1778831411,18604,schinese,0,0.5,True,False,False
Counter-Strike 2,NAHHH,positive,steam_live,730,True,1778830884,24243,english,0,0.5,True,False,False
Counter-Strike 2,i love when gabben drives hid dih around my lips,positive,steam_live,730,True,1778830883,5834,english,0,0.5,True,False,False
Counter-Strike 2,nice,positive,steam_live,730,True,1778830881,3332,schinese,0,0.5,True,False,False
Counter-Strike 2,aimar goy togloom bi muu toglodog bas naizudda jiigddegch gesen unheer goy togloomshuu,positive,steam_live,730,True,1778830843,55150,english,0,0.5,True,False,False
Counter-Strike 2,норм,positive,steam_live,730,True,1778830833,57990,russian,0,0.5,True,False,False
Counter-Strike 2,This game has ruined my life yes I will keep playing,negative,steam_live,730,False,1778830770,13904,english,0,0.5,True,False,False
Counter-Strike 2,"Cheaters, Cheaters e mais cheaters. Baixem o jogo e venham se divertir perdendo inúmeras partidas para cheaters ou baixem seus cheat e venha jogar esse cheat.",positive,steam_live,730,True,1778830729,24451,brazilian,0,0.5,True,False,False
Counter-Strike 2,standoff 2 лучше,positive,steam_live,730,True,1778830664,24851,russian,0,0.5,True,False,False
Counter-Strike 2,jeg er god til at spille counterstrike og vil derfor gerne anbefale det til jer det hedder counter strike,positive,steam_live,730,True,1778830612,1521,danish,0,0.5,True,False,False
Counter-Strike 2,Люблю эту игру,positive,steam_live,730,True,1778830608,2040,russian,0,0.5,True,False,False
Counter-Strike 2,I hate this game but I can't let go of it. It infested with cheaters and the matchmaking is so bad but I still waste my life with this game. No way around it,positive,steam_live,730,True,1778830550,83845,english,0,0.5,True,False,False
Counter-Strike 2,помойка,positive,steam_live,730,True,1778830479,4831,russian,1,0.523809552192687988,True,False,False
Counter-Strike 2,很好,positive,steam_live,730,True,1778830464,4738,schinese,1,0.523809552192687988,True,False,False
Counter-Strike 2,понравилось то что игра ровная и стало на много лушче грфика итд спасибо вам за это,positive,steam_live,730,True,1778830274,2268,russian,0,0.5,True,False,False
Counter-Strike 2,Легендарная игра,positive,steam_live,730,True,1778830234,112,russian,0,0.5,True,False,False
Counter-Strike 2,:) ammezingccc,positive,steam_live,730,True,1778830075,3646,english,0,0.5,True,False,False
Counter-Strike 2,Игра для мужиков,positive,steam_live,730,True,1778829995,37936,russian,0,0.5,True,False,False
Counter-Strike 2,Катки ищутся быстро,positive,steam_live,730,True,1778829932,596,russian,0,0.5,True,False,False
Counter-Strike 2,Меня так еще в жизни не когда не ебали,positive,steam_live,730,True,1778829766,12464,russian,0,0.5,True,False,False
Counter-Strike 2,"нормально, тима лоутабов особенно игрок под ником ezzra",positive,steam_live,730,True,1778829716,6853,russian,0,0.5,True,False,False
Counter-Strike 2,топ,positive,steam_live,730,True,1778829568,1011,russian,0,0.5,True,False,False
Counter-Strike 2,เกมมีแต่hack ขนาดกูเสียไป490เพื่อหนีโปรสุดท้ายก็เจอ,negative,steam_live,730,False,1778829520,5196,thai,0,0.5,True,False,False
Counter-Strike 2,:),positive,steam_live,730,True,1778829235,37693,english,0,0.5,True,False,False
Counter-Strike 2,很好，只是越来越打不准了,positive,steam_live,730,True,1778829129,18978,schinese,1,0.523809552192687988,True,False,False
Counter-Strike 2,1,positive,steam_live,730,True,1778828936,34664,schinese,0,0.5,True,False,False
Counter-Strike 2,游戏不容易上手，太难玩,negative,steam_live,730,False,1778828921,1996,schinese,0,0.5,True,False,False
Counter-Strike 2,fun stuff this game,positive,steam_live,730,True,1778828837,3850,english,0,0.5,True,False,False
Counter-Strike 2,"this game is only worth playing to get the rewards so you can make the cost of the game back, then stop playing it forever, the hit reg in this game is ♥♥♥♥♥♥♥ abhorrent.

every. single. comp game. has a cheater in it.",negative,steam_live,730,False,1778828761,2609,english,0,0.47999998927116394,True,False,False
Counter-Strike 2,Интерфейс стал удобнее,positive,steam_live,730,True,1778828741,1321,russian,0,0.5,True,False,False
Counter-Strike 2,good,positive,steam_live,730,True,1778828673,9833,english,0,0.5,True,False,False
Counter-Strike 2,CS2真好玩吧？不买优先休闲模式就有片姐打广告，死斗跟搭档模式有挂箱机器人 第一时间不秒杀 180回头打死你，官匹竞技和优先充斥着各种外挂客户端（毛子有巨大贡献）全员注入 绿玩被当球踢。国内的对战平台又有elo机制，再怎么c也赢不了(控制胜率这一块)，总之非常推荐来玩CS2👍,positive,steam_live,730,True,1778828631,53602,schinese,0,0.5,True,False,False
Counter-Strike 2,"Единственное, что мне нравилось в игре - это вечером под лайт музыку поиграть DM. Теперь не нравится 
 ничего. Сейчас в DM 95%  фермы (боты с аимом ) кейсов и звезд Armory. Разрабы банят волнами, что бы все откупили праймов и вальвы опять заработали... Ведь можно все это пофиксить, отключив получение опыта  в DM... Но тогда не заработают не вальвы не инвесторы. Это важней качественного продукта.",negative,steam_live,730,False,1778828608,6973,russian,2,0.509803950786590576,True,False,False
Counter-Strike 2,best game,positive,steam_live,730,True,1778828595,9415,french,0,0.5,True,False,False
Counter-Strike 2,ggg,positive,steam_live,730,True,1778828517,88003,english,0,0.5,True,False,False
Counter-Strike 2,"они были правы когда говорили пж зарегай 2 и говно ♥♥♥♥♥♥♥ 2, но чото прикольно",positive,steam_live,730,True,1778828264,6995,russian,0,0.5,True,False,False
Counter-Strike 2,gun,positive,steam_live,730,True,1778828249,1285,english,0,0.5,True,False,False
Counter-Strike 2,впр,positive,steam_live,730,True,1778828181,1340,russian,0,0.5,True,False,False
Counter-Strike 2,cheio de hacker,negative,steam_live,730,False,1778827971,27318,brazilian,0,0.5,True,False,False
Counter-Strike 2,Ye,positive,steam_live,730,True,1778827909,5416,english,0,0.5,True,False,False
Counter-Strike 2,game is ass,negative,steam_live,730,False,1778827904,16398,english,0,0.5,True,False,False
Counter-Strike 2,nb,positive,steam_live,730,True,1778827894,24778,schinese,0,0.5,True,False,False
Counter-Strike 2,игра вызывает азартность.,positive,steam_live,730,True,1778827874,55390,russian,0,0.5,True,False,False
Counter-Strike 2,"Норм обнова, играем",positive,steam_live,730,True,1778827826,504,russian,0,0.5,True,False,False
Counter-Strike 2,垃圾,negative,steam_live,730,False,1778827821,49368,schinese,0,0.5,True,False,False
Counter-Strike 2,Joo,positive,steam_live,730,True,1778827795,12249,finnish,0,0.5,True,False,False
Counter-Strike 2,great game cs source is still better but alas. id recomend drinking 500ml of any spirit before playing your first games of deathmatch to ♥♥♥♥ on the cod players and slur all your words trying to call them trash. will play more when not drunk and sleep deprived cant play the real game till i do like 25 games.,positive,steam_live,730,True,1778827671,616,english,0,0.5,True,False,False
Counter-Strike 2,zzxx,positive,steam_live,730,True,1778827519,4216,russian,0,0.5,True,False,False
Counter-Strike 2,супер игра,positive,steam_live,730,True,1778827209,3283,russian,0,0.5,True,False,False
Counter-Strike 2,good,positive,steam_live,730,True,1778827171,479,english,1,0.523809552192687988,True,False,False
Counter-Strike 2,Премьер режим топчик,positive,steam_live,730,True,1778827051,487,russian,0,0.5,True,False,False
Counter-Strike 2,csnb,positive,steam_live,730,True,1778826893,26016,schinese,0,0.5,True,False,False
Counter-Strike 2,good,positive,steam_live,730,True,1778826869,42092,schinese,0,0.5,True,False,False
Counter-Strike 2,e,negative,steam_live,730,False,1778826635,64086,finnish,0,0.5,True,False,False
Counter-Strike 2,jocul foarte bun si realistic,positive,steam_live,730,True,1778826565,35469,romanian,0,0.5,True,False,False
Counter-Strike 2,good game,positive,steam_live,730,True,1778826526,32555,russian,0,0.5,True,False,False
Counter-Strike 2,fajna gra,positive,steam_live,730,True,1778826508,35392,polish,0,0.5,True,False,False
Counter-Strike 2,норм,negative,steam_live,730,False,1778826488,1027,russian,0,0.5,True,False,False
Counter-Strike 2,"Good competitive game, cool game, but pls dont add anything stupid",positive,steam_live,730,True,1778826471,1634,english,0,0.5,True,False,False
Counter-Strike 2,我22年那时候才上小学4年级，见证过faza夺冠，之前小时候是我哥哥教我打的csgo，那时候不懂得steam是什么，后来上了初中之后有了自己的steam账号，现在接触cs2，我感到陌生，大狙没有以前的顺畅，被爆头反馈也没有以前的强烈，我4年级玩csgo是真被这个爆头音效吓到过，虽然cs2变了很多，但是我依然喜欢这个游戏,positive,steam_live,730,True,1778826460,30310,schinese,0,0.5,True,False,False
Counter-Strike 2,top dms,positive,steam_live,730,True,1778826452,4758,brazilian,0,0.5,True,False,False
Counter-Strike 2,"Отличная игра, топ",positive,steam_live,730,True,1778826289,1568,russian,0,0.5,True,False,False
Counter-Strike 2,muito bom,positive,steam_live,730,True,1778826167,42196,brazilian,0,0.5,True,False,False
Counter-Strike 2,Читеров бы поменьше,positive,steam_live,730,True,1778825940,108,russian,0,0.5,True,False,False
Counter-Strike 2,♥♥♥♥,positive,steam_live,730,True,1778825683,114505,schinese,0,0.5,True,False,False
Counter-Strike 2,.,positive,steam_live,730,True,1778825599,27388,russian,0,0.5,True,False,False
Counter-Strike 2,играпонравилась,positive,steam_live,730,True,1778825536,4820,russian,0,0.5,True,False,False
Counter-Strike 2,play wt ma ex,positive,steam_live,730,True,1778825517,484,english,0,0.5,True,False,False
Counter-Strike 2,"Отличная игра, топ",positive,steam_live,730,True,1778825367,447,russian,0,0.5,True,False,False
Counter-Strike 2,go b debule,positive,steam_live,730,True,1778825325,31436,english,1,0.523809552192687988,True,False,False
Counter-Strike 2,"just so many bots, man. gaming may not be dead but the spirit of it seems to have left the planet.",negative,steam_live,730,False,1778825279,3456,english,0,0.5,True,False,False
Counter-Strike 2,dfsdfdsfsd,positive,steam_live,730,True,1778825006,7007,russian,0,0.5,True,False,False
Counter-Strike 2,good2,positive,steam_live,730,True,1778824973,66914,english,0,0.5,True,False,False
Counter-Strike 2,GOOD GAME,positive,steam_live,730,True,1778824896,18248,english,0,0.5,True,False,False
Counter-Strike 2,kaif,positive,steam_live,730,True,1778824856,2759,russian,0,0.5,True,False,False
Counter-Strike 2,los tt no se pueden culear a los ct,negative,steam_live,730,False,1778824712,1158,spanish,1,0.523809552192687988,True,False,False
Counter-Strike 2,"Это классическая стрелялка как и CS1.6 «спецназ против террористов» пять на пять. Одни пытаются взорвать бомбу, другие - им помешать.
Игра очень азартная, потому что у тебя всего одна жизнь на раунд. 
Здесь нет суперспособностей или магии. Всё решает то, насколько быстро ты наводишь мышку на голову врага и как хорошо ты знаешь карту.
За победы и убийства дают виртуальные деньги. На них в начале каждого раунда ты покупаешь себе оружия. Проиграл раунд — остался без денег и со слабым пистолетом.
Главный плюс это еженедельный дроп который стоит реальных денег.",positive,steam_live,730,True,1778824693,301,russian,0,0.5,True,False,False
Counter-Strike 2,I mean its CS...its good imo not my whole thing but its a good game for those into competitive tactical shooter types i guess,positive,steam_live,730,True,1778824637,7189,english,0,0.5,True,False,False
Counter-Strike 2,"Chiteros transexuales los odio caraj0

de resto el juego es la poll@",positive,steam_live,730,True,1778824422,5466,spanish,0,0.5,True,False,False
Counter-Strike 2,"Puedo ser Indio de a gratis, buen juego",positive,steam_live,730,True,1778824365,13618,spanish,0,0.5,True,False,False
Counter-Strike 2,NT,positive,steam_live,730,True,1778824179,2411,russian,0,0.5,True,False,False
Counter-Strike 2,"É um bom game, mas tem muita gente usando ♥♥♥♥ ainda, infelizmente.",positive,steam_live,730,True,1778824004,4880,brazilian,0,0.5,True,False,False
Counter-Strike 2,rezalet bir sistem elo yükseldikçe hileler artıyor ve asla ban yemiyor iğrenç bir sistem oynamayın zamanınızdan çalıyorlar yıllardır şu hilelere çözüm bulamamaları ayrı bir komedi,negative,steam_live,730,False,1778823957,35653,english,0,0.5,True,False,False
Counter-Strike 2,Top🌹,positive,steam_live,730,True,1778823830,6067,russian,1,0.523809552192687988,True,False,False
Counter-Strike 2,"Качаю звание, все супер",positive,steam_live,730,True,1778823612,1029,russian,1,0.517241418361663818,True,False,False
Counter-Strike 2,Игра очень динамична. Затянула с первых секунд,positive,steam_live,730,True,1778823594,32399,russian,0,0.5,True,False,False
Counter-Strike 2,"ИМБА   игра, лучше видел только GTA, Watch Dogs, так что всем советую",positive,steam_live,730,True,1778823414,5623,russian,0,0.5,True,False,False
Counter-Strike 2,Кайф игра ток тимы раки хыхыхыхы,positive,steam_live,730,True,1778823213,114846,russian,0,0.5,True,False,False
Counter-Strike 2,Игра очень крутая и деномичная можно побомбить поржать но добавте античит получше еще чтоб вообще читерам был конец хехеех,positive,steam_live,730,True,1778823157,10587,russian,0,0.5,True,False,False
Counter-Strike 2,"İt started bad,people missing the OG CSGO but valve is tryıng his best to make ıt good lıke old days,so dont complaın ıf you love thıs game,at least support them,ıt wıll make a huge dıfference than hatıng and complaınıng,you wıll see...",positive,steam_live,730,True,1778823088,35264,turkish,0,0.5,True,False,False
Counter-Strike 2,juegazo,positive,steam_live,730,True,1778823084,7448,spanish,0,0.5,True,False,False
Counter-Strike 2,shuang,positive,steam_live,730,True,1778823040,1772,schinese,0,0.5,True,False,False
Counter-Strike 2,Бурмалдец,positive,steam_live,730,True,1778823014,31624,russian,0,0.5,True,False,False
Counter-Strike 2,..,positive,steam_live,730,True,1778823003,1929,turkish,0,0.5,True,False,False
Counter-Strike 2,very good video game I play viz my rashan comrades,positive,steam_live,730,True,1778822906,73,english,0,0.5,True,False,False
Counter-Strike 2,игра топ,positive,steam_live,730,True,1778822881,7971,russian,1,0.523809552192687988,True,False,False
Counter-Strike 2,Go ♥♥♥♥ yourself Gabe,negative,steam_live,730,False,1778822812,135923,english,1,0.476190477609634399,True,False,False
Counter-Strike 2,"una **** de juego.no lo jueguen si quieren estar tranquilos y felices 

pstt: no le metan plata al jueguito eso no es bueno :D",positive,steam_live,730,True,1778822705,215311,spanish,0,0.5,True,False,False
Counter-Strike 2,many toxic boy tryna hit me up,positive,steam_live,730,True,1778822681,452,english,1,0.523809552192687988,True,False,False
Counter-Strike 2,Give me drop and see you again next week!!,positive,steam_live,730,True,1778822662,267,english,0,0.5,True,False,False
Counter-Strike 2,dont be a woman adn play this game,positive,steam_live,730,True,1778822530,1851,english,0,0.5,True,False,False
Counter-Strike 2,i play this game to buy other games...,positive,steam_live,730,True,1778822487,2001,english,0,0.5,True,False,False
Counter-Strike 2,Самая лучшая игра,positive,steam_live,730,True,1778822473,57327,russian,0,0.5,True,False,False
Counter-Strike 2,"Качаю звание, все супер",positive,steam_live,730,True,1778822359,804,russian,0,0.5,True,False,False
Counter-Strike 2,Легендарная игра,positive,steam_live,730,True,1778822276,484,russian,0,0.5,True,False,False
Counter-Strike 2,垃圾游戏,negative,steam_live,730,False,1778822266,58105,schinese,0,0.476190477609634399,True,False,False
Counter-Strike 2,trash game,positive,steam_live,730,True,1778822259,1994,english,0,0.5,True,False,False
Counter-Strike 2,juego de re mierda.,negative,steam_live,730,False,1778821399,28529,spanish,0,0.5,True,False,False
Counter-Strike 2,"Yes and maybe no 

not for the faint of heart",positive,steam_live,730,True,1778821386,63249,english,0,0.5,True,False,False
Counter-Strike 2,"not bad, i used to play source way back when but its still not better than go",positive,steam_live,730,True,1778821366,4824,english,0,0.5,True,False,False
Counter-Strike 2,很棒的游戏,positive,steam_live,730,True,1778821344,14889,schinese,0,0.5,True,False,False
Counter-Strike 2,+реп,positive,steam_live,730,True,1778821072,53435,russian,0,0.5,True,False,False
Counter-Strike 2,好玩,positive,steam_live,730,True,1778821048,7316,schinese,0,0.5,True,False,False
Counter-Strike 2,♥♥♥♥ game,positive,steam_live,730,True,1778821016,2478,russian,0,0.5,True,False,False
Counter-Strike 2,Затягивает на сотни часов,positive,steam_live,730,True,1778820898,1662,russian,0,0.5,True,False,False
Counter-Strike 2,V社毁了一个世界上最完美的游戏,positive,steam_live,730,True,1778820831,7822,schinese,0,0.5,True,False,False
Counter-Strike 2,fun game fun people,positive,steam_live,730,True,1778820806,2717,english,1,0.523809552192687988,True,False,False
Counter-Strike 2,muitos hacker,negative,steam_live,730,False,1778820722,14568,spanish,0,0.5,True,False,False
Counter-Strike 2,低能兒一堆 尤其是俄羅斯 開透也不ban 傻逼遊戲,negative,steam_live,730,False,1778820674,7285,tchinese,0,0.5,True,False,False
Counter-Strike 2,klassnaya igra,positive,steam_live,730,True,1778820362,3028,russian,0,0.5,True,False,False
Counter-Strike 2,Понравились новые дымы,positive,steam_live,730,True,1778820141,728,russian,0,0.5,True,False,False
Counter-Strike 2,"juegazo, pero a veces muy toxico",positive,steam_live,730,True,1778820107,10460,spanish,0,0.5,True,False,False
Counter-Strike 2,))))))))))))))))),positive,steam_live,730,True,1778819955,7049,russian,0,0.5,True,False,False
Counter-Strike 2,好玩，休闲模式更好玩,positive,steam_live,730,True,1778819830,30952,schinese,0,0.5,True,False,False
Counter-Strike 2,"this game so ass, but i cant stop playing it",positive,steam_live,730,True,1778819289,14814,vietnamese,0,0.5,True,False,False
Counter-Strike 2,here comes the money money /....,positive,steam_live,730,True,1778819275,12521,english,0,0.5,True,False,False
Counter-Strike 2,Buen juego,positive,steam_live,730,True,1778819210,8028,latam,0,0.5,True,False,False
Counter-Strike 2,как в это играть?,positive,steam_live,730,True,1778819143,10321,russian,1,0.523809552192687988,True,False,False
Counter-Strike 2,Incroyable jeu mais TROP DE RUSKOV QUI PARLENT PAS ANGLAIS,positive,steam_live,730,True,1778819127,7862,french,0,0.5,True,False,False
Counter-Strike 2,tope,positive,steam_live,730,True,1778819036,5762,spanish,0,0.5,True,False,False
Counter-Strike 2,垃圾东西，v社就是个SB，不会做游戏就别NMGB做,negative,steam_live,730,False,1778818774,15715,schinese,0,0.5,True,False,False
Counter-Strike 2,il faut try hard au début et après c'est satisfaisant,positive,steam_live,730,True,1778818752,6382,french,0,0.5,True,False,False
Counter-Strike 2,круто,positive,steam_live,730,True,1778818552,6087,russian,0,0.5,True,False,False
Counter-Strike 2,juego epico si sos bueno sino borralo a la mierdv,positive,steam_live,730,True,1778818451,4323,latam,0,0.5,True,False,False
Counter-Strike 2,Читеров бы поменьше,positive,steam_live,730,True,1778818444,1108,russian,0,0.5,True,False,False
Counter-Strike 2,"[h1] Казино с пластиковыми пулями [/h1]
[b] Zaебало. мясо, которое придумало сабтик ты самое тупорылейшее животное, просто yeбищe больное на всю голову желаю тебе бесконечную крутку кейсов откуда будет выпадать имя твоего отчима который в ту роковую ночь подарил тебе это знание про сабтик oрaльнo и aнaльнo. (не)жду когда починят тик рейт, пока только тик ток получился. спрей тоже крутой, зайди в ксго и сравни че теперь стало: трассеры рисуются красиво, правда категорически не совпадают с реальными попаданиями. хитрег имба короче, wp. контр стрейфы работают так, что чел с диглом на +w тебя шотает с 25% шансом, без контр стрейфа, я как будто в варзон зашел, аж прослезился когда вспомнил что с таким же шансом у меня могла отсосать мертвая мать габена под трек Cola Ланы Дель Рей. Таким образом, подводя итог, в окончание, можно сказать, не затягивая, не спеша, не шиша, черемша, что мясо на вальве засунули казино в геймплей, а не только в кейсы, гении не иначе, жду хл3 с рандомными концовками в надежде выбить признание в отцовстве скибиди джимена к скибиди гордону фримену. кстати умирать за стенами в этой спидозной помойке стало национальным видом спорта, несмотря на пинг 3-6 мс. [spoiler] deadlock могает [/spoiler] [/b]",negative,steam_live,730,False,1778818428,17530,russian,2,0.54356849193572998,True,False,False
Counter-Strike 2,yes,positive,steam_live,730,True,1778818333,20477,english,0,0.5,True,False,False
Counter-Strike 2,"Античита по факту  нет. В прайме нормальная ситуация, когда на карте только один-два человека, а остальное - боты ферм. Но много серверов вообще без людей. Одни ботофермы",negative,steam_live,730,False,1778818316,40235,russian,1,0.5,True,False,False
Counter-Strike 2,"se vc joga bem vc é xitado, matchmaking horrivel, só os manito que joga de volante, já citei que é proibido ter um gamesense decente? se nao vc é xitado, e nem adianta se explicar. pessima comunidade",negative,steam_live,730,False,1778818264,3633,brazilian,0,0.5,True,False,False
Counter-Strike 2,bom,positive,steam_live,730,True,1778818191,2675,brazilian,0,0.5,True,False,False
Counter-Strike 2,非常好玩的游戏,positive,steam_live,730,True,1778817975,60830,schinese,0,0.5,True,False,False
Counter-Strike 2,This game makes me wanna be racist.,negative,steam_live,730,False,1778817902,70786,english,1,0.523809552192687988,True,False,False
Counter-Strike 2,Классика в новой обертке,positive,steam_live,730,True,1778817775,1049,russian,0,0.5,True,False,False
Counter-Strike 2,wow,positive,steam_live,730,True,1778817519,1085,german,0,0.5,True,False,False
Counter-Strike 2,"Una basura de juego adictivo y sociable lleno de ♥♥♥♥♥♥♥♥, pero valve se pasa por la raja las opiniones, cierto gordo em tu yate en el mediterraneo?",negative,steam_live,730,False,1778817424,40505,latam,0,0.5,True,False,False
Counter-Strike 2,good game xd,positive,steam_live,730,True,1778817323,323,russian,0,0.5,True,False,False
Counter-Strike 2,nice,positive,steam_live,730,True,1778817287,10373,turkish,0,0.5,True,False,False
Counter-Strike 2,happy pain,positive,steam_live,730,True,1778817150,74857,english,0,0.5,True,False,False
Counter-Strike 2,"Норм обнова, играем",positive,steam_live,730,True,1778817111,6,russian,0,0.5,True,False,False
Counter-Strike 2,"muito bom, passo raiva mas gosto dms",positive,steam_live,730,True,1778817058,4611,brazilian,0,0.5,True,False,False
Counter-Strike 2,Интерфейс стал удобнее,positive,steam_live,730,True,1778817036,484,russian,0,0.5,True,False,False
Counter-Strike 2,best game,positive,steam_live,730,True,1778816858,160,english,1,0.523809552192687988,True,False,False
Counter-Strike 2,в этой игре куча оружий и разные режимы и эта игра очень крутая,positive,steam_live,730,True,1778816571,16327,russian,0,0.5,True,False,False
Counter-Strike 2,Minha partida ta valendo os R$ 76 não fui banido! GLORIA A DEUSX,positive,steam_live,730,True,1778816495,634,brazilian,0,0.5,True,False,False
Counter-Strike 2,纯粹的fps游戏，不花哨，只有最原始最根本的射击类游戏的体验快感,positive,steam_live,730,True,1778816337,26296,schinese,0,0.5,True,False,False
Counter-Strike 2,"Качаю звание, все супер",positive,steam_live,730,True,1778815714,1875,russian,0,0.5,True,False,False
Counter-Strike 2,"Even if the cases are essentially a rigged lottery, this game still has a better monetization structure than modern COD slop.",positive,steam_live,730,True,1778815684,27218,english,0,0.5,True,False,False
Counter-Strike 2,my friend is both intelegent and stupid at the same time,positive,steam_live,730,True,1778815617,5941,english,0,0.5,True,False,False
Counter-Strike 2,最纯正的fps,positive,steam_live,730,True,1778815569,6682,schinese,0,0.5,True,False,False
Counter-Strike 2,if you not like cs2 or 1.6 go to doctor in fast time  ok boy 👌,positive,steam_live,730,True,1778815470,2563,english,0,0.476190477609634399,True,False,False
Counter-Strike 2,"Não jogue, cheio de xiter",negative,steam_live,730,False,1778815403,5939,brazilian,0,0.5,True,False,False
Counter-Strike 2,me desenvolveu calvice,positive,steam_live,730,True,1778815381,13423,brazilian,0,0.5,True,False,False
Counter-Strike 2,A lot of cheaters in 2026,negative,steam_live,730,False,1778815121,1530,turkish,1,0.5,True,False,False
Counter-Strike 2,"typical counter strike loop:
1. you get back on counter strike for the first time in months
2. you get your your friends to get back on counter strike for the first time in months
3. you play a game of dust 2
4. you and your friends remember why this is your first game in months
5. you and your friends uninstall counter strike
6. see 1",positive,steam_live,730,True,1778814994,13734,english,0,0.5,True,False,False
Counter-Strike 2,저는 이 게임이 정말 좋아요.,positive,steam_live,730,True,1778814985,1057,indonesian,0,0.5,True,False,False
Counter-Strike 2,lovely russians never scream <3,positive,steam_live,730,True,1778814925,31142,english,0,0.5,True,False,False
Counter-Strike 2,Катки ищутся быстро,positive,steam_live,730,True,1778814900,747,russian,0,0.5,True,False,False
Counter-Strike 2,`12,positive,steam_live,730,True,1778814899,26577,russian,0,0.5,True,False,False
Counter-Strike 2,its good,positive,steam_live,730,True,1778814884,14652,spanish,0,0.5,True,False,False
Counter-Strike 2,I've never seen a better anti-cheat,positive,steam_live,730,True,1778814789,10213,english,0,0.5,True,False,False
Counter-Strike 2,♥♥♥♥♥ полная,positive,steam_live,730,True,1778814766,10006,russian,0,0.5,True,False,False
Counter-Strike 2,It's alright I guess.,positive,steam_live,730,True,1778814764,23480,english,0,0.5,True,False,False
Counter-Strike 2,Na,negative,steam_live,730,False,1778814654,102479,english,0,0.5,True,False,False
Counter-Strike 2,"This game is much funner with friends. Casual sucks its a 10 vs 10 flood of people and just isnt that fun, play comp if you want to gety into the game.",positive,steam_live,730,True,1778814608,12040,english,0,0.5,True,False,False
Counter-Strike 2,говно,negative,steam_live,730,False,1778814432,27898,russian,0,0.5,True,False,False
Counter-Strike 2,gg,positive,steam_live,730,True,1778814320,1895,english,0,0.5,True,False,False
Counter-Strike 2,"péssimo, cheio de cheaters e smurfs estragando a gameplay de quem está começando.",positive,steam_live,730,True,1778814255,170,brazilian,1,0.523809552192687988,True,False,False
Counter-Strike 2,WSZYSTKO,positive,steam_live,730,True,1778814237,1368,polish,0,0.5,True,False,False
Counter-Strike 2,cheto,positive,steam_live,730,True,1778814151,24081,spanish,0,0.5,True,False,False
Counter-Strike 2,muy bueno. no lo jueguen,positive,steam_live,730,True,1778814108,16736,latam,0,0.5,True,False,False
Counter-Strike 2,MUITO XITERS,negative,steam_live,730,False,1778814012,39032,brazilian,1,0.523809552192687988,True,False,False
Counter-Strike 2,best game,positive,steam_live,730,True,1778813545,136,english,2,0.545454561710357666,True,False,False
Counter-Strike 2,Пойдет,positive,steam_live,730,True,1778813092,390,russian,0,0.5,True,False,False
Counter-Strike 2,ts mid,negative,steam_live,730,False,1778813059,855,english,1,0.5,True,False,False
Counter-Strike 2,"Muito bom, mas joguei pouco para analisar completamente. achei cheio de xiter",positive,steam_live,730,True,1778813032,320818,brazilian,0,0.5,True,False,False
Counter-Strike 2,Лучший шутер на ПК,positive,steam_live,730,True,1778812833,685,russian,0,0.5,True,False,False
Counter-Strike 2,mm sucks,negative,steam_live,730,False,1778812779,46378,english,0,0.476190477609634399,True,False,False
Counter-Strike 2,"Um jogo muito bom, só precisa de ajustes como alguns defeitos de tiro que sai errado as vezes e defeitos um anti cheater muito bom, pois ainda possuem varios cheaters",positive,steam_live,730,True,1778812514,134216,brazilian,0,0.5,True,False,False
Counter-Strike 2,alternatifi yok diye oynuyoz başlamadıysanız bulaşmayın,positive,steam_live,730,True,1778812425,5518,turkish,0,0.5,True,False,False
Counter-Strike 2,bom pra se estressar,positive,steam_live,730,True,1778812341,232608,brazilian,0,0.5,True,False,False
Counter-Strike 2,cool,positive,steam_live,730,True,1778811953,3260,english,0,0.5,True,False,False
Counter-Strike 2,ww,positive,steam_live,730,True,1778811777,22346,turkish,0,0.5,True,False,False
Counter-Strike 2,Топ за свои деньги,positive,steam_live,730,True,1778811680,874,russian,0,0.5,True,False,False
Counter-Strike 2,Самый хуевый шутер из всех возможных,negative,steam_live,730,False,1778811622,3065,russian,0,0.5,True,False,False
Counter-Strike 2,good game good,positive,steam_live,730,True,1778811317,914,english,0,0.5,True,False,False
Counter-Strike 2,en başta herşey güzeldi adam vurabiliyorduk herşey seçkini açmam ve biraz seviyemi yükseltikten sonra başladı amk oyunu korku oyunu gibi takımdaki trol annesiz oe lerden tut nerden vurulduğunu bilemediğin seni anasının amından bvuran hileci oe lerden tutun  eğer hayatınızı sikmek istiyorsanız birebir,negative,steam_live,730,False,1778811191,10502,turkish,1,0.5,True,False,False
Counter-Strike 2,n1,positive,steam_live,730,True,1778811128,10004,english,0,0.5,True,False,False
Counter-Strike 2,"Es un asco, pero no se confundan el juego en si es muy bueno, siendo un shooter le daria un 8 o 9 la verdad sus mecanicas son muy buenas pero tener q jugar cada partida contra hackers y encima que valve los premie por usar los hacks",negative,steam_live,730,False,1778811039,7811,spanish,0,0.5,True,False,False
Counter-Strike 2,好玩,positive,steam_live,730,True,1778810932,22298,schinese,0,0.5,True,False,False
Counter-Strike 2,Игра ваще топ советую,positive,steam_live,730,True,1778810710,9288,russian,1,0.523809552192687988,True,False,False
Counter-Strike 2,Читеров бы поменьше,positive,steam_live,730,True,1778810521,1536,russian,0,0.5,True,False,False
Counter-Strike 2,Booooo,negative,steam_live,730,False,1778810514,18904,english,0,0.454545468091964722,True,False,False
Counter-Strike 2,This game swings from being mildly fun to cancer. Too many hackers and griefers to really enjoy it.,negative,steam_live,730,False,1778810290,59033,english,0,0.476190477609634399,True,False,False
Counter-Strike 2,tengo frio ma abrime,positive,steam_live,730,True,1778810248,1277,spanish,1,0.523809552192687988,True,False,False
Counter-Strike 2,Great game I love it so!,positive,steam_live,730,True,1778810143,4553,english,0,0.5,True,False,False
Counter-Strike 2,Best game ever i recommend,positive,steam_live,730,True,1778810016,10797,english,0,0.5,True,False,False
Counter-Strike 2,Лучший шутер на ПК,positive,steam_live,730,True,1778810006,132,russian,0,0.5,True,False,False
Counter-Strike 2,Bir anda hayatsız olacağım ben diyenlere tavsiye edilir!!,positive,steam_live,730,True,1778809749,35679,turkish,0,0.5,True,False,False
Counter-Strike 2,"Muitos xiter, fora isso exelente.",positive,steam_live,730,True,1778809549,24633,brazilian,0,0.5,True,False,False
Counter-Strike 2,"за время игры понял,что с кем бы ты не играл все тупые и умственно отсталые ебланы,игра топ",positive,steam_live,730,True,1778809387,30813,russian,0,0.5,True,False,False
Counter-Strike 2,es muy bueno cuando lo tomas con una cerveza y andas con los downs de tus compas,positive,steam_live,730,True,1778809360,4942,spanish,0,0.5,True,False,False
Counter-Strike 2,"If you like toxic pos's! THIS IS THE GAME FOR YOU! 
One of the better games if you like being able to use your ""freedom of speech"" :o 
If you are a sensitive ♥♥♥♥♥, go suck a ♥♥♥♥, this game is not for you!",positive,steam_live,730,True,1778809340,57734,english,0,0.5,True,False,False
Counter-Strike 2,Canela,positive,steam_live,730,True,1778809204,1098,spanish,0,0.5,True,False,False
Counter-Strike 2,Исправили много багов,positive,steam_live,730,True,1778809073,309,russian,0,0.5,True,False,False
Counter-Strike 2,我最爱的射击游戏，如果没改弹夹系统就更棒了,positive,steam_live,730,True,1778809013,58008,schinese,0,0.5,True,False,False
Counter-Strike 2,blyat,positive,steam_live,730,True,1778808790,2455,spanish,0,0.5,True,False,False
Counter-Strike 2,слишком плохо дабы называть это хорошо...,positive,steam_live,730,True,1778808784,11506,russian,0,0.5,True,False,False
Counter-Strike 2,me gusta hacer trampas y que se enfurezcan los rivales,positive,steam_live,730,True,1778808740,13283,english,0,0.5,True,False,False
Counter-Strike 2,this game makes me want to rip out my own eyeballs just so i don't have to see the monstrosity of what people call this i would rather eat glass while walking on legos and use fiberglass as my toilet paper than play this game every time i get on this game it makes me question all of my life choices up till this point dangle me over a cage filled with crocodiles before having me play this again i don't even know why i open my eyes in the morning and say oh yeah let me just hop on overwatch why do i play this over any other game is a mystery to everyone including myself the devs are out here huffing glue and throwing darts at a board to decide whose life to ruin next every time the loading screen pops up i feel a piece of my soul shrivel up and die its like a psychic parasite that feeds exclusively on my happiness i would rather gargle hot thumbtacks than look at that screen for one more millisecond i’m literally sitting here vibrating with rage watching my blood pressure skyrocket all for what to hear a bunch of beeps and boops that trigger my need to kms i am genuinely convinced this app is a digital parasite that is slowly liquefying my frontal lobe until my head is just a hollow container for pure unadulterated salt i hope my pc spontaneously combusts and takes my house with it just so i have a physical barrier between me and that cursed play button i am actually rotting in real time i feel the wrinkles forming on my face with every match i queue for and i am certain that if i died tomorrow they would find the overwatch logo burned into my retinas as a final insult to my existence i am a clown a fool a pathetic little jester dancing for a game that smells like burning trash and broken dreams and i honestly hope a giant sinkhole opens up under my desk and swallows me whole so i never have to see another pixel of this absolute neon vomit ever again,positive,steam_live,730,True,1778808655,18634,english,0,0.5,True,False,False
Counter-Strike 2,chess with guns,positive,steam_live,730,True,1778808574,2991,english,0,0.5,True,False,False
Counter-Strike 2,This game ♥♥♥♥♥♥ blows. add me on osrs for 500 invo TOA carries,negative,steam_live,730,False,1778808408,213514,english,0,0.5,True,False,False
Counter-Strike 2,sold all my skins and I'll never play again,positive,steam_live,730,True,1778808312,70083,english,1,0.523809552192687988,True,False,False
Counter-Strike 2,DIDNT PUT THE ARMOURY UPDATE INJ TIME,negative,steam_live,730,False,1778808249,56278,english,0,0.5,True,False,False
Counter-Strike 2,"nao, apenas nao",negative,steam_live,730,False,1778808187,10532,english,0,0.5,True,False,False
Counter-Strike 2,Игра классика жанра. Рекомендую!,positive,steam_live,730,True,1778808168,412,russian,0,0.5,True,False,False
Counter-Strike 2,"2b 4a
99% of all profile comments come from this game
+rep for being the only game where you can use free speech
♥♥♥♥ ♥♥♥♥♥ ♥♥♥♥♥♥ 
im from england america",positive,steam_live,730,True,1778808137,5877,english,0,0.5,True,False,False
Counter-Strike 2,good,positive,steam_live,730,True,1778808104,50196,french,0,0.5,True,False,False
Counter-Strike 2,игра.очен. круто. мне понравилось. 👍👍👍👍👍👍👍👍👍👍👍👍👍👍👍👍👍👍👍👍👍,positive,steam_live,730,True,1778808053,30787,russian,0,0.5,True,False,False
Counter-Strike 2,нормально,positive,steam_live,730,True,1778808023,149995,russian,0,0.5,True,False,False
Counter-Strike 2,Been seeing way too many cheaters lately,positive,steam_live,730,True,1778807977,14515,english,0,0.5,True,False,False
Counter-Strike 2,we've all said we hate cs but we cant let go of it,positive,steam_live,730,True,1778807781,7306,english,0,0.5,True,False,False
Counter-Strike 2,bardzo dore,positive,steam_live,730,True,1778807740,27579,polish,0,0.5,True,False,False
Counter-Strike 2,нот рег,positive,steam_live,730,True,1778807611,34680,russian,0,0.5,True,False,False
Counter-Strike 2,this game has brought back truma from ww2,positive,steam_live,730,True,1778807578,2745,english,0,0.5,True,False,False
Counter-Strike 2,Топ за свои деньги,positive,steam_live,730,True,1778807374,319,russian,0,0.5,True,False,False
Counter-Strike 2,хорошая компьютерная игра,positive,steam_live,730,True,1778807215,5,russian,2,0.534368038177490234,True,False,False
Counter-Strike 2,BALA,positive,steam_live,730,True,1778807109,13929,brazilian,0,0.5,True,False,False
Counter-Strike 2,"разраб ублюдок!!! чисто дети ♥♥♥♥ и вальв, это синонимы. покажите вальвам кто-то их конченый дм. может хоть тогда чет в башке зашевелится",negative,steam_live,730,False,1778807036,21985,russian,0,0.5,True,False,False
Counter-Strike 2,da raiva mas continuo jogando,positive,steam_live,730,True,1778806956,2483,brazilian,0,0.5,True,False,False
Counter-Strike 2,Buen juego pero deberían hacer algo serio con los cheaters.,positive,steam_live,730,True,1778806913,68151,spanish,0,0.5,True,False,False
Counter-Strike 2,Good Game,positive,steam_live,730,True,1778806808,3652,turkish,0,0.5,True,False,False
Counter-Strike 2,MUITO BOM,positive,steam_live,730,True,1778806682,10571,brazilian,0,0.5,True,False,False
Counter-Strike 2,apenas o high level smurfando,positive,steam_live,730,True,1778806170,665,brazilian,0,0.5,True,False,False
Counter-Strike 2,-,positive,steam_live,730,True,1778806073,743863,brazilian,0,0.5,True,False,False
Counter-Strike 2,Габэн пидор ♥♥♥♥♥♥ софтов столько же сколько его мать раз в рот ебали,negative,steam_live,730,False,1778805993,46105,russian,0,0.5,True,False,False
Counter-Strike 2,go,positive,steam_live,730,True,1778805984,38435,schinese,0,0.5,True,False,False
Counter-Strike 2,gyet in,positive,steam_live,730,True,1778805923,4613,english,1,0.5,True,False,False
Counter-Strike 2,son güncellemeler ile oyun biraz daha cs go ya yaklaştı,positive,steam_live,730,True,1778805824,33482,turkish,0,0.5,True,False,False
Counter-Strike 2,Very good! Don't play!,positive,steam_live,730,True,1778805724,2528,brazilian,1,0.523809552192687988,True,False,False
Counter-Strike 2,Е,positive,steam_live,730,True,1778805618,718,russian,0,0.523809552192687988,True,False,False
Counter-Strike 2,Интерфейс стал удобнее,positive,steam_live,730,True,1778805616,768,russian,0,0.5,True,False,False
Counter-Strike 2,bvizhgiuzh,positive,steam_live,730,True,1778805615,1815,english,0,0.5,True,False,False
Counter-Strike 2,"una falta total de inclusividad, lleno de gente con enfermedades mentales y nadie normal",negative,steam_live,730,False,1778805579,2679,spanish,0,0.5,True,False,False
Counter-Strike 2,çok hile var,negative,steam_live,730,False,1778805414,5733,turkish,1,0.5,True,False,False
Counter-Strike 2,把永远爱你写进诗的结尾,positive,steam_live,730,True,1778805330,987,latam,0,0.5,True,False,False
Counter-Strike 2,Bom,positive,steam_live,730,True,1778805234,792,brazilian,0,0.5,True,False,False
Counter-Strike 2,"cs 1.6 mt foda, esse aqui é  só historia  kkk",positive,steam_live,730,True,1778805164,3604,brazilian,0,0.5,True,False,False
Counter-Strike 2,офигенно,positive,steam_live,730,True,1778805156,2151,english,0,0.5,True,False,False
Counter-Strike 2,No anticheat,negative,steam_live,730,False,1778805152,7486,english,0,0.5,True,False,False
Counter-Strike 2,kryta,positive,steam_live,730,True,1778805129,20365,russian,1,0.523809552192687988,True,False,False
Counter-Strike 2,Gostei,positive,steam_live,730,True,1778805000,29329,brazilian,0,0.5,True,False,False
Counter-Strike 2,Melhor Fps do mundo,positive,steam_live,730,True,1778804850,53442,brazilian,0,0.5,True,False,False
Counter-Strike 2,it gave me depression  10/10 game,positive,steam_live,730,True,1778804848,3867,english,0,0.5,True,False,False
Counter-Strike 2,Anticheat de mierda,negative,steam_live,730,False,1778804670,47158,spanish,0,0.5,True,False,False
Counter-Strike 2,"Feu el que volgueu, no escolteu als russos.",positive,steam_live,730,True,1778804653,5628,spanish,0,0.5,True,False,False
Counter-Strike 2,bom e,positive,steam_live,730,True,1778804461,2233,brazilian,0,0.5,True,False,False
Counter-Strike 2,"Türkçe

Counter-Strike 2 gerçekten son yılların en iyi rekabetçi fps oyunlarından biri olmuş source 2 motoruyla birlikte oyun çok daha canlı ve gerçekçi görünüyor özellikle smoke sistemi baya iyi düşünülmüş artık dumanların içine ateş edildiğinde şekli değişiyor bu da oyuna daha taktiksel bir hava katıyor silah hissiyatı eski cs oyunlarına göre daha akıcı ve modern hissettiriyor premier modu sayesinde rekabet ortamı daha ciddi olmuş takımca oynandığında aşırı keyif veriyor bazen optimizasyon sorunları ve fps düşüşleri yaşansa da valve güncellemelerle oyunu geliştirmeye devam ediyor genel olarak hem eski oyuncular hem yeni başlayanlar için uzun süre oynanabilecek kaliteli bir oyun olmuş

English

Counter-Strike 2 is honestly one of the best competitive fps games in recent years with the new source 2 engine the game looks much more realistic and alive especially the new smoke mechanics which completely changed the tactical side of the game smokes react to bullets and explosions making matches feel more dynamic and strategic gunplay feels smoother and more modern compared to older cs games premier mode also made competitive matches more serious and enjoyable playing with friends is extremely fun even though the game still has some optimization issues and fps drops valve keeps improving it with updates overall it is a great game for both old counter strike players and new players who enjoy competitive gameplay and teamwork

Русский

Counter-Strike 2 получилась очень крутой соревновательной игрой с новым движком source 2 игра стала выглядеть намного красивее и реалистичнее особенно сильно изменили систему дыма теперь дым реагирует на выстрелы и взрывы из за чего игра стала более тактической стрельба ощущается плавнее и современнее чем в старых версиях cs режим premier сделал рейтинговые матчи более серьёзными и интересными играть с друзьями очень весело хоть иногда и встречаются проблемы с оптимизацией и просадки fps valve продолжает выпускать обновления и улучшать игру в целом это отличная игра как для старых фанатов counter strike так и для новых игроков которые любят командный и соревновательный геймплей",positive,steam_live,730,True,1778804458,35226,turkish,0,0.5,True,False,False
Counter-Strike 2,EL CS,positive,steam_live,730,True,1778804390,2181,spanish,0,0.5,True,False,False
Counter-Strike 2,Güzel hilecok,positive,steam_live,730,True,1778804349,2606,turkish,1,0.523809552192687988,True,False,False
Counter-Strike 2,Ótimo jogo pra quem não quer ter uma sanidade boa.,positive,steam_live,730,True,1778804313,62325,brazilian,0,0.5,True,False,False
Counter-Strike 2,ss,positive,steam_live,730,True,1778804270,8632,russian,0,0.5,True,False,False
Counter-Strike 2,.,negative,steam_live,730,False,1778804256,8567,russian,0,0.5,True,False,False
Counter-Strike 2,Я КАК ОЛД ИГРА КАЙФ!,positive,steam_live,730,True,1778804238,39,russian,0,0.5,True,False,False
Counter-Strike 2,The best game ever made.,positive,steam_live,730,True,1778804238,119036,english,0,0.5,True,False,False
Counter-Strike 2,Топ за свои деньги,positive,steam_live,730,True,1778804125,598,russian,0,0.5,True,False,False
Counter-Strike 2,unplayable game,negative,steam_live,730,False,1778804015,10586,english,0,0.5,True,False,False
Counter-Strike 2,"Норм обнова, играем",positive,steam_live,730,True,1778803957,1465,russian,0,0.5,True,False,False
Counter-Strike 2,BEST GAME EVER I PLAY SINCE IM 2 YEAR OLD AND I PLAY CS1.6 NOW IM 18 BEST GAME EVER,positive,steam_live,730,True,1778803936,11704,english,0,0.5,True,False,False
Counter-Strike 2,Лучший шутер на ПК,positive,steam_live,730,True,1778803869,553,russian,0,0.5,True,False,False
Counter-Strike 2,Acho que é bom.,positive,steam_live,730,True,1778803804,128365,brazilian,1,0.523809552192687988,True,False,False
Counter-Strike 2,No.,negative,steam_live,730,False,1778803734,505,latam,0,0.5,True,False,False
Counter-Strike 2,Скины выглядят сочно,positive,steam_live,730,True,1778803433,226,russian,0,0.5,True,False,False
Counter-Strike 2,yas,positive,steam_live,730,True,1778803432,14501,english,0,0.5,True,False,False
Counter-Strike 2,fun,positive,steam_live,730,True,1778803202,3562,english,0,0.5,True,False,False
Counter-Strike 2,gh,positive,steam_live,730,True,1778803080,46554,brazilian,0,0.5,True,False,False
Counter-Strike 2,"это не Counter Strike 2? нет ♥♥♥♥♥ это Говно ♥♥♥♥♥♥ 2
расинхроны вечные, импут-лаг постоянно присутствует, включение или выключение этого ебливого прогноза, вообще никак не помогает, в CS GO такой ♥♥♥♥♥ небыло, именно в этой параше такое происходит, ни в одной другой игре нету такой дичи, но валв постарались и обосрались, высрали это глючное дерьмо, так еще и никак античит не работает, софтеры обязательно все обосрут, и их не забанят, ни по айпи, и ни по железу, что крайне хорошо уберегло многих игроков, от подобной нечести с софтом все через жопу в этой игре 
НЕ СОВЕТУЮ НОВЫМ ИГРОКАМ, ТУТ СУГУБО НА ФЕЙСИТ ИДТИ И ИГРАТЬ ИЛИ С ДРУЗЬЯМИ ИГРАТЬ 1НА1 ИЛИ 2НА2 ИЛИ ВООБЩЕ 5НА5",negative,steam_live,730,False,1778803000,11708,russian,0,0.5,True,False,False
Counter-Strike 2,Bad game,negative,steam_live,730,False,1778802988,5962,english,0,0.5,True,False,False
Counter-Strike 2,best game ever,positive,steam_live,730,True,1778802988,12696,english,0,0.5,True,False,False
Counter-Strike 2,ce jeux ma tous pris....mais qui sera toujours l un des meilleur jeux,positive,steam_live,730,True,1778802884,25878,french,0,0.5,True,False,False
Counter-Strike 2,O jogo ta infestado de hacker e a Valve não faz NADA. não compensa.,negative,steam_live,730,False,1778802814,167802,brazilian,0,0.5,True,False,False
Counter-Strike 2,sıkıntılı oyun tr serverı şart hilelere cözüm gerekli duzelse süper oyun...,positive,steam_live,730,True,1778802750,22232,turkish,0,0.5,True,False,False
Counter-Strike 2,.,positive,steam_live,730,True,1778802717,3560,turkish,0,0.5,True,False,False
Counter-Strike 2,..,positive,steam_live,730,True,1778802537,4487,ukrainian,0,0.5,True,False,False
Counter-Strike 2,"I want to shove rebar into my eyesocket when i have chinese faceit teamates, apart from this, very enjoyable",positive,steam_live,730,True,1778802529,24294,english,1,0.508928596973419189,True,False,False
Counter-Strike 2,"el mejor juego a través de los años, lastima que Valve no haga nada respecto a la cantidad de cuentas que usan hacks, chits y otros software malisiosos.",positive,steam_live,730,True,1778802428,47795,spanish,0,0.5,True,False,False
Counter-Strike 2,2778,positive,steam_live,730,True,1778802313,1326,schinese,0,0.5,True,False,False
Counter-Strike 2,<3,positive,steam_live,730,True,1778802311,2865,brazilian,0,0.5,True,False,False
Counter-Strike 2,es falopa,positive,steam_live,730,True,1778802213,5468,spanish,0,0.5,True,False,False
Counter-Strike 2,"The most toxic, mind numbing, face smashing game on Steam. 

It makes me want to tie my pinky toes to an airplane and sit at the end of the runway while it takes off.
 Full of cheaters, cheaters everywhere. You can go buy cheats and infect your computer just to compete, or be an average player and bang your head against your desk everytime you open the game. 

9/10 Will play again in 5 minutes",positive,steam_live,730,True,1778802178,22278,english,0,0.5,True,False,False
Counter-Strike 2,game is so bad its actually fun. i wish i was kidding,positive,steam_live,730,True,1778802098,11153,english,0,0.5,True,False,False
Counter-Strike 2,"Great game Cool skins worth big bucks, can see why its still popular after 20+ years",positive,steam_live,730,True,1778802012,23937,english,0,0.5,True,False,False
Counter-Strike 2,"Esta bien padrote, t vuelves adicto la segunda vez q lo juegas porque la primera no vales pa' pura vrg 🔥",positive,steam_live,730,True,1778801985,3236,latam,0,0.5,True,False,False
Counter-Strike 2,zajebista,positive,steam_live,730,True,1778801890,9557,polish,1,0.523809552192687988,True,False,False
Counter-Strike 2,/,positive,steam_live,730,True,1778801851,63787,schinese,0,0.5,True,False,False
Counter-Strike 2,"O Counter-Strike 2 representa uma evolução significativa da clássica franquia competitiva da Valve Corporation, trazendo melhorias visuais expressivas, respostas mais precisas nos servidores e uma experiência de jogo mais moderna. A utilização da engine Source 2 elevou a qualidade gráfica, os efeitos de iluminação e a física das granadas de fumaça, tornando as partidas mais imersivas e estratégicas. Além disso, o jogo mantém a essência competitiva que consagrou a série ao longo dos anos, exigindo trabalho em equipe, reflexos rápidos e tomada de decisões inteligentes.

Outro aspecto positivo é a forte comunidade competitiva e o cenário de eSports, que continuam extremamente ativos e atraem milhões de jogadores ao redor do mundo. O sistema de partidas ranqueadas e a variedade de mapas clássicos contribuem para a longevidade do título, mantendo-o relevante entre os jogos competitivos atuais.

Entretanto, apesar de suas inúmeras qualidades, um problema ainda compromete consideravelmente a experiência dos jogadores: a presença frequente de hackers. O uso de programas ilegais, como *aimbot* e *wall hack*, prejudica a integridade competitiva das partidas, causando frustração tanto para jogadores casuais quanto para os mais dedicados. O *aimbot* permite que o usuário obtenha uma mira praticamente perfeita de maneira automática, enquanto o *wall hack* oferece visão através de paredes e obstáculos, eliminando completamente o fator estratégico do jogo.

Embora a desenvolvedora implemente sistemas antitrapaça e aplique punições regularmente, muitos jogadores consideram que o combate a essas práticas ainda poderia ser mais rigoroso e eficiente. A redução da presença de trapaceiros seria fundamental para preservar a competitividade saudável e garantir uma experiência mais justa para toda a comunidade.",positive,steam_live,730,True,1778801781,8027,brazilian,0,0.5,True,False,False
Counter-Strike 2,çok hile var.,negative,steam_live,730,False,1778801767,38116,turkish,1,0.5,True,False,False
Counter-Strike 2,"залупа а не игра, одни читаки с крутилкой и вх кроме фасика не реально играть",negative,steam_live,730,False,1778801648,82659,russian,1,0.5,True,False,False
Counter-Strike 2,fun,positive,steam_live,730,True,1778801611,48951,english,0,0.5,True,False,False
Counter-Strike 2,gostei,positive,steam_live,730,True,1778801608,999,brazilian,0,0.5,True,False,False
Counter-Strike 2,♥♥♥♥♥♥♥♥ игра дрочу,positive,steam_live,730,True,1778801538,16436,russian,0,0.5,True,False,False
Counter-Strike 2,CS is forever baby,positive,steam_live,730,True,1778801434,194089,english,0,0.5,True,False,False
Counter-Strike 2,"Só tem Hack no jogo, ridiculo o sistema Anticheat da Steam. Jogo esta vergonhoso",negative,steam_live,730,False,1778801418,3525,brazilian,0,0.5,True,False,False
Counter-Strike 2,don't gamble!,positive,steam_live,730,True,1778801359,2470,english,4,0.572471320629119873,True,False,False
Counter-Strike 2,ist eine hassliebe <3 ^^,positive,steam_live,730,True,1778801251,6169,german,0,0.5,True,False,False
Counter-Strike 2,MUITO TOP 67,positive,steam_live,730,True,1778801226,63162,brazilian,0,0.5,True,False,False
Counter-Strike 2,♥♥♥♥♥,negative,steam_live,730,False,1778801213,1804,english,0,0.5,True,False,False
Counter-Strike 2,Infested with cheaters. Don't waste your time.,negative,steam_live,730,False,1778801196,42407,english,1,0.5,True,False,False
Counter-Strike 2,its fun and great,positive,steam_live,730,True,1778801154,92398,english,0,0.5,True,False,False
Counter-Strike 2,Using old reviews to boost your score when this game is some mega lame loser behavior.,negative,steam_live,730,False,1778801044,4503,english,1,0.5,True,False,False
Counter-Strike 2,"15.05.26 Габен делал всё, что бы я играл кэш, но нет",negative,steam_live,730,False,1778801000,74831,english,0,0.5,True,False,False
Counter-Strike 2,Хриошая игра,positive,steam_live,730,True,1778800986,1815,russian,0,0.5,True,False,False
Counter-Strike 2,Bom pra jogar com os amigos.,positive,steam_live,730,True,1778800822,121571,brazilian,0,0.5,True,False,False
Counter-Strike 2,Esse jogo vai comer seu cérebro e dilacerar sua noção de tempo. Te trazer ansiedade e 0 vontade de viver. Dito isso: bom game fora os xiters sem família!,positive,steam_live,730,True,1778800576,3908,brazilian,0,0.5,True,False,False
Counter-Strike 2,Decent game but too many cheaters. Needs a better VAC Live,positive,steam_live,730,True,1778800447,34702,english,0,0.5,True,False,False
Counter-Strike 2,НЕ СТОИТ,positive,steam_live,730,True,1778800440,13687,russian,0,0.5,True,False,False
Counter-Strike 2,MEILLEUR JEUX DE TOUT LE TEMPS,positive,steam_live,730,True,1778800386,11632,french,0,0.5,True,False,False
Counter-Strike 2,"real good, go comp get cheater destroy keybord, 10/10",positive,steam_live,730,True,1778800379,41937,swedish,0,0.5,True,False,False
Counter-Strike 2,top,positive,steam_live,730,True,1778800377,3158,brazilian,0,0.5,True,False,False
Counter-Strike 2,не играйте в это,negative,steam_live,730,False,1778800310,7300,russian,0,0.5,True,False,False
Counter-Strike 2,good game,positive,steam_live,730,True,1778800174,61300,english,0,0.5,True,False,False
Counter-Strike 2,"Oyun gerçekten çok güzel. Ama şu eğim, kafaya nişan olayında kafasına tuttuğum halde kurşunun başka yere gitmesi oyun zevkimi kötü etkiliyor.",positive,steam_live,730,True,1778800159,1650,turkish,0,0.5,True,False,False
Counter-Strike 2,worst game ever,positive,steam_live,730,True,1778800132,3805,english,0,0.5,True,False,False
Counter-Strike 2,"Kurzweilig, Spaßig und auch frustrierend genau die richtige Mischung. Immer schön, wenn's andere zu ernst nehmen... ist nur ein spiel.
Ab und zu trifft man mal einen Cheater (Gelegenheitsspiel) oder Farm-Bots im Deathmatch, wenn man selber Sauber ist und eine guten Trustfaktor besitzt, sind in Premier oder Wettkampf so gut wie keine anzutreffen. Und wenn doch, ruhig bleiben zu ende spielen, danach Demo schauen und dann sieht man ob er einfach nur gut war, Glück hatte oder wirklich cheatet. (mit ein klein wenig Erfahrung erkennt man einen cheater ziemlich gut)",positive,steam_live,730,True,1778800054,67700,german,0,0.5,True,False,False
Counter-Strike 2,très bon jeux dans son style,positive,steam_live,730,True,1778799984,516,french,0,0.5,True,False,False
Counter-Strike 2,enjoy cheaters 24/7 trash game,negative,steam_live,730,False,1778799944,193002,english,1,0.5,True,False,False
Counter-Strike 2,"Lois im coming
Peter",positive,steam_live,730,True,1778799897,37998,english,0,0.5,True,False,False
Counter-Strike 2,:),positive,steam_live,730,True,1778799885,21195,turkish,0,0.5,True,False,False
Counter-Strike 2,besttt,positive,steam_live,730,True,1778799875,1666,turkish,0,0.5,True,False,False
Counter-Strike 2,asdin,positive,steam_live,730,True,1778799853,2824,schinese,1,0.523809552192687988,True,False,False
Counter-Strike 2,tlak,positive,steam_live,730,True,1778799847,1349,czech,1,0.523809552192687988,True,False,False
Counter-Strike 2,BABADIR BİZİM İÇİN,positive,steam_live,730,True,1778799807,17114,turkish,0,0.5,True,False,False
Counter-Strike 2,♥♥♥♥♥,negative,steam_live,730,False,1778799784,337084,russian,0,0.5,True,False,False
Counter-Strike 2,dtfrh,positive,steam_live,730,True,1778799768,4147,koreana,0,0.5,True,False,False
Counter-Strike 2,PIOLA,positive,steam_live,730,True,1778799735,11330,spanish,0,0.5,True,False,False
Counter-Strike 2,Hoorayy,positive,steam_live,730,True,1778799705,90017,english,0,0.5,True,False,False
Counter-Strike 2,"One of the best shooters out there, mechanics are easy but every game is still interesting. Apart from gambling and toxic teammates at times, great game.",positive,steam_live,730,True,1778799692,7435,german,0,0.5,True,False,False
Counter-Strike 2,Cheaters in every other game. literally,positive,steam_live,730,True,1778799659,232197,english,0,0.5,True,False,False
Counter-Strike 2,Я ВротДолБек,positive,steam_live,730,True,1778799629,7460,russian,0,0.5,True,False,False
Counter-Strike 2,ADICTIVO Y COMPETITIVO,positive,steam_live,730,True,1778799611,2776,spanish,0,0.5,True,False,False
Counter-Strike 2,muchos cheaters,negative,steam_live,730,False,1778799609,54364,spanish,0,0.5,True,False,False
Counter-Strike 2,"belíssimo game, prefiro o cs antigo, mas ate que esse me satisfaz. Indignante a quantidade de hack nas partidas, valve precisa caprichar mais. MAS ta bom. Da pra brincar e tirar boas risadas.
ass:francisco.",positive,steam_live,730,True,1778799606,18973,brazilian,0,0.5,True,False,False
Counter-Strike 2,Juegardo,positive,steam_live,730,True,1778799538,40612,latam,1,0.523809552192687988,True,False,False
Counter-Strike 2,"Качаю звание, все супер",positive,steam_live,730,True,1778799493,314,russian,0,0.5,True,False,False
Counter-Strike 2,"Игра огонь, рекомендую",positive,steam_live,730,True,1778799462,503,russian,0,0.5,True,False,False
Counter-Strike 2,GG,positive,steam_live,730,True,1778799418,354,turkish,0,0.5,True,False,False
Counter-Strike 2,FULL CHEAT,negative,steam_live,730,False,1778799413,9470,russian,0,0.5,True,False,False
Counter-Strike 2,помойка,positive,steam_live,730,True,1778799379,1166,russian,0,0.5,True,False,False
Counter-Strike 2,если от безделья хочешь пожрать говна то дерзай,positive,steam_live,730,True,1778799352,6493,russian,0,0.5,True,False,False
Counter-Strike 2,bom,positive,steam_live,730,True,1778799230,8825,brazilian,0,0.5,True,False,False
Counter-Strike 2,♥♥♥♥♥♥♥♥,negative,steam_live,730,False,1778799216,9740,russian,0,0.5,True,False,False
Counter-Strike 2,ARMELE ASTEA NU MERG ♥♥♥ TREBUIE!,negative,steam_live,730,False,1778799213,158399,romanian,0,0.5,True,False,False
Counter-Strike 2,РЕК,positive,steam_live,730,True,1778799207,2252,russian,0,0.5,True,False,False
Counter-Strike 2,"This game is filled with toxic players online, and too many cheaters, and is overall not fun to play online. I don't recommend this game unless you are skilled at first person shooters or have more tolerance of such idiocy then I do.",negative,steam_live,730,False,1778799172,10984,english,1,0.523809552192687988,True,False,False
Counter-Strike 2,its goated,positive,steam_live,730,True,1778799166,82166,english,0,0.5,True,False,False
Counter-Strike 2,jogo a 1600 horas e continuo uma merda,negative,steam_live,730,False,1778799155,96604,portuguese,0,0.5,True,False,False
Counter-Strike 2,аыаыааыафыафафыаффафафыав,positive,steam_live,730,True,1778799116,1754,russian,0,0.5,True,False,False
Counter-Strike 2,"Норм обнова, играем",positive,steam_live,730,True,1778799080,1693,russian,0,0.5,True,False,False
Counter-Strike 2,всё кроме софта,positive,steam_live,730,True,1778799042,67759,russian,0,0.5,True,False,False
Counter-Strike 2,игра топ,positive,steam_live,730,True,1778798994,11301,russian,0,0.5,True,False,False
Counter-Strike 2,juego de mierda,positive,steam_live,730,True,1778798950,2758,spanish,0,0.5,True,False,False
Counter-Strike 2,♥♥♥♥♥,positive,steam_live,730,True,1778798907,1856,russian,1,0.523809552192687988,True,False,False
Counter-Strike 2,♥♥♥♥♥♥♥ nie polecam,negative,steam_live,730,False,1778798903,95698,polish,0,0.5,True,False,False
Counter-Strike 2,BEST GAME ON EARTH,positive,steam_live,730,True,1778798855,69724,english,0,0.5,True,False,False
Counter-Strike 2,best gam ♥♥♥♥♥♥♥♥♥♥♥,positive,steam_live,730,True,1778798842,3660,english,0,0.5,True,False,False
Counter-Strike 2,удачи выбраться с красного траста,positive,steam_live,730,True,1778798805,663,russian,0,0.5,True,False,False
Counter-Strike 2,.jmnon,positive,steam_live,730,True,1778798794,23244,english,0,0.5,True,False,False
Counter-Strike 2,IF u want a loving family this game isint for you!,positive,steam_live,730,True,1778798788,4532,english,1,0.523809552192687988,True,False,False
Counter-Strike 2,fffffffffffff,positive,steam_live,730,True,1778798773,11530,russian,0,0.5,True,False,False
Counter-Strike 2,h,positive,steam_live,730,True,1778798760,5200,french,0,0.5,True,False,False
Counter-Strike 2,If u want to be angry play this game all imma say,positive,steam_live,730,True,1778798733,436,english,0,0.5,True,False,False
Counter-Strike 2,GREAT GAME,positive,steam_live,730,True,1778798676,1123,english,0,0.5,True,False,False
Counter-Strike 2,good shi,positive,steam_live,730,True,1778798676,5964,english,0,0.5,True,False,False
Counter-Strike 2,podes ter um futuro brilhante jogando esse jogo e uma conta que pode valer milhares de dinheiro,positive,steam_live,730,True,1778798663,4829,portuguese,0,0.5,True,False,False
Counter-Strike 2,без друзей играть неинтересно,positive,steam_live,730,True,1778798629,27286,russian,0,0.5,True,False,False
Counter-Strike 2,👍,positive,steam_live,730,True,1778798628,233,turkish,0,0.5,True,False,False
Counter-Strike 2,jogo muito bom pena que os hack estraga,positive,steam_live,730,True,1778798624,64183,brazilian,0,0.5,True,False,False
Counter-Strike 2,sorgt für ragequit,positive,steam_live,730,True,1778798600,6932,german,0,0.5,True,False,False
Counter-Strike 2,"After 1k hours and many lost brain cells, I would definitely recommend this masterpiece to anyone who wants to lose some brain cells for the sake of fun.",positive,steam_live,730,True,1778798580,60113,english,0,0.5,True,False,False
Counter-Strike 2,лучшая игра всех времен,positive,steam_live,730,True,1778798535,136519,russian,0,0.5,True,False,False
Counter-Strike 2,ВСЕ С ЧИТСИ И,negative,steam_live,730,False,1778798522,3234,russian,0,0.5,True,False,False
Counter-Strike 2,der'mo,negative,steam_live,730,False,1778798507,119015,russian,1,0.523809552192687988,True,False,False
Counter-Strike 2,Super anstrengendes Spiel!,positive,steam_live,730,True,1778798446,3273,german,0,0.5,True,False,False
Counter-Strike 2,good game,positive,steam_live,730,True,1778798437,2119,english,0,0.5,True,False,False
Counter-Strike 2,",lo",positive,steam_live,730,True,1778798392,150605,portuguese,0,0.5,True,False,False
Counter-Strike 2,I am NOT getting riot client on my beloved pc so.. this should do it (I ♥♥♥♥♥♥♥ love this game please don't come at me),positive,steam_live,730,True,1778798372,2280,english,0,0.5,True,False,False
Counter-Strike 2,отличный шутер прокачает аим и реакцию после 100 часов игры с авиком я ебнул комара ладошкой об стену с разворота пока он летел к моему затылку,positive,steam_live,730,True,1778798362,12394,russian,0,0.5,True,False,False
Counter-Strike 2,güzel oyun,positive,steam_live,730,True,1778798352,9336,turkish,0,0.5,True,False,False
Counter-Strike 2,gostei muito mais deveria ter mais modos,positive,steam_live,730,True,1778798297,1260,brazilian,0,0.5,True,False,False
Counter-Strike 2,I really like the community of this game. It's such a nice and friendly experince to play a game like counter strike.I appreaciate this game very much.,positive,steam_live,730,True,1778798296,29372,english,0,0.5,True,False,False
Counter-Strike 2,"le jeu est très bon malgrés les nombreux cheater en premier et le nombre d'argent que j'ai mis dans le jeu.
10/10 si vous voulez apprendre le russe",positive,steam_live,730,True,1778798261,20474,french,0,0.5,True,False,False
Counter-Strike 2,I love Anila!,positive,steam_live,730,True,1778798258,4741,english,1,0.523809552192687988,True,False,False
Counter-Strike 2,Very good full of dirtys russians but good game not that toxic playd much more toxic games And its good bc these ppl hate blacks so i like them,positive,steam_live,730,True,1778798213,18480,swedish,0,0.5,True,False,False
Counter-Strike 2,♥♥♥♥♥ для даунов,negative,steam_live,730,False,1778798184,6544,russian,0,0.5,True,False,False
Counter-Strike 2,colby is god,positive,steam_live,730,True,1778798184,1074,english,0,0.5,True,False,False
Counter-Strike 2,"too much ""counter-strike"" in my cheater game",negative,steam_live,730,False,1778798181,47614,english,0,0.5,True,False,False
Counter-Strike 2,"Попал смоком - еблан, не попал - еблан, дал хедшот - еблан, не дал - еблан",positive,steam_live,730,True,1778798181,91189,russian,0,0.5,True,False,False
Counter-Strike 2,"CS2 could be an amazing game, but the cheating problem ruins the experience. Feels like every second match has obvious cheaters, and Valve still hasn’t fixed it properly. The gunplay is great, but it’s hard to enjoy competitive games when legit players constantly face hackers.",positive,steam_live,730,True,1778798153,4501,ukrainian,0,0.5,True,False,False
Counter-Strike 2,123,positive,steam_live,730,True,1778798151,7879,english,0,0.5,True,False,False
Counter-Strike 2,güzel bir oyun öğrenmesi biraz zor,positive,steam_live,730,True,1778798126,1816,turkish,0,0.5,True,False,False
Counter-Strike 2,MUITER XITER,positive,steam_live,730,True,1778798119,26229,brazilian,0,0.5,True,False,False
Counter-Strike 2,"не знаю хорошая игра иль нет ,но чота играю много!!",positive,steam_live,730,True,1778798058,47824,russian,0,0.5,True,False,False
Counter-Strike 2,nice game no bugs,positive,steam_live,730,True,1778798055,9358,english,0,0.5,True,False,False
Counter-Strike 2,yes i cud say before i wood recomend this game but now its a feasted full of cheaters its a joke how you can have this and not fix it. cheating shud be baned and removed from this erth and shame that they dont do any thing,negative,steam_live,730,False,1778798055,90315,english,0,0.5,True,False,False
Counter-Strike 2,no good,negative,steam_live,730,False,1778798024,16496,english,0,0.5,True,False,False
Counter-Strike 2,Dismoral,positive,steam_live,730,True,1778797987,55,russian,0,0.5,True,False,False
Counter-Strike 2,gud game,positive,steam_live,730,True,1778797981,67883,english,0,0.5,True,False,False
Counter-Strike 2,yu,positive,steam_live,730,True,1778797966,17138,turkish,0,0.5,True,False,False
Counter-Strike 2,"I sold my fridge, microwave and washing machine to buy a computer to play this game. counter strike marry me please i love you my wife",positive,steam_live,730,True,1778797953,100458,english,0,0.5,True,False,False
Counter-Strike 2,very good game if you want to be insulted by russian and turkish people,positive,steam_live,730,True,1778797942,5171,french,0,0.5,True,False,False
Counter-Strike 2,:),positive,steam_live,730,True,1778797937,24820,danish,0,0.5,True,False,False
Counter-Strike 2,j,positive,steam_live,730,True,1778797897,3323,english,0,0.5,True,False,False
Counter-Strike 2,w game,positive,steam_live,730,True,1778797892,1267,brazilian,0,0.5,True,False,False
Counter-Strike 2,mentally exhausting but great experience,positive,steam_live,730,True,1778797876,7861,english,0,0.5,True,False,False
Counter-Strike 2,The classic fps,positive,steam_live,730,True,1778797858,2626,english,0,0.5,True,False,False
Counter-Strike 2,++++,positive,steam_live,730,True,1778797818,17068,russian,0,0.5,True,False,False
Counter-Strike 2,es re divertido,positive,steam_live,730,True,1778797793,5733,spanish,0,0.5,True,False,False
Counter-Strike 2,"RUSSE, CHEATER, RUSSE, RUSSE, CHEATER,IDIOT , CHEATER, CHEATER, CHEATER",negative,steam_live,730,False,1778797761,3020,french,0,0.5,True,False,False
Counter-Strike 2,very nice,positive,steam_live,730,True,1778797760,21764,english,0,0.5,True,False,False
Counter-Strike 2,читерная помойка,negative,steam_live,730,False,1778797757,1105,russian,0,0.5,True,False,False
Counter-Strike 2,GOLD GOLD GOLD,positive,steam_live,730,True,1778797750,30836,english,0,0.5,True,False,False
Counter-Strike 2,"good game, bad russians. slava ukraini",positive,steam_live,730,True,1778797738,8082,english,0,0.5,True,False,False
Counter-Strike 2,"Игра где можно потерять маму, но найти много пап.",positive,steam_live,730,True,1778797731,23168,russian,0,0.5,True,False,False
Counter-Strike 2,s,positive,steam_live,730,True,1778797730,19544,polish,0,0.5,True,False,False
Counter-Strike 2,"yo se quien invento el cs




UN HIJO DE PUTA!",negative,steam_live,730,False,1778797729,13913,spanish,0,0.5,True,False,False
Counter-Strike 2,♥♥♥♥,positive,steam_live,730,True,1778797729,2032,russian,0,0.5,True,False,False
Counter-Strike 2,набережные члены удивляют,positive,steam_live,730,True,1778797719,9751,russian,0,0.5,True,False,False
Counter-Strike 2,3d chess,positive,steam_live,730,True,1778797701,23668,czech,0,0.5,True,False,False
Counter-Strike 2,"Fico irritado o tempo todo jogando, mas é o melhor jogo que ja joguei",positive,steam_live,730,True,1778797700,276156,brazilian,0,0.5,True,False,False
Counter-Strike 2,это же буквально кал,negative,steam_live,730,False,1778797700,41147,russian,1,0.5,True,False,False
Counter-Strike 2,Good Game,positive,steam_live,730,True,1778797698,74966,english,0,0.5,True,False,False
Counter-Strike 2,"One if not the best PVP Games that is out there. I have tried everything, ApexLegends, RainbowSixSiege, Valorant, LoL, Tarkov and many more. and i really have to say, that counterstrike is still up there. 
(Dont mention the gambling addiction) (dont mention the Drugproblem you got off the depressions of that game)",positive,steam_live,730,True,1778797697,61363,english,0,0.5,True,False,False
Counter-Strike 2,Je suis devenu dépressif je suis actuellement broke ce jeu m'a tous pris je recommande,positive,steam_live,730,True,1778797669,8857,french,0,0.5,True,False,False
Counter-Strike 2,the game is good and fun but when your high elo many cheaters come in and its not really that fun but its an good game,positive,steam_live,730,True,1778797636,27277,english,0,0.5,True,False,False
Counter-Strike 2,"Fun game, anti-cheat does not work well unfortunately.",positive,steam_live,730,True,1778797618,6664,english,0,0.5,True,False,False
Counter-Strike 2,kutas,positive,steam_live,730,True,1778797584,83928,polish,1,0.523809552192687988,True,False,False
Counter-Strike 2,cs,positive,steam_live,730,True,1778797559,1843,turkish,0,0.5,True,False,False
Counter-Strike 2,On numara oyun ben çok beğendim daha da oynarım bu oyunu Valve yine şaheser yapmış <3,positive,steam_live,730,True,1778797540,731,turkish,1,0.513108611106872559,True,False,False
Counter-Strike 2,CHEATERS !!! love valve,negative,steam_live,730,False,1778797517,6411,czech,0,0.5,True,False,False
Counter-Strike 2,muito bom,positive,steam_live,730,True,1778797512,5325,brazilian,0,0.5,True,False,False
Counter-Strike 2,"no, cancer.",negative,steam_live,730,False,1778797492,11307,english,0,0.5,True,False,False
Counter-Strike 2,"El mejor shooter de la historia pero plagadito de tontitos con aimbotito , Peace ;)",positive,steam_live,730,True,1778797238,640,spanish,0,0.5,True,False,False
Counter-Strike 2,"крутая игра, жаль что с первой умираю",positive,steam_live,730,True,1778797191,9102,russian,0,0.5,True,False,False
Counter-Strike 2,fantastic!,positive,steam_live,730,True,1778797163,8148,english,0,0.5,True,False,False
Counter-Strike 2,daora,positive,steam_live,730,True,1778797114,13034,brazilian,0,0.5,True,False,False
Counter-Strike 2,ok,negative,steam_live,730,False,1778797050,43506,norwegian,0,0.5,True,False,False
Counter-Strike 2,muito bom,positive,steam_live,730,True,1778796858,8119,brazilian,0,0.5,True,False,False
Counter-Strike 2,worst game ive ever played,negative,steam_live,730,False,1778796813,22069,english,0,0.5,True,False,False
Counter-Strike 2,Лучшая игра,positive,steam_live,730,True,1778796811,1068,russian,0,0.5,True,False,False
Counter-Strike 2,Прежде чем играть . Изучите софт без него делать нех**й в игре.,negative,steam_live,730,False,1778796808,199371,russian,1,0.5,True,False,False
Counter-Strike 2,w,positive,steam_live,730,True,1778796782,11489,spanish,0,0.5,True,False,False
Counter-Strike 2,Muito bom!,positive,steam_live,730,True,1778796763,29933,english,0,0.5,True,False,False
Counter-Strike 2,никогда не запускайте эту поеботу,negative,steam_live,730,False,1778796714,33715,russian,1,0.5,True,False,False
Counter-Strike 2,Norm Igra No -monitor,positive,steam_live,730,True,1778796678,7325,russian,1,0.523809552192687988,True,False,False
Counter-Strike 2,КАЛЛ ♥♥♥♥♥♥,positive,steam_live,730,True,1778796663,19521,russian,0,0.5,True,False,False
Counter-Strike 2,Исправили много багов,positive,steam_live,730,True,1778796511,222,russian,0,0.5,True,False,False
Counter-Strike 2,zizi,negative,steam_live,730,False,1778796394,2254,french,0,0.5,True,False,False
Counter-Strike 2,"у меня нет цели - лишь кнопка ""W""",positive,steam_live,730,True,1778796237,4048,english,0,0.5,True,False,False
Counter-Strike 2,Gooddddddddd,positive,steam_live,730,True,1778796233,4011,vietnamese,0,0.5,True,False,False
Counter-Strike 2,это какака фу,negative,steam_live,730,False,1778796197,13076,russian,0,0.5,True,False,False
Counter-Strike 2,ghggtghteryj5rehrs thdtrf,positive,steam_live,730,True,1778796100,39649,english,0,0.5,True,False,False
Counter-Strike 2,yes,positive,steam_live,730,True,1778796046,1374,english,0,0.5,True,False,False
Counter-Strike 2,Норм игра,positive,steam_live,730,True,1778796000,1677,russian,0,0.5,True,False,False
Counter-Strike 2,cs2 its perfect,positive,steam_live,730,True,1778795978,60,brazilian,0,0.5,True,False,False
Counter-Strike 2,ts hard bruh,positive,steam_live,730,True,1778795969,19051,english,0,0.5,True,False,False
Counter-Strike 2,Scheiss Spiel. Ich kann Shooter sowieso nicht gut spielen...,negative,steam_live,730,False,1778795877,62468,german,0,0.5,True,False,False
Counter-Strike 2,qweqweqwe,positive,steam_live,730,True,1778795828,86020,russian,1,0.523809552192687988,True,False,False
Counter-Strike 2,dont play,positive,steam_live,730,True,1778795817,14544,english,1,0.523809552192687988,True,False,False
Counter-Strike 2,riktigt cooolt spel,positive,steam_live,730,True,1778795664,11226,swedish,0,0.5,True,False,False
Counter-Strike 2,роблокс лучше,negative,steam_live,730,False,1778795654,33864,russian,0,0.5,True,False,False
Counter-Strike 2,"Отлично разминает горло и задницу , тренерует полный захват прямой кишки,",positive,steam_live,730,True,1778795581,12631,russian,1,0.523809552192687988,True,False,False
Counter-Strike 2,fun,positive,steam_live,730,True,1778795483,1030,english,0,0.5,True,False,False
Counter-Strike 2,r,positive,steam_live,730,True,1778795351,3873,russian,0,0.5,True,False,False
Counter-Strike 2,feeee,positive,steam_live,730,True,1778795298,851,brazilian,0,0.5,True,False,False
Counter-Strike 2,aa,positive,steam_live,730,True,1778795233,9490,spanish,0,0.5,True,False,False
Counter-Strike 2,Elendigt afbalanceret og ikke længere sjovt for casual players.,negative,steam_live,730,False,1778795218,86153,danish,0,0.5,True,False,False
Counter-Strike 2,"worst game out of anything you can play literally get trolled by ur teammates and end up with 2000 elo while somebody who lives in the last town out of bistrita region somehow gets more elo than you...
unbelievable how a fat farmer can get more elo than you while doing exactly nothing each game and cries all day can get more elo somehow.
recommand 10/10 if you wish to travel to different places out of the world to meet new people from online !!!! ( last time i went to bistrita and .. with my teammate's female relatives )",negative,steam_live,730,False,1778795103,24909,english,0,0.5,True,False,False
Counter-Strike 2,"Conquista difícil !

⠀⠀⠀⠀⠀⠀⠀⠀⠀⠀⠀⠀⠀⠀⠀⣴⣿⣿⣿⣿⣿⣿⣿⣿⣿⣿⣿⣿⣿⣿⣿⣿⣿⣿⣿⣿⣿⣿⣶⣶⣶⣶⣦⡀⠀⠀⠀⢠⣿
⠀⣴⣶⣶⣶⣶⣶⣿⣿⣿⣶⣶⣿⣿⣿⣿⣿⣿⣿⣿⣿⣿⣿⣿⣿⣿⣿⣿⣿⣿⡿⠿⠿⠿⠿⠿⠿⠿⠿⠿⠿⠟⠛⠛⠛⠛⠛⠿⠛
⠀⣿⣿⣿⣿⣿⣿⣿⣿⣿⡿⠿⠛⠋⢹⣿⣿⣿⡋⠉⢹⣿⣿⣿⣿⡇⠀⠀⠈⠉⠀
⠀⢹⣿⣿⣿⡿⠿⠛⠉⠁⠀⠀⠀⠀⢠⣿⣿⠟⠁⠈⠉⠀⢻⣿⣿⣿⡄
⠀⠘⠋⠉⠀⠀⠀⠀⠀⠀⠀⠀⠀⠀⠀⢿⣿⠏⠀⠀⠀⠀⠀⠀⠀⢻⣿⣿⣿⣆⠀
⠀⠀⠀⠀⠀⠀⠀⠀⠀⠀⠀⠀⠀⠀⠀⠀⠀⠀⠀⠀⠀⠀⠀⠀⠀⠀⠀⠹⣿⣿⣿⣷⡤
⠀⠀⠀⠀⠀⠀⠀⠀⠀⠀⠀⠀⠀⠀⠀⠀⠀⠀⠀⠀⠀⠀⠀⠀⠀⠀⠀⠀⠀⠈⠻⣿⡟",positive,steam_live,730,True,1778795080,8732,brazilian,0,0.5,True,False,False
Counter-Strike 2,Только так обижают,positive,steam_live,730,True,1778794958,17794,russian,1,0.523809552192687988,True,False,False
Counter-Strike 2,"I got a ♥♥♥♥ trust factor because i am new to the game and am in lobbies with cheaters, honestly sucks",negative,steam_live,730,False,1778794773,9617,english,5,0.583858788013458252,True,False,False
Counter-Strike 2,qwq,positive,steam_live,730,True,1778794716,45201,schinese,0,0.5,True,False,False
Counter-Strike 2,Супер!,positive,steam_live,730,True,1778794715,793,russian,1,0.523809552192687988,True,False,False
Counter-Strike 2,TOP TOP TOP,positive,steam_live,730,True,1778794682,2338,brazilian,0,0.5,True,False,False
Counter-Strike 2,"O jogo é excelente, atemporal. No entanto é um pouco cansativo jogar sempre os mesmos mapas mirage e dust com pessoas que não se comunicam. Isso melhora ao adquirir o prime, que é pago.",positive,steam_live,730,True,1778794604,16761,brazilian,1,0.523809552192687988,True,False,False
Counter-Strike 2,good game,positive,steam_live,730,True,1778794579,6035,russian,0,0.5,True,False,False
Counter-Strike 2,"67676767676767676hfjtfk,iktui",positive,steam_live,730,True,1778794577,49190,greek,1,0.523809552192687988,True,False,False
Counter-Strike 2,joga ai man,positive,steam_live,730,True,1778794571,15765,brazilian,0,0.5,True,False,False
Counter-Strike 2,на пару часов сойдет,positive,steam_live,730,True,1778794568,71994,russian,0,0.5,True,False,False
Counter-Strike 2,"Анти-регающяа херь, оптимизация-кал, геймплей-кал, союзники-дебилы, противники-таланты со всего света только против меня. Вывод: Говно!",negative,steam_live,730,False,1778794544,13054,russian,1,0.5,True,False,False
Counter-Strike 2,"its taken over my life, and im okay with that",positive,steam_live,730,True,1778794465,220938,english,2,0.545454561710357666,True,False,False
Counter-Strike 2,Классика,positive,steam_live,730,True,1778794415,89176,russian,0,0.5,True,False,False
Counter-Strike 2,GOOD,positive,steam_live,730,True,1778794414,6784,czech,0,0.5,True,False,False
Counter-Strike 2,"С этим калом у меня однозначно созависимые отношения. каждую катку ем говно огромной ложно. в целом видимо вкусно, спасибо большое",negative,steam_live,730,False,1778794392,43302,russian,0,0.5,True,False,False
Counter-Strike 2,só tem xitado,positive,steam_live,730,True,1778794297,1750,brazilian,1,0.523809552192687988,True,False,False
Counter-Strike 2,why would i recommend brain cancer to anyone tf,negative,steam_live,730,False,1778794222,52807,english,0,0.5,True,False,False
Counter-Strike 2,"Will you ever do something against cheaters that laugh in your face because they know they will never be banned?????????
Very bad experience from one day to another !!!!!!!!",negative,steam_live,730,False,1778794211,168343,english,1,0.5,True,False,False
Counter-Strike 2,SIMPLY LOVELY,positive,steam_live,730,True,1778794049,20013,turkish,0,0.5,True,False,False
Counter-Strike 2,"toxic teammates, cost of death in one round, skin prices, the only game that makes you slam your table besides league of legends.",positive,steam_live,730,True,1778794041,45430,english,0,0.5,True,False,False
Counter-Strike 2,.,positive,steam_live,730,True,1778793911,33167,russian,0,0.5,True,False,False
Counter-Strike 2,"Melhor FPS, se busca trocação frenética, sem poderzinho, e sem umas movimentações nada haver de slide e etc...",positive,steam_live,730,True,1778793763,15286,brazilian,0,0.5,True,False,False
Counter-Strike 2,"Esse jogo é uma droga, mecanicamente muito inferior ao CS Go, tem muito mais cheaters, todo mundo atira andando, quem faz o pick vê primeiro (coisa que não faz sentido nenhum). Volta CS Go.",negative,steam_live,730,False,1778793732,60382,brazilian,0,0.5,True,False,False
Counter-Strike 2,hileci orosbuçocuklar,positive,steam_live,730,True,1778793715,45118,turkish,0,0.5,True,False,False
Counter-Strike 2,SAYIN VALVE YÖNETİCİLERİ İŞİNİZİ YAPIP ŞU OYUNDAN HİLELERİ BANLARSANIZ SEVİNİRİM BUNLARI YAPMAYACAKSANIZ ALLAH AŞKINA BANA PERMA BAN ATIN Bİ DAHA ŞU OYUNA GİRMEYEYİM YAV. ARKADAŞ HİLE OYNAYACAKSA BU OYUNU NİYE ÜRETTİNİZ BU OYUNU İŞİNİZİ YAPIP ŞU HİLECİLERİ BANLAYIN,negative,steam_live,730,False,1778793639,42606,turkish,1,0.5,True,False,False
Counter-Strike 2,2800,positive,steam_live,730,True,1778793599,88353,schinese,0,0.5,True,False,False
Counter-Strike 2,Затягивает на сотни часов,positive,steam_live,730,True,1778793585,1663,russian,0,0.5,True,False,False
Counter-Strike 2,my ak spray is inferior,positive,steam_live,730,True,1778793570,4425,english,0,0.5,True,False,False
Counter-Strike 2,,positive,steam_live,730,True,1778793570,5626,finnish,0,0.5,True,False,False
Counter-Strike 2,poidet,positive,steam_live,730,True,1778793470,4078,russian,1,0.523809552192687988,True,False,False
Counter-Strike 2,Чисто зайти с друзьями,positive,steam_live,730,True,1778793421,531,russian,0,0.5,True,False,False
Counter-Strike 2,dog water game,negative,steam_live,730,False,1778793355,441,english,0,0.5,True,False,False
Counter-Strike 2,"Лучшая пх игрушка в этом магазине. Разрабам респект, постарались.",positive,steam_live,730,True,1778793316,21573,russian,0,0.5,True,False,False
Counter-Strike 2,"помойка, но нравиться",positive,steam_live,730,True,1778793169,2059,russian,0,0.5,True,False,False
Counter-Strike 2,"So, I heard you like getting screamed at by four strangers who speak barely intelligebly, and good news!

-- This is the game for you!!! --

Anyways we all know hot they massacred our boys (older cs version) but this is still playable sometimes...

Yeah uhh go commit autofellatio please",positive,steam_live,730,True,1778792974,74473,english,0,0.5,True,False,False
Counter-Strike 2,калл,negative,steam_live,730,False,1778792910,5958,russian,0,0.5,True,False,False
Counter-Strike 2,Fana,positive,steam_live,730,True,1778792883,11763,polish,0,0.5,True,False,False
Counter-Strike 2,"Разрабы должны сдохнуть от спида вместе со своими защитничками игрочками. Сыны блядей, залетевшие от нарика бомжа",negative,steam_live,730,False,1778792757,5587,russian,1,0.5,True,False,False
Counter-Strike 2,Верните мои 1000 рублей,positive,steam_live,730,True,1778792711,14444,russian,0,0.5,True,False,False
Counter-Strike 2,gg,positive,steam_live,730,True,1778792692,3928,english,0,0.5,True,False,False
Counter-Strike 2,имбуля,positive,steam_live,730,True,1778792663,7006,russian,1,0.523809552192687988,True,False,False
Counter-Strike 2,"TEM MUITO XITER, E SE ELE ESTIVER EM SEU TIME, VOCÊ TAMBEM TOMA BAN",positive,steam_live,730,True,1778792622,5271,brazilian,0,0.5,True,False,False
Counter-Strike 2,I am starting to learn russian and other slavic languages. (also turkish),positive,steam_live,730,True,1778792574,25068,english,0,0.5,True,False,False
Counter-Strike 2,вааааааааааааааааааааааааааааау,positive,steam_live,730,True,1778792525,195,english,0,0.5,True,False,False
Counter-Strike 2,epileptics running with shotgun.,negative,steam_live,730,False,1778792510,90800,polish,0,0.5,True,False,False
Counter-Strike 2,Оптимизация радует,positive,steam_live,730,True,1778792489,247,russian,0,0.5,True,False,False
Counter-Strike 2,Классная игра!,positive,steam_live,730,True,1778792423,2719,russian,0,0.5,True,False,False
Counter-Strike 2,good game!,positive,steam_live,730,True,1778792383,1207,english,0,0.5,True,False,False
Counter-Strike 2,Very goood game if you are from Russia or you are just racist you will find lots of friends.,positive,steam_live,730,True,1778792324,15838,english,0,0.5,True,False,False
Counter-Strike 2,top,positive,steam_live,730,True,1778792319,1534,brazilian,0,0.5,True,False,False
Counter-Strike 2,good,positive,steam_live,730,True,1778792290,47344,finnish,0,0.5,True,False,False
Counter-Strike 2,I got a pc just to play this game with cool drunk russians. 10/10,positive,steam_live,730,True,1778792274,3701,english,0,0.5,True,False,False
Counter-Strike 2,просто нет,negative,steam_live,730,False,1778792263,6890,ukrainian,0,0.5,True,False,False
Counter-Strike 2,Можно лутать гейнейзис  и ширпу за 3 грн,positive,steam_live,730,True,1778792158,1029,russian,0,0.476190477609634399,True,False,False
Counter-Strike 2,раст лучше,negative,steam_live,730,False,1778792153,65414,russian,0,0.5,True,False,False
Counter-Strike 2,Классика в новой обертке,positive,steam_live,730,True,1778792097,232,russian,0,0.5,True,False,False
Counter-Strike 2,=,positive,steam_live,730,True,1778792092,38451,russian,0,0.5,True,False,False
Counter-Strike 2,игра топ только читеры заебали,positive,steam_live,730,True,1778791908,13050,russian,0,0.5,True,False,False
Counter-Strike 2,good,positive,steam_live,730,True,1778791892,20317,english,0,0.5,True,False,False
Counter-Strike 2,не для детей,negative,steam_live,730,False,1778791662,749078,russian,0,0.5,True,False,False
Counter-Strike 2,ъуйня,positive,steam_live,730,True,1778791595,46112,russian,0,0.5,True,False,False
Counter-Strike 2,игро харошоя тока тымейти доуни,positive,steam_live,730,True,1778791546,11258,ukrainian,0,0.5,True,False,False
Counter-Strike 2,♥♥♥♥♥,negative,steam_live,730,False,1778791532,5339,russian,0,0.5,True,False,False
Counter-Strike 2,"O jogo é muito viciante. Mesmo com os mesmos itens e armas, cada partida acaba sendo única e divertida. Jogar com amigos deixa tudo ainda melhor, e acertar boas jogadas é muito satisfatório.

No fim, é o clássico Counter-Strike: não tem muito erro na gameplay.

O problema é que de uns tempos pra cá a quantidade de cheaters só vem aumentando, e isso estraga bastante as partidas. Parece que a Valve não consegue lidar muito bem com isso. Além disso, ainda tem bastante jogador tóxico que raramente é punido.

No geral, o jogo ainda é muito bom, mas esses problemas acabam pesando bastante na experiência.",positive,steam_live,730,True,1778791524,33726,brazilian,0,0.5,True,False,False
Counter-Strike 2,+rep fun game but dont touch cases 100quid down the drain,positive,steam_live,730,True,1778791442,4930,english,0,0.5,True,False,False
Counter-Strike 2,Aguante el valo,positive,steam_live,730,True,1778791441,5147,spanish,0,0.5,True,False,False
Counter-Strike 2,Ich Libe Gaben er hat mir in Case Handschuhe gegeben dunke Mann,positive,steam_live,730,True,1778791436,9743,ukrainian,0,0.5,True,False,False
Counter-Strike 2,o jogo é bom ate a pagina 2,positive,steam_live,730,True,1778791286,7779,brazilian,0,0.5,True,False,False
Counter-Strike 2,"♥♥♥♥♥ ♥♥♥♥♥♥ не регает , в рот ♥♥♥♥ эту игру",negative,steam_live,730,False,1778791273,48032,russian,0,0.5,True,False,False
Counter-Strike 2,говно,negative,steam_live,730,False,1778791149,3374,english,0,0.5,True,False,False
Counter-Strike 2,"Counter-Strike 2 — это масштабное обновление, пришедшее на смену CS:GO, переносящее классический тактический шутер на движок Source 2. Ключевые нововведения включают объемный дым, улучшенную графику и обновленный звук. Игра сохраняет соревновательный дух, но требует адаптации к новой механике стрельбы и движению.",positive,steam_live,730,True,1778791078,1805,russian,0,0.5,True,False,False
Counter-Strike 2,bom,positive,steam_live,730,True,1778791026,5902,brazilian,0,0.5,True,False,False
Counter-Strike 2,для педиков,negative,steam_live,730,False,1778791025,41622,russian,0,0.5,True,False,False
Counter-Strike 2,кайф игра,positive,steam_live,730,True,1778791025,2676,russian,1,0.523809552192687988,True,False,False
Counter-Strike 2,Cheater land,negative,steam_live,730,False,1778790972,39183,french,0,0.5,True,False,False
Counter-Strike 2,Говно ♥♥♥♥♥♥♥,negative,steam_live,730,False,1778790900,9208,russian,0,0.5,True,False,False
Counter-Strike 2,iyi ama hile çok,positive,steam_live,730,True,1778790762,8764,turkish,0,0.5,True,False,False
Counter-Strike 2,"Bom jogo, me tira a sanidade mental as vezes!",positive,steam_live,730,True,1778790730,218661,brazilian,1,0.523809552192687988,True,False,False
Counter-Strike 2,нет отказано,positive,steam_live,730,True,1778790709,10891,russian,1,0.523809552192687988,True,False,False
Counter-Strike 2,говно 😀😃😄😁🙂,positive,steam_live,730,True,1778790504,29468,russian,0,0.5,True,False,False
Counter-Strike 2,game,positive,steam_live,730,True,1778790496,22299,english,0,0.5,True,False,False
Counter-Strike 2,s,positive,steam_live,730,True,1778790474,31546,english,0,0.5,True,False,False
Counter-Strike 2,zaebali botiki blya,positive,steam_live,730,True,1778790361,1374,russian,1,0.523809552192687988,True,False,False
Counter-Strike 2,Harika!,positive,steam_live,730,True,1778790354,951,turkish,0,0.5,True,False,False
Counter-Strike 2,"cool game 
if you are a cheater",positive,steam_live,730,True,1778790343,4636,german,0,0.5,True,False,False
Counter-Strike 2,defs,positive,steam_live,730,True,1778790221,30248,czech,0,0.5,True,False,False
Counter-Strike 2,Катки ищутся быстро,positive,steam_live,730,True,1778790152,565,russian,0,0.5,True,False,False
Counter-Strike 2,(Y),positive,steam_live,730,True,1778790119,60918,english,0,0.5,True,False,False
Counter-Strike 2,.l.,positive,steam_live,730,True,1778790113,23780,english,0,0.5,True,False,False
Counter-Strike 2,не советую,positive,steam_live,730,True,1778790075,3091,russian,0,0.5,True,False,False
Counter-Strike 2,bra spel,positive,steam_live,730,True,1778790049,2598,swedish,0,0.5,True,False,False
Counter-Strike 2,ffff,positive,steam_live,730,True,1778790011,52210,russian,0,0.5,True,False,False
Counter-Strike 2,играть невозможно,negative,steam_live,730,False,1778789997,35421,russian,0,0.5,True,False,False
Counter-Strike 2,5-кратно переваренный kall,negative,steam_live,730,False,1778789969,65561,russian,1,0.5,True,False,False
Counter-Strike 2,неиграбельно,positive,steam_live,730,True,1778789927,40972,russian,0,0.5,True,False,False
Counter-Strike 2,p11k0 пидор а так все ок,positive,steam_live,730,True,1778789907,911,russian,0,0.5,True,False,False
Counter-Strike 2,"♥♥♥♥♥ какие же поляки играют, найс, ♥♥♥ их",positive,steam_live,730,True,1778789866,39633,russian,0,0.5,True,False,False
Counter-Strike 2,nice game,positive,steam_live,730,True,1778789817,18391,english,0,0.5,True,False,False
Counter-Strike 2,Good Game,positive,steam_live,730,True,1778789586,196,german,2,0.523809552192687988,True,False,False
Counter-Strike 2,Polecam super giereczka!,positive,steam_live,730,True,1778789505,2662,polish,1,0.523809552192687988,True,False,False
Counter-Strike 2,Gızel,positive,steam_live,730,True,1778789440,19459,turkish,0,0.5,True,False,False
Counter-Strike 2,good game if u wanna lose your ♥♥♥♥ with ♥♥♥♥♥♥♥ cheating.,positive,steam_live,730,True,1778789439,42994,english,0,0.5,True,False,False
Counter-Strike 2,whats your problem green,positive,steam_live,730,True,1778789345,12908,english,0,0.5,True,False,False
Counter-Strike 2,Hilelere çözüm bulun artık,positive,steam_live,730,True,1778789250,1996,turkish,0,0.5,True,False,False
Counter-Strike 2,"Not playable any more. Servers not moderated - everybody's flaming. Poor Map choice - in former releases you could choose the map you want to play, not only the same three rotating standards. Community Servers have been wiped out completely - only focus on competition, not fun.",negative,steam_live,730,False,1778789177,27790,german,0,0.5,True,False,False
Counter-Strike 2,nice to play with revolver,positive,steam_live,730,True,1778789156,783,danish,0,0.5,True,False,False
Counter-Strike 2,23221,positive,steam_live,730,True,1778789135,2054,polish,0,0.5,True,False,False
Counter-Strike 2,МНОГАААА ГЕЕЕВ И ЧИТЕРОФФФФФ,negative,steam_live,730,False,1778789033,26303,russian,0,0.5,True,False,False
Counter-Strike 2,"СЕЙЧАС 14.05.26 КОГДА АПНУ 10ЛВЛ ФЕЙСИТА НАПИШУ(ЩАС 5ЛВЛ)
15.05.2026 - 6 лвл 1217elo",positive,steam_live,730,True,1778789009,5421,russian,0,0.5,True,False,False
Counter-Strike 2,perfect,positive,steam_live,730,True,1778788969,128610,latam,0,0.5,True,False,False
Counter-Strike 2,GG,positive,steam_live,730,True,1778788965,164,german,3,0.545454561710357666,True,False,False
Counter-Strike 2,its hard to learn this game,positive,steam_live,730,True,1778788956,2855,english,0,0.5,True,False,False
Counter-Strike 2,"1,000 hours of lost time",positive,steam_live,730,True,1778788954,60384,russian,0,0.5,True,False,False
Counter-Strike 2,Perfect !,positive,steam_live,730,True,1778788869,20350,turkish,0,0.5,True,False,False
Counter-Strike 2,gambling,positive,steam_live,730,True,1778788868,28753,english,0,0.5,True,False,False
Counter-Strike 2,"Counter-Strike 2 is a fantastic game if you enjoy getting screamed at by a 14-year-old with 9,000 hours while being flashbanged into another dimension. I loaded in for “a couple matches” and suddenly it was 4AM, my mental health was gone, and I was arguing with Russians about why we should maybe not rush B for the 12th round in a row.

The matchmaking is basically a social experiment. One teammate thinks he’s in the Major finals, another is playing with a steering wheel, and the last guy hasn’t bought armor since 2017. Somehow the enemy team always has a guy named “xX_HeadshotMachine_Xx” who hits one-taps through smoke while eating cereal.

10/10 game. I hate it. See you tomorrow.",positive,steam_live,730,True,1778788829,2742,english,2,0.523809552192687988,True,False,False
Counter-Strike 2,Z,positive,steam_live,730,True,1778788814,27002,russian,0,0.5,True,False,False
Counter-Strike 2,"Danke Valve Für Counter-Strike 2,
Ich habe sehr Viel Freude In diesem spiel, obwohl Den Leuten die Mich durch Wände töten und in der luft.
Außerdem habe ich allen Freude am Leben Verloren und Noch sehr viel Geld, aber Durch Counter-Strike ,
sehr Viele Sprach Kompetenzen Erlernt Und Ich Habe 50 mal Meinen Vater Gefunden, Danke valve für diese Erfahrung

Mfg Mario",positive,steam_live,730,True,1778788783,18700,german,0,0.5,True,False,False
Counter-Strike 2,♥♥♥♥ везде,negative,steam_live,730,False,1778788780,27791,russian,0,0.5,True,False,False
Counter-Strike 2,Премьер режим топчик,positive,steam_live,730,True,1778788755,1847,russian,0,0.5,True,False,False
Counter-Strike 2,"Grand classique du jeu vidéo, image emblématique des FPS compétitif, CS2 incroyable",positive,steam_live,730,True,1778788744,858,french,0,0.5,True,False,False
Counter-Strike 2,Melhor jogo de todos os tempos!,positive,steam_live,730,True,1778788732,37695,brazilian,0,0.5,True,False,False
Counter-Strike 2,"ну, сойдет",positive,steam_live,730,True,1778788718,6416,russian,0,0.5,True,False,False
Counter-Strike 2,top,positive,steam_live,730,True,1778788696,2947,brazilian,0,0.5,True,False,False
Counter-Strike 2,сделайте античит пожалуйста. вы получаете тысячи если не миллионы долларов. неужели нельзя нанять программистов для античита,negative,steam_live,730,False,1778788620,20612,russian,0,0.5,True,False,False
Counter-Strike 2,incredible gun,positive,steam_live,730,True,1778788607,2561,english,0,0.5,True,False,False
Counter-Strike 2,hayat siker,positive,steam_live,730,True,1778788591,34692,turkish,0,0.5,True,False,False
Counter-Strike 2,"Jogo é bom! Antes eu tinha emprego, agora não tenho mais.",positive,steam_live,730,True,1778788576,21369,brazilian,0,0.5,True,False,False
Counter-Strike 2,"Lleno de cheaters, gasten su tiempo en otra cosa",negative,steam_live,730,False,1778788493,19865,spanish,0,0.5,True,False,False
Counter-Strike 2,"Хуже этого Г… 
только Warface 
💩",negative,steam_live,730,False,1778788482,1028,russian,0,0.5,True,False,False
Counter-Strike 2,Кал калом не заходите!,negative,steam_live,730,False,1778788419,43199,russian,0,0.5,True,False,False
Counter-Strike 2,Классика в новой обертке,positive,steam_live,730,True,1778788402,220,russian,0,0.5,True,False,False
Counter-Strike 2,cool,positive,steam_live,730,True,1778788335,60383,english,0,0.5,True,False,False
Counter-Strike 2,fesdalfsdalofsdal;plf;psd,positive,steam_live,730,True,1778788285,5282,russian,0,0.5,True,False,False
Counter-Strike 2,latwo sie wkurzyc na ten syf,positive,steam_live,730,True,1778788236,42584,polish,0,0.5,True,False,False
Counter-Strike 2,MY ♥♥♥♥♥ IS SO WET FROM THIS GAME,positive,steam_live,730,True,1778788137,4164,english,0,0.5,True,False,False
Counter-Strike 2,не заходите,negative,steam_live,730,False,1778788097,66395,russian,0,0.5,True,False,False
Counter-Strike 2,AAAAAAAAAAAAAAAAAAAAAAAAAAAAAA,positive,steam_live,730,True,1778788062,60717,russian,0,0.5,True,False,False
Counter-Strike 2,good,positive,steam_live,730,True,1778788051,60890,russian,0,0.5,True,False,False
Counter-Strike 2,♥♥♥♥ this game,negative,steam_live,730,False,1778788016,4295,english,0,0.5,True,False,False
Counter-Strike 2,Foarte misto jocul. de cand il am in pc nu prea mai am spatiu sa imi instalez filmele porno si jocuri ca mma hentai vr,positive,steam_live,730,True,1778787999,21646,romanian,0,0.5,True,False,False
Counter-Strike 2,constant dumb teammates.,positive,steam_live,730,True,1778787995,4485,english,1,0.523809552192687988,True,False,False
Counter-Strike 2,ета игра а херитильная,positive,steam_live,730,True,1778787979,6119,russian,0,0.5,True,False,False
Counter-Strike 2,nie polecam,positive,steam_live,730,True,1778787968,9878,polish,0,0.5,True,False,False
Counter-Strike 2,quanshirenji,negative,steam_live,730,False,1778787925,55807,schinese,0,0.5,True,False,False
Counter-Strike 2,SIGMA,positive,steam_live,730,True,1778787909,1533,polish,0,0.5,True,False,False
Counter-Strike 2,BURDAN VALVE'IN VAC SİSTEMİNİN ANNESİNE SELAMLAR,negative,steam_live,730,False,1778787828,12802,turkish,1,0.5,True,False,False
Counter-Strike 2,игра говна,negative,steam_live,730,False,1778787746,10208,russian,0,0.5,True,False,False
Counter-Strike 2,"Counter-Strike 2 yıllardır severek oynadığım bir oyundu ancak yaşadığım ban süreci yüzünden artık tavsiye etmiyorum.

Hiçbir şekilde hile kullanmamama rağmen VAC ban aldım. Üstelik Seçkin (Prime) hesap için ödeme yapmış olmama rağmen hesabım kalıcı olarak banlandı ve verdiğim para tamamen boşa gitmiş oldu. Takımda hile kullanan kişiler yüzünden ya da arka planda çalışan masum bir program nedeniyle ceza almış olabileceğimi düşünüyorum fakat oyunculara detaylı bir inceleme veya gerçek bir destek sunulmuyor.

Bir hesabın yıllarca emek verildikten sonra tek bir sistem kararıyla kaybedilmesi gerçekten kötü bir deneyim. Oyunun rekabetçi yapısı güzel olsa da destek ve ban sistemi konusunda ciddi sorunlar olduğunu düşünüyorum.

Bu nedenle şu an için oyunu başkalarına tavsiye etmiyorum.",negative,steam_live,730,False,1778787742,74787,turkish,1,0.5,True,False,False
Counter-Strike 2,"Leider leider wurde ich bei meinem Erwerb des Titels Counter-Strike 2 aus der Counter-Strike Serie von Valve sehr enttäuscht. Neben den ganzen russischen Teamkameraden, welche mir wiederholt ins Ohr schreien, dass ich mir mein eigenes Leben nehmen soll, gibt es hier auch viel zu viele Betrüger und toxische Türken. Auch die Skin Preise sind unerhört und das man neben des Kaufes des Spieles noch ein sogenanntes ""Prime Upgrade"" kaufen muss, ist in der Tat eine Frechheit. 0/10 nicht weiterzuempfehlen",negative,steam_live,730,False,1778787738,2148,german,0,0.5,True,False,False
Counter-Strike 2,"А! А! А! А! А! Давай!
В моей постели лежит напуганный подросток
Судя по его глазам, ему сейчас непросто
Жизнь его переменилась за ночь
По всем раскладам он теперь пидор, анальный задроч!
Я улыбаюсь, я ладонью его глажу
Я знаю, что у пацана не было рассвета гаже
Нежно ласкаю плоть молодую
Чувствую себя прямо Вергилием в аду!
Я люблю мужиков, они такие классные
Ни одного похожего, такие разные
Люблю натуралов — неприступные, гордые
Да и нашего брата-гомо можно найти в городе!
Люблю дембелей — они такие сильные!
Обеспеченных детей, как правило, беру насильно я
Люблю свистков, они такие гибкие, поджарые
И нищих стариков! (Че?)
И этих тоже жарю я!
Студентов люблю, кровь свежую
Интеллигентов всех мастей
Люблю за то, что кожа нежная
И мускулистых самцов из дэнс-стрипа
Которые в жизни дрожат даже от дверного скрипа (Уа-а!)
Думаешь так уж важно анальное проникновение? (нее)
Дружище, я на этот счет совсем другого мнения
Если первый раз у парня сопровождался болью
Как же это может называться любовью?
Нам не нужен негативный аспект унижения
Мы все ж таки ратуем за астральное сближение
Можно же предаться оральным ласкам
Главное, чтоб фаллос не был бабами затаскан!
Да-а! в мужчине все так лаконично, просто:
Тело — продолжение амурного отростка! (Писька!)
И если ты веришь в мужскую дружбу
То личность все же познавать начать с конца нужно!
А-а-а, а-а-а! Познавай мою дружбу с конца, браза!",positive,steam_live,730,True,1778787731,4638,russian,0,0.5,True,False,False
Counter-Strike 2,♥♥♥♥♥♥♥ russian players,negative,steam_live,730,False,1778787669,59598,turkish,1,0.5,True,False,False
Counter-Strike 2,:0,positive,steam_live,730,True,1778787666,10395,russian,0,0.5,True,False,False
Counter-Strike 2,1,positive,steam_live,730,True,1778787637,2703,russian,0,0.5,True,False,False
Counter-Strike 2,NEJ. BARE STOP.,positive,steam_live,730,True,1778787577,108168,danish,0,0.5,True,False,False
Counter-Strike 2,https://steamcommunity.com/id/fallencs/inventory/#730_2_6870634211,positive,steam_live,730,True,1778787562,60753,brazilian,0,0.5,True,False,False
Counter-Strike 2,f,positive,steam_live,730,True,1778787551,7224,russian,0,0.5,True,False,False
Counter-Strike 2,Bon,positive,steam_live,730,True,1778787541,2180,french,0,0.5,True,False,False
Counter-Strike 2,nyugodj peksegbe,positive,steam_live,730,True,1778787460,9507,hungarian,1,0.523809552192687988,True,False,False
Counter-Strike 2,"Si vous êtes une bonne personne ne lancez jamais ce jeu vous finirez alcoolique, addict au gambling et raciste.",positive,steam_live,730,True,1778787385,15877,french,0,0.5,True,False,False
Counter-Strike 2,ГАВНО,negative,steam_live,730,False,1778787375,7337,russian,0,0.5,True,False,False
Counter-Strike 2,GG,positive,steam_live,730,True,1778787372,2669,spanish,1,0.523809552192687988,True,False,False
Counter-Strike 2,топовая игра,negative,steam_live,730,False,1778787320,139651,russian,0,0.5,True,False,False
Counter-Strike 2,Катки ищутся быстро,positive,steam_live,730,True,1778787316,1060,russian,0,0.5,True,False,False
Counter-Strike 2,it makes your life more miserable. recommended,positive,steam_live,730,True,1778787305,8748,english,0,0.5,True,False,False
Counter-Strike 2,Piw pow game,positive,steam_live,730,True,1778787116,12112,czech,0,0.5,True,False,False
Counter-Strike 2,pain det never,positive,steam_live,730,True,1778787110,75842,ukrainian,0,0.5,True,False,False
Counter-Strike 2,я играл с деко и монеси,positive,steam_live,730,True,1778787096,3755,russian,0,0.5,True,False,False
Counter-Strike 2,"I only play this game for the daily case, thats it. That says alot. Its like a 9-5 j#b that pays a whole lot less and takes from you every last piece of anger you have. Anyway, i love this game, i play it with my dad, (hes old)",negative,steam_live,730,False,1778787088,31540,english,0,0.5,True,False,False
Counter-Strike 2,the game was fun but now there are a lot of cheaters and its just boring,negative,steam_live,730,False,1778787014,24686,english,0,0.5,True,False,False
Counter-Strike 2,iyi,positive,steam_live,730,True,1778786959,37403,turkish,0,0.5,True,False,False
Counter-Strike 2,говно,negative,steam_live,730,False,1778786935,59953,russian,0,0.5,True,False,False
Counter-Strike 2,祝我抽箱出金出金出金金,positive,steam_live,730,True,1778786916,22981,schinese,0,0.5,True,False,False
Counter-Strike 2,"игра топ, всем не советую",positive,steam_live,730,True,1778786809,14400,russian,0,0.5,True,False,False
Counter-Strike 2,jghy,positive,steam_live,730,True,1778786808,11929,english,0,0.5,True,False,False
Counter-Strike 2,Gamba,positive,steam_live,730,True,1778786765,3602,english,0,0.5,True,False,False
Counter-Strike 2,хм,negative,steam_live,730,False,1778786695,60726,russian,0,0.5,True,False,False
Counter-Strike 2,Jest git hit,positive,steam_live,730,True,1778786690,55773,polish,0,0.5,True,False,False
Counter-Strike 2,beest gameeeee,positive,steam_live,730,True,1778786688,3774,czech,0,0.5,True,False,False
Counter-Strike 2,気軽にやると楽しいございますよ、特に外国語わからんjpにはおすすめかもしれない、某バロカスと違って日本人口絶望的だから暴言vc気になんないですわ。言語わかんないのさいこー！ｗezpzggmeeeenAHWAWHWAHAWAWHAWHAWHAWH,positive,steam_live,730,True,1778786675,13340,japanese,0,0.5,True,False,False
Counter-Strike 2,z,positive,steam_live,730,True,1778786632,2125,turkish,0,0.5,True,False,False
Counter-Strike 2,git,positive,steam_live,730,True,1778786614,49744,polish,0,0.5,True,False,False
Counter-Strike 2,fuja,negative,steam_live,730,False,1778786531,3947,brazilian,0,0.5,True,False,False
Counter-Strike 2,игра the best on world,positive,steam_live,730,True,1778786529,1390,russian,0,0.5,True,False,False
Counter-Strike 2,hilelerin a,positive,steam_live,730,True,1778786479,7401,turkish,0,0.5,True,False,False
Counter-Strike 2,нет,positive,steam_live,730,True,1778786457,49594,russian,0,0.5,True,False,False
Counter-Strike 2,şahane,positive,steam_live,730,True,1778786401,13338,turkish,0,0.5,True,False,False
Counter-Strike 2,tak mimo ze po kazdym premierze z cheaterami w enemy dostaje spazmy i mam ochote zajebac salto z kraweznika ale po za tym git,positive,steam_live,730,True,1778786328,7057,polish,0,0.5,True,False,False
Counter-Strike 2,mi suko te lo recomiendo,positive,steam_live,730,True,1778786315,68435,spanish,0,0.5,True,False,False
Counter-Strike 2,I love CS please never die,positive,steam_live,730,True,1778786264,18689,english,0,0.5,True,False,False
Counter-Strike 2,EVET,positive,steam_live,730,True,1778786161,15468,turkish,1,0.523809552192687988,True,False,False
Counter-Strike 2,SOS a russian guy keeps yelling at me!1!!!!!,positive,steam_live,730,True,1778786107,9494,english,0,0.5,True,False,False
Counter-Strike 2,yes,positive,steam_live,730,True,1778786054,4909,english,0,0.5,True,False,False
Counter-Strike 2,да так,positive,steam_live,730,True,1778786051,19938,russian,0,0.5,True,False,False
Counter-Strike 2,топ,positive,steam_live,730,True,1778786018,14118,russian,0,0.5,True,False,False
Counter-Strike 2,благодаря этой игре ja освоил польский язык.,positive,steam_live,730,True,1778786002,13355,russian,0,0.5,True,False,False
Counter-Strike 2,игорь гей,positive,steam_live,730,True,1778785999,14221,russian,0,0.5,True,False,False
Counter-Strike 2,This game is cancer i realy dont recommend this game because is i play one premier this game give me ♥♥♥♥ teammates from poland or russia and against me are all cheater i hope valve will fix anticheat and give me atleast one knife because i spend a lot of money on this ♥♥♥♥ game,negative,steam_live,730,False,1778785989,60558,english,0,0.5,True,False,False
Counter-Strike 2,+rep,positive,steam_live,730,True,1778785986,19455,english,1,0.523809552192687988,True,False,False
Counter-Strike 2,https://steamcommunity.com/profiles/76561198044118796/inventory/#730_2_27708013404,positive,steam_live,730,True,1778785958,72716,russian,0,0.5,True,False,False
Counter-Strike 2,travis scott,positive,steam_live,730,True,1778785889,3795,czech,0,0.5,True,False,False
Counter-Strike 2,норм,positive,steam_live,730,True,1778785856,62523,russian,0,0.5,True,False,False
Counter-Strike 2,Рекомендую,positive,steam_live,730,True,1778785830,3531,russian,0,0.5,True,False,False
Counter-Strike 2,Классика в новой обертке,positive,steam_live,730,True,1778785710,315,russian,0,0.5,True,False,False
Counter-Strike 2,нет античита не регает,negative,steam_live,730,False,1778785686,5912,russian,0,0.5,True,False,False
Counter-Strike 2,https://steamcommunity.com/profiles/76561198044118796/inventory/#730_2_44258581382,positive,steam_live,730,True,1778785633,24348,russian,0,0.5,True,False,False
Counter-Strike 2,♥♥♥♥ this game,negative,steam_live,730,False,1778785582,1715,english,0,0.5,True,False,False
Counter-Strike 2,"Худшая игра в мире,27 лет игре,античит до сих пор не сделали нормальный,настоящие мужчины играют в доту 2,не заходите сюда,не тратьте свои нервы,жизнь борцам",negative,steam_live,730,False,1778785531,23758,russian,0,0.5,True,False,False
Counter-Strike 2,excelente,positive,steam_live,730,True,1778785498,16406,brazilian,0,0.5,True,False,False
Counter-Strike 2,je to super hra ve ktere se střílí a jsou tam hlavne hrozne pratelsti rusaci,positive,steam_live,730,True,1778785489,15535,czech,0,0.5,True,False,False
Counter-Strike 2,pretty good game,positive,steam_live,730,True,1778785405,14332,english,0,0.5,True,False,False
Counter-Strike 2,"Very good game,",positive,steam_live,730,True,1778785369,14492,english,0,0.5,True,False,False
Counter-Strike 2,ate que nao é ruim ainda mais pra quem nao gosta de jogar o mesmo jogo por muito tempo,positive,steam_live,730,True,1778785337,63208,brazilian,0,0.5,True,False,False
Counter-Strike 2,♥♥♥♥♥♥♥ interesting game for norm people,negative,steam_live,730,False,1778785328,5296,russian,0,0.5,True,False,False
Counter-Strike 2,this is my fav game on steam! really recommend it :3,positive,steam_live,730,True,1778785304,11877,english,0,0.5,True,False,False
Counter-Strike 2,bok gibi,positive,steam_live,730,True,1778785230,12408,turkish,0,0.5,True,False,False
Counter-Strike 2,слишком много читеров в премер режиме,negative,steam_live,730,False,1778785211,10662,russian,0,0.5,True,False,False
Counter-Strike 2,pelkkiä ryssiä ja natseja ja koodareita paska peli,negative,steam_live,730,False,1778785175,22167,finnish,0,0.5,True,False,False
Counter-Strike 2,"игра ♥♥♥♥♥♥ для отсталых даунов , играю ради дропа",negative,steam_live,730,False,1778785167,180006,russian,2,0.523809552192687988,True,False,False
Counter-Strike 2,like the game many russains and turks to piss on,positive,steam_live,730,True,1778785149,6677,hungarian,1,0.523809552192687988,True,False,False
Counter-Strike 2,КРУТО!,positive,steam_live,730,True,1778785114,12698,russian,0,0.5,True,False,False
Counter-Strike 2,Халява,positive,steam_live,730,True,1778784893,463,russian,0,0.5,True,False,False
Counter-Strike 2,most rage inducing game after rust,negative,steam_live,730,False,1778784879,11466,english,1,0.5,True,False,False
Counter-Strike 2,normik,positive,steam_live,730,True,1778784856,5186,russian,0,0.5,True,False,False
Counter-Strike 2,"nie polecam, gambling addiction",negative,steam_live,730,False,1778784840,12877,polish,0,0.5,True,False,False
Counter-Strike 2,игра отличная отчимы дают поиграть,positive,steam_live,730,True,1778784822,2316,russian,0,0.5,True,False,False
Counter-Strike 2,1,positive,steam_live,730,True,1778784800,41100,russian,0,0.5,True,False,False
Counter-Strike 2,best free shooter i ever play,positive,steam_live,730,True,1778784747,18504,english,0,0.5,True,False,False
Counter-Strike 2,bei diesem spiel spielt man mit schwerbehinderten hurensöhne oder gegen cheater man kann nur face it spielen wenn man spaß haben möchte weil das spiel so scheiße ist,negative,steam_live,730,False,1778784746,11470,german,0,0.5,True,False,False
Counter-Strike 2,Cache is back :D,positive,steam_live,730,True,1778784736,62151,english,0,0.5,True,False,False
Counter-Strike 2,harika,positive,steam_live,730,True,1778784732,5932,turkish,0,0.5,True,False,False
Counter-Strike 2,жопа,positive,steam_live,730,True,1778784728,23482,russian,0,0.5,True,False,False
Counter-Strike 2,P{ohol naxyi gaben ebanii,negative,steam_live,730,False,1778784719,40245,russian,0,0.476190477609634399,True,False,False
Counter-Strike 2,dobre,positive,steam_live,730,True,1778784669,19672,english,1,0.523809552192687988,True,False,False
Counter-Strike 2,♥♥♥♥♥ or something like that,positive,steam_live,730,True,1778784585,14002,french,0,0.5,True,False,False
Counter-Strike 2,да да да да да (нет),positive,steam_live,730,True,1778784560,10359,russian,0,0.5,True,False,False
Counter-Strike 2,норм,positive,steam_live,730,True,1778784542,60740,russian,0,0.5,True,False,False
Counter-Strike 2,5v5 HIGH,positive,steam_live,730,True,1778784533,5424,polish,0,0.5,True,False,False
Counter-Strike 2,wadad,positive,steam_live,730,True,1778784505,1320,russian,0,0.5,True,False,False
Counter-Strike 2,dobre cs,positive,steam_live,730,True,1778784496,11520,polish,0,0.5,True,False,False
Counter-Strike 2,https://steamcommunity.com/id/zuntiX/inventory/#730_2_33552867664,positive,steam_live,730,True,1778784466,3767,russian,0,0.5,True,False,False
Counter-Strike 2,Aura,positive,steam_live,730,True,1778784465,32919,spanish,0,0.5,True,False,False
Counter-Strike 2,КАКАШКА,positive,steam_live,730,True,1778784454,28810,russian,0,0.5,True,False,False
Counter-Strike 2,nice,positive,steam_live,730,True,1778784447,1038,finnish,0,0.5,True,False,False
Counter-Strike 2,top demais,positive,steam_live,730,True,1778784421,167354,portuguese,0,0.5,True,False,False
Counter-Strike 2,AQ OYUNUNDA HERKES Mİ HİLE YAAA,negative,steam_live,730,False,1778784356,93061,turkish,1,0.5,True,False,False
Counter-Strike 2,ITS HELL,negative,steam_live,730,False,1778784298,16040,english,0,0.5,True,False,False
Counter-Strike 2,"valve dont care about cheaters! we have to pay to play premier, but why we need to play 50-60 maps with cheaters to open the premier? i didnt play any single map without cheaters, vac doesnt work",negative,steam_live,730,False,1778784296,1556,russian,0,0.5,True,False,False
Counter-Strike 2,"this game is very fun, very competitive and very addicting. if its ""gambling"" or if its just trying to master the game, which will take a lot of time and will be super addicting but time consuming (if you dont rage and quit t_t).

albeit the anti-cheat is ass, VAC bans exploiters months after being detected so exploiters cannot find out what may have caused and how to release another fix and re-release the update.

even though this is genius, this is only in trial. this isn't a good system to adopt within a FPS shooters game because once theres exploiters, the game gets ruined and not fun at all and everybody might quit in the end, if it was a simulator then that doesn't really hinder other players gameplay at all.

and honestly, i feel like the anti-cheat is dysfunctional. i haven't seen people get banned, and a lot of people can easily sneak in silent aimbot , reduced spread, or esp cheats really easily and not get detected until they go mainstream?

i would recommend if you play with friends or in faceit, otherwise you're meeting toxic players who are severely competitive even in non-competitive modes (casual, deathmatch, etc). and also that faceit has a kernel level anti-cheat and seems to work well.",positive,steam_live,730,True,1778784280,7093,english,1,0.523809552192687988,True,False,False
Counter-Strike 2,wqfewqfewf,positive,steam_live,730,True,1778784278,2143,russian,0,0.5,True,False,False
Counter-Strike 2,internet cut out and now i cant play 24 hours for leaving match love the game so much that i want to dropkick my grandma out her hospital window,negative,steam_live,730,False,1778784270,1655,english,0,0.5,True,False,False
Counter-Strike 2,"awesome game, nostalgic.",positive,steam_live,730,True,1778784244,474,english,0,0.5,True,False,False
Counter-Strike 2,i hate this game,positive,steam_live,730,True,1778784244,112567,english,0,0.5,True,False,False
Counter-Strike 2,super gra,positive,steam_live,730,True,1778784221,47763,polish,0,0.5,True,False,False
Counter-Strike 2,WOW,positive,steam_live,730,True,1778784179,11704,english,0,0.5,True,False,False
Counter-Strike 2,"ban someone with cheats, triggerbot, esp and aimbot, with premiere having people bhopping ❌
ban someone with no cheats ✅
how do people praise valve...",negative,steam_live,730,False,1778784043,759,english,0,0.5,True,False,False
Counter-Strike 2,[jhij,positive,steam_live,730,True,1778784027,21100,russian,0,0.5,True,False,False
Counter-Strike 2,"Bok gibi oyun, kasa için alınır.",positive,steam_live,730,True,1778783995,12151,turkish,0,0.5,True,False,False
Counter-Strike 2,"Honestly, Counter-Strike 2 is one of those games I can play for hours without getting bored. Every match feels different, and that’s what makes it so fun for me. I like how competitive and intense the game can get, especially in close rounds where one small mistake can decide everything.

What I enjoy the most is playing with friends, communicating, and trying to win together as a team. Hitting good shots or making smart plays feels really satisfying, and it’s nice to see yourself slowly getting better over time. The new graphics and smoke mechanics also make the game feel more modern and realistic.

I also love watching professional matches because they’re always exciting and sometimes even inspiring. Overall, CS2 is more than just a shooter for me it’s a game that’s fun, challenging, and always gives me a reason to come back and play again.

[i] Overall Good Game [/i]",positive,steam_live,730,True,1778783967,10507,english,0,0.5,True,False,False
Counter-Strike 2,sehr supper zu nervenzereißen 👍🤠👍,positive,steam_live,730,True,1778783948,1694,german,0,0.5,True,False,False
Counter-Strike 2,kostet mich nur meine nerven sonst super,positive,steam_live,730,True,1778783747,20020,german,0,0.5,True,False,False
Counter-Strike 2,"Sorry, this is just my opinion, but I think Counter-Strike 2 is the best shooter because the game depends on skill, reaction time, experience, and teamwork instead of luck. I like that every match feels different and even one good round can completely change the game. In CS2, you always need to think, communicate with your team, and practice to improve, and that is why the game never becomes boring even after a long time. I also enjoy the atmosphere of the game, the iconic maps, and how intense the matches can be. Winning in CS2 feels truly deserved because you know that victory came from your own actions and good teamwork. Maybe not everyone will agree with me, but for me CS2 remains the most exciting and best shooter game.",positive,steam_live,730,True,1778783731,14578,english,0,0.5,True,False,False
Counter-Strike 2,oynamayın,positive,steam_live,730,True,1778783639,11464,turkish,0,0.5,True,False,False
Counter-Strike 2,"yes, absolutely lmao",positive,steam_live,730,True,1778783595,5292,russian,0,0.5,True,False,False
Counter-Strike 2,bagi i cziterzy,positive,steam_live,730,True,1778783579,10142,polish,0,0.5,True,False,False
Counter-Strike 2,10/10https://store.steampowered.com/app/730/CounterStrike_2/#,positive,steam_live,730,True,1778783564,1618,spanish,0,0.5,True,False,False
Counter-Strike 2,"güzel bir oyun ama çok fazla hile var
View all 500 comments",positive,steam_live,730,True,1778783461,5719,turkish,190,0.5,True,False,False
Counter-Strike 2,"YAS
YSA",positive,steam_live,730,True,1778783456,2495,russian,0,0.5,True,False,False
Counter-Strike 2,its real good game guys <3,positive,steam_live,730,True,1778783456,318,english,0,0.5,True,False,False
Counter-Strike 2,mas nos ultimos tempos esta havendo muito cheater,positive,steam_live,730,True,1778783437,71220,brazilian,0,0.5,True,False,False
Counter-Strike 2,♥♥♥♥♥ ♥♥♥♥♥♥,negative,steam_live,730,False,1778783364,26247,russian,0,0.5,True,False,False
Counter-Strike 2,игра говно я даже не понял что делать нужно,positive,steam_live,730,True,1778783361,81763,russian,0,0.5,True,False,False
Counter-Strike 2,nice game,positive,steam_live,730,True,1778783326,2341,spanish,0,0.5,True,False,False
Counter-Strike 2,好玩我一辈子C了,positive,steam_live,730,True,1778783287,13177,schinese,0,0.5,True,False,False
Counter-Strike 2,VALO C MIEUX,negative,steam_live,730,False,1778783282,649,french,0,0.476190477609634399,True,False,False
Counter-Strike 2,I want to say that it will be better if I play in roblox than cs2 but at least it is funny to see how your friend miss with shotgun in 2 m from enemy),positive,steam_live,730,True,1778783279,23722,ukrainian,0,0.5,True,False,False
Counter-Strike 2,very good game i broke my keyboard 5 times my mouse 7 times my headphones 10 times my monitor 12 times but its very good game,positive,steam_live,730,True,1778783249,6387,english,0,0.5,True,False,False
Counter-Strike 2,very cool game nice players and evryone is super nice would recomend,positive,steam_live,730,True,1778783225,23601,english,0,0.5,True,False,False
Counter-Strike 2,evet güzel oyun,positive,steam_live,730,True,1778783215,9476,turkish,840,0.740999817848205566,True,False,False
Counter-Strike 2,to many cheater.,negative,steam_live,730,False,1778783197,18507,german,0,0.5,True,False,False
Counter-Strike 2,"Perspective of someone whos only sunk 100 hours into this hellhole:
- Constant mood swings
- Teammate selection is Russian roulette between ♥♥♥♥♥ or cracked
- Everyone either seems to be cheating or accusing someone of cheating

I despise this game, i'll be back in a month 10/10",positive,steam_live,730,True,1778783163,7139,english,0,0.5,True,False,False
Counter-Strike 2,"игра топ , чтобы разьебать мышку",positive,steam_live,730,True,1778783097,16997,russian,0,0.5,True,False,False
Counter-Strike 2,"Игра огонь, рекомендую",positive,steam_live,730,True,1778783074,974,russian,0,0.5,True,False,False
Counter-Strike 2,fajna gra,positive,steam_live,730,True,1778783053,9334,polish,0,0.5,True,False,False
Counter-Strike 2,GOOD GAME,positive,steam_live,730,True,1778783038,9267,english,0,0.5,True,False,False
Counter-Strike 2,♥♥♥♥♥♥♥ game the shots are not going where my crosshair is ♥♥♥♥ anti cheat full with cheaters valve this game sucks fix ur ♥♥♥♥♥♥♥ game,negative,steam_live,730,False,1778782988,16428,english,1,0.523809552192687988,True,False,False
Counter-Strike 2,.,negative,steam_live,730,False,1778782979,6092,turkish,1,0.5,True,False,False
Counter-Strike 2,bazı oçlar var çok vahişiler,positive,steam_live,730,True,1778782817,10658,turkish,0,0.5,True,False,False
Counter-Strike 2,good,positive,steam_live,730,True,1778782771,2300,ukrainian,0,0.5,True,False,False
Counter-Strike 2,ben hayatımda bu kadar,positive,steam_live,730,True,1778782651,303,turkish,0,0.5,True,False,False
Counter-Strike 2,very good game,positive,steam_live,730,True,1778782640,486,russian,1,0.523809552192687988,True,False,False
Counter-Strike 2,nem,positive,steam_live,730,True,1778782636,15686,hungarian,0,0.5,True,False,False
Counter-Strike 2,this game sucks,positive,steam_live,730,True,1778782632,29117,turkish,1,0.523809552192687988,True,False,False
Counter-Strike 2,пж зарегай,positive,steam_live,730,True,1778782536,21726,russian,0,0.5,True,False,False
Counter-Strike 2,git gra,positive,steam_live,730,True,1778782499,2601,polish,0,0.5,True,False,False
Counter-Strike 2,r,positive,steam_live,730,True,1778782480,14696,turkish,0,0.5,True,False,False
Counter-Strike 2,z,positive,steam_live,730,True,1778782459,8238,russian,0,0.5,True,False,False
Counter-Strike 2,hackers will get lube put on by the devs but if you tk the will treat you like john brown treated slave owners,negative,steam_live,730,False,1778782383,33953,english,0,0.5,True,False,False
Counter-Strike 2,Заебла,positive,steam_live,730,True,1778782380,38870,russian,0,0.5,True,False,False
Counter-Strike 2,пойдет,positive,steam_live,730,True,1778782379,94639,russian,0,0.5,True,False,False
Counter-Strike 2,not bad not bad,positive,steam_live,730,True,1778782359,24774,turkish,0,0.5,True,False,False
Counter-Strike 2,Ставлю лайк пока не выпадет нож (я лудик),positive,steam_live,730,True,1778782359,49101,russian,0,0.5,True,False,False
Counter-Strike 2,donked,positive,steam_live,730,True,1778782301,38287,brazilian,0,0.5,True,False,False
Counter-Strike 2,zajebiste napierdalam to kurakow ktore uciekaja ode mnie,positive,steam_live,730,True,1778782294,10183,polish,0,0.5,True,False,False
Counter-Strike 2,Лучший шутер на ПК,positive,steam_live,730,True,1778782281,789,russian,0,0.5,True,False,False
Counter-Strike 2,"♥♥♥♥♥ ♥♥♥♥♥♥ ♥♥♥♥♥, заебали
габен пидорас
ладно шучу, игра чтобы расслабиться. Главное, не слушать тимейтов, которые пид.. алые пидагоги руинят.
И это кстати говорит пидорас, который даже 1к часов не наиграл. Лучшая игра!
Спасибо!",positive,steam_live,730,True,1778782163,8610,russian,0,0.5,True,False,False
Counter-Strike 2,хуже некуда,negative,steam_live,730,False,1778782092,8041,russian,0,0.5,True,False,False
Counter-Strike 2,goodbye ireland hello russia,positive,steam_live,730,True,1778782091,6885,english,0,0.5,True,False,False
Counter-Strike 2,i hate this game,positive,steam_live,730,True,1778782019,639,english,0,0.5,True,False,False
Counter-Strike 2,GREAT GAME LOVE IT HIGHLY SUGGEST IT,positive,steam_live,730,True,1778781993,8943,english,0,0.5,True,False,False
Counter-Strike 2,"Кожен раз, коли мене різко вбивають, думаю, що в мене зупиниться серце, та я здохну.",positive,steam_live,730,True,1778781946,30861,ukrainian,0,0.5,True,False,False
Counter-Strike 2,"i got banned for 1 day because i kick my tm8 for been afk whole game
10/10 i will kick them again",positive,steam_live,730,True,1778781934,55168,english,0,0.5,True,False,False
Counter-Strike 2,good,positive,steam_live,730,True,1778781930,83782,swedish,0,0.5,True,False,False
Counter-Strike 2,asa e,positive,steam_live,730,True,1778781839,77163,english,0,0.5,True,False,False
Counter-Strike 2,very lovely game,positive,steam_live,730,True,1778781729,37932,english,0,0.5,True,False,False
Counter-Strike 2,a*k,negative,steam_live,730,False,1778781705,8400,turkish,1,0.5,True,False,False
Counter-Strike 2,ф,positive,steam_live,730,True,1778781694,837,russian,0,0.5,True,False,False
Counter-Strike 2,cool,positive,steam_live,730,True,1778781620,55300,english,0,0.5,True,False,False
Counter-Strike 2,good,positive,steam_live,730,True,1778781617,73838,english,0,0.5,True,False,False
Counter-Strike 2,bambaşka,positive,steam_live,730,True,1778781616,45744,turkish,0,0.5,True,False,False
Counter-Strike 2,fajna gra,positive,steam_live,730,True,1778781595,1629,polish,0,0.5,True,False,False
Counter-Strike 2,изизи,positive,steam_live,730,True,1778781570,3538,russian,1,0.523809552192687988,True,False,False
Counter-Strike 2,игры,negative,steam_live,730,False,1778781511,601,russian,2,0.545454561710357666,True,False,False
Counter-Strike 2,nice community,positive,steam_live,730,True,1778781503,58779,english,0,0.5,True,False,False
Counter-Strike 2,sinirli bir bireyseniz tavsiye etmem,positive,steam_live,730,True,1778781483,18945,turkish,0,0.5,True,False,False
Counter-Strike 2,Читеров бы поменьше,positive,steam_live,730,True,1778781456,525,russian,0,0.5,True,False,False
Counter-Strike 2,.,positive,steam_live,730,True,1778781385,768,russian,0,0.5,True,False,False
Counter-Strike 2,"♥♥♥♥♥♥♥ cheaters are infested within the very foundation of this game, while the capitalist man Gabe Newell cashes out on online cosmetics, that man have absolutely no love for the FPS genre he is only intrested in money.",negative,steam_live,730,False,1778781371,8199,swedish,0,0.5,True,False,False
Counter-Strike 2,só tem xitado,positive,steam_live,730,True,1778781368,15693,brazilian,1,0.523809552192687988,True,False,False
Counter-Strike 2,nigel,positive,steam_live,730,True,1778781343,5019,english,0,0.5,True,False,False
Counter-Strike 2,не регает подбор говна,negative,steam_live,730,False,1778781286,10132,russian,0,0.5,True,False,False
Counter-Strike 2,♥♥♥♥♥♥♥♥ игра,positive,steam_live,730,True,1778781271,22140,russian,0,0.5,True,False,False
Counter-Strike 2,"这游戏太jb好玩了
跟外挂有合约一样的，根本不会封就像非预瞄点都已经提前知道了一样
开局就已经摸透了你在哪用什么枪
外挂不会封，官方没家人一样的",negative,steam_live,730,False,1778781266,7958,schinese,0,0.5,True,False,False
Counter-Strike 2,yyy lya lya,positive,steam_live,730,True,1778781222,35886,russian,0,0.5,True,False,False
Counter-Strike 2,zawalista graaaaaaaaaaaaaaaaaaaaaa,positive,steam_live,730,True,1778781218,2382,polish,0,0.5,True,False,False
Counter-Strike 2,best game but lot of cheaters,positive,steam_live,730,True,1778781174,24511,english,1,0.523809552192687988,True,False,False
Counter-Strike 2,垃圾游戏出bug了开箱为什么没有金,negative,steam_live,730,False,1778781140,25890,schinese,0,0.5,True,False,False
Counter-Strike 2,говно,positive,steam_live,730,True,1778781137,65572,russian,0,0.5,True,False,False
Counter-Strike 2,WYKURWIA Z GRY PODCZAS MECZU A POTEM DOSTAJE SIE BANA NIE POLECAM,negative,steam_live,730,False,1778781116,47975,polish,0,0.5,True,False,False
Counter-Strike 2,good,positive,steam_live,730,True,1778781069,44,russian,0,0.5,True,False,False
Counter-Strike 2,канешно,positive,steam_live,730,True,1778781017,10801,russian,0,0.5,True,False,False
Counter-Strike 2,много читеров. много токсиков. пойдёт,positive,steam_live,730,True,1778780986,1594,russian,0,0.5,True,False,False
Counter-Strike 2,mükemmel bir oyun,positive,steam_live,730,True,1778780965,6967,turkish,0,0.5,True,False,False
Counter-Strike 2,Ruh ve sinir sağlığınızı kaybetmeniz için birebir Bi oyun oyunda hileden geçilmiyor,positive,steam_live,730,True,1778780939,41853,turkish,2,0.5,True,False,False
Counter-Strike 2,Elég pacek,positive,steam_live,730,True,1778780922,7129,hungarian,1,0.5,True,False,False
Counter-Strike 2,джек,positive,steam_live,730,True,1778780846,31333,russian,0,0.5,True,False,False
Counter-Strike 2,BEST GAME IN WORLD,positive,steam_live,730,True,1778780792,23637,english,0,0.5,True,False,False
Counter-Strike 2,don t play this game,positive,steam_live,730,True,1778780790,22876,english,0,0.5,True,False,False
Counter-Strike 2,good game,positive,steam_live,730,True,1778780707,3319,polish,0,0.5,True,False,False
Counter-Strike 2,"melhor FPS de todos os tempos 
ruim so a quantidade de xiter que tem",positive,steam_live,730,True,1778780705,380302,brazilian,3,0.565217375755310059,True,False,False
Counter-Strike 2,gambling addiction.,negative,steam_live,730,False,1778780631,14134,english,0,0.5,True,False,False
Counter-Strike 2,Читеров бы поменьше,positive,steam_live,730,True,1778780627,912,russian,0,0.5,True,False,False
Counter-Strike 2,wścielki rosjanie,positive,steam_live,730,True,1778780562,12216,polish,0,0.5,True,False,False
Counter-Strike 2,good good game i swear no cheater,positive,steam_live,730,True,1778780521,21945,english,1,0.523809552192687988,True,False,False
Counter-Strike 2,love it,positive,steam_live,730,True,1778780489,981,portuguese,0,0.5,True,False,False
Counter-Strike 2,perfect game,positive,steam_live,730,True,1778780440,25202,english,0,0.5,True,False,False
Counter-Strike 2,"КС2 это такая же вторичная помойка, как и казино с кейсами. Разработчики Valve не умеют в баланс, а их VAC жив не ловит читеров. Соревновательный режим без покупного прайма не работает. Прайм покупать в 2026 году бесполезно. Это платный доступ к игре, который не решает проблему наплыва смурфов.",negative,steam_live,730,False,1778780385,5255,russian,0,0.5,True,False,False
Counter-Strike 2,kann ich zum f* russisch?????,positive,steam_live,730,True,1778780356,14449,german,1,0.523809552192687988,True,False,False
Counter-Strike 2,çok iyi oyun,positive,steam_live,730,True,1778780340,4035,turkish,0,0.5,True,False,False
Counter-Strike 2,"Изнасилуй меня, трахай мой рот
Возьми мою шею, засунь ♥♥♥ мне в рот
Бей моё тело, царапай прям в рожу
Еби мою жопу, меня уничтожь Насилуй мою голову, еби мою ♥♥♥♥♥
Кричу: «Давай, оттягивай», хочу твой ♥♥♥ во рту
Насилуй моё тело и царапай мою шею
Я так давно хотела унижений, нюхать клея
Насилуй мою голову, еби мою ♥♥♥♥♥
Кричу: «Давай, оттягивай», хочу твой ♥♥♥ во рту
Насилуй моё тело и царапай мою шею
Я так давно хотела унижений, нюхать клея Морально унизь, скажи: «♥♥♥♥, к ноге»
Я буду смотреть снизу лучший момент
Возьми мои волосы, целься на зад
Я грязная шлюха, хочу вам сосатьНасилуй мою голову, еби мою ♥♥♥♥♥
Кричу: «Давай, оттягивай», хочу твой ♥♥♥ во рту
Насилуй моё тело и царапай мою шею
Я так давно хотела унижений, нюхать клея
Насилуй мою голову, еби мою ♥♥♥♥♥
Кричу: «Давай, оттягивай», хочу твой ♥♥♥ во рту
Насилуй моё тело и царапай мою шею
Я так давно хотела унижений, нюхать клея Насилуй мою голову, еби мою ♥♥♥♥♥",positive,steam_live,730,True,1778780314,3720,russian,0,0.5,True,False,False
Counter-Strike 2,♥♥♥ iyi,positive,steam_live,730,True,1778780311,2042,turkish,0,0.5,True,False,False
Counter-Strike 2,nice!,positive,steam_live,730,True,1778780304,88443,russian,0,0.5,True,False,False
Counter-Strike 2,игра топич,positive,steam_live,730,True,1778780252,17014,russian,1,0.523809552192687988,True,False,False
Counter-Strike 2,Cool Game!,positive,steam_live,730,True,1778780229,176,english,4,0.565217375755310059,True,False,False
Counter-Strike 2,o jogin bom,positive,steam_live,730,True,1778780190,64489,brazilian,0,0.5,True,False,False
Counter-Strike 2,"Too many cheaters you just sit and watch whole 30 min how cheaters play, bad feeling of movment, you got stuck intoo invisible objects, sometimes your commends doesnt have end of circle, if you bind command to repeat many time you would be feeling spike lags and glitches. I do not recommend you because i played previous version, and i can tell that only graphic is changed here for better thing.",negative,steam_live,730,False,1778780042,14936,english,1,0.523809552192687988,True,False,False
Counter-Strike 2,Good game !,positive,steam_live,730,True,1778780038,52440,russian,1,0.523809552192687988,True,False,False
Counter-Strike 2,Не регает 2,positive,steam_live,730,True,1778779956,1766,russian,0,0.5,True,False,False
Counter-Strike 2,Пушка)),positive,steam_live,730,True,1778779933,219,russian,0,0.5,True,False,False
Counter-Strike 2,best game with kaka,positive,steam_live,730,True,1778779926,18331,english,0,0.5,True,False,False
Counter-Strike 2,<3,positive,steam_live,730,True,1778779903,3067,turkish,0,0.5,True,False,False
Counter-Strike 2,l,positive,steam_live,730,True,1778779885,868,turkish,0,0.5,True,False,False
Counter-Strike 2,Infested with cheaters and valve doesnt care at all,negative,steam_live,730,False,1778779817,106290,english,0,0.5,True,False,False
Counter-Strike 2,bad game,negative,steam_live,730,False,1778779794,110827,english,0,0.5,True,False,False
Counter-Strike 2,имба,positive,steam_live,730,True,1778779727,2073,russian,0,0.5,True,False,False
Counter-Strike 2,норм игра,positive,steam_live,730,True,1778779691,1966,russian,0,0.5,True,False,False
Counter-Strike 2,"Уебищные разрабы ♥♥♥♥♥♥ вкрай. Но комьюнити хомячков хавают любой высер этих ♥♥♥♥♥♥♥♥♥, за который что одни, что вторые должны быть расстреляны ♥♥♥♥♥ с базуки",negative,steam_live,730,False,1778779674,5358,russian,1,0.5,True,False,False
Counter-Strike 2,"JOGO PESSIMO, QUE LITEALMENTE PASSA PANO PRA CHEATERS PRA LUCRAR COM ISSO, O JOGO MAIS JOGADO DA STEAM POR ANOS, E NAO APARECE NADA MELHOR QUE PRESTE PRA NAO TERMOS QUE JOGAR ESSA BOSTA DE JOGO.",negative,steam_live,730,False,1778779659,69876,brazilian,0,0.5,True,False,False
Counter-Strike 2,крутая игра,positive,steam_live,730,True,1778779622,23427,russian,0,0.5,True,False,False
Counter-Strike 2,"игра имба, у меня больше нет родителей",positive,steam_live,730,True,1778779595,11242,russian,0,0.5,True,False,False
Counter-Strike 2,Ok,positive,steam_live,730,True,1778779593,106924,english,0,0.5,True,False,False
Counter-Strike 2,gud,positive,steam_live,730,True,1778779576,8513,english,0,0.5,True,False,False
Counter-Strike 2,GOOG GAME GLHF,positive,steam_live,730,True,1778779566,510,russian,0,0.5,True,False,False
Counter-Strike 2,"Too many cheaters you just sit and watch whole 30 min how cheaters play, bad feeling of movment, you got stuck intoo invisible objects, sometimes your commends doesnt have end of circle, if you bind command to repeat many time you would be feeling spike lags and glitches. I do not recommend you because i played previous version, and i can tell that only graphic is changed here for better thing.",negative,steam_live,730,False,1778779499,14961,english,0,0.5,True,False,False
Counter-Strike 2,"Counter-Strike 2 is a fantastic game if you enjoy getting screamed at by a 14-year-old with 9,000 hours while being flashbanged into another dimension. I loaded in for “a couple matches” and suddenly it was 4AM, my mental health was gone, and I was arguing with Russians about why we should maybe not rush B for the 12th round in a row.

The matchmaking is basically a social experiment. One teammate thinks he’s in the Major finals, another is playing with a steering wheel, and the last guy hasn’t bought armor since 2017. Somehow the enemy team always has a guy named “xX_HeadshotMachine_Xx” who hits one-taps through smoke while eating cereal.

10/10 game. I hate it. See you tomorrow.",positive,steam_live,730,True,1778779449,7198,english,1,0.523809552192687988,True,False,False
Counter-Strike 2,børn,positive,steam_live,730,True,1778779444,25587,danish,0,0.5,True,False,False
Counter-Strike 2,why is there a red trust factor!!! I have a 4k rating in premier mode. I'm a noob then why is there such a factor!!! fix this ♥♥♥♥,negative,steam_live,730,False,1778779431,36548,ukrainian,0,0.5,True,False,False
Counter-Strike 2,имбоо,positive,steam_live,730,True,1778779418,3008,russian,0,0.5,True,False,False
Counter-Strike 2,ih haise very good dame,positive,steam_live,730,True,1778779383,5563,english,0,0.5,True,False,False
Counter-Strike 2,"Игра х@йня полная. Купил прайм статус, но зря каждые 5-6 каток читеры. Не могут сделать нормальный антисит прайм статус не покупайте мать габена восьмитоная кобыла. Я 3б@л его бабку",negative,steam_live,730,False,1778779357,12224,russian,0,0.5,True,False,False
Counter-Strike 2,вау,positive,steam_live,730,True,1778779177,59435,russian,0,0.5,True,False,False
Counter-Strike 2,VAC is ass,negative,steam_live,730,False,1778779111,6733,english,0,0.5,True,False,False
Counter-Strike 2,),positive,steam_live,730,True,1778779081,7265,russian,0,0.5,True,False,False
Counter-Strike 2,Nagyon pacek,positive,steam_live,730,True,1778779073,1998,hungarian,1,0.5,True,False,False
Counter-Strike 2,//,positive,steam_live,730,True,1778779059,30136,russian,0,0.5,True,False,False
Counter-Strike 2,Jugando CS desde el 1.0 hasta ahora fin.,positive,steam_live,730,True,1778779052,60795,spanish,0,0.5,True,False,False
Counter-Strike 2,"Я помню чудное мгновенье:
Цзшка, «молотов» и флэшка.
Тащить я должен на длине,
Но тут выходит враг ко мне.

А я, мой друг, не растерялся,
Мой верный «молотов» взорвался
Врагам на зло в коробе той.
Но вот и «молотов» потух, и что же делать, милый друг?

Пора, милок, достать цзшку, а с ней и флэшку.
И вот я флэш кидаю в них,
Враг мой ослеп и тут же сник.
А я к ним мчался как стрела,
В руке есть дрожь и нет скилла,

Но я отнюдь не забоялся,
Я прям в коробку к ним ворвался,
Не дожидаясь тимы с дна,
Я сделал минус, потом два.
Потом ещё, ещё, ещё…

И вот он эйс мой долгожданный.
Но тут очнулся я от сна,
И вижу счёт 16:2.",positive,steam_live,730,True,1778779034,16295,russian,0,0.5,True,False,False
Counter-Strike 2,jogo muito bom,positive,steam_live,730,True,1778778990,16724,brazilian,1,0.523809552192687988,True,False,False
Counter-Strike 2,Исправили много багов,positive,steam_live,730,True,1778778944,745,russian,0,0.5,True,False,False
Counter-Strike 2,ммпнмныфевпныв,positive,steam_live,730,True,1778778913,30199,russian,0,0.5,True,False,False
Counter-Strike 2,"I wanted to play some CS so I launched CS2, I don't know if its the player base, or how little they added compared to what they removed, but it really just does not feel like CS:GO anymore, can't recommend as they removed CS:GO to add this game, so it should be MORE not LESS than CS:GO.",negative,steam_live,730,False,1778778908,5658,english,0,0.5,True,False,False
Counter-Strike 2,wszystko,positive,steam_live,730,True,1778778899,1525,polish,0,0.5,True,False,False
Counter-Strike 2,♥♥♥♥♥,positive,steam_live,730,True,1778778893,6053,russian,0,0.5,True,False,False
Counter-Strike 2,fantastic game beautiful customisation. Brings me nostalia even tho im quite new,positive,steam_live,730,True,1778778842,3117,english,0,0.5,True,False,False
Counter-Strike 2,хорошая игра.,positive,steam_live,730,True,1778778689,7753,russian,0,0.5,True,False,False
Counter-Strike 2,Легендарная игра,positive,steam_live,730,True,1778778679,275,russian,0,0.5,True,False,False
Counter-Strike 2,top,positive,steam_live,730,True,1778778663,503,russian,0,0.5,True,False,False
Counter-Strike 2,.,positive,steam_live,730,True,1778778641,20428,turkish,0,0.5,True,False,False
Counter-Strike 2,"Too many cheaters, and mechanic of the game feel like reverse insteed of upgrade from previous version, only graphic is updated, they sell you this cheap fake game, other big poroblems, for example model of character is bugging around map when moving on strange invisible objects, and subtick is much worse than tickrate, its worse than expected its totaly downgrade the gameplay you cannot be competive because its so randomless and packets are lost in ongoing game, like servers would never read them, sometimes i even feel like commands in game and no are not reading properly by game, (movment keys sometimes repeat or other strange things, like mouse lags, in better and newer games this doesnt happen to me, its not hardware for sure) or even lost in meantime by server :o ITS UNREAL THAT GAME CAN HAVE THIS MANY GLITCHES like important/game changing, also there is alot of cheaters who make you sometimes sit for hours infront of computer and watching them play.",negative,steam_live,730,False,1778778628,6695,english,0,0.5,True,False,False
Counter-Strike 2,8i7o8796768786768,positive,steam_live,730,True,1778778628,25849,russian,0,0.5,True,False,False
Counter-Strike 2,спасибо хорошо,positive,steam_live,730,True,1778778615,3156,russian,0,0.5,True,False,False
Counter-Strike 2,pula,negative,steam_live,730,False,1778778581,61602,english,0,0.5,True,False,False
Counter-Strike 2,plo plo,positive,steam_live,730,True,1778778448,29952,spanish,0,0.5,True,False,False
Counter-Strike 2,geci szar,positive,steam_live,730,True,1778778411,15732,hungarian,0,0.5,True,False,False
Counter-Strike 2,ahujena game,positive,steam_live,730,True,1778778400,19991,english,0,0.5,True,False,False
Counter-Strike 2,Ку,positive,steam_live,730,True,1778778384,21294,russian,0,0.5,True,False,False
Counter-Strike 2,geiles game,positive,steam_live,730,True,1778778384,1819,german,0,0.5,True,False,False
Counter-Strike 2,"вот это
полная херня",positive,steam_live,730,True,1778778362,6379,russian,0,0.5,True,False,False
Counter-Strike 2,klasa giera,positive,steam_live,730,True,1778778345,2106,polish,1,0.523809552192687988,True,False,False
Counter-Strike 2,Многа читери йесть толка етово-,positive,steam_live,730,True,1778778292,10213,russian,0,0.5,True,False,False
Counter-Strike 2,"Качаю звание, все супер",positive,steam_live,730,True,1778778235,124,russian,0,0.5,True,False,False
Counter-Strike 2,Door still stuck,positive,steam_live,730,True,1778778163,2039,english,0,0.5,True,False,False
Counter-Strike 2,девушка одна а кс2,positive,steam_live,730,True,1778778154,13353,russian,0,0.5,True,False,False
Counter-Strike 2,S,positive,steam_live,730,True,1778778141,8480,russian,0,0.5,True,False,False
Counter-Strike 2,Bummy ahh anti cheat,negative,steam_live,730,False,1778778110,181228,english,0,0.5,True,False,False
Counter-Strike 2,god,positive,steam_live,730,True,1778777948,14511,english,0,0.5,True,False,False
Counter-Strike 2,ever wanted to spend ♥♥♥♥♥♥♥♥ of cash just to get scammed in the next hour? well then cs2 is the right place to gamble 100 Euros and get back 20 Euros (based on a true experience),positive,steam_live,730,True,1778777919,12941,czech,0,0.5,True,False,False
Counter-Strike 2,Dieses Spiel bereitet mich starke körperliche und mentale schmerzen 10/10,negative,steam_live,730,False,1778777846,12840,german,0,0.5,True,False,False
Counter-Strike 2,крутая,positive,steam_live,730,True,1778777829,1257,russian,0,0.5,True,False,False
Counter-Strike 2,sim,positive,steam_live,730,True,1778777829,7016,english,0,0.5,True,False,False
Counter-Strike 2,"Too many cheaters, and mechanic of the game feel like reverse insteed of upgrade from previous version, only graphic is updated, they sell you this cheap fake game, other big poroblems, for example model of character is bugging around map when moving on strange invisible objects, and subtick is much worse than tickrate, its worse than expected its totaly downgrade the gameplay you cannot be competive because its so randomless and packets are lost in ongoing game, like servers would never read them, sometimes i even feel like commands in game and no are not reading properly by game, (movment keys sometimes repeat or other strange things, like mouse lags, in better and newer games this doesnt happen to me, its not hardware for sure) or even lost in meantime by server :o ITS UNREAL THAT GAME CAN HAVE THIS MANY GLITCHES like important/game changing, also there is alot of cheaters who make you sometimes sit for hours infront of computer and watching them play.",negative,steam_live,730,False,1778777791,6439,english,0,0.5,True,False,False
Counter-Strike 2,djr,positive,steam_live,730,True,1778777769,1990,russian,0,0.5,True,False,False
Counter-Strike 2,"While this game has much better graphics, the core mechanics lack the polish and consistency compared to  its predecessor.
Whilst making the game stale by not implementing anything refreshing, just the same new collections of skins, stickers, they aren't fixing the main problems of this game, such as: sub-tick, hitreg, cheating, botting and optimization for older systems.
This game doesn't compare to prime CSGO and i hope they improve it, because I believe it can live to its name.",negative,steam_live,730,False,1778777755,91669,english,0,0.5,True,False,False
Counter-Strike 2,chheat,negative,steam_live,730,False,1778777615,581,english,0,0.5,True,False,False
Counter-Strike 2,Все супер,positive,steam_live,730,True,1778777601,22453,russian,0,0.5,True,False,False
Counter-Strike 2,It's a really good game for everyone,positive,steam_live,730,True,1778777597,13430,hungarian,0,0.5,True,False,False
Counter-Strike 2,говно,negative,steam_live,730,False,1778777569,65420,russian,0,0.5,True,False,False
Counter-Strike 2,gut for anyone who likes ♥♥♥♥ another person,positive,steam_live,730,True,1778777525,31986,polish,0,0.5,True,False,False
Counter-Strike 2,крутые скины,positive,steam_live,730,True,1778777517,38170,russian,1,0.508196711540222168,True,False,False
Counter-Strike 2,zajebiste,positive,steam_live,730,True,1778777489,44280,polish,0,0.5,True,False,False
Counter-Strike 2,,positive,steam_live,730,True,1778777488,21138,english,0,0.5,True,False,False
Counter-Strike 2,all good,positive,steam_live,730,True,1778777464,27222,english,0,0.5,True,False,False
Counter-Strike 2,HUYNA,positive,steam_live,730,True,1778777441,4268,russian,0,0.5,True,False,False
Counter-Strike 2,"Una mrd, mucho Hacker...",negative,steam_live,730,False,1778777424,40100,spanish,0,0.5,True,False,False
Counter-Strike 2,YX,positive,steam_live,730,True,1778777350,902,czech,0,0.5,True,False,False
Counter-Strike 2,"if you are bored and have something laying around to break, i fully recomend this game esspecially after i broke my keyboard after loosing times in a row to russians who swears that they didnt cheat. they noscoped me out from a to short)",positive,steam_live,730,True,1778777336,19787,english,0,0.5,True,False,False
Counter-Strike 2,jobo bom passou decadas,positive,steam_live,730,True,1778777321,47596,brazilian,0,0.5,True,False,False
Counter-Strike 2,good,positive,steam_live,730,True,1778777263,60547,polish,0,0.5,True,False,False
Counter-Strike 2,"Too many cheaters, and mechanic of the game feel like reverse insteed of upgrade from previous version, only graphic is updated, they sell you this cheap fake game, other big poroblems, for example model of character is bugging around map when moving on strange invisible objects, and subtick is much worse than tickrate, its worse than expected its totaly downgrade the gameplay you cannot be competive because its so randomless and packets are lost in ongoing game, like servers would never read them, sometimes i even feel like commands in game and no are not reading properly by game, (movment keys sometimes repeat or other strange things, like mouse lags, in better and newer games this doesnt happen to me, its not hardware for sure) or even lost in meantime by server :o ITS UNREAL THAT GAME CAN HAVE THIS MANY GLITCHES like important/game changing, also there is alot of cheaters who make you sometimes sit for hours infront of computer and watching them play.",negative,steam_live,730,False,1778777206,5516,english,0,0.5,True,False,False
Counter-Strike 2,has more cheaters thasn tinder,negative,steam_live,730,False,1778777190,9286,english,0,0.5,True,False,False
Counter-Strike 2,zdarova vsem eto igra prosta bomba,positive,steam_live,730,True,1778777182,6730,russian,0,0.5,True,False,False
Counter-Strike 2,Премьер режим топчик,positive,steam_live,730,True,1778777140,204,russian,0,0.5,True,False,False
Counter-Strike 2,"Nothing fun about this game, Just anger and depression. Got so mad I cried. ♥♥♥♥ this game.",negative,steam_live,730,False,1778776972,3273,english,0,0.5,True,False,False
Counter-Strike 2,просто ♥♥♥♥♥ (в которую я играю),negative,steam_live,730,False,1778776797,61011,russian,0,0.5,True,False,False
Counter-Strike 2,alot of cheaters on preimier and the game so laggy even if u have rtx 5070 with the most powerfull cpu,negative,steam_live,730,False,1778776784,44737,english,0,0.5,True,False,False
Counter-Strike 2,gra super ale duzo cheatrow volvo pls fix vac,positive,steam_live,730,True,1778776711,12590,polish,0,0.5,True,False,False
Counter-Strike 2,67,positive,steam_live,730,True,1778776693,15492,russian,0,0.5,True,False,False
Counter-Strike 2,много читеров и их не банят,negative,steam_live,730,False,1778776610,45377,russian,0,0.5,True,False,False
Counter-Strike 2,jogo top do precisa melhorar o ant cheat te amo valve,positive,steam_live,730,True,1778776565,13521,brazilian,0,0.5,True,False,False
Counter-Strike 2,好玩的就是容易洪文,positive,steam_live,730,True,1778776532,25182,schinese,0,0.5,True,False,False
Counter-Strike 2,我很喜欢,positive,steam_live,730,True,1778776402,20708,schinese,0,0.5,True,False,False
Counter-Strike 2,ну и ♥♥♥♥♥ эта игра,positive,steam_live,730,True,1778776394,60154,russian,0,0.5,True,False,False
Counter-Strike 2,"特别好玩 玩高潮了很多次 再真实下去给我发战场上得了 
内格夫连狙司老冯了 我除外",positive,steam_live,730,True,1778776353,55840,schinese,0,0.5,True,False,False
Counter-Strike 2,awsome,positive,steam_live,730,True,1778776286,6587,english,0,0.5,True,False,False
Counter-Strike 2,то самое чувство когда прайм окупился и можешь прикинуть себе нормальный сет,positive,steam_live,730,True,1778776284,24553,russian,0,0.5,True,False,False
Counter-Strike 2,Cool entre amis,positive,steam_live,730,True,1778776233,980,french,0,0.5,True,False,False
Counter-Strike 2,Legenda♡,positive,steam_live,730,True,1778776183,3500,russian,1,0.523809552192687988,True,False,False
Counter-Strike 2,Game is Aight,positive,steam_live,730,True,1778776127,7028,english,1,0.523809552192687988,True,False,False
Counter-Strike 2,атсаси у трактариста,positive,steam_live,730,True,1778776122,18072,russian,0,0.5,True,False,False
Counter-Strike 2,имба ну только окуратно злишся очень сильно когда проиграваишь,positive,steam_live,730,True,1778776080,12327,russian,0,0.5,True,False,False
Counter-Strike 2,randomy sa jak koszmary zawsze sa ale nikt ich nie che,positive,steam_live,730,True,1778776064,14665,polish,0,0.5,True,False,False
Counter-Strike 2,"NORM IGRYTSHKA ., RECOMENDUU",positive,steam_live,730,True,1778775973,545,russian,0,0.5,True,False,False
Counter-Strike 2,mozna strzelac do policji fajna gerka,positive,steam_live,730,True,1778775927,19810,polish,0,0.5,True,False,False
Counter-Strike 2,worst ♥♥♥♥♥♥♥ game on the planet. people who like this should genuinely get their head checked,negative,steam_live,730,False,1778775921,855,english,0,0.5,True,False,False
Counter-Strike 2,вы потеряете все,positive,steam_live,730,True,1778775798,12484,russian,1,0.523809552192687988,True,False,False
Counter-Strike 2,yes,positive,steam_live,730,True,1778775758,9153,english,0,0.5,True,False,False
Counter-Strike 2,good game,positive,steam_live,730,True,1778775756,17885,english,0,0.5,True,False,False
Counter-Strike 2,BEST GAME,positive,steam_live,730,True,1778775740,12418,english,0,0.5,True,False,False
Counter-Strike 2,"Too many cheaters, and mechanic of the game feel like reverse insteed of upgrade from previous version, only graphic is updated, they sell you this cheap fake game, other big poroblems, for example model of character is bugging around map when moving on strange invisible objects, and subtick is much worse than tickrate, its worse than expected its totaly downgrade the gameplay you cannot be competive because its so randomless and packets are lost in ongoing game, like servers would never read them, sometimes i even feel like commands in game and no are not reading properly by game, (movment keys sometimes repeat or other strange things, like mouse lags, in better and newer games this doesnt happen to me, its not hardware for sure) or even lost in meantime by server :o ITS UNREAL THAT GAME CAN HAVE THIS MANY GLITCHES like important/game changing, also there is alot of cheaters who make you sometimes sit for hours infront of computer and watching them play.",negative,steam_live,730,False,1778775705,6212,english,0,0.5,True,False,False
Counter-Strike 2,The best game ever!,positive,steam_live,730,True,1778775671,4694,english,0,0.5,True,False,False
Counter-Strike 2,игра говна,negative,steam_live,730,False,1778775658,64246,russian,0,0.5,True,False,False
Counter-Strike 2,игра говна не скачивайте,positive,steam_live,730,True,1778775651,25595,russian,0,0.5,True,False,False
Counter-Strike 2,да,positive,steam_live,730,True,1778775596,2039,russian,1,0.523809552192687988,True,False,False
Counter-Strike 2,Классика в новой обертке,positive,steam_live,730,True,1778775561,726,russian,0,0.5,True,False,False
Counter-Strike 2,имба,positive,steam_live,730,True,1778775540,9501,russian,0,0.5,True,False,False
Counter-Strike 2,-REP играть не возможно,negative,steam_live,730,False,1778775474,889,russian,0,0.5,True,False,False
Counter-Strike 2,"wady: bugi strzelasz w gracza a on nie dostaje heada,tragiczne randomy ktore wychodza w polowie meczu bardzo duzo cheaterow zalety: nauka rosyjskiego",negative,steam_live,730,False,1778775416,23173,polish,0,0.5,True,False,False
Counter-Strike 2,top,positive,steam_live,730,True,1778775388,60008,brazilian,0,0.5,True,False,False
Counter-Strike 2,"Too many cheaters, and mechanic of the game feel like reverse insteed of upgrade from previous version, only graphic is updated, they sell you this cheap fake game, other big poroblems, for example model of character is bugging around map when moving on strange invisible objects, and subtick is much worse than tickrate, its worse than expected its totaly downgrade the gameplay you cannot be competive because its so randomless and packets are lost in ongoing game, like servers would never read them, sometimes i even feel like commands in game and no are not reading properly by game, (movment keys sometimes repeat or other strange things, like mouse lags, in better and newer games this doesnt happen to me, its not hardware for sure) or even lost in meantime by server :o ITS UNREAL THAT GAME CAN HAVE THIS MANY GLITCHES like important/game changing, also there is alot of cheaters who make you sometimes sit for hours infront of computer and watching them play.",negative,steam_live,730,False,1778775377,5924,english,0,0.5,True,False,False
Counter-Strike 2,all good,positive,steam_live,730,True,1778775305,56710,english,0,0.5,True,False,False
Counter-Strike 2,älskar spelet,positive,steam_live,730,True,1778775238,230969,swedish,0,0.5,True,False,False
Counter-Strike 2,Só cheater,positive,steam_live,730,True,1778775131,83970,brazilian,1,0.523809552192687988,True,False,False
Counter-Strike 2,♥♥♥♥♥ купил прайм в катку попадаются бухие мужики и просят номер я пацае,negative,steam_live,730,False,1778775102,2908,russian,0,0.5,True,False,False
Counter-Strike 2,great game ruined by cheaters.,positive,steam_live,730,True,1778775098,18747,brazilian,0,0.5,True,False,False
Counter-Strike 2,Cs bir kültürdür.,positive,steam_live,730,True,1778775057,3575,turkish,1,0.523809552192687988,True,False,False
Counter-Strike 2,prea multi codati,positive,steam_live,730,True,1778774970,1808,romanian,0,0.5,True,False,False
Counter-Strike 2,5*,positive,steam_live,730,True,1778774967,41369,english,0,0.5,True,False,False
Counter-Strike 2,yıllardır aynı,positive,steam_live,730,True,1778774952,28150,turkish,0,0.5,True,False,False
Counter-Strike 2,имба,positive,steam_live,730,True,1778774940,2366,russian,0,0.5,True,False,False
Counter-Strike 2,vghjkfv,positive,steam_live,730,True,1778774874,14863,russian,0,0.5,True,False,False
Counter-Strike 2,про своего отца узнал больше чем знал сам,negative,steam_live,730,False,1778774872,48389,russian,1,0.523809552192687988,True,False,False
Counter-Strike 2,git,positive,steam_live,730,True,1778774858,2157,polish,0,0.5,True,False,False
Counter-Strike 2,iyi oyun,positive,steam_live,730,True,1778774820,75028,english,0,0.5,True,False,False
Counter-Strike 2,Played very well in my first few games because I used to play Valorant and I ended up in red trust factor queues and getting cheaters every game. what the ♥♥♥♥ man,negative,steam_live,730,False,1778774765,3021,english,1,0.523809552192687988,True,False,False
Counter-Strike 2,这种竞技感绝无紧有,positive,steam_live,730,True,1778774757,19962,schinese,0,0.5,True,False,False
Counter-Strike 2,123,positive,steam_live,730,True,1778774715,32690,russian,0,0.5,True,False,False
Counter-Strike 2,neashi,positive,steam_live,730,True,1778774715,21510,english,0,0.5,True,False,False
Counter-Strike 2,YANIMDAKI ADAM VE BEN BAN YEDIM ADAM  OTO EŞLEŞMEDEN GELDI EKLEDIM BIKAÇ MAÇ ATIP BAN YEDIM 20 SAAT ????????????,positive,steam_live,730,True,1778774712,18390,turkish,0,0.5,True,False,False
Counter-Strike 2,fasefasfsafasefasefasfasfase,positive,steam_live,730,True,1778774662,21052,russian,0,0.5,True,False,False
Counter-Strike 2,bom mas tem muitos cheaters,positive,steam_live,730,True,1778774644,6092,portuguese,0,0.5,True,False,False
Counter-Strike 2,кс,positive,steam_live,730,True,1778774557,14172,russian,0,0.5,True,False,False
Counter-Strike 2,1,positive,steam_live,730,True,1778774463,2647,russian,1,0.523809552192687988,True,False,False
Counter-Strike 2,güzel derdiniz varsa gelin dertleşelim,positive,steam_live,730,True,1778774455,4441,turkish,0,0.5,True,False,False
Counter-Strike 2,nie powiem ale ok,positive,steam_live,730,True,1778774418,3951,polish,0,0.5,True,False,False
Counter-Strike 2,ff,positive,steam_live,730,True,1778774403,3847,turkish,0,0.5,True,False,False
Counter-Strike 2,good,positive,steam_live,730,True,1778774337,28534,russian,0,0.5,True,False,False
Counter-Strike 2,игра говна,positive,steam_live,730,True,1778774332,15339,russian,0,0.5,True,False,False
Counter-Strike 2,sa fait PAN PAN dans tout les sens,positive,steam_live,730,True,1778774284,6834,french,0,0.5,True,False,False
Counter-Strike 2,"would recommend, still not good",positive,steam_live,730,True,1778774245,41084,english,0,0.5,True,False,False
Counter-Strike 2,tämä tosi huva mina ammu paljo paata suotilen mene pela tata peli mutta skini tosi kallis mina laita arvostelu etta volvo anta minä hieno skini mista mina tykkaa,positive,steam_live,730,True,1778774225,5049,finnish,0,0.5,True,False,False
Counter-Strike 2,呕,negative,steam_live,730,False,1778774095,47276,schinese,1,0.5,True,False,False
Counter-Strike 2,lf,positive,steam_live,730,True,1778774065,95369,russian,0,0.5,True,False,False
Counter-Strike 2,ciji,positive,steam_live,730,True,1778774058,24989,schinese,0,0.5,True,False,False
Counter-Strike 2,Лично игра очень понравился,positive,steam_live,730,True,1778774034,8286,russian,0,0.5,True,False,False
Counter-Strike 2,good,positive,steam_live,730,True,1778774016,4267,english,0,0.5,True,False,False
Counter-Strike 2,"я доволен игрой
надеюсь на большое будущее
а пока двигаемся дальше",positive,steam_live,730,True,1778773979,53768,russian,0,0.5,True,False,False
Counter-Strike 2,"Not a game, but a real mess. It's impossible to play in modes like deadmatch or gungame because of the huge number of aimbots. This problem has been around for more than half a year and it's getting worse every day. No matter how many complaints I make about such accounts, there's absolutely no reaction. I don't see any effective ways for the developers to combat this, but new weapon skins are constantly being added to the game, and it's immediately clear what priorities Valve has chosen for itself.",negative,steam_live,730,False,1778773978,31703,ukrainian,0,0.5,True,False,False
Counter-Strike 2,iyi,positive,steam_live,730,True,1778773970,2026,turkish,0,0.5,True,False,False
Counter-Strike 2,mama s papoi skazali chto ya im ne nuzhen <3,positive,steam_live,730,True,1778773965,45488,russian,0,0.5,True,False,False
Counter-Strike 2,you will rage a lot,positive,steam_live,730,True,1778773947,2521,english,0,0.5,True,False,False
Counter-Strike 2,для семейных посиделок самое то,positive,steam_live,730,True,1778773928,18714,russian,0,0.5,True,False,False
Counter-Strike 2,♥♥♥♥ you gaben,negative,steam_live,730,False,1778773882,10297,english,0,0.5,True,False,False
Counter-Strike 2,sas,positive,steam_live,730,True,1778773878,783,russian,0,0.5,True,False,False
Counter-Strike 2,✖,negative,steam_live,730,False,1778773829,86759,schinese,0,0.5,True,False,False
Counter-Strike 2,wery good game,positive,steam_live,730,True,1778773812,58259,english,1,0.523809552192687988,True,False,False
Counter-Strike 2,Купил для себя,positive,steam_live,730,True,1778773776,5,english,0,0.5,True,False,False
Counter-Strike 2,Игра с историей,positive,steam_live,730,True,1778773772,37,english,0,0.5,True,False,False
Counter-Strike 2,fix this game pleawse. Your are millioneers how can you not!!! please too many cheaters idioits,negative,steam_live,730,False,1778773761,30648,english,0,0.5,True,False,False
Counter-Strike 2,This game is my life now,positive,steam_live,730,True,1778773760,37,english,0,0.5,True,False,False
Counter-Strike 2,"no, ♥♥♥♥ game make me lose iq little by little everyday by playing",negative,steam_live,730,False,1778773758,104876,english,0,0.5,True,False,False
Counter-Strike 2,Сюжет затянутый,positive,steam_live,730,True,1778773755,6,english,0,0.5,True,False,False
Counter-Strike 2,"Muiro bom o jogo, só uma pena que da vontatde de desistir são os xiter",positive,steam_live,730,True,1778773746,412,brazilian,0,0.5,True,False,False
Counter-Strike 2,"Jogo muito bom, apesar dos inúmeros xiters presentes por causa da merda do VAC. Quando for jogar, não seja igual meus amiguinhos, não fique baitando, não tenha medo de morrer, aprenda a fazer bomba, não cegue seus companheiros, não atire nos companheiros, para de streifar no entry, seja corajoso, é só um game. Se tiver alguém melhor que vc, morra por ele.",positive,steam_live,730,True,1778773746,85290,brazilian,1,0.523809552192687988,True,False,False
Counter-Strike 2,GAVNO,positive,steam_live,730,True,1778773726,65217,russian,0,0.5,True,False,False
Counter-Strike 2,Great game,positive,steam_live,730,True,1778773711,1388,english,0,0.5,True,False,False
Counter-Strike 2,Купил в подарок,positive,steam_live,730,True,1778773709,5,english,0,0.5,True,False,False
Counter-Strike 2,Норм за свою цену,positive,steam_live,730,True,1778773698,37,english,0,0.5,True,False,False
Counter-Strike 2,外挂太多,negative,steam_live,730,False,1778773670,8803,schinese,1,0.5,True,False,False
Counter-Strike 2,Jogo TOp,positive,steam_live,730,True,1778773662,23300,brazilian,0,0.5,True,False,False
Counter-Strike 2,Сюжет затянутый,positive,steam_live,730,True,1778773654,39,english,0,0.5,True,False,False
Counter-Strike 2,好玩爱玩 弹匣调整个人感觉对游玩没有任何影响 自己有换单癌不要怪游戏,positive,steam_live,730,True,1778773602,74575,schinese,0,0.5,True,False,False
Counter-Strike 2,I've found peace,positive,steam_live,730,True,1778773585,35,english,0,0.5,True,False,False
Counter-Strike 2,good,positive,steam_live,730,True,1778773573,34824,english,0,0.5,True,False,False
Counter-Strike 2,Better than life,positive,steam_live,730,True,1778773551,37,english,0,0.5,True,False,False
Counter-Strike 2,Графика устарела,positive,steam_live,730,True,1778773537,5,english,0,0.5,True,False,False
Counter-Strike 2,My sleep: optional,positive,steam_live,730,True,1778773526,6,english,0,0.5,True,False,False
Counter-Strike 2,"Прайм играть топ читеров почти нет, нон прайм ещё круче читеров нет ваще, но почему-то у всех прошивом на лаки летит. 10/10


хочу играть так же",positive,steam_live,730,True,1778773522,3350,russian,0,0.5,True,False,False
Counter-Strike 2,My sleep: gone,positive,steam_live,730,True,1778773522,5,english,0,0.5,True,False,False
Counter-Strike 2,I've lost,positive,steam_live,730,True,1778773498,7,english,0,0.5,True,False,False
Counter-Strike 2,Геймплей затягивает,positive,steam_live,730,True,1778773462,5,english,0,0.5,True,False,False
Counter-Strike 2,Купил ради мультиплеера,positive,steam_live,730,True,1778773445,5,english,0,0.5,True,False,False
Counter-Strike 2,Геймплей простой,positive,steam_live,730,True,1778773426,37,english,0,0.5,True,False,False
Counter-Strike 2,орчсолсырм вшамфывмрпгшуыфврмщфывашт,positive,steam_live,730,True,1778773425,9231,russian,0,0.5,True,False,False
Counter-Strike 2,1,positive,steam_live,730,True,1778773413,3566,english,0,0.5,True,False,False
Counter-Strike 2,Геймплей простой,positive,steam_live,730,True,1778773407,7,english,0,0.5,True,False,False
Counter-Strike 2,I don't remember buying this,positive,steam_live,730,True,1778773400,5,english,0,0.5,True,False,False
Counter-Strike 2,trash game 90% bots or cheaters,negative,steam_live,730,False,1778773389,120497,polish,0,0.5,True,False,False
Counter-Strike 2,Игра на вечерок,positive,steam_live,730,True,1778773386,5,english,0,0.5,True,False,False
Counter-Strike 2,Better than going outside,positive,steam_live,730,True,1778773378,37,english,0,0.5,True,False,False
Counter-Strike 2,всрав 650 грн на прайм і вообще не рєгае,negative,steam_live,730,False,1778773357,5702,ukrainian,0,0.5,True,False,False
Counter-Strike 2,Игра с атмосферой,positive,steam_live,730,True,1778773336,36,english,0,0.5,True,False,False
Counter-Strike 2,Worth every moment,positive,steam_live,730,True,1778773330,7,english,0,0.5,True,False,False
Counter-Strike 2,My therapist said to get a hobby,positive,steam_live,730,True,1778773300,5,english,0,0.5,True,False,False
Counter-Strike 2,Worth every hour,positive,steam_live,730,True,1778773298,37,english,0,0.5,True,False,False
Counter-Strike 2,Не советую,positive,steam_live,730,True,1778773292,39,english,0,0.5,True,False,False
Counter-Strike 2,My sleep: sacrificed,positive,steam_live,730,True,1778773284,5,english,0,0.5,True,False,False
Counter-Strike 2,"⠀⠀⠀⠀⠀⠀⠀⠀⠀⠀⠀⠀⠀⠀⣀⣀⣀⣀⣀⢠⠋⠉⠉⠒⠲⢤⣀⣠⡀
⠀⠀⠀⠀⠀⠀⣀⣀⣀⢀⡠⠖⠋⠉⠀⠀⠀⠀⠉⠉⠢⣄⠀⠀⠀⢀⠼⠤⠇
⠀⠀⠀⣀⠔⠊⠁⠀⢨⠏⠀⠀⠀⣠⣶⣶⣦⠀⠀⠀⠀⠀⠱⣄⡴⠃
⢸⣉⠿⣁⠀⠀⠀⢀⡇⠀⠀⠀⠀⢿⣽⣿⣼⡠⠤⢄⣀⠀⠀⢱
⠀⠀⠀⠀⠑⢦⡀⢸⠀⠀⠀⡠⠒⠒⠚⠛⠉⠀⢠⣀⡌⠳⡀⡌
⠀⠀⠀⠀⠀⠀⠉⠉⣆⠀⢰⠁⣀⣀⠀⠀⣀⠀⠈⡽⣧⢀⡷⠁
⠀⠀⠀⠀⠀⡤⢄⠀⠈⠢⣸⣄⢽⣞⡂⠀⠈⠁⣀⡜⠁⣩⡷⠿⠆
⠀⠀⠀⠀⢯⣁⡸⠀⠀⠀⡬⣽⣿⡀⠙⣆⡸⠛⠠⢧⠀⡿⠯⠆
⠀⠀⠀⠀⣀⡀⠀⠀⡤⠤⣵⠁⢸⣻⡤⠏⠀⠀⠀⠀⢹⠀⠀⠀⡊⠱⣀
⠀⠀⢀⠜⠀⢘⠀⠀⠱⠲⢜⣢⣤⣧⠀⠀⠀⠀⠀⢴⠇⠀⠀⠀⠧⠠⠜
⠀⠀⠘⠤⠤⠚⠀⠀⠀⠀⠀⠀⢸⠁⠁⠀⣀⠎⠀⠻⡀
⠀⠀⠀⠀⠀⠀⠀⠀⠀⠀⠀⠀⠀⠣⣀⣀⡴⠤⠄⠴⠁",positive,steam_live,730,True,1778773265,139379,turkish,1,0.523809552192687988,True,False,False
Counter-Strike 2,nice,positive,steam_live,730,True,1778773265,383418,czech,0,0.5,True,False,False
Counter-Strike 2,top,positive,steam_live,730,True,1778773262,2363,russian,1,0.523809552192687988,True,False,False
Counter-Strike 2,Графика красивая,positive,steam_live,730,True,1778773257,5,english,0,0.5,True,False,False
Counter-Strike 2,My sleep deprivation is worth it,positive,steam_live,730,True,1778773202,39,english,0,0.5,True,False,False
Counter-Strike 2,Melhor jogo de fps desde 2012,positive,steam_live,730,True,1778773152,251367,brazilian,0,0.5,True,False,False
Counter-Strike 2,Купил в подарок,positive,steam_live,730,True,1778773148,5,english,0,0.5,True,False,False
Counter-Strike 2,Игра с характером,positive,steam_live,730,True,1778773141,7,english,0,0.5,True,False,False
Counter-Strike 2,fffffffffffffffffffffffff,positive,steam_live,730,True,1778773138,20662,polish,0,0.5,True,False,False
Counter-Strike 2,This game is my purpose,positive,steam_live,730,True,1778773134,5,english,0,0.5,True,False,False
Counter-Strike 2,My sleep: nope,positive,steam_live,730,True,1778773134,37,english,0,0.5,True,False,False
Counter-Strike 2,Игра для релакса,positive,steam_live,730,True,1778773126,5,english,0,0.5,True,False,False
Counter-Strike 2,I don't have a problem. I can stop anytime.,positive,steam_live,730,True,1778773125,39,english,0,0.5,True,False,False
Counter-Strike 2,Геймплей затягивает как наркотик,positive,steam_live,730,True,1778773123,7,english,0,0.5,True,False,False
Counter-Strike 2,FAJNA GRA,positive,steam_live,730,True,1778773091,1472,polish,0,0.5,True,False,False
Counter-Strike 2,This game is my world,positive,steam_live,730,True,1778773066,5,english,0,0.5,True,False,False
Counter-Strike 2,My sleep deprivation is worth it,positive,steam_live,730,True,1778773063,6,english,0,0.5,True,False,False
Counter-Strike 2,My everything: game,positive,steam_live,730,True,1778773061,5,english,0,0.5,True,False,False
Counter-Strike 2,♥♥♥♥♥ не регает.,positive,steam_live,730,True,1778773045,30550,russian,0,0.5,True,False,False
Counter-Strike 2,говно а не игра,negative,steam_live,730,False,1778773035,963,russian,1,0.523809552192687988,True,False,False
Counter-Strike 2,nice,positive,steam_live,730,True,1778773020,3560,french,1,0.523809552192687988,True,False,False
Counter-Strike 2,Не для слабых,positive,steam_live,730,True,1778773008,37,english,0,0.5,True,False,False
Counter-Strike 2,ні,negative,steam_live,730,False,1778772989,30238,ukrainian,1,0.523809552192687988,True,False,False
Counter-Strike 2,incredible game it has shown me how shameless the majority of humanity can be 10/10,positive,steam_live,730,True,1778772976,837,english,0,0.5,True,False,False
Counter-Strike 2,hi,positive,steam_live,730,True,1778772971,63164,english,2,0.545454561710357666,True,False,False
Counter-Strike 2,Геймплей простой,positive,steam_live,730,True,1778772951,6,english,0,0.5,True,False,False
Counter-Strike 2,My sleep: what sleep,positive,steam_live,730,True,1778772946,7,english,0,0.5,True,False,False
Counter-Strike 2,Купил по импульсу,positive,steam_live,730,True,1778772908,7,english,0,0.5,True,False,False
Counter-Strike 2,Купил в раннем доступе,positive,steam_live,730,True,1778772906,5,english,0,0.5,True,False,False
Counter-Strike 2,My everything: this game,positive,steam_live,730,True,1778772895,5,english,0,0.5,True,False,False
Counter-Strike 2,My life: gaming,positive,steam_live,730,True,1778772877,5,english,0,0.5,True,False,False
Counter-Strike 2,https://steamcommunity.com/id/wicadia/inventory/#730_2_38824393751,positive,steam_live,730,True,1778772866,53497,english,0,0.5,True,False,False
Counter-Strike 2,ja de hära spelet är jätte bra,positive,steam_live,730,True,1778772862,2932,swedish,0,0.5,True,False,False
Counter-Strike 2,zxc,positive,steam_live,730,True,1778772846,55678,russian,0,0.5,True,False,False
Counter-Strike 2,getting hit by shots i didnt know existed,positive,steam_live,730,True,1778772826,20898,english,0,0.5,True,False,False
Counter-Strike 2,just a goated game,positive,steam_live,730,True,1778772782,25251,english,0,0.5,True,False,False
Counter-Strike 2,这个游戏太棒了超级推荐大家游玩外挂满天飞老玩家都退游了剩下玩的都不是人类,negative,steam_live,730,False,1778772774,18427,schinese,1,0.5,True,False,False
Counter-Strike 2,"so much hacker, but still feeling good when no hack in premier",positive,steam_live,730,True,1778772773,6792,english,0,0.5,True,False,False
Counter-Strike 2,Купил по совету друга,positive,steam_live,730,True,1778772752,37,english,0,0.5,True,False,False
Counter-Strike 2,treine se quiser ser bom,positive,steam_live,730,True,1778772748,35549,brazilian,0,0.5,True,False,False
Counter-Strike 2,"Я в шоке, создал второй аккаунт что бы был норм траст фактор поиграл 7 каток на меня накидали репортов и у меня опять красный траст че делать",negative,steam_live,730,False,1778772741,510,russian,0,0.5,True,False,False
Counter-Strike 2,Купил по рекомендации,positive,steam_live,730,True,1778772740,5,english,0,0.5,True,False,False
Counter-Strike 2,Игра для вечера,positive,steam_live,730,True,1778772736,5,english,0,0.5,True,False,False
Counter-Strike 2,My life: dedicated,positive,steam_live,730,True,1778772735,37,english,0,0.5,True,False,False
Counter-Strike 2,I've lost,positive,steam_live,730,True,1778772734,36,english,0,0.5,True,False,False
Counter-Strike 2,Слишком много контента,positive,steam_live,730,True,1778772728,5,english,0,0.5,True,False,False
Counter-Strike 2,I have 3800 hours.,positive,steam_live,730,True,1778772722,37,english,0,0.5,True,False,False
Counter-Strike 2,Купил по импульсу,positive,steam_live,730,True,1778772711,7,english,0,0.5,True,False,False
Counter-Strike 2,Игра с атмосферой и душой,positive,steam_live,730,True,1778772670,5,english,0,0.5,True,False,False
Counter-Strike 2,Графика устарела,positive,steam_live,730,True,1778772669,37,english,0,0.5,True,False,False
Counter-Strike 2,Геймплей простой,positive,steam_live,730,True,1778772664,5,english,0,0.5,True,False,False
Counter-Strike 2,Игра для релакса,positive,steam_live,730,True,1778772664,5,english,0,0.5,True,False,False
Counter-Strike 2,Купил в первый день релиза,positive,steam_live,730,True,1778772649,37,english,0,0.5,True,False,False
Counter-Strike 2,"me parece una autentica verguenza que el juego este lleno de gente tramposa sea donde sea clasificatorias, premier, casual, duos es VERGONZOSO que esto sea de pago porque practicamente es de pago dado que siendo gratis no consigues nada es jugar para nada porque para divertirte ya te digo yo que es imposible con tanto hacker y la plataforma junto con valve no hace nada de nada cuando esto deberia de estar solucionado ya despues de tantos años y es que antes no encontrabas tantos tramposos pero es que ahora encuentras 1 u 2 por cada partida que quieras jugar y sinceramente para dejar el juego descuidado mejor dejar de meter actualizaciones que lo unico que hacen es meter mas objetos en tienda para que la gente pague",negative,steam_live,730,False,1778772557,3736,spanish,0,0.5,True,False,False
Counter-Strike 2,Затягивает на сотни часов,positive,steam_live,730,True,1778772556,500,russian,0,0.5,True,False,False
Counter-Strike 2,Worth my soul,positive,steam_live,730,True,1778772472,5,english,0,0.5,True,False,False
Counter-Strike 2,Better than reality,positive,steam_live,730,True,1778772468,7,english,0,0.5,True,False,False
Counter-Strike 2,I have 3100 hours.,positive,steam_live,730,True,1778772467,5,english,0,0.5,True,False,False
Counter-Strike 2,My everything: this game,positive,steam_live,730,True,1778772465,37,english,0,0.5,True,False,False
Counter-Strike 2,Геймплей не для всех,positive,steam_live,730,True,1778772430,7,english,0,0.5,True,False,False
Counter-Strike 2,This game is my destiny,positive,steam_live,730,True,1778772414,37,english,0,0.5,True,False,False
Counter-Strike 2,Игра для вечера,positive,steam_live,730,True,1778772411,5,english,0,0.5,True,False,False
Counter-Strike 2,Игра для терпеливых,positive,steam_live,730,True,1778772410,5,english,0,0.5,True,False,False
Counter-Strike 2,Игра с характером,positive,steam_live,730,True,1778772410,5,english,0,0.5,True,False,False
Counter-Strike 2,Не то на что рассчитывал,positive,steam_live,730,True,1778772406,37,english,0,0.5,True,False,False
Counter-Strike 2,Worth my soul,positive,steam_live,730,True,1778772406,36,english,0,0.5,True,False,False
Counter-Strike 2,Графика топ,positive,steam_live,730,True,1778772404,6,english,0,0.5,True,False,False
Counter-Strike 2,Игра с характером,positive,steam_live,730,True,1778772403,37,english,0,0.5,True,False,False
Counter-Strike 2,......,positive,steam_live,730,True,1778772402,15417,czech,0,0.5,True,False,False
Counter-Strike 2,Слишком много,positive,steam_live,730,True,1778772401,37,english,0,0.5,True,False,False
Counter-Strike 2,Good Game,positive,steam_live,730,True,1778772373,35581,english,0,0.5,True,False,False
Counter-Strike 2,дота,negative,steam_live,730,False,1778772355,51974,russian,0,0.5,True,False,False
Counter-Strike 2,CSGO是我打过最垃圾的游戏,negative,steam_live,730,False,1778772346,38726,schinese,1,0.5,True,False,False
Counter-Strike 2,Лучшая игра в Мире,positive,steam_live,730,True,1778772307,22564,russian,0,0.5,True,False,False
Counter-Strike 2,好玩 爱玩,positive,steam_live,730,True,1778772298,97276,schinese,0,0.5,True,False,False
Counter-Strike 2,gjfgfh,positive,steam_live,730,True,1778772297,28982,schinese,0,0.5,True,False,False
Counter-Strike 2,This game has enabled me to insult people fluently in Russian. I like it.,positive,steam_live,730,True,1778772289,4917,german,0,0.5,True,False,False
Counter-Strike 2,Cool,positive,steam_live,730,True,1778772207,125550,polish,0,0.5,True,False,False
Counter-Strike 2,dadad,positive,steam_live,730,True,1778772184,12491,schinese,0,0.5,True,False,False
Counter-Strike 2,SB,positive,steam_live,730,True,1778772172,21110,schinese,0,0.5,True,False,False
Counter-Strike 2,ващу кайф,positive,steam_live,730,True,1778772156,11342,russian,1,0.523809552192687988,True,False,False
Counter-Strike 2,cs2,positive,steam_live,730,True,1778772131,849,brazilian,0,0.5,True,False,False
Counter-Strike 2,"Классная игра, с друзьями веселей, рекомендую",positive,steam_live,730,True,1778772075,813,russian,1,0.523809552192687988,True,False,False
Counter-Strike 2,пушка,positive,steam_live,730,True,1778772073,3260,russian,0,0.5,True,False,False
Counter-Strike 2,good game but hard to rank up off bad teamates ho don t do nothing but die at everything,positive,steam_live,730,True,1778771815,16074,english,0,0.5,True,False,False
Counter-Strike 2,Топ за свои деньги,positive,steam_live,730,True,1778771778,407,russian,0,0.5,True,False,False
Counter-Strike 2,пвкпкпв,positive,steam_live,730,True,1778771764,140348,russian,0,0.5,True,False,False
Counter-Strike 2,literally the main fps game and hardest,positive,steam_live,730,True,1778771725,16991,english,0,0.5,True,False,False
Counter-Strike 2,Hard game,positive,steam_live,730,True,1778771680,58931,ukrainian,0,0.5,True,False,False
Counter-Strike 2,♥♥♥♥♥,negative,steam_live,730,False,1778771671,10938,russian,0,0.5,True,False,False
Counter-Strike 2,https://steamcommunity.com/profiles/76561198113666193/inventory/#730_2_48492132786,positive,steam_live,730,True,1778771661,16461,russian,0,0.5,True,False,False
Counter-Strike 2,Классика в новой обертке,positive,steam_live,730,True,1778771659,1579,russian,0,0.5,True,False,False
Counter-Strike 2,The best game ever,positive,steam_live,730,True,1778771619,30716,turkish,0,0.5,True,False,False
Counter-Strike 2,улет если не запускать,positive,steam_live,730,True,1778771417,11932,russian,1,0.523809552192687988,True,False,False
Counter-Strike 2,♥♥♥♥♥,positive,steam_live,730,True,1778771374,61434,russian,0,0.5,True,False,False
Counter-Strike 2,very nice,positive,steam_live,730,True,1778771321,5920,english,0,0.5,True,False,False
Counter-Strike 2,Nice game,positive,steam_live,730,True,1778771320,2255,russian,1,0.523809552192687988,True,False,False
Counter-Strike 2,nt,positive,steam_live,730,True,1778771292,26107,russian,0,0.5,True,False,False
Counter-Strike 2,hujowa gra nie grajcie,negative,steam_live,730,False,1778771288,12712,polish,0,0.5,True,False,False
Counter-Strike 2,真不错,positive,steam_live,730,True,1778771268,21551,schinese,0,0.5,True,False,False
Counter-Strike 2,mega gierka sami cziterzy,negative,steam_live,730,False,1778771163,4155,polish,1,0.523809552192687988,True,False,False
Counter-Strike 2,best game,positive,steam_live,730,True,1778771079,1785,german,0,0.5,True,False,False
Counter-Strike 2,banger,positive,steam_live,730,True,1778771070,121874,english,0,0.5,True,False,False
Counter-Strike 2,"Horrible Game. Not recommended. There is to many things you have to be aware just to know a hum about this game. As a beginner, everything was so overwhelming. I tried practice with bots. But the bots where not well programmed to be challenging. In casual game mode. All of the servers had extreme low performence with an unplayable lag. I bought several stuff now for no reason. The game is well to weird and complicated. Even with just 5 hours. It is enough to see what it is. And also. The amount of Russians in this game is a bit scary.",negative,steam_live,730,False,1778771063,335,english,0,0.5,True,False,False
Counter-Strike 2,Bardzo family frendly comunity dobry do nauk jezyków obcych,positive,steam_live,730,True,1778771046,6262,polish,0,0.5,True,False,False
Counter-Strike 2,"Не рекомендую, разрабы просто зарабатывают на читерах и на скинах",negative,steam_live,730,False,1778771031,19482,russian,1,0.5,True,False,False
Counter-Strike 2,ILIT!,positive,steam_live,730,True,1778771002,6460,english,0,0.5,True,False,False
Counter-Strike 2,Good boy,positive,steam_live,730,True,1778770923,51243,english,0,0.5,True,False,False
Counter-Strike 2,hoho hooo hoo this game is perfectoo,positive,steam_live,730,True,1778770920,2267,turkish,1,0.523809552192687988,True,False,False
Counter-Strike 2,super,positive,steam_live,730,True,1778770841,43528,ukrainian,0,0.5,True,False,False
Counter-Strike 2,垃圾,negative,steam_live,730,False,1778770783,56759,schinese,0,0.5,True,False,False
Counter-Strike 2,dadsad,positive,steam_live,730,True,1778770742,872897,russian,0,0.5,True,False,False
Counter-Strike 2,fdgf,positive,steam_live,730,True,1778770725,24281,russian,0,0.5,True,False,False
Counter-Strike 2,sa,positive,steam_live,730,True,1778770711,18466,turkish,0,0.5,True,False,False
Counter-Strike 2,ggg,positive,steam_live,730,True,1778770543,18571,english,0,0.5,True,False,False
Counter-Strike 2,кал для дац,negative,steam_live,730,False,1778770474,2813,russian,0,0.5,True,False,False
Counter-Strike 2,güzel oyun eger güvenilirliğiniz yüksekse,positive,steam_live,730,True,1778770473,10198,turkish,0,0.5,True,False,False
Counter-Strike 2,ᴡʜᴇʀᴇ ɪ ᴀᴍ?,positive,steam_live,730,True,1778770414,2049,polish,0,0.5,True,False,False
Counter-Strike 2,nesnasim deagle,positive,steam_live,730,True,1778770411,23678,czech,0,0.5,True,False,False
Counter-Strike 2,не,positive,steam_live,730,True,1778770372,60364,ukrainian,0,0.5,True,False,False
Counter-Strike 2,ppc hra s kamosema,positive,steam_live,730,True,1778770352,909,czech,0,0.5,True,False,False
Counter-Strike 2,Nice game👍,positive,steam_live,730,True,1778770204,247364,russian,0,0.5,True,False,False
Counter-Strike 2,soyt,positive,steam_live,730,True,1778770162,1626,danish,0,0.5,True,False,False
Counter-Strike 2,"кто бы что не говорил но от этой игры всегда кайфую просто, любой может зайти и сыграть",positive,steam_live,730,True,1778770143,136121,russian,0,0.5,True,False,False
Counter-Strike 2,"If you like to play with cheaters or like to get insulted in all 7000 languages, thats your game.",negative,steam_live,730,False,1778770125,53041,german,0,0.5,True,False,False
Counter-Strike 2,Лучший шутер на ПК,positive,steam_live,730,True,1778770006,868,russian,0,0.5,True,False,False
Counter-Strike 2,game,positive,steam_live,730,True,1778770002,4064,english,0,0.5,True,False,False
Counter-Strike 2,даже не думайте(сервера говно и тайвань часть китай),negative,steam_live,730,False,1778769994,1063,russian,0,0.5,True,False,False
Counter-Strike 2,"muy buen juego la verdad, siempre se recurre al cs nuevamente cuando te aburren los otros",positive,steam_live,730,True,1778769979,3202,spanish,0,0.5,True,False,False
Counter-Strike 2,Купить прайм все будеть окей.,positive,steam_live,730,True,1778769946,3040,russian,0,0.5,True,False,False
Counter-Strike 2,https://steamcommunity.com/profiles/76561199317139204/inventory/#730_16_51627074470,positive,steam_live,730,True,1778769933,16788,russian,0,0.5,True,False,False
Counter-Strike 2,+rep i like this,positive,steam_live,730,True,1778769891,13549,english,0,0.5,True,False,False
Counter-Strike 2,Very nice game :3,positive,steam_live,730,True,1778769869,3833,english,64,0.880081892013549805,True,False,False
Counter-Strike 2,крутость,positive,steam_live,730,True,1778769831,713,russian,0,0.5,True,False,False
Counter-Strike 2,Beste Scheisse in det Welt<3,positive,steam_live,730,True,1778769818,555,german,1,0.523809552192687988,True,False,False
Counter-Strike 2,всем привет сегодня будем играть в кс2 но каждую игру у нас один читер поехали,negative,steam_live,730,False,1778769763,9446,russian,0,0.5,True,False,False
Counter-Strike 2,не советую,positive,steam_live,730,True,1778769756,169154,russian,0,0.5,True,False,False
Counter-Strike 2,tirando os cheaters é muito bom,positive,steam_live,730,True,1778769750,142370,brazilian,0,0.476190477609634399,True,False,False
Counter-Strike 2,норм,positive,steam_live,730,True,1778769713,16924,russian,0,0.5,True,False,False
Counter-Strike 2,аааааа тавт выстлил мовна желат,positive,steam_live,730,True,1778769699,20307,russian,0,0.5,True,False,False
Counter-Strike 2,gelen haftalık ödülleri sikim amk deli ediyo adamı ama hoşumada gidiyo,positive,steam_live,730,True,1778769628,3040,turkish,0,0.5,True,False,False
Counter-Strike 2,good,positive,steam_live,730,True,1778769589,10792,english,0,0.5,True,False,False
Counter-Strike 2,),positive,steam_live,730,True,1778769526,730,russian,0,0.5,True,False,False
Counter-Strike 2,the best learning game for russian,positive,steam_live,730,True,1778769516,5788,english,0,0.5,True,False,False
Counter-Strike 2,wwwww,positive,steam_live,730,True,1778769513,5459,polish,0,0.5,True,False,False
Counter-Strike 2,:),positive,steam_live,730,True,1778769443,61066,russian,0,0.5,True,False,False
Counter-Strike 2,好玩呗,positive,steam_live,730,True,1778769406,28407,schinese,0,0.5,True,False,False
Counter-Strike 2,kkk,positive,steam_live,730,True,1778769388,5186,turkish,0,0.5,True,False,False
Counter-Strike 2,♥♥♥♥♥ ♥♥♥♥♥♥,negative,steam_live,730,False,1778769340,11516,russian,0,0.5,True,False,False
Counter-Strike 2,продал мать габену,positive,steam_live,730,True,1778769290,12179,russian,0,0.5,True,False,False
Counter-Strike 2,игра для петухов,negative,steam_live,730,False,1778769210,33971,russian,0,0.5,True,False,False
Counter-Strike 2,крутая игра,positive,steam_live,730,True,1778769205,15405,russian,0,0.5,True,False,False
Counter-Strike 2,"не, ну нормально, еще посидим",positive,steam_live,730,True,1778769155,20257,russian,0,0.5,True,False,False
Counter-Strike 2,ывыв,positive,steam_live,730,True,1778769147,3681,russian,0,0.5,True,False,False
Counter-Strike 2,КОШКИ СКАЗАЛИ ЗБС,positive,steam_live,730,True,1778769082,14378,russian,0,0.5,True,False,False
Counter-Strike 2,67 часов,positive,steam_live,730,True,1778769060,4019,russian,0,0.5,True,False,False
Counter-Strike 2,good game bring back csgo,positive,steam_live,730,True,1778769050,94325,english,0,0.5,True,False,False
Counter-Strike 2,6+rep,positive,steam_live,730,True,1778769038,14919,english,0,0.5,True,False,False
Counter-Strike 2,akıcı,positive,steam_live,730,True,1778769012,47939,english,0,0.5,True,False,False
Counter-Strike 2,çok fazla hile var ve banlanmıyorlar boşuna bu bataklığa düşmeyin,negative,steam_live,730,False,1778768938,884,turkish,2,0.523809552192687988,True,False,False
Counter-Strike 2,"Я изночально еще на пентиум три ее первой на диске купил, и досихпор незашла механизмы управления там сделаны для параолимпийцев невобиду.",negative,steam_live,730,False,1778768912,6298,russian,0,0.5,True,False,False
Counter-Strike 2,4ыкуп,negative,steam_live,730,False,1778768907,54830,russian,0,0.5,True,False,False
Counter-Strike 2,"La verdad el cs2 es un juego para personas competitivas que se sabe las mecanicas, pero puedes aprender y no requiere mucho para jugarlo, JUEGAZO",positive,steam_live,730,True,1778768876,7271,spanish,0,0.5,True,False,False
Counter-Strike 2,"Отличная игра, топ",positive,steam_live,730,True,1778768848,655,russian,0,0.5,True,False,False
Counter-Strike 2,+rep,positive,steam_live,730,True,1778768823,13888,russian,0,0.5,True,False,False
Counter-Strike 2,COOL,positive,steam_live,730,True,1778768810,3770,russian,0,0.5,True,False,False
Counter-Strike 2,good\,positive,steam_live,730,True,1778768798,19175,english,1,0.523809552192687988,True,False,False
Counter-Strike 2,"Für Sadisten mit hang zur Selbstgeißelung geeignet.
müsst ihr wissen",positive,steam_live,730,True,1778768712,30208,german,0,0.5,True,False,False
Counter-Strike 2,Мне очень нравятся цветные ножи,positive,steam_live,730,True,1778768683,116702,russian,0,0.5,True,False,False
Counter-Strike 2,oyuna para yetmeditaşşakları sattık,negative,steam_live,730,False,1778768628,6388,turkish,1,0.5,True,False,False
Counter-Strike 2,cnm,negative,steam_live,730,False,1778768598,73929,schinese,0,0.5,True,False,False
Counter-Strike 2,"comprei o prime, daqui uns ano eu apareço com uma butterfly doppler. se eu nao conseguir comprar a faca nao vale a pena compra o prime",positive,steam_live,730,True,1778768597,2776,brazilian,0,0.5,True,False,False
Counter-Strike 2,Jogo Bom,positive,steam_live,730,True,1778768569,28240,brazilian,1,0.523809552192687988,True,False,False
Counter-Strike 2,:steamhappy:,positive,steam_live,730,True,1778768537,10242,russian,0,0.5,True,False,False
Counter-Strike 2,我需要点数我需要点数我需要点数我需要点数我需要点数我需要点数我需要点数我需要点数我需要点数我需要点数我需要点数我需要点数我需要点数我需要点数我需要点数我需要点数我需要点数我需要点数我需要点数我需要点数我需要点数我需要点数我需要点数我需要点数我需要点数我需要点数我需要点数我需要点数我需要点数我需要点数我需要点数我需要点数我需要点数我需要点数我需要点数我需要点数我需要点数我需要点数我需要点数我需要点数我需要点数我需要点数我需要点数我需要点数我需要点数我需要点数我需要点数我需要点数我需要点数我需要点数我需要点数我需要点数我需要点数我需要点数我需要点数我需要点数我需要点数我需要点数我需要点数我需要点数我需要点数我需要点数我需要点数我需要点数我需要点数我需要点数我需要点数我需要点数我需要点数我需要点数我需要点数我需要点数我需要点数我需要点数我需要点数我需要点数我需要点数我需要点数我需要点数我需要点数我需要点数我需要点数我需要点数我需要点数我需要点数我需要点数我需要点数我需要点数我需要点数我需要点数我需要点数我需要点数我需要点数我需要点数我需要点数我需要点数我需要点数我需要点数我需要点数我需要点数我需要点数我需要点数我需要点数我需要点数我需要点数我需要点数我需要点数我需要点数我需要点数我需要点数我需要点数我需要点数我需要点数我需要点数我需要点数我需要点数我需要点数我需要点数我需要点数我需要点数我需要点数我需要点数我需要点数我需要点数我需要点数我需要点数我需要点数我需要点数我需要点数我需要点数我需要点数我需要点数我需要点数我需要点数我需要点数我需要点数我需要点数我需要点数我需要点数我需要点数我需要点数我需要点数我需要点数我需要点数我需要点数我需要点数我需要点数我需要点数我需要点数我需要点数我需要点数我需要点数我需要点数我需要点数我需要点数我需要点数我需要点数我需要点数我需要点数我需要点数我需要点数我需要点数我需要点数我需要点数我需要点数我需要点数我需要点数我需要点数我需要点数我需要点数我需要点数我需要点数我需要点数我需要点数我需要点数我需要点数我需要点数我需要点数我需要点数我需要点数我需要点数我需要点数我需要点数我需要点数我需要点数我需要点数我需要点数我需要点数我需要点数我需要点数我需要点数我需要点数我需要点数我需要点数我需要点数我需要点数我需要点数我需要点数我需要点数我需要点数我需要点数我需要点数我需要点数我需要点数我需要点数我需要点数我需要点数我需要点数我需要点数我需要点数我需要点数我需要点数我需要点数我需要点数我需要点数我需要点数我需要点数我需要点数我需要点数我需要点数我需要点数我需要点数我需要点数我需要点数我需要点数我需要点数我需要点数我需要点数我需要点数我需要点数我需要点数我需要点数我需要点数我需要点数我需要点数我需要点数我需要点数我需要点数我需要点数我需要点数我需要点数我需要点数我需要点数我需要点数我需要点数,positive,steam_live,730,True,1778768491,33219,schinese,1,0.523809552192687988,True,False,False
Counter-Strike 2,永远都是低信誉，原因永远不告诉，举报吃多活该一辈子低信誉是吗,negative,steam_live,730,False,1778768359,71795,schinese,0,0.5,True,False,False
Counter-Strike 2,GG,positive,steam_live,730,True,1778768334,11595,russian,0,0.5,True,False,False
Counter-Strike 2,ez,positive,steam_live,730,True,1778768307,345483,turkish,416,0.611864447593688965,True,False,False
Counter-Strike 2,игра топчик WWW,positive,steam_live,730,True,1778768291,12164,russian,1,0.523809552192687988,True,False,False
Counter-Strike 2,Sehr viele Russen und Türken,positive,steam_live,730,True,1778768146,7310,german,0,0.5,True,False,False
Counter-Strike 2,Valodan buna geçince garipsendi ama müq oyun,positive,steam_live,730,True,1778768132,9040,turkish,0,0.5,True,False,False
Counter-Strike 2,8++++++d,positive,steam_live,730,True,1778768125,2808,polish,0,0.5,True,False,False
Counter-Strike 2,i like this cs2,positive,steam_live,730,True,1778768119,14816,english,0,0.5,True,False,False
Counter-Strike 2,Son muy pesaos to,negative,steam_live,730,False,1778768105,15433,spanish,0,0.5,True,False,False
Counter-Strike 2,trash,negative,steam_live,730,False,1778768076,25321,english,0,0.5,True,False,False
Counter-Strike 2,GG,positive,steam_live,730,True,1778768045,41134,schinese,1,0.523809552192687988,True,False,False
Counter-Strike 2,Good Game,positive,steam_live,730,True,1778768040,2104,english,1,0.5,True,False,False
Counter-Strike 2,ggwp,positive,steam_live,730,True,1778768034,33447,english,0,0.5,True,False,False
Counter-Strike 2,люблю эту херню,positive,steam_live,730,True,1778768024,206127,russian,0,0.5,True,False,False
Counter-Strike 2,mid,positive,steam_live,730,True,1778768018,8748,german,0,0.5,True,False,False
Counter-Strike 2,akıyor,positive,steam_live,730,True,1778767785,4517,turkish,0,0.5,True,False,False
Counter-Strike 2,da,positive,steam_live,730,True,1778767679,10219,russian,0,0.5,True,False,False
Counter-Strike 2,"Норм обнова, играем",positive,steam_live,730,True,1778767610,809,russian,0,0.5,True,False,False
Counter-Strike 2,good game hate cheaters,positive,steam_live,730,True,1778767559,8192,czech,0,0.5,True,False,False
Counter-Strike 2,Катки ищутся быстро,positive,steam_live,730,True,1778767519,1560,russian,0,0.5,True,False,False
Counter-Strike 2,toxic,negative,steam_live,730,False,1778767516,67695,english,0,0.5,True,False,False
Counter-Strike 2,111,positive,steam_live,730,True,1778767508,5698,russian,0,0.5,True,False,False
Counter-Strike 2,TRERERERERERERERERE,positive,steam_live,730,True,1778767484,2163,polish,0,0.5,True,False,False
Counter-Strike 2,res[ect,positive,steam_live,730,True,1778767472,17615,english,0,0.5,True,False,False
Counter-Strike 2,♥♥♥♥♥ ♥♥♥♥♥♥♥,positive,steam_live,730,True,1778767414,40252,russian,0,0.5,True,False,False
Counter-Strike 2,"Читеров мало - прайма нет
Читеров много - прайм есть
Легкая жизнь - удалить игру
Тяжелая жизнь - не удалить игру
Играть игру - игру играть",positive,steam_live,730,True,1778767341,2378,russian,0,0.5,True,False,False
Counter-Strike 2,jhgfvizfv,positive,steam_live,730,True,1778767340,1121,german,0,0.5,True,False,False
Counter-Strike 2,круто,positive,steam_live,730,True,1778767330,26027,russian,0,0.5,True,False,False
Counter-Strike 2,FUN,positive,steam_live,730,True,1778767213,200,english,4,0.565217375755310059,True,False,False
Counter-Strike 2,Fajna gierka ale jak ktoś kto robi sobie przerwę z tydzień to tak słabo bo nic prawie nie trafiasz i w przeciwnej drużynie CZĘSTO są lepsi albo ludzie którzy cheatują,positive,steam_live,730,True,1778767187,2401,polish,0,0.5,True,False,False
Counter-Strike 2,only cheaters,positive,steam_live,730,True,1778767181,9871,portuguese,1,0.516129016876220703,True,False,False
Counter-Strike 2,k,positive,steam_live,730,True,1778767166,2877,english,0,0.5,True,False,False
Counter-Strike 2,6767676767676,positive,steam_live,730,True,1778767135,27250,brazilian,0,0.5,True,False,False
Counter-Strike 2,Nah ah,negative,steam_live,730,False,1778767131,10849,tchinese,0,0.5,True,False,False
Counter-Strike 2,крутая игра,positive,steam_live,730,True,1778767079,102,russian,0,0.5,True,False,False
Counter-Strike 2,Затягивает на сотни часов,positive,steam_live,730,True,1778767067,1105,russian,0,0.5,True,False,False
Counter-Strike 2,jebać rusków,negative,steam_live,730,False,1778767029,21233,polish,0,0.5,True,False,False
Counter-Strike 2,GOOD,positive,steam_live,730,True,1778766994,11984,czech,1,0.523809552192687988,True,False,False
Counter-Strike 2,Fajna gierka,positive,steam_live,730,True,1778766988,98,english,0,0.5,True,False,False
Counter-Strike 2,vbhtrd,positive,steam_live,730,True,1778766909,140909,russian,0,0.5,True,False,False
Counter-Strike 2,the greatest,positive,steam_live,730,True,1778766907,188144,english,1,0.523809552192687988,True,False,False
Counter-Strike 2,"после 20 часов игры я прозрел, мне перестали нравится женщины, я начал смотреть давай поженимся и облысел, просто секс",positive,steam_live,730,True,1778766890,2111,russian,1,0.523809552192687988,True,False,False
Counter-Strike 2,oojojojooj,positive,steam_live,730,True,1778766880,6342,russian,0,0.5,True,False,False
Counter-Strike 2,进不去,negative,steam_live,730,False,1778766872,42435,schinese,0,0.5,True,False,False
Counter-Strike 2,Советую советовать: не советую,positive,steam_live,730,True,1778766804,29776,russian,0,0.5,True,False,False
Counter-Strike 2,67,positive,steam_live,730,True,1778766778,4137,russian,0,0.5,True,False,False
Counter-Strike 2,tops,positive,steam_live,730,True,1778766691,11230,english,1,0.523809552192687988,True,False,False
Counter-Strike 2,f,positive,steam_live,730,True,1778766668,6669,russian,0,0.5,True,False,False
Counter-Strike 2,best game ~!!!!!!!!!!!!!!,positive,steam_live,730,True,1778766598,17879,english,0,0.5,True,False,False
Counter-Strike 2,имба игра всем советую,positive,steam_live,730,True,1778766589,23376,russian,0,0.5,True,False,False
Counter-Strike 2,ОТЛИЧНАЯ ИГРА,positive,steam_live,730,True,1778766496,5611,russian,0,0.5,True,False,False
Counter-Strike 2,gambling aim,positive,steam_live,730,True,1778766473,10950,english,0,0.5,True,False,False
Counter-Strike 2,говно,negative,steam_live,730,False,1778766373,55079,ukrainian,0,0.5,True,False,False
Counter-Strike 2,好玩,positive,steam_live,730,True,1778766356,4406,schinese,0,0.5,True,False,False
Counter-Strike 2,666666666666666666666666666666,positive,steam_live,730,True,1778766342,26101,schinese,0,0.5,True,False,False
Counter-Strike 2,♥♥♥♥♥♥ нетянушая игра с пингом 1689,negative,steam_live,730,False,1778766311,1858,russian,0,0.5,True,False,False
Counter-Strike 2,热爱！！！！！！！,positive,steam_live,730,True,1778766301,48219,schinese,0,0.5,True,False,False
Counter-Strike 2,ok but anti cheat bad,positive,steam_live,730,True,1778766267,4713,polish,0,0.5,True,False,False
Counter-Strike 2,我让位我大大哇打我打我,positive,steam_live,730,True,1778766228,21348,schinese,0,0.5,True,False,False
Counter-Strike 2,chiteri mnoga,negative,steam_live,730,False,1778766213,14295,russian,0,0.5,True,False,False
Counter-Strike 2,хорошая игра,positive,steam_live,730,True,1778766186,29999,russian,0,0.5,True,False,False
Counter-Strike 2,100 hiuyrs!,positive,steam_live,730,True,1778766174,6041,russian,0,0.5,True,False,False
Counter-Strike 2,Регает 50/50 если помолится то почаще,positive,steam_live,730,True,1778766157,12363,russian,0,0.5,True,False,False
Counter-Strike 2,okenda u,positive,steam_live,730,True,1778766145,12011,english,0,0.5,True,False,False
Counter-Strike 2,"Glock-18 | Water Elemental
Classified Pistol
The Glock 18 is a serviceable first-round pistol that works best against unarmored opponents and is capable of firing three-round bursts. It has been custom painted with the image of a creature made of water in a graphic style.
 
The Breakout Collection.",positive,steam_live,730,True,1778766092,6748,brazilian,0,0.5,True,False,False
Counter-Strike 2,"this game is soo trash, premier or faceit full of cheats every game",negative,steam_live,730,False,1778766009,17253,english,0,0.5,True,False,False
Counter-Strike 2,ok,positive,steam_live,730,True,1778765990,8621,french,0,0.5,True,False,False
Counter-Strike 2,nice!,positive,steam_live,730,True,1778765959,3848,russian,0,0.5,True,False,False
Counter-Strike 2,好昂玩,positive,steam_live,730,True,1778765889,2284,schinese,0,0.5,True,False,False
Counter-Strike 2,"Игра Говна, засранная отбросами с читами. Античит ? Забудьте. Его тут нет. Хотите поиграть честно ( по крайней мере 85-90% игр будут таковыми ) То welcome на Фейсет. Но там еженедельный дроп увы не получите.
Так же, если вы хорошо играете, то будьте уверены что вам засрут  ваш траст с зеленого на красный ( буквально за 1 игру ) и вы будете большую часть своих игр, играть против мудаков. Повысить же свой траст очень сложно ( нужно чтобы вам накидывали похвалу или же проще купить БП, так быстрее.. Но за это же надо платить ) Как по мне, решить данную проблему можно 3 способами.
1. Убрать БП и дерьма на серверах поубавится ( хотя бы немного )
2. Дать возможность ( если ты в пачке или же путем единогласного решения с рандомами ) если вы 100% уверенны в нечестной игре, дать возможность ливать из каток всей пачкой без штрафа и опыта для обеех сторон ( или же совсем капелюшечку давать стороне которая не ливала ) 
3. Наконец то ♥♥♥♥ сделать БЛЯДСКИЙ АНТИЧИТ с привязкой к процу, и ♥♥♥♥♥ уже на производительность и т.д. ПРОСТО ♥♥♥♥♥♥♥. Ебучая Инди компания ♥♥♥♥♥",negative,steam_live,730,False,1778765818,6607,russian,0,0.5,True,False,False
Counter-Strike 2,67,positive,steam_live,730,True,1778765686,2783,russian,0,0.5,True,False,False
Counter-Strike 2,"Gutes Spiel beschissenes Anti Cheat. Wir brauchen ein Kernel Level Anticheat, und kein VAC. Ich hoffe aus VACNET wird was gutes, nutzbares. Spielen auf eigene Gefahr.",positive,steam_live,730,True,1778765669,5419,german,0,0.5,True,False,False
Counter-Strike 2,voicechat is amazing,positive,steam_live,730,True,1778765639,112752,english,0,0.5,True,False,False
Counter-Strike 2,Suka blyat,positive,steam_live,730,True,1778765584,32540,french,0,0.5,True,False,False
Counter-Strike 2,Melhor jogo de fps.,positive,steam_live,730,True,1778765527,129211,brazilian,0,0.5,True,False,False
Counter-Strike 2,csgo better but still enjoy game,positive,steam_live,730,True,1778765347,1565,english,0,0.5,True,False,False
Counter-Strike 2,Оптимизация радует,positive,steam_live,730,True,1778765315,489,russian,0,0.5,True,False,False
Counter-Strike 2,"а
ч",positive,steam_live,730,True,1778765304,6767,russian,0,0.5,True,False,False
Counter-Strike 2,glory to mongolia,positive,steam_live,730,True,1778765294,2400,english,0,0.5,True,False,False
Counter-Strike 2,"Daha iyi grafikler, daha iyi dumanlar, aynı rekabetçi heyecan. CS:GO'nun mirasını alıp daha güzel bir paketle sunmuşlar. Bazı ufak tefek teknik sorunlar olsa da, bu türün hala en iyisi.",positive,steam_live,730,True,1778765172,55189,turkish,0,0.5,True,False,False
Counter-Strike 2,最nb的游戏,positive,steam_live,730,True,1778765095,69447,schinese,0,0.5,True,False,False
Counter-Strike 2,Clean game pure funny. Need clean game!,positive,steam_live,730,True,1778765095,511,turkish,0,0.5,True,False,False
Counter-Strike 2,выход кс 2 сказался на игре теперь это кусок говна который  держится только на популярности прошлых игр серии и на киберспорте,negative,steam_live,730,False,1778765041,7558,russian,0,0.5,True,False,False
Counter-Strike 2,норм,positive,steam_live,730,True,1778764982,8596,russian,0,0.5,True,False,False
Counter-Strike 2,hyvä peli mut liika ryssiä ne ei osaa pelaa :),positive,steam_live,730,True,1778764934,641,finnish,0,0.5,True,False,False
Counter-Strike 2,sooooo worth your time and mind,positive,steam_live,730,True,1778764838,14260,english,0,0.5,True,False,False
Counter-Strike 2,мать ♥♥♥♥,negative,steam_live,730,False,1778764733,3009,russian,0,0.5,True,False,False
Counter-Strike 2,Норм,positive,steam_live,730,True,1778764726,354,russian,0,0.5,True,False,False
Counter-Strike 2,mashallah,positive,steam_live,730,True,1778764716,12678,german,0,0.5,True,False,False
Counter-Strike 2,ona jest fahnaa!!!,positive,steam_live,730,True,1778764692,4602,polish,0,0.5,True,False,False
Counter-Strike 2,ballraight,positive,steam_live,730,True,1778764613,2755,english,1,0.523809552192687988,True,False,False
Counter-Strike 2,👍,positive,steam_live,730,True,1778764607,2032,english,2,0.545454561710357666,True,False,False
Counter-Strike 2,/,positive,steam_live,730,True,1778764523,634,russian,0,0.5,True,False,False
Counter-Strike 2,крутая игра,positive,steam_live,730,True,1778764443,2444,russian,1,0.523809552192687988,True,False,False
Counter-Strike 2,Fun,positive,steam_live,730,True,1778764421,5318,english,0,0.5,True,False,False
Counter-Strike 2,:d,negative,steam_live,730,False,1778764403,10742,turkish,1,0.5,True,False,False
Counter-Strike 2,gg,positive,steam_live,730,True,1778764368,32875,russian,0,0.5,True,False,False
Counter-Strike 2,Getting spanked by some russian at 4am,positive,steam_live,730,True,1778764320,2572,french,0,0.5,True,False,False
Counter-Strike 2,竞技性强,positive,steam_live,730,True,1778764303,48035,schinese,0,0.5,True,False,False
Counter-Strike 2,trop de cheater et beaucoup trop de joueur toxique,negative,steam_live,730,False,1778764300,4315,french,0,0.5,True,False,False
Counter-Strike 2,♥♥♥♥♥ а не тима в соло тащил,negative,steam_live,730,False,1778764241,46484,russian,0,0.5,True,False,False
Counter-Strike 2,hurensohn spiel,positive,steam_live,730,True,1778764224,12744,german,0,0.5,True,False,False
Counter-Strike 2,"the game is a complete dumpster. every other round there are cheaters, only the faceit platform saves this game",positive,steam_live,730,True,1778764220,57049,english,1,0.523809552192687988,True,False,False
Counter-Strike 2,я сосал,negative,steam_live,730,False,1778764217,6530,russian,0,0.5,True,False,False
Counter-Strike 2,Я того Валв в кино на последний сеаес водил. Игру опять сломали. боты агрессивные посреди катки появляются,positive,steam_live,730,True,1778764180,1027,russian,0,0.5,True,False,False
Counter-Strike 2,Sehr Familienfreundliches Game. Der Voicechat ist sehr Taktisch zugeneigt und es werden kaum Schimpfwörter gesagt!!! Das Anticheat System Funktioniert auch super!!!!!!!!!!!!!!!!!!!!!,positive,steam_live,730,True,1778764135,1842,german,0,0.5,True,False,False
Counter-Strike 2,"This is the perfect game to boost your mental health and make you feel better.

I learned new language skills: now I can curse in Russian

Also, my tolerance level to guttural screams and loud sounds was increased.

In conclusion, Counter Strike transformed me into a better person, in addition to making me more patient, tolerant to hateful people and more trained in languages and cultures.",positive,steam_live,730,True,1778764080,93928,english,0,0.5,True,False,False
Counter-Strike 2,amazing game : d,positive,steam_live,730,True,1778764056,12804,english,1,0.523809552192687988,True,False,False
Counter-Strike 2,so many cheater,positive,steam_live,730,True,1778764022,30363,english,0,0.5,True,False,False
Counter-Strike 2,stinky,positive,steam_live,730,True,1778763988,270,english,0,0.5,True,False,False
Counter-Strike 2,"""When people cheat in any game, they diminish themselves-they threaten their own self-esteem and their relationships with others.""",positive,steam_live,730,True,1778763977,90257,english,0,0.5,True,False,False
Counter-Strike 2,good gamwe,positive,steam_live,730,True,1778763900,139191,english,0,0.5,True,False,False
Counter-Strike 2,"алейоп, игра для бедняков",positive,steam_live,730,True,1778763899,23041,russian,1,0.523809552192687988,True,False,False
Counter-Strike 2,да,positive,steam_live,730,True,1778763848,4286,russian,0,0.5,True,False,False
Counter-Strike 2,плрьыбщля,positive,steam_live,730,True,1778763810,79095,russian,0,0.5,True,False,False
Counter-Strike 2,Оптимизация радует,positive,steam_live,730,True,1778763772,550,russian,0,0.5,True,False,False
Counter-Strike 2,There too many cheaters and VAC doesn't work. Can't recommand.,negative,steam_live,730,False,1778763753,113419,koreana,0,0.5,True,False,False
Counter-Strike 2,babuş oyun deli dehşet,positive,steam_live,730,True,1778763745,4027,turkish,0,0.5,True,False,False
Counter-Strike 2,"No estado atual, CS2 é promissor, mas ainda não está totalmente pronto.",positive,steam_live,730,True,1778763715,130872,brazilian,1,0.523809552192687988,True,False,False
Counter-Strike 2,"Еслиб мы знали что ""это"" такое... Но мы не знаем что ""это"" такое (\/)(',..,')(\/)",positive,steam_live,730,True,1778763655,14161,russian,0,0.5,True,False,False
Counter-Strike 2,nice·~,positive,steam_live,730,True,1778763631,4289,schinese,0,0.5,True,False,False
Counter-Strike 2,има игра,positive,steam_live,730,True,1778763623,17032,russian,0,0.5,True,False,False
Counter-Strike 2,GOOD,positive,steam_live,730,True,1778763600,177268,russian,0,0.5,True,False,False
Counter-Strike 2,有一种上瘾了根本戒不掉的魔力，直到你被对面按在地上打的那天，哈哈哈哈哈哈。,positive,steam_live,730,True,1778763591,28379,schinese,0,0.5,True,False,False
Counter-Strike 2,好玩,positive,steam_live,730,True,1778763586,12840,schinese,0,0.5,True,False,False
Counter-Strike 2,Very Fun Game,positive,steam_live,730,True,1778763559,246,english,0,0.5,True,False,False
Counter-Strike 2,w,positive,steam_live,730,True,1778763313,11582,english,0,0.5,True,False,False
Counter-Strike 2,im tweaking,negative,steam_live,730,False,1778763300,16999,english,0,0.5,True,False,False
Counter-Strike 2,id like this game,positive,steam_live,730,True,1778763277,12850,english,0,0.5,True,False,False
Counter-Strike 2,fajna gra mega fajnie sie gra i mili ludzie sa,positive,steam_live,730,True,1778763183,18990,polish,0,0.5,True,False,False
Counter-Strike 2,killing myself literally worst game I've ever played 10/10,positive,steam_live,730,True,1778763156,11479,english,0,0.5,True,False,False
Counter-Strike 2,showwww,positive,steam_live,730,True,1778763121,7839,brazilian,1,0.523809552192687988,True,False,False
Counter-Strike 2,https://steamcommunity.com/id/donkgojo/inventory/#730_2_48492133008,positive,steam_live,730,True,1778763109,10613,russian,0,0.5,True,False,False
Counter-Strike 2,Я ПОСРАЛ,positive,steam_live,730,True,1778763057,5673,russian,0,0.5,True,False,False
Counter-Strike 2,четко,positive,steam_live,730,True,1778762988,10687,russian,0,0.5,True,False,False
Counter-Strike 2,я в сортире прячусь,positive,steam_live,730,True,1778762984,17923,russian,0,0.5,True,False,False
Counter-Strike 2,лсмлщтввялорапшрм,positive,steam_live,730,True,1778762861,2615,russian,0,0.5,True,False,False
Counter-Strike 2,"spend $5000 on cases and got ♥♥♥♥♥♥♥ nothing
probs gonna kms after the next $5000",positive,steam_live,730,True,1778762837,57215,english,0,0.5,True,False,False
Counter-Strike 2,Great Game!,positive,steam_live,730,True,1778762784,2743,english,1,0.523809552192687988,True,False,False
Counter-Strike 2,Great game only gripe is that knife skins are outrageously over priced,positive,steam_live,730,True,1778762740,4716,english,0,0.5,True,False,False
Counter-Strike 2,Highly reccomended.,positive,steam_live,730,True,1778762638,5703,english,1,0.523809552192687988,True,False,False
Counter-Strike 2,haowa n,positive,steam_live,730,True,1778762574,8919,schinese,0,0.5,True,False,False
Counter-Strike 2,Pretty cool p250 on top,positive,steam_live,730,True,1778762515,2396,english,0,0.5,True,False,False
Counter-Strike 2,Оптимизация радует,positive,steam_live,730,True,1778762493,1466,russian,0,0.5,True,False,False
Counter-Strike 2,nice wiew,positive,steam_live,730,True,1778762476,29041,danish,1,0.523809552192687988,True,False,False
Counter-Strike 2,"Хочу поделиться своими впечатлениями от игры в Counter-Strike 2. После перехода с CS:GO заметил множество улучшений, которые делают игровой процесс ещё более захватывающим.
Визуальные эффекты стали намного лучше — дым от гранат теперь выглядит реалистично, а общая картинка радует глаз. Физика гранат тоже улучшилась, что добавляет тактической глубины.
Рейтинговая система работает отлично, матчи подбираются с достойными соперниками. Приятно видеть, как система учитывает не только рейтинг, но и поведение игроков.
Экономическая составляющая матча стала более продуманной, что требует от команды стратегического мышления. Новые операции и скины поддерживают интерес к игре.",positive,steam_live,730,True,1778762355,11966,russian,0,0.5,True,False,False
Counter-Strike 2,"Kack spiel, Spaß, Kein Spaß , Spaß , Kein Spaß ,Spaß , Kein Spaß , saß , kein las ,pass ,kein pass , 

Brauche hilfe ist kein Witzt ,doch , doch nicht , doch 🥹🥹🥹♥️👌✊🏿
BLM",positive,steam_live,730,True,1778762320,2496,german,0,0.5,True,False,False
Counter-Strike 2,♥♥♥♥♥,negative,steam_live,730,False,1778762230,19133,russian,0,0.5,True,False,False
Counter-Strike 2,"il gioco in se è competitivo con grafiche ad alta risoluzione questo lo rende molto bello, l'unico problema è che bisogna avere una buona postazione",positive,steam_live,730,True,1778762152,13063,italian,0,0.5,True,False,False
Counter-Strike 2,govno ebanoe,negative,steam_live,730,False,1778762143,61009,russian,0,0.5,True,False,False
Counter-Strike 2,Игра номальная иглается четко,positive,steam_live,730,True,1778762133,2758,russian,0,0.5,True,False,False
Counter-Strike 2,很不错 就是官匹挂多,positive,steam_live,730,True,1778762109,38163,schinese,0,0.5,True,False,False
Counter-Strike 2,"♥♥♥♥♥ игра , Хажи ебень",negative,steam_live,730,False,1778762109,49917,russian,0,0.5,True,False,False
Counter-Strike 2,Кс го была лучше,positive,steam_live,730,True,1778762108,5458,russian,0,0.5,True,False,False
Counter-Strike 2,Прикольно,positive,steam_live,730,True,1778762032,1674,russian,0,0.5,True,False,False
Counter-Strike 2,gud gejm,positive,steam_live,730,True,1778762030,5946,english,0,0.5,True,False,False
Counter-Strike 2,имба,positive,steam_live,730,True,1778761903,5907,russian,0,0.5,True,False,False
Counter-Strike 2,我要打一辈子csgo,positive,steam_live,730,True,1778761898,24857,schinese,0,0.5,True,False,False
Counter-Strike 2,GOOD2,positive,steam_live,730,True,1778761871,33477,english,0,0.5,True,False,False
Counter-Strike 2,ok,positive,steam_live,730,True,1778761846,6419,schinese,0,0.5,True,False,False
Counter-Strike 2,"если играешь хорошо, то играешь с читерами на красном трасте, это база!",negative,steam_live,730,False,1778761833,4805,russian,0,0.5,True,False,False
Counter-Strike 2,"Best game. My russian teammates are yelling slurs at me and roasting my entire bloodline. When i go mid 1 round a guy is screeming i go mid every round. 

10/10 would play again",positive,steam_live,730,True,1778761819,2671,english,0,0.5,True,False,False
Counter-Strike 2,да,positive,steam_live,730,True,1778761774,16529,russian,0,0.5,True,False,False
Counter-Strike 2,зад,positive,steam_live,730,True,1778761742,3785,russian,0,0.5,True,False,False
Counter-Strike 2,https://steamcommunity.com/id/Boombl4/inventory/#730_2_16501190825,positive,steam_live,730,True,1778761651,28822,russian,0,0.5,True,False,False
Counter-Strike 2,好玩爱玩,positive,steam_live,730,True,1778761644,39178,schinese,0,0.5,True,False,False
Counter-Strike 2,hile dolu,negative,steam_live,730,False,1778761563,10823,turkish,1,0.5,True,False,False
Counter-Strike 2,https://steamcommunity.com/id/m0NESY-/inventory/#730_2_38824393674,positive,steam_live,730,True,1778761538,6896,russian,0,0.5,True,False,False
Counter-Strike 2,хорошая игра но много читаков в премьере,positive,steam_live,730,True,1778761533,341326,russian,0,0.5,True,False,False
Counter-Strike 2,GOOD,positive,steam_live,730,True,1778761501,7588,koreana,0,0.5,True,False,False
Counter-Strike 2,"Играю в кс 2 уже какое-то время и ощущения такие себе. С одной стороны, вроде та же самая контра, стреляешь, раунды, всё как раньше. Но с другой, как будто что-то не то.

Стрельба иногда ощущается странно, будто не всегда понятно, почему ты умер или не попал. Смоки, конечно, прикольно сделали, это реально что-то новое, но на геймплей в целом не так сильно влияет, как ожидал.

Оптимизация тоже не идеальная, на слабых компах вообще боль. Плюс баги иногда вылазят, что подбешивает, особенно в катках.

Но всё равно играешь, потому что это контра. Затягивает, как и раньше. Просто ощущение, что это не шаг вперёд, а какой-то странный апдейт, который ещё не довели до ума.",positive,steam_live,730,True,1778761451,25691,russian,0,0.5,True,False,False
Counter-Strike 2,"♥♥♥♥♥ для бездарных уёбков, которых пиздят в жизни и физически, и морально. Разрабы за такое даже в ад не попадут, они в чистилище будут гнить всю вечность",negative,steam_live,730,False,1778761428,6960,russian,0,0.5,True,False,False
Counter-Strike 2,idk if i have heard blyat or nice more in this game,positive,steam_live,730,True,1778761405,3545,english,0,0.5,True,False,False
Counter-Strike 2,good ♥♥♥♥,positive,steam_live,730,True,1778761350,32037,english,0,0.5,True,False,False
Counter-Strike 2,this game just makes me mad. 10/10,positive,steam_live,730,True,1778761327,28292,english,0,0.5,True,False,False
Counter-Strike 2,♥♥♥♥♥,negative,steam_live,730,False,1778761308,20010,russian,0,0.5,True,False,False
Counter-Strike 2,"ну секс же, обожаю",positive,steam_live,730,True,1778761276,2028,english,0,0.5,True,False,False
Counter-Strike 2,"конченные долбоебы за столько лет игры не могут сделать нормальные античит, 200 репортов вся команда кидает и игре ♥♥♥♥♥, а ♥♥♥♥♥ тогда честно играть? вы сами своим бездействием разводите читеров, все видят безнаказанность и начинают поднимать рейтинг, куски дерьма на разработчиках",negative,steam_live,730,False,1778761230,7747,russian,0,0.5,True,False,False
Counter-Strike 2,игра крутая советую,positive,steam_live,730,True,1778761199,2149,russian,0,0.5,True,False,False
Counter-Strike 2,"Игра огонь, рекомендую",positive,steam_live,730,True,1778761195,46,russian,0,0.5,True,False,False
Counter-Strike 2,hjh,positive,steam_live,730,True,1778761188,62267,russian,0,0.5,True,False,False
Counter-Strike 2,ok,positive,steam_live,730,True,1778761109,79,english,0,0.5,True,False,False
Counter-Strike 2,donma takılma yok 100 190 arası fps,positive,steam_live,730,True,1778761105,900,turkish,0,0.5,True,False,False
Counter-Strike 2,Nice,positive,steam_live,730,True,1778761070,105,turkish,0,0.5,True,False,False
Counter-Strike 2,10 не зарегало из 10,positive,steam_live,730,True,1778760915,18036,russian,0,0.5,True,False,False
Counter-Strike 2,1050带不动,negative,steam_live,730,False,1778760867,62652,schinese,0,0.5,True,False,False
Counter-Strike 2,fix anticheat,negative,steam_live,730,False,1778760867,299609,russian,0,0.5,True,False,False
Counter-Strike 2,"It's very good, I'm just very bad. If you call the bomb a spike Idk you tho.",positive,steam_live,730,True,1778760707,3539,english,0,0.5,True,False,False
Counter-Strike 2,игра ♥♥♥♥♥ полная,positive,steam_live,730,True,1778760576,3626,russian,0,0.5,True,False,False
Counter-Strike 2,"Najgorsza gra na świecie, w grze jest tyle cheaterow ze praktycznie w 99% meczów rozegranych ktoś używa triggerbota, wallhacka czy aimbota.... Antycheat to totalne dno w tej grze i nie istnieje, po rozmowie z graczami ktorzy uzywaja cheatow ofen mowia ze je używaja i to bardzo dlugo (nawet ponad rok) i nie dostaja banow :) Nie polecam",negative,steam_live,730,False,1778760549,41861,polish,0,0.5,True,False,False
Counter-Strike 2,Amazing,positive,steam_live,730,True,1778760409,150632,english,0,0.5,True,False,False
Counter-Strike 2,muito bom o jogo,positive,steam_live,730,True,1778760302,41125,brazilian,0,0.5,True,False,False
Counter-Strike 2,VERY FUN had 3 cheaters in 1 premier match in 7k elo 7k,positive,steam_live,730,True,1778760205,13615,english,0,0.5,True,False,False
Counter-Strike 2,cbcb,positive,steam_live,730,True,1778760193,26499,russian,0,0.5,True,False,False
Counter-Strike 2,bok,negative,steam_live,730,False,1778760143,12864,turkish,1,0.5,True,False,False
Counter-Strike 2,игра ♥♥♥♥♥,negative,steam_live,730,False,1778760127,24380,russian,0,0.5,True,False,False
Counter-Strike 2,好玩爱玩,positive,steam_live,730,True,1778760123,25269,schinese,0,0.5,True,False,False
Counter-Strike 2,forget about the spiders on ur forehead. cs is life,positive,steam_live,730,True,1778760068,32617,english,0,0.5,True,False,False
Counter-Strike 2,"Игра   превратилась в помойку из за пикселей . 
Так же  стало известно что любого игрока  могут забанить по непонятным причинам, за то что он свой инвеньтарь кс будет передавать или принимать. То есть играя в игру вы можете потерять аккаунт 
Пиксели начали штамповать каждый месяц то есть теперь просто для лохов штампуют отвратные пиксели что аж рыгать хочеться на них
Вывод: Я не рекомендую игру, хотите просто поиграть скачайте другую кс",negative,steam_live,730,False,1778760062,1547,russian,0,0.5,True,False,False
Counter-Strike 2,bardzo fajna gra można nazwać kogoś pierdami żyda,positive,steam_live,730,True,1778760022,3742,polish,1,0.5,True,False,False
Counter-Strike 2,"zareombista
'",positive,steam_live,730,True,1778759960,2162,polish,0,0.5,True,False,False
Counter-Strike 2,Ну поиграть стоит,positive,steam_live,730,True,1778759952,9753,russian,0,0.5,True,False,False
Counter-Strike 2,"Taught me how to curse in Russian, how to not work as a team and how absolutely everyone you come across is 100% cheating.",positive,steam_live,730,True,1778759928,19109,english,1,0.523809552192687988,True,False,False
Counter-Strike 2,CRAZY GAME,positive,steam_live,730,True,1778759878,6926,english,0,0.5,True,False,False
Counter-Strike 2,One of the best FPS ever made! Do reccomend!,positive,steam_live,730,True,1778759861,16169,english,0,0.5,True,False,False
Counter-Strike 2,igra dlya daunov,positive,steam_live,730,True,1778759826,70582,russian,0,0.5,True,False,False
Counter-Strike 2,Интерфейс стал удобнее,positive,steam_live,730,True,1778759823,219,russian,0,0.5,True,False,False
Counter-Strike 2,bladee reference 333,positive,steam_live,730,True,1778759803,21596,english,1,0.523809552192687988,True,False,False
Counter-Strike 2,"big waste of my time, has so many cheater both in paid and not lobby but will keep playing if a friend asks",positive,steam_live,730,True,1778759790,69542,english,0,0.5,True,False,False
Counter-Strike 2,game ♥♥♥♥ im get ban for doing nothing,negative,steam_live,730,False,1778759775,1470,russian,0,0.5,True,False,False
Counter-Strike 2,"Графика супер, физика топ",positive,steam_live,730,True,1778759735,732,russian,0,0.5,True,False,False
Counter-Strike 2,best therapy,positive,steam_live,730,True,1778759731,3555,english,0,0.5,True,False,False
Counter-Strike 2,прикольно.,positive,steam_live,730,True,1778759686,49138,russian,0,0.5,True,False,False
Counter-Strike 2,jebana ♥♥♥♥♥ nie da sie grac w ta szmaciana gre ♥♥♥♥♥ chuj w dupe ukraincom i innym 3swiatowym panstwom kurwy ♥♥♥♥♥♥ z indonezji niech kara smierci powroci hitler mowil dobrze trzeba rozjebac zydow to wszystko przez nich kurwy ♥♥♥♥♥♥ jebac tych cweli valve ssie pale niczym paramaxil gej zjebany pozdro dla kurewek z polski jestescie ciotami w cs i przewaznie rucham wam rozwiedniete matki chuje elo 420 pzdr,negative,steam_live,730,False,1778759671,37914,polish,0,0.5,True,False,False
Counter-Strike 2,nOT ENOUGH CONTENT,positive,steam_live,730,True,1778759635,188423,english,0,0.5,True,False,False
Counter-Strike 2,hi,positive,steam_live,730,True,1778759575,36825,english,0,0.5,True,False,False
Counter-Strike 2,Cyka game,positive,steam_live,730,True,1778759551,1499,koreana,0,0.5,True,False,False
Counter-Strike 2,.,positive,steam_live,730,True,1778759529,73444,russian,0,0.5,True,False,False
Counter-Strike 2,хорошая игра марат молодец,positive,steam_live,730,True,1778759515,6217,russian,1,0.523809552192687988,True,False,False
Counter-Strike 2,игра кал< онли для бомжей,positive,steam_live,730,True,1778759326,15472,russian,0,0.5,True,False,False
Counter-Strike 2,i hate this game,positive,steam_live,730,True,1778759320,64263,english,0,0.5,True,False,False
Counter-Strike 2,кароче бросайте эту х0ню ебан1ю,positive,steam_live,730,True,1778759300,65041,russian,0,0.5,True,False,False
Counter-Strike 2,https://steamcommunity.com/id/Boombl4/inventory/#730_2_23880241517,positive,steam_live,730,True,1778759226,42432,english,0,0.5,True,False,False
Counter-Strike 2,trop lontemps,positive,steam_live,730,True,1778759222,1438,french,0,0.5,True,False,False
Counter-Strike 2,太吊了,positive,steam_live,730,True,1778759194,45181,schinese,0,0.5,True,False,False
Counter-Strike 2,рега самая лучшая а тиммейнты просто сказка!,positive,steam_live,730,True,1778759177,2126,russian,0,0.5,True,False,False
Counter-Strike 2,I LOVE CS,positive,steam_live,730,True,1778759109,37981,schinese,0,0.5,True,False,False
Counter-Strike 2,这游戏太他妈好玩了，但是就是脚本有点多,positive,steam_live,730,True,1778758954,15028,schinese,0,0.5,True,False,False
Counter-Strike 2,fix ur anti cheat valve!!!!!!,negative,steam_live,730,False,1778758946,1470,english,0,0.5,True,False,False
Counter-Strike 2,"this game is good compared to when I used to play Valorant. I get called f*gg*t every time, lightens my mood up for the day. I hope to meet more of these interesting people. Cheers",positive,steam_live,730,True,1778758801,2836,english,0,0.5,True,False,False
Counter-Strike 2,-,positive,steam_live,730,True,1778758750,3091,russian,1,0.523809552192687988,True,False,False
Counter-Strike 2,Вері ґцуд гейм,positive,steam_live,730,True,1778758708,18734,ukrainian,0,0.5,True,False,False
Counter-Strike 2,玩了3200多个小时，一个受击抖动的更新，让我实在对这款游戏提不起兴趣了。最垃圾的更新，让人想笑,negative,steam_live,730,False,1778758632,192802,schinese,0,0.5,True,False,False
Counter-Strike 2,game is fun when you get to learn how to play but it is really hard to learn in the first place tho,positive,steam_live,730,True,1778758567,10821,english,1,0.523809552192687988,True,False,False
Counter-Strike 2,el juego es la polla en su pero si mi pc no hiziera crasheos cada 5 segundos lo disfrutaria aun mas,positive,steam_live,730,True,1778758555,1395,spanish,2,0.545454561710357666,True,False,False
Counter-Strike 2,good game,positive,steam_live,730,True,1778758502,1875,english,1,0.523809552192687988,True,False,False
Counter-Strike 2,hilelere bir çareeeee,positive,steam_live,730,True,1778758364,15596,turkish,0,0.5,True,False,False
Counter-Strike 2,какашка,negative,steam_live,730,False,1778758362,15348,russian,0,0.5,True,False,False
Counter-Strike 2,gooooood,positive,steam_live,730,True,1778758343,19944,russian,0,0.5,True,False,False
Counter-Strike 2,Mt bom!,positive,steam_live,730,True,1778758299,121946,brazilian,0,0.5,True,False,False
Counter-Strike 2,ngga,positive,steam_live,730,True,1778758273,2541,russian,0,0.5,True,False,False
Counter-Strike 2,HİLE AÇAN NE KADAR ŞAHIS VARSA HEPSİNİN AN..... S..... O..... ÇO........ARI RASTGELE EŞLEŞTİĞİNİZ İNSANLARA DİKKAT ETMEZSENİZ OYUNDA BAN YEDİĞİNDE SİZDE 20 SAAT BAN YİYEBİLİRSİNİZ BEN BU OYUNUN SİSTEMİNİN TA.......... O....... ÇO..........ARI,negative,steam_live,730,False,1778758266,18103,turkish,1,0.5,True,False,False
Counter-Strike 2,я потерял всех своих друзей советую,positive,steam_live,730,True,1778758264,919,russian,0,0.5,True,False,False
Counter-Strike 2,Good,positive,steam_live,730,True,1778758181,28982,english,0,0.5,True,False,False
Counter-Strike 2,BU OYUN SUPER BIR SEY.,positive,steam_live,730,True,1778758086,49866,turkish,0,0.5,True,False,False
Counter-Strike 2,игра классная но я когда случайно викинул авп у меня его спиздели а потом меня с него убили,positive,steam_live,730,True,1778758059,9308,ukrainian,0,0.5,True,False,False
Counter-Strike 2,better than valorant,positive,steam_live,730,True,1778758020,3554,english,0,0.5,True,False,False
Counter-Strike 2,this game brings you mental illness and rush of autism,negative,steam_live,730,False,1778757928,58326,english,0,0.5,True,False,False
Counter-Strike 2,игра помойка с читерами в которым не работает анти чит не работает вообще+ кесйсы и скины работают как казино,negative,steam_live,730,False,1778757889,8066,russian,0,0.5,True,False,False
Counter-Strike 2,no a jak,positive,steam_live,730,True,1778757870,27728,polish,0,0.5,True,False,False
Counter-Strike 2,good,positive,steam_live,730,True,1778757833,690,schinese,0,0.5,True,False,False
Counter-Strike 2,"Full of cheaters, full of players that are 10k elo more than their premades trying to boost them and u just keep losing all matches because they dont even play, Most games have no info cause they dont use communication and the list can keep going!",negative,steam_live,730,False,1778757770,121964,english,0,0.5,True,False,False
Counter-Strike 2,♥♥♥♥ ALL RUSSİANS,positive,steam_live,730,True,1778757613,2597,turkish,0,0.5,True,False,False
Counter-Strike 2,крутая игра,positive,steam_live,730,True,1778757568,2906,russian,1,0.523809552192687988,True,False,False
Counter-Strike 2,норм зарегало,positive,steam_live,730,True,1778757392,2640,russian,0,0.5,True,False,False
Counter-Strike 2,ацууу,positive,steam_live,730,True,1778757381,19356,russian,0,0.5,True,False,False
Counter-Strike 2,Нормуль,positive,steam_live,730,True,1778757276,3100,russian,0,0.5,True,False,False
Counter-Strike 2,"le jeu est bon , mais trop de tricheurs",positive,steam_live,730,True,1778757206,3138,french,1,0.523809552192687988,True,False,False
Counter-Strike 2,hay,positive,steam_live,730,True,1778757145,18713,vietnamese,0,0.5,True,False,False
Counter-Strike 2,nice game,positive,steam_live,730,True,1778757138,63189,russian,0,0.5,True,False,False
Counter-Strike 2,пушка,positive,steam_live,730,True,1778757112,426312,russian,0,0.5,True,False,False
Counter-Strike 2,paskaa,negative,steam_live,730,False,1778757108,48465,english,0,0.5,True,False,False
Counter-Strike 2,советую,positive,steam_live,730,True,1778757056,2082,russian,1,0.523809552192687988,True,False,False
Counter-Strike 2,Кто сюда заходит должен обладать очень хорошими нервами! Каждую вторую катку против тебя играет читер и хрен ты его блокнешь жалобами в игре и жалобами профиля в стим.,negative,steam_live,730,False,1778757048,8130,russian,0,0.5,True,False,False
Counter-Strike 2,Si ganas 13 rondas es una victoria,positive,steam_live,730,True,1778757004,23691,spanish,0,0.5,True,False,False
Counter-Strike 2,игра для бездарей,positive,steam_live,730,True,1778756944,8628,russian,0,0.5,True,False,False
Counter-Strike 2,"I recently took a break from R6 Siege and hopped on this game in hopes of finding greener grass.

The grass is bone dry, 2/10 would play again 👍",positive,steam_live,730,True,1778756930,16652,english,0,0.5,True,False,False
Counter-Strike 2,govniwe,positive,steam_live,730,True,1778756840,12704,russian,1,0.523809552192687988,True,False,False
Counter-Strike 2,足球一样的团队竞技,positive,steam_live,730,True,1778756811,232205,schinese,0,0.5,True,False,False
Counter-Strike 2,groaznic,positive,steam_live,730,True,1778756787,4554,english,1,0.523809552192687988,True,False,False
Counter-Strike 2,в принципе игра хорошая только попадания плохо защитывает,positive,steam_live,730,True,1778756760,7430,russian,0,0.5,True,False,False
Counter-Strike 2,kayf,positive,steam_live,730,True,1778756739,14507,russian,0,0.5,True,False,False
Counter-Strike 2,vaclive is ♥♥♥♥,positive,steam_live,730,True,1778756712,9375,turkish,0,0.5,True,False,False
Counter-Strike 2,"It's just good, many n word's many russians",positive,steam_live,730,True,1778756686,14505,english,0,0.5,True,False,False
Counter-Strike 2,es ist bwirklich ein wundervolles spiel und die comumity ist klasse,positive,steam_live,730,True,1778756641,3046,german,0,0.5,True,False,False
Counter-Strike 2,"fix ut game volvo, stop gooning ur skin, and wtf u put me in mars server? u fckng idiot",negative,steam_live,730,False,1778756615,30462,english,0,0.5,True,False,False
Counter-Strike 2,"говно ♥♥♥♥♥♥, играю потому что остальное еще хуже",positive,steam_live,730,True,1778756610,2362,russian,0,0.5,True,False,False
Counter-Strike 2,"worst ♥♥♥♥ i have ever played, valve just use the cheaters for atvertisments at this point",negative,steam_live,730,False,1778756598,32506,english,0,0.5,True,False,False
Counter-Strike 2,good game,positive,steam_live,730,True,1778756590,17896,russian,0,0.5,True,False,False
Counter-Strike 2,gud,positive,steam_live,730,True,1778756585,25667,english,0,0.5,True,False,False
Counter-Strike 2,OYUN GÜZEL FAKAT HİLELER OLMASA DAHA GÜZEL OLUR GİBİ,positive,steam_live,730,True,1778756581,5537,turkish,0,0.5,True,False,False
Counter-Strike 2,GOOOD,positive,steam_live,730,True,1778756572,12089,english,0,0.5,True,False,False
Counter-Strike 2,[eqyz,positive,steam_live,730,True,1778756543,32239,russian,0,0.5,True,False,False
Counter-Strike 2,either a fair winning game or u meet cheaters,positive,steam_live,730,True,1778756513,5104,english,0,0.5,True,False,False
Counter-Strike 2,симулятор шутера,positive,steam_live,730,True,1778756439,30735,russian,0,0.5,True,False,False
Counter-Strike 2,"This game it´s bad now, only cheaters and nothing happends.
Need to do somthing about hackers.",positive,steam_live,730,True,1778756426,261085,swedish,0,0.5,True,False,False
Counter-Strike 2,zajebista i za dużo rusków,positive,steam_live,730,True,1778756399,3104,polish,0,0.5,True,False,False
Counter-Strike 2,заебись,positive,steam_live,730,True,1778756359,3034,russian,0,0.5,True,False,False
Counter-Strike 2,https://steamcommunity.com/id/b1t333/inventory/#730_2_27727037778,positive,steam_live,730,True,1778756321,28830,russian,0,0.5,True,False,False
Counter-Strike 2,l,positive,steam_live,730,True,1778756285,2509,turkish,0,0.5,True,False,False
Counter-Strike 2,имба если есть друзья,positive,steam_live,730,True,1778756272,12071,russian,1,0.523809552192687988,True,False,False
Counter-Strike 2,VERY GUT,positive,steam_live,730,True,1778756271,784,turkish,0,0.5,True,False,False
Counter-Strike 2,Гавно,negative,steam_live,730,False,1778756271,13580,russian,0,0.5,True,False,False
Counter-Strike 2,good game and bad game but with friends if you have its good alone is bad becouse of the russians and racist people but good game i guess,positive,steam_live,730,True,1778756264,4358,german,0,0.5,True,False,False
Counter-Strike 2,♥♥♥♥♥♥♥♥ игр я ♥♥♥♥ её рот,positive,steam_live,730,True,1778756229,39810,russian,0,0.5,True,False,False
Counter-Strike 2,"когда купил игровое железо на 500К+, но для работяг ты всё равно читер)))",positive,steam_live,730,True,1778756206,761,russian,0,0.5,True,False,False
Counter-Strike 2,ГОВНИЩЕЕЕ,negative,steam_live,730,False,1778756098,83206,russian,1,0.523809552192687988,True,False,False
Counter-Strike 2,"After many years of owning the game but not playing it, I gave in and tried it, now im just sad i wasted so many years before I got stuck in.",positive,steam_live,730,True,1778756043,79805,english,0,0.5,True,False,False
Counter-Strike 2,"Не стоит играть, берите",positive,steam_live,730,True,1778756041,884,russian,0,0.5,True,False,False
Counter-Strike 2,ок,positive,steam_live,730,True,1778755984,8568,russian,0,0.5,True,False,False
Counter-Strike 2,süper oyun herkese tavsiye ederim.,positive,steam_live,730,True,1778755895,5581,turkish,0,0.5,True,False,False
Counter-Strike 2,LOVE CS,positive,steam_live,730,True,1778755871,1224,english,0,0.5,True,False,False
Counter-Strike 2,"Counter‑Strike 2 — это не просто очередная игра в знаменитой серии, а настоящий праздник для всех, кто когда‑либо держал в руках виртуальный АК‑47. Как давний поклонник франшизы, я прошёл путь от CS 1.6 до CS:GO и теперь с восторгом погрузился в CS2. И могу уверенно сказать: Valve удалось сохранить душу серии, одновременно выведя её на принципиально новый уровень.
Начнём с истоков — CS 1.6. Для многих (и для меня в том числе) это была первая «стрелялка», где каждый раунд был испытанием на реакцию и тактику. Графика, по сегодняшним меркам, примитивна, а физика пуль порой казалась загадочной. Но именно эта простота и сформировала основы геймплея, которые живут в серии до сих пор: важность позиции, ценность каждого патрона, значимость командной работы. CS2, на удивление, возвращает часть той самой «старой школы» в ощущениях от стрельбы — она чёткая, требовательная, без излишней аркадности.
Затем пришёл черёд CS:GO. Это была игра, которая сделала Counter‑Strike глобальным киберспортивным феноменом. Улучшенная графика, регулярные обновления, система кейсов и агентов — GO стала эталоном на долгие годы. Именно она задала стандарты баланса оружия, карты (вроде Dust II, Mirage и Inferno) и соревновательного режима. CS2 построена на фундаменте GO, но не просто его копирует. Знакомые локации переработаны с использованием движка Source 2 — они стали невероятно детализированными, освещение и тени теперь динамические. Звуки тоже получили апгрейд: шаги слышны чётче, гранаты взрываются с оглушительным грохотом. Это помогает лучше ориентироваться в хаосе боя.
Нельзя не вспомнить и сам движок Source, на котором базировалась CS:GO. Он был технологическим прорывом своего времени, подарив серии плавную анимацию и продвинутую физику. CS2 переходит на Source 2 — и это ощущается во всём. Переработанная физика дыма (который теперь реально взаимодействует с окружением), улучшенная система частиц, более отзывчивое управление. Ощущение от игры стало более «живым» и тактильным, будто ты действительно находишься внутри карты.
Теперь о самой Counter‑Strike 2. Что сразу бросается в глаза:

Графика и звук. Визуальный стиль стал современнее, но сохранил узнаваемые черты. Карты не просто перерисованы — они переосмыслены. Звук стал ещё более информативным: теперь можно точнее определить, откуда стреляют, где бросают гранату.

Физика дыма. Это не просто эффект, а полноценный игровой элемент. Дымовые гранаты теперь создают динамическое облако, которое можно «простреливать» или разгонять взрывами. Это добавляет новый тактический слой — например, можно проверить, прячется ли кто‑то за дымом.

Обновлённый интерфейс. HUD стал чище и информативнее. Всё нужное под рукой, ничего не отвлекает от игрового процесса.

Плавность и отзывчивость. Благодаря Source 2 и переходу на подтиковую структуру (sub‑tick) игра ощущается невероятно плавно. Движения, стрельба, перезарядка — всё происходит мгновенно, без задержек. Это особенно заметно в напряжённых перестрелках нос к носу.

Сохранение духа классики. При всех нововведениях CS2 не забывает, что сделало серию великой. Баланс оружия, ключевые механики (вроде спрея с АК‑47), культовые карты — всё это на месте. Игра узнаваема с первых секунд, но при этом ощущается свежей.
Итог

Counter‑Strike 2 — это достойный наследник великой династии. Она чтит наследие CS 1.6, развивает достижения CS:GO и использует мощь Source 2, чтобы предложить лучший игровой опыт в истории серии. Если вы фанат франшизы — это ваш долг и удовольствие. Если новичок — это идеальная точка входа в мир одной из самых напряжённых и тактически глубоких командных шутеров. Valve не просто выпустили новую игру — они перезапустили легенду. И у них получилось блестяще.

Вердикт: 0.5/10",positive,steam_live,730,True,1778755813,39480,russian,0,0.5,True,False,False
Counter-Strike 2,good,positive,steam_live,730,True,1778755763,13231,english,0,0.5,True,False,False
Counter-Strike 2,♥♥♥♥♥,negative,steam_live,730,False,1778755723,330201,russian,0,0.5,True,False,False
Counter-Strike 2,я ненавижу эту игру,positive,steam_live,730,True,1778755648,126093,russian,1,0.523809552192687988,True,False,False
Counter-Strike 2,"садишься, бурмалдишь",positive,steam_live,730,True,1778755642,60538,russian,0,0.5,True,False,False
Counter-Strike 2,"Качаю звание, все супер",positive,steam_live,730,True,1778755576,1544,russian,0,0.5,True,False,False
Counter-Strike 2,adiccion,positive,steam_live,730,True,1778755576,22830,spanish,0,0.5,True,False,False
Counter-Strike 2,....,negative,steam_live,730,False,1778755557,63848,czech,0,0.5,True,False,False
Counter-Strike 2,ikkk,positive,steam_live,730,True,1778755543,6357,russian,0,0.5,True,False,False
Counter-Strike 2,игра четкая,positive,steam_live,730,True,1778755540,22965,russian,0,0.5,True,False,False
Counter-Strike 2,mmmmmmmmmm hueta,positive,steam_live,730,True,1778755466,1241,russian,0,0.5,True,False,False
Counter-Strike 2,четко,positive,steam_live,730,True,1778755429,2798,russian,0,0.5,True,False,False
Counter-Strike 2,Звуки шагов стали лучше,positive,steam_live,730,True,1778755315,690,russian,0,0.5,True,False,False
Counter-Strike 2,"Counter-Strike 2 радует оптимизация и стабильность работы игры. Никаких лагов и зависаний  только чистое удовольствие от каждого матча. Графический интерфейс также был доработан до мелочей, что делает управление понятным и удобным.",positive,steam_live,730,True,1778755193,13657,russian,0,0.5,True,False,False
Counter-Strike 2,Исправили много багов,positive,steam_live,730,True,1778755177,289,russian,0,0.5,True,False,False
Counter-Strike 2,Sin más,positive,steam_live,730,True,1778755152,1477,spanish,0,0.5,True,False,False
Counter-Strike 2,все хорошо,positive,steam_live,730,True,1778755149,185,russian,0,0.5,True,False,False
Counter-Strike 2,👍,positive,steam_live,730,True,1778755130,62384,schinese,0,0.5,True,False,False
Counter-Strike 2,норм ♥♥♥♥♥,positive,steam_live,730,True,1778755081,151280,russian,0,0.5,True,False,False
Counter-Strike 2,габен сын бляди,negative,steam_live,730,False,1778755019,82202,russian,0,0.5,True,False,False
Counter-Strike 2,прикольная игра,positive,steam_live,730,True,1778754962,1044,russian,0,0.5,True,False,False
Counter-Strike 2,cool,positive,steam_live,730,True,1778754891,9430,french,1,0.523809552192687988,True,False,False
Counter-Strike 2,cs是世界上最好玩的游戏,positive,steam_live,730,True,1778754874,62031,schinese,0,0.5,True,False,False
Counter-Strike 2,"если меня убивают с первой значит игра говно, если нет то норм, а так терпим и кушаем калич.",positive,steam_live,730,True,1778754806,38088,russian,0,0.5,True,False,False
Counter-Strike 2,top,positive,steam_live,730,True,1778754801,2260,russian,1,0.523809552192687988,True,False,False
Counter-Strike 2,the best way to learn russian swear words . I recomend it,positive,steam_live,730,True,1778754651,11043,german,0,0.5,True,False,False
Counter-Strike 2,o7,positive,steam_live,730,True,1778754584,12733,english,0,0.5,True,False,False
Counter-Strike 2,Лучший шутер на ПК,positive,steam_live,730,True,1778754560,258,russian,0,0.5,True,False,False
Counter-Strike 2,Умственно отсталым рекомендуется к ознакомлению,positive,steam_live,730,True,1778754458,89224,russian,0,0.5,True,False,False
Counter-Strike 2,If you wanna ♥♥♥,positive,steam_live,730,True,1778754453,67269,english,0,0.5,True,False,False
Counter-Strike 2,syn shluxi delal ety igry,positive,steam_live,730,True,1778754444,31314,russian,0,0.5,True,False,False
Counter-Strike 2,yes,positive,steam_live,730,True,1778754437,924,german,0,0.5,True,False,False
Counter-Strike 2,Good,positive,steam_live,730,True,1778754431,6565,english,0,0.5,True,False,False
Counter-Strike 2,good game,positive,steam_live,730,True,1778754370,24866,danish,0,0.5,True,False,False
Counter-Strike 2,full with cheaters,negative,steam_live,730,False,1778754349,830,english,1,0.523809552192687988,True,False,False
Counter-Strike 2,"if you hate your life play this game,, the vac system no longer does anything cheaters are in probally about 40% of your games,",negative,steam_live,730,False,1778754313,15197,english,0,0.5,True,False,False
Counter-Strike 2,"классная игра , жаль много читеров...",positive,steam_live,730,True,1778754192,19822,russian,1,0.523809552192687988,True,False,False
Counter-Strike 2,Lemme get that sweet weekly care package <3,positive,steam_live,730,True,1778754092,1911,english,0,0.5,True,False,False
Counter-Strike 2,并不是所有死斗玩家是脚本刷箱子人机，你这经验降低让我怎么玩？,negative,steam_live,730,False,1778753982,2682,schinese,0,0.5,True,False,False
Counter-Strike 2,"very gud for after school, if you play for fun, but this mfs sucks if u play try hard, dont play this game",positive,steam_live,730,True,1778753937,80104,english,0,0.5,True,False,False
Counter-Strike 2,https://steamcommunity.com/tradeoffer/new/?partner=755150100&token=RX4XZLZX,positive,steam_live,730,True,1778753814,5764,english,0,0.5,True,False,False
Counter-Strike 2,Понравились новые дымы,positive,steam_live,730,True,1778753736,834,russian,0,0.5,True,False,False
Counter-Strike 2,"поиграл немного вроде норм но у меня теперь матери нету, зато 2 отца ))))",positive,steam_live,730,True,1778753682,144866,russian,0,0.5,True,False,False
Counter-Strike 2,"Итак, что же такое CS GO?

- CS GO это когда раскраски оружия стоят дороже крутых игровых девайсов.
- CS GO это когда ты обязан дропнуть свой красивый калаш всей команде.
- CS GO это когда открываешь 20 сундуков и получаешь 20 кусков синего г**на.
- CS GO это когда тебя добавляют школьники и предлагают over 9000 сундуков в обмен на твой нож.
- CS GO это когда тебя добавляет школьник и начинает выпрашивать в подарок шмотку ценой в 3500 рублей, приводя при этом аргумент ""да ты ж богатый, что тебе стоит!"".
- CS GO это когда тебе по 10 раз в день присылают ссылки на трояны в надежде обчистить твой инвентарь.
- CS GO это когда тебя выгоняют только потому что ты Русский.
- CS GO это когда ты спалил свой стул после игры в соревновательном режиме.
- CS GO это когда ""глобалы"" создают по 10 аккаунтов и получают удовлетворение, играя против ""калашей"".
- CS GO это когда ты Russian Noob, если остался против пятерых, убил четверых но не добил пятого.
- CS GO это когда ты Russian Noob при счете 21-7-10, а у ближайшего тиммейта 8-0-16.
- CS GO это когда ты выучил польский и шведский за одну-две катки.
- CS GO это когда в соревновательном режиме поляков больше, чем в самой Польше.
- CS GO это когда ты в одиночку открываешь А, а бомба уже про***на на Б.
- CS GO это когда на твои советы и вопросы тебе отвечают ""stfu Russian"".
- CS GO это когда про***л три звания за день только из-за того, что каждый раз играешь против ""глобалов"", играющих со второго аккаунта.
- CS GO это когда каждый третий тиммейт - набустенный сильвер.
- CS GO это когда против тебя играет пять ♥♥♥♥♥♥♥♥♥♥ов с АВП.
- CS GO это когда одного ""беркута"" и четырех ""калашей"" кидает против пяти ""супримов"".
- CS GO это когда высаживаешь все 30 патронов в одного ♥♥♥♥♥♥♥♥♥♥а и наносиишь 99 in 7, а тот рандомным выстрелом попадает тебе в голову.
- CS GO это когда VAC показательно банит профессиональных игроков, но не может забанить ♥♥♥♥♥♥♥♥♥♥а, который простреливает всю команду через три стены, имея при этом 2.2 часа в игре.

Кому понравился отзыв поставте палец вверх и напиши чтонибудь в профиле моем ! Спасибо!!!!

Все это CS GO!!! Не Болейте!!!!",positive,steam_live,730,True,1778753660,285091,russian,0,0.5,True,False,False
Counter-Strike 2,"You give CS2 
Money
Love
More Money

You get from CS2 
Arthritis
82 broken mice
74 broken keyboards
Free Russian lessons
Permanent anger issues
37 smashed monitors 
£50,000 in cases debt
Removal of all IRL friends
Suicidal thoughts
The want to start a massacre 

i would highly recommend this game

PS this is my alt account",positive,steam_live,730,True,1778753633,5552,english,0,0.5,True,False,False
Counter-Strike 2,กาก,positive,steam_live,730,True,1778753610,7656,english,0,0.5,True,False,False
Counter-Strike 2,一堆ez boy和鞭尸哥，糟糕的体验,negative,steam_live,730,False,1778753599,10072,schinese,0,0.5,True,False,False
Counter-Strike 2,Много узнал про мать!,positive,steam_live,730,True,1778753597,3831,english,0,0.5,True,False,False
Counter-Strike 2,fes,positive,steam_live,730,True,1778753555,554,swedish,0,0.5,True,False,False
Counter-Strike 2,No,positive,steam_live,730,True,1778753500,3044,german,0,0.5,True,False,False
Counter-Strike 2,"Infestado de bots e cheaters. Os bots te kickam das partidas e você não pode fazer nada contra isso. Mas as caixas estão funcionando bem, comprem bastante pixels para ajudar essa pequena desenvolvedora indie que é a Valve.",negative,steam_live,730,False,1778753371,31526,brazilian,0,0.5,True,False,False
Counter-Strike 2,45,positive,steam_live,730,True,1778753336,2281,russian,0,0.5,True,False,False
Counter-Strike 2,Everyone that plays this game is on drugs or cheating or both.,positive,steam_live,730,True,1778753326,28241,english,0,0.5,True,False,False
Counter-Strike 2,прайм,positive,steam_live,730,True,1778753318,34235,russian,0,0.5,True,False,False
Counter-Strike 2,6,positive,steam_live,730,True,1778753222,23915,schinese,0,0.5,True,False,False
Counter-Strike 2,N1,positive,steam_live,730,True,1778753149,5199,turkish,0,0.5,True,False,False
Counter-Strike 2,Better than Valorant,positive,steam_live,730,True,1778753110,1935,english,0,0.5,True,False,False
Counter-Strike 2,best fps game ever,positive,steam_live,730,True,1778753095,1244,english,0,0.5,True,False,False
Counter-Strike 2,.,positive,steam_live,730,True,1778753087,6910,russian,0,0.5,True,False,False
Counter-Strike 2,"good game
cs2 is so relaxing am green and there no hackers and no aimbots",positive,steam_live,730,True,1778753060,1201,english,0,0.5,True,False,False
Counter-Strike 2,топ игрушка рекомендую,positive,steam_live,730,True,1778753037,88730,russian,0,0.5,True,False,False
Counter-Strike 2,ето просто мясо,positive,steam_live,730,True,1778753017,6382,russian,0,0.5,True,False,False
Counter-Strike 2,Не регает 2,positive,steam_live,730,True,1778752978,1115,russian,0,0.5,True,False,False
Counter-Strike 2,игра легенды,positive,steam_live,730,True,1778752953,4504,english,0,0.5,True,False,False
Counter-Strike 2,"Ну, на любителя",positive,steam_live,730,True,1778752802,2162,russian,0,0.5,True,False,False
Counter-Strike 2,tres bon jeu pour bien dormir,positive,steam_live,730,True,1778752637,235276,french,0,0.5,True,False,False
Counter-Strike 2,good,positive,steam_live,730,True,1778752497,11292,english,0,0.5,True,False,False
Counter-Strike 2,norm,positive,steam_live,730,True,1778752459,1365,russian,1,0.523809552192687988,True,False,False
Counter-Strike 2,пойдет  Читеров бы еще убрали,positive,steam_live,730,True,1778752378,59261,russian,0,0.5,True,False,False
Counter-Strike 2,coolll,positive,steam_live,730,True,1778752361,17142,russian,1,0.523809552192687988,True,False,False
Counter-Strike 2,классная игра,positive,steam_live,730,True,1778752344,29336,russian,1,0.523809552192687988,True,False,False
Counter-Strike 2,great exp,positive,steam_live,730,True,1778752338,13949,english,1,0.523809552192687988,True,False,False
Counter-Strike 2,nice,positive,steam_live,730,True,1778752287,8598,english,0,0.5,True,False,False
Counter-Strike 2,GIT,positive,steam_live,730,True,1778752271,74275,polish,0,0.5,True,False,False
Counter-Strike 2,非常好玩的一款游戏,positive,steam_live,730,True,1778752192,60848,schinese,0,0.5,True,False,False
Counter-Strike 2,(y),positive,steam_live,730,True,1778752176,10401,czech,0,0.5,True,False,False
Counter-Strike 2,заебато,positive,steam_live,730,True,1778752086,1685,russian,1,0.523809552192687988,True,False,False
Counter-Strike 2,"Бен Кармадон играл, так что норм игра",positive,steam_live,730,True,1778752079,61593,russian,0,0.5,True,False,False
Counter-Strike 2,geil digga,positive,steam_live,730,True,1778752046,719,english,0,0.5,True,False,False
Counter-Strike 2,W,positive,steam_live,730,True,1778751972,2718,english,0,0.5,True,False,False
Counter-Strike 2,комьюнити умственно отсталых даунов,positive,steam_live,730,True,1778751918,20139,russian,0,0.5,True,False,False
Counter-Strike 2,good game,positive,steam_live,730,True,1778751803,22849,english,0,0.5,True,False,False
Counter-Strike 2,Jogo bom pra ficar careca. Recomendo,positive,steam_live,730,True,1778751681,228087,brazilian,0,0.5,True,False,False
Counter-Strike 2,让我红温,negative,steam_live,730,False,1778751620,31665,schinese,0,0.5,True,False,False
Counter-Strike 2,YTN,negative,steam_live,730,False,1778751564,2535,russian,0,0.5,True,False,False
Counter-Strike 2,amazing game,positive,steam_live,730,True,1778751502,6777,french,0,0.5,True,False,False
Counter-Strike 2,круто,positive,steam_live,730,True,1778751475,1484,english,1,0.523809552192687988,True,False,False
Counter-Strike 2,gud game,positive,steam_live,730,True,1778751460,4988,english,0,0.5,True,False,False
Counter-Strike 2,сиси писи как сраки,positive,steam_live,730,True,1778751407,182,russian,1,0.523809552192687988,True,False,False
Counter-Strike 2,"Могут и мать выебать, могут и похвалить. Рекомендую поиграть.",positive,steam_live,730,True,1778751402,11456,russian,0,0.5,True,False,False
Counter-Strike 2,любимая,positive,steam_live,730,True,1778751379,19211,russian,0,0.5,True,False,False
Counter-Strike 2,о,positive,steam_live,730,True,1778751376,6642,russian,0,0.5,True,False,False
Counter-Strike 2,i f*k*ing love this game!!!,positive,steam_live,730,True,1778751369,1641,english,0,0.5,True,False,False
Counter-Strike 2,"советую, бомба",positive,steam_live,730,True,1778751195,17260,russian,1,0.523809552192687988,True,False,False
Counter-Strike 2,Игра на любителя,positive,steam_live,730,True,1778751169,4692,english,0,0.5,True,False,False
Counter-Strike 2,SIMPLEMENTE GOTI,positive,steam_live,730,True,1778751116,1890,spanish,0,0.5,True,False,False
Counter-Strike 2,I have 800 hours. No regrets.,positive,steam_live,730,True,1778750939,1340,english,0,0.5,True,False,False
Counter-Strike 2,GOOD,positive,steam_live,730,True,1778750910,18253,schinese,0,0.5,True,False,False
Counter-Strike 2,отличная игра,positive,steam_live,730,True,1778750839,7860,russian,0,0.5,True,False,False
Counter-Strike 2,外挂太多,negative,steam_live,730,False,1778750780,61080,schinese,0,0.5,True,False,False
Counter-Strike 2,paskapeli,negative,steam_live,730,False,1778750656,10006,finnish,0,0.5,True,False,False
Counter-Strike 2,awdvawv,positive,steam_live,730,True,1778750636,10901,english,0,0.5,True,False,False
Counter-Strike 2,хороша игрушка удачи всем благ,positive,steam_live,730,True,1778750606,19531,russian,1,0.523809552192687988,True,False,False
Counter-Strike 2,"rep this game, like",positive,steam_live,730,True,1778750584,2680,russian,0,0.5,True,False,False
Counter-Strike 2,имба,positive,steam_live,730,True,1778750559,1343,russian,0,0.5,True,False,False
Counter-Strike 2,Хороший игр!,positive,steam_live,730,True,1778750519,10716,russian,0,0.5,True,False,False
Counter-Strike 2,неплохая игрулька,positive,steam_live,730,True,1778750516,1957,russian,1,0.523809552192687988,True,False,False
Counter-Strike 2,"Все гуд, но обновите античит",positive,steam_live,730,True,1778750509,1196,russian,0,0.5,True,False,False
Counter-Strike 2,Better than sleep,positive,steam_live,730,True,1778750474,381,english,0,0.5,True,False,False
Counter-Strike 2,Не то,positive,steam_live,730,True,1778750437,12531,english,0,0.5,True,False,False
Counter-Strike 2,Гра топ!,positive,steam_live,730,True,1778750397,130673,ukrainian,0,0.5,True,False,False
Counter-Strike 2,因为这个游戏发麻,positive,steam_live,730,True,1778750370,5620,schinese,0,0.5,True,False,False
Counter-Strike 2,falta tirar os cheaters,positive,steam_live,730,True,1778750207,68817,portuguese,1,0.523809552192687988,True,False,False
Counter-Strike 2,"игра хорошая жалко что я пока не могу торговать 
ведь создал новый акк",positive,steam_live,730,True,1778750137,643,russian,0,0.5,True,False,False
Counter-Strike 2,Помойка,negative,steam_live,730,False,1778750090,22696,russian,0,0.5,True,False,False
Counter-Strike 2,biraz oynama şansım oldu güzel oyun gibi,positive,steam_live,730,True,1778749949,62622,turkish,0,0.5,True,False,False
Counter-Strike 2,Drop Case PLSSSSSS,positive,steam_live,730,True,1778749933,112,english,0,0.5,True,False,False
Counter-Strike 2,Good,positive,steam_live,730,True,1778749909,9281,english,0,0.5,True,False,False
Counter-Strike 2,"Графика супер, физика топ",positive,steam_live,730,True,1778749859,503,russian,0,0.5,True,False,False
Counter-Strike 2,"Good Game, but lots and lots of cheaters.",positive,steam_live,730,True,1778749835,5815,english,0,0.5,True,False,False
Counter-Strike 2,"все игры, в мм , одни читеры!!!!!!!! ВАК не работает, компания ни че не делает, им похер, каждую игру начиная от 10к ММР, читеры, либо ЗА либо против!!!! не возможно играть,  они даже в наглую бегают, а ВАЛВ похер!!!!!!НЕ тратьте нервы!!!!",negative,steam_live,730,False,1778749817,82932,russian,0,0.5,True,False,False
Counter-Strike 2,Исправили много багов,positive,steam_live,730,True,1778749774,499,russian,0,0.5,True,False,False
Counter-Strike 2,+,positive,steam_live,730,True,1778749692,616,german,0,0.5,True,False,False
Counter-Strike 2,"Графика супер, физика топ",positive,steam_live,730,True,1778749638,1635,russian,0,0.5,True,False,False
Counter-Strike 2,Really awesome game,positive,steam_live,730,True,1778749550,3431,english,1,0.523809552192687988,True,False,False
Counter-Strike 2,the best1,positive,steam_live,730,True,1778749549,88349,english,0,0.5,True,False,False
Counter-Strike 2,gud game,positive,steam_live,730,True,1778749525,7699,english,0,0.5,True,False,False
Counter-Strike 2,66666666666666666,positive,steam_live,730,True,1778749499,30499,schinese,0,0.5,True,False,False
Counter-Strike 2,Катки ищутся быстро,positive,steam_live,730,True,1778749484,158,russian,0,0.5,True,False,False
Counter-Strike 2,Регает по праздникам,positive,steam_live,730,True,1778749473,23099,russian,0,0.5,True,False,False
Counter-Strike 2,Bütün Rusların anasını sikeyim,positive,steam_live,730,True,1778749438,54169,turkish,0,0.5,True,False,False
Counter-Strike 2,gereeksiz,negative,steam_live,730,False,1778749129,7578,turkish,1,0.5,True,False,False
Counter-Strike 2,"After 3574 hours played, I can candidly state that I recommend this game.",positive,steam_live,730,True,1778749095,214498,english,0,0.5,True,False,False
Counter-Strike 2,this game is ♥♥♥♥♥♥♥ ♥♥♥♥,negative,steam_live,730,False,1778749072,928,english,0,0.5,True,False,False
Counter-Strike 2,its cool,positive,steam_live,730,True,1778748985,2200,english,0,0.5,True,False,False
Counter-Strike 2,好玩,positive,steam_live,730,True,1778748968,60382,schinese,0,0.5,True,False,False
Counter-Strike 2,"oyun çöp ötesi, hileler farmbotlar bitmiyor. çöpe atacağınız bi 15 dolarınız yoksa kesinlikle satın almayın",negative,steam_live,730,False,1778748968,1796,turkish,1,0.5,True,False,False
Counter-Strike 2,"Добрый вечер! Эй, полегче
Пусть он длится бесконечно
Нам сегодня было хорошо!
Этот праздник не подвел
Я почти уже ушел
И тут она выходит на танцпол
Ну, почему я просто не пошел домой?
Зачем сказал я, что сегодня холостой?
Я танцевал так, как не снилось никому
Я не пойму — ну, почему?
И закружилось все вокруг, как на репите
Ничего уже не помню, извините
Только помню голос: Вы что творите?
Зацепила меня, ослепила меня
До порога довела, а любви не дала
Зацепила меня, соблазнила меня
До порога довела, а любви не дала
Зацепила меня
Громче крики, громче звуки
Поднимите ваши руки
Эта вечеринка просто класс!
Я не знаю, как мне быть
Как мне с ней заговорить
А, может, лучше что-то подарить?
Ну, почему я просто не пошел домой?
Зачем сказал я, что сегодня холостой?
Я танцевал так, как не снилось никому
Я не пойму — ну, почему?
И закружилось все вокруг, как на репите
Ничего уже не помню, извините
Только помню голос: Вы что творите?
Зацепила меня, ослепила меня
До порога довела, а любви не дала
Зацепила меня, соблазнила меня
До порога довела, а любви не дала
Зацепила меня
Зацепила меня, ослепила меня
До порога довела, а любви не дала
Зацепила меня, соблазнила меня
До порога довела, а любви не дала
Зацепила меня",positive,steam_live,730,True,1778748963,5916,russian,0,0.5,True,False,False
Counter-Strike 2,"Today I'm here to share my thoughts about this game. Some background information to start with. I bought this game 2 years ago because I wanted to try something new! And to be honest, this game has made me what I am now. So, you probably want to know if it's worth the money? If it's worth buying? The answer to all these questions is: absolutely! Now, let me explain why.

When I bought this game I was looking for a challenge. Because this game did not seem to be a regular First Person Shooter I decided to try it out! Counter Strike did not disappoint and I'm almost sure it won't disappoint you! Are you a dedicated and competitive person? Start your journey now!

Please purchase this game if you're looking for:
- A new First Person Shooter
- A Challenge
- A competitive game
- Years of friendship

The beginning is hard. But once you learn the recoil patterns you'll get there. The key to success: 'Never give up!'

Of course there are some negative points to this. For example the toxic community, but there are a lot of good guys too! I had and still have a great time playing CS:GO with friends or alone!",positive,steam_live,730,True,1778748852,2180,german,0,0.5,True,False,False
Counter-Strike 2,please give gaben money,positive,steam_live,730,True,1778748777,588,english,0,0.5,True,False,False
Counter-Strike 2,ен,positive,steam_live,730,True,1778748730,5104,russian,1,0.523809552192687988,True,False,False
Counter-Strike 2,N,positive,steam_live,730,True,1778748718,9506,polish,0,0.5,True,False,False
Counter-Strike 2,wallah good game,positive,steam_live,730,True,1778748674,8698,english,0,0.5,True,False,False
Counter-Strike 2,oyun harika ama bu hilelerin önüne geçmelri gerekiyor,positive,steam_live,730,True,1778748585,20358,turkish,0,0.5,True,False,False
Counter-Strike 2,oyun eski cazibesini kaybetti. çünkü hilecilere karşı bir şeyler yapılmıyor.,negative,steam_live,730,False,1778748528,223015,turkish,1,0.5,True,False,False
Counter-Strike 2,"Tetris, wow, minecraft, Counter strike, etc ...",positive,steam_live,730,True,1778748508,9926,english,0,0.5,True,False,False
Counter-Strike 2,"this game is great if you are ok with getting yelled at a lot.

it helps to have abusive parents before playing

10/10",positive,steam_live,730,True,1778748320,15800,english,0,0.5,True,False,False
Counter-Strike 2,"Super for brain(gold,gold,gold)",positive,steam_live,730,True,1778748187,42980,romanian,0,0.5,True,False,False
Counter-Strike 2,imi place este competitiv:))),positive,steam_live,730,True,1778748160,22159,romanian,0,0.5,True,False,False
Counter-Strike 2,"биля прикольно того всё целовал мне понравилось но стрелять и убивать людей это не класс, хочеса чоби можна било пожать рущки и разайтись с миром по блату с кентяриками, ляляля чё тут ещё надо написать я хз всё бб всем пока друзья всех люблю ставьте лайки подписывайтесь ставьте колокольчики подписывайтесь на телеграмм канал на ютуб инстаграмм тик ток мативасию нада поднят",positive,steam_live,730,True,1778748136,1680,russian,0,0.5,True,False,False
Counter-Strike 2,Güzel Oyun,positive,steam_live,730,True,1778748127,1617,turkish,1,0.523809552192687988,True,False,False
Counter-Strike 2,best game to play with ONLY TRUE FRIENDS,positive,steam_live,730,True,1778748086,20605,english,1,0.523809552192687988,True,False,False
Counter-Strike 2,/,positive,steam_live,730,True,1778748005,3075,russian,0,0.5,True,False,False
Counter-Strike 2,good game,positive,steam_live,730,True,1778747931,156,russian,0,0.5,True,False,False
Counter-Strike 2,W,positive,steam_live,730,True,1778747680,521,english,1,0.523809552192687988,True,False,False
Counter-Strike 2,"♥♥♥♥♥ полная, не играйте в это если вы НЕ насильник, фури кошка со страпоном, свошник, гитлер с гомосексуальными наклонностями, бомж с воздушкой и ♥♥♥♥♥♥ симпл",negative,steam_live,730,False,1778747626,14034,russian,0,0.5,True,False,False
Counter-Strike 2,legendaire,positive,steam_live,730,True,1778747536,11794,french,0,0.5,True,False,False
Counter-Strike 2,игра нормик,positive,steam_live,730,True,1778747268,249,english,0,0.5,True,False,False
Counter-Strike 2,nach updates wirklich gut....,positive,steam_live,730,True,1778747124,26315,german,0,0.5,True,False,False
Counter-Strike 2,залупа ♥♥♥♥♥♥,positive,steam_live,730,True,1778746980,8968,russian,1,0.523809552192687988,True,False,False
Counter-Strike 2,♥♥♥♥♥,negative,steam_live,730,False,1778746933,21380,russian,0,0.5,True,False,False
Counter-Strike 2,очень прикольная игра,positive,steam_live,730,True,1778746916,15692,russian,1,0.523809552192687988,True,False,False
Counter-Strike 2,https://steamcommunity.com/id/donkgojo/inventory/#730_2_41640713724,positive,steam_live,730,True,1778746852,133004,portuguese,0,0.5,True,False,False
Counter-Strike 2,negev,positive,steam_live,730,True,1778746851,2202,english,0,0.5,True,False,False
Counter-Strike 2,"love this game but vac kinda wants rape me for being good, anyways recommend it. with friends its the moest high cortisol and fun game to play",positive,steam_live,730,True,1778746811,2655,english,0,0.5,True,False,False
Counter-Strike 2,/,positive,steam_live,730,True,1778746738,31401,russian,0,0.5,True,False,False
Counter-Strike 2,peak but alot of cheaters when you dont have prime,positive,steam_live,730,True,1778746661,6169,english,0,0.5,True,False,False
Counter-Strike 2,♥♥♥♥♥ игра не советую,negative,steam_live,730,False,1778746421,4325,russian,0,0.5,True,False,False
Counter-Strike 2,很好的游戏,positive,steam_live,730,True,1778746347,64284,schinese,0,0.5,True,False,False
Counter-Strike 2,"I've played CS before and I'm not new to it, but I lost my old account. I had to create a new one and it quickly went into red trust factor, this system doesn't work quite correctly. Otherwise, it's good old CS 2 <3",positive,steam_live,730,True,1778746314,4870,russian,0,0.5,True,False,False
Counter-Strike 2,Good game,positive,steam_live,730,True,1778746234,326,russian,0,0.5,True,False,False
Counter-Strike 2,"мені як гравцю який грав кс 1,3 1,6 складно грати в кс2 але я намагаюсь) дуже бісить що в грі багато чітерів і їх не банить валв",positive,steam_live,730,True,1778746201,20297,ukrainian,0,0.5,True,False,False
Counter-Strike 2,Имба,positive,steam_live,730,True,1778746163,4615,russian,0,0.5,True,False,False
Counter-Strike 2,no,positive,steam_live,730,True,1778746040,26468,polish,0,0.5,True,False,False
Counter-Strike 2,раньше было лучше,negative,steam_live,730,False,1778746020,60979,russian,0,0.5,True,False,False
Counter-Strike 2,ruslar olmasa ne güze loyun,positive,steam_live,730,True,1778745994,9409,turkish,0,0.5,True,False,False
Counter-Strike 2,hjjjj,positive,steam_live,730,True,1778745952,36684,english,0,0.5,True,False,False
Counter-Strike 2,"попа боль, но зато с вазелином",positive,steam_live,730,True,1778745738,225279,russian,0,0.5,True,False,False
Counter-Strike 2,ggez,positive,steam_live,730,True,1778745704,12922,english,0,0.5,True,False,False
Counter-Strike 2,играл на карте cache залез в вентеляцию было 20 хп ебанула радиация не советую играть не этой карте,positive,steam_live,730,True,1778745586,9251,russian,0,0.5,True,False,False
Counter-Strike 2,tres bon jeu,positive,steam_live,730,True,1778745478,10005,french,0,0.5,True,False,False
Counter-Strike 2,♥♥♥♥♥ ♥♥♥♥♥♥ не советою,positive,steam_live,730,True,1778745209,12317,ukrainian,0,0.5,True,False,False
Counter-Strike 2,Bruh,positive,steam_live,730,True,1778745126,7531,english,0,0.5,True,False,False
Counter-Strike 2,мать габена ибал верни кс обычную,negative,steam_live,730,False,1778745112,12775,russian,0,0.5,True,False,False
Counter-Strike 2,good game,positive,steam_live,730,True,1778744930,3362,norwegian,0,0.5,True,False,False
Counter-Strike 2,Supaaaa,positive,steam_live,730,True,1778744782,132503,english,0,0.5,True,False,False
Counter-Strike 2,juegazo,positive,steam_live,730,True,1778744729,17671,spanish,0,0.5,True,False,False
Counter-Strike 2,希望 越做越好   就是封挂 还要力度加强！开挂太多！,positive,steam_live,730,True,1778744629,2986,schinese,0,0.5,True,False,False
Counter-Strike 2,гамно,positive,steam_live,730,True,1778744469,75554,ukrainian,0,0.5,True,False,False
Counter-Strike 2,абычна не пингует щитает пападание пуль,positive,steam_live,730,True,1778744435,9395,russian,0,0.5,True,False,False
Counter-Strike 2,♥♥♥♥♥,positive,steam_live,730,True,1778744346,5451,russian,0,0.5,True,False,False
Counter-Strike 2,ніби норм,positive,steam_live,730,True,1778744194,39829,ukrainian,1,0.523809552192687988,True,False,False
Counter-Strike 2,;,positive,steam_live,730,True,1778744170,71999,english,0,0.5,True,False,False
Counter-Strike 2,没毛,positive,steam_live,730,True,1778744160,76844,schinese,0,0.5,True,False,False
Counter-Strike 2,"load into a game
get screamed by russians 
died
loaded again 
this time it was germans 
lost again
woke up 
played cs 

10/10 totaly recomend",positive,steam_live,730,True,1778744129,12679,english,0,0.5,True,False,False
Counter-Strike 2,гамницо,positive,steam_live,730,True,1778744097,18609,russian,0,0.5,True,False,False
Counter-Strike 2,nice,positive,steam_live,730,True,1778743934,41859,indonesian,0,0.5,True,False,False
Counter-Strike 2,крутяк,positive,steam_live,730,True,1778743916,604,russian,0,0.5,True,False,False
Counter-Strike 2,Зачётная игруха ),positive,steam_live,730,True,1778743840,34299,russian,0,0.5,True,False,False
Counter-Strike 2,dead by dayliht,positive,steam_live,730,True,1778743826,130140,swedish,0,0.5,True,False,False
Counter-Strike 2,"Многопользовательский шутер, хороший графон и выбор оружия, играю с праймом и доступен рейтинг и еженедельный дроп. В целом игра хорошая однако есть недостатки.",positive,steam_live,730,True,1778743776,25955,russian,0,0.5,True,False,False
Counter-Strike 2,очень много негативных имоций играют бомжы игра топ,positive,steam_live,730,True,1778743738,61028,russian,0,0.5,True,False,False
Counter-Strike 2,трайхард,positive,steam_live,730,True,1778743649,36245,russian,0,0.5,True,False,False
Counter-Strike 2,11111111111111111111111,positive,steam_live,730,True,1778743495,2592,english,0,0.5,True,False,False
Counter-Strike 2,"Very nice graphics and a nice game to play. Very entertaining, others should try it too!",positive,steam_live,730,True,1778743479,93703,english,0,0.5,True,False,False
Counter-Strike 2,They say that duolingo is the best to learn russian but in this game i learned russian faster before even duolingo loaded,positive,steam_live,730,True,1778743475,3732,english,0,0.5,True,False,False
Counter-Strike 2,ochen xoroshoi,positive,steam_live,730,True,1778743435,22740,russian,3,0.565217375755310059,True,False,False
Counter-Strike 2,67,positive,steam_live,730,True,1778743338,8347,ukrainian,0,0.5,True,False,False
Counter-Strike 2,"Counter-Strike (CS) ist nicht nur ein Spiel, sondern ein Phänomen, das seit seiner Entstehung die E-Sport-Welt prägt.",positive,steam_live,730,True,1778743273,30234,german,0,0.5,True,False,False
Counter-Strike 2,nu tipo krutp 'ortht,positive,steam_live,730,True,1778743140,1047,russian,0,0.5,True,False,False
Counter-Strike 2,"называется зашёл на в одну катке фейсита,и узнал многое и новое о моих родных,всем советую",positive,steam_live,730,True,1778743138,747,russian,0,0.5,True,False,False
Counter-Strike 2,"Рег говна, остальное нормально",positive,steam_live,730,True,1778743090,10650,russian,0,0.5,True,False,False
Counter-Strike 2,прикольно жеско затягивает,positive,steam_live,730,True,1778742918,20990,russian,0,0.5,True,False,False
Counter-Strike 2,"Здравствуйте дорогие читатели этого отзыва, спешу сообщить вам чтобы вы не тратили время на эту игру ведь все равно ♥♥♥♥♥♥ котакбас зайдёт в компьютерный клуб, где стоит rx580 и zeon гнилой, закинет всю шайбу сразу же и к нему придёт местный, пьяный батя даун. Докажу это цитатами из игры.
Во первых, "" ээээ бииляяя плент на миду эээээ биля заэбал"". Во вторых, ""ээээ биля заэбал"".
Вывод: не играйте в эту ебучую ♥♥♥♥♥ (даже на фейсите такие есть, но возможно попадётся еще хуже). Спасибо за внимание.",positive,steam_live,730,True,1778742810,61655,russian,0,0.5,True,False,False
Counter-Strike 2,.,positive,steam_live,730,True,1778742670,22617,spanish,0,0.5,True,False,False
Counter-Strike 2,Nie,negative,steam_live,730,False,1778742604,14970,czech,0,0.5,True,False,False
Counter-Strike 2,охуенная игра,positive,steam_live,730,True,1778742572,13737,russian,1,0.523809552192687988,True,False,False
Counter-Strike 2,好玩,positive,steam_live,730,True,1778742568,73346,schinese,0,0.5,True,False,False
Counter-Strike 2,sb饰品市场，导购全是sb,negative,steam_live,730,False,1778742484,152000,schinese,1,0.523809552192687988,True,False,False
Counter-Strike 2,♥♥♥♥♥,positive,steam_live,730,True,1778742482,14444,russian,0,0.5,True,False,False
Counter-Strike 2,"с выходом последнего обновления всё пошло по ♥♥♥♥♥ поленом. схуячи в напах прицелы мой и моего кореша поменялись местами (т.е. играл с прицелом своего друга). меня отреспавнило жопой к пленту за ст на инфр.. это что? что за чудо-творие??? удаляйте игру, раз не можете её наладить, в конце-концов. какие-то ссалищные терминалы выкинули... вак починили от ремонтки.
прикольно еще то, что вернулся баг со святым духом противника -- я его убиваю, он встаёт на ноги обратно. чзх? настройте игру, повторюсь. ощущение, будто казино ни столь азартное, сколь ваша лодка в 3д и не дроченная.
либо верните ксго, спреи с дигла сломаны к сущей печали.

и вообще... Откуда в жопе пластилин?",negative,steam_live,730,False,1778742428,17740,russian,0,0.5,True,False,False
Counter-Strike 2,makes me insanely mentally unstable and abuse multiple substances and take my bottled up aggression out on my children,positive,steam_live,730,True,1778742320,1717,english,0,0.5,True,False,False
Counter-Strike 2,ratatata bumbum suprduprcupr,positive,steam_live,730,True,1778742140,84418,english,0,0.523809552192687988,True,False,False
Counter-Strike 2,игра на века,positive,steam_live,730,True,1778742117,2656,russian,1,0.523809552192687988,True,False,False
Counter-Strike 2,hao,positive,steam_live,730,True,1778742093,108431,schinese,0,0.5,True,False,False
Counter-Strike 2,viciada asegurada,positive,steam_live,730,True,1778742022,5323,spanish,0,0.5,True,False,False
Counter-Strike 2,CS2 THE OG ♥,positive,steam_live,730,True,1778741978,2855,english,1,0.523809552192687988,True,False,False
Counter-Strike 2,Лучший шутер на ПК,positive,steam_live,730,True,1778741955,598,russian,0,0.5,True,False,False
Counter-Strike 2,"If you want your ass to burn and have the opportunity to buy new tables and mice, this game is for you. The most toxic community on the internet, but they are all your friends",positive,steam_live,730,True,1778741865,960,english,0,0.5,True,False,False
Counter-Strike 2,топ,positive,steam_live,730,True,1778741849,799,russian,0,0.5,True,False,False
Counter-Strike 2,Норм,positive,steam_live,730,True,1778741761,1642083,russian,0,0.5,True,False,False
Counter-Strike 2,Крутая игра особенно регистрация урона),positive,steam_live,730,True,1778741754,56379,russian,0,0.5,True,False,False
Counter-Strike 2,"Гра норм only with prime, також не вистачає нормального антічіта",positive,steam_live,730,True,1778741539,21326,ukrainian,0,0.5,True,False,False
Counter-Strike 2,"Good
Good",positive,steam_live,730,True,1778741414,437,hungarian,0,0.5,True,False,False
Counter-Strike 2,best fps,positive,steam_live,730,True,1778741340,113288,english,0,0.5,True,False,False
Counter-Strike 2,xexxe,positive,steam_live,730,True,1778741309,2315,russian,0,0.5,True,False,False
Counter-Strike 2,воьрергоеуф4уыонкнекыокеоыщшжгшгоенаоаноекенрыао,positive,steam_live,730,True,1778741174,114729,russian,0,0.5,True,False,False
Counter-Strike 2,"Not too shabby, fun to play with the homies!",positive,steam_live,730,True,1778741165,1314,english,0,0.5,True,False,False
Counter-Strike 2,队友智障一样，没有固排的话野排会极其难受,negative,steam_live,730,False,1778741139,11550,schinese,0,0.5,True,False,False
Counter-Strike 2,xileye son,positive,steam_live,730,True,1778741060,6842,turkish,1,0.523809552192687988,True,False,False
Counter-Strike 2,Топ за свои деньги,positive,steam_live,730,True,1778741004,89,russian,0,0.5,True,False,False
Counter-Strike 2,best esports game,positive,steam_live,730,True,1778740793,98822,english,0,0.5,True,False,False
Counter-Strike 2,Катки ищутся быстро,positive,steam_live,730,True,1778740677,1184,russian,0,0.5,True,False,False
Counter-Strike 2,Kult!,positive,steam_live,730,True,1778740543,122085,german,0,0.5,True,False,False
Counter-Strike 2,gooooooooooooooooooooooooooooooooooo,positive,steam_live,730,True,1778740455,18330,russian,0,0.5,True,False,False
Counter-Strike 2,挺好的,positive,steam_live,730,True,1778740438,995,schinese,0,0.5,True,False,False
Counter-Strike 2,♥♥♥♥♥,positive,steam_live,730,True,1778740364,7558,russian,0,0.5,True,False,False
Counter-Strike 2,good,positive,steam_live,730,True,1778740099,81480,schinese,0,0.5,True,False,False
Counter-Strike 2,игра говно ♥♥♥♥♥♥,negative,steam_live,730,False,1778740075,11169,russian,0,0.5,True,False,False
Counter-Strike 2,A,negative,steam_live,730,False,1778740048,12579,english,0,0.5,True,False,False
Counter-Strike 2,I love this game.,positive,steam_live,730,True,1778739815,25386,english,0,0.5,True,False,False
Counter-Strike 2,аппппрпрп,negative,steam_live,730,False,1778739782,40145,russian,0,0.5,True,False,False
Counter-Strike 2,cuanto mas lo jugas menos te gusta,negative,steam_live,730,False,1778739708,12302,latam,0,0.5,True,False,False
Counter-Strike 2,♥♥♥♥♥,negative,steam_live,730,False,1778739675,397101,russian,0,0.5,True,False,False
Counter-Strike 2,"ba, tiro",positive,steam_live,730,True,1778739465,5925,brazilian,0,0.5,True,False,False
Counter-Strike 2,خرا,negative,steam_live,730,False,1778739440,33715,english,0,0.5,True,False,False
Counter-Strike 2,"Counter-Strike 2 sets a new standard for tactical FPS games and is a must-play for fans of the series. Despite some technical issues, its visual and gameplay improvements ensure it remains one of the world’s biggest esports titles.",positive,steam_live,730,True,1778739337,1676,indonesian,0,0.5,True,False,False
Counter-Strike 2,.,negative,steam_live,730,False,1778739205,2841,russian,0,0.5,True,False,False
Counter-Strike 2,DUDE I RE ZERO'D MY PANTS WHEN PLAYING I ABSOLUTELY LOVE THIS GAME!!!!!!,positive,steam_live,730,True,1778739035,28300,english,0,0.5,True,False,False
Counter-Strike 2,full of cheaters,negative,steam_live,730,False,1778738926,22932,english,0,0.5,True,False,False
Counter-Strike 2,"Отличная игра, топ",positive,steam_live,730,True,1778738845,780,russian,0,0.5,True,False,False
Counter-Strike 2,Si,positive,steam_live,730,True,1778738841,145863,latam,0,0.5,True,False,False
Counter-Strike 2,.,positive,steam_live,730,True,1778738807,28779,russian,0,0.5,True,False,False
Counter-Strike 2,gra bardzo wkurwia i dziala na psychike ale i tak jest spoko,positive,steam_live,730,True,1778738718,5205,polish,0,0.5,True,False,False
Counter-Strike 2,我曾经也以为这是一个免费游戏，直到我看到了队友的刀会转。,positive,steam_live,730,True,1778738651,31770,schinese,1,0.523809552192687988,True,False,False
Counter-Strike 2,huina,positive,steam_live,730,True,1778738508,15606,russian,0,0.5,True,False,False
Counter-Strike 2,ok,positive,steam_live,730,True,1778738501,879,brazilian,0,0.5,True,False,False
Counter-Strike 2,Just perfect,positive,steam_live,730,True,1778738251,51305,english,0,0.5,True,False,False
Counter-Strike 2,insano,positive,steam_live,730,True,1778738215,28520,english,0,0.5,True,False,False
Counter-Strike 2,good,positive,steam_live,730,True,1778738205,3732,russian,0,0.5,True,False,False
Counter-Strike 2,Люблю КС2,positive,steam_live,730,True,1778738128,8016,russian,0,0.5,True,False,False
Counter-Strike 2,good men like good game like this game,positive,steam_live,730,True,1778737999,33851,english,1,0.523809552192687988,True,False,False
Counter-Strike 2,если хотите мотивацию для суицида играйте.,negative,steam_live,730,False,1778737888,37909,russian,0,0.5,True,False,False
Counter-Strike 2,什么时候换回128tick？,positive,steam_live,730,True,1778737819,16397,schinese,0,0.5,True,False,False
Counter-Strike 2,1,positive,steam_live,730,True,1778737800,9597,english,0,0.5,True,False,False
Counter-Strike 2,"This game makes me want to kms every time I get on. Idk why but I just simply can't stop playing it. Please, send help for the love of god.",negative,steam_live,730,False,1778737735,53525,english,0,0.476190477609634399,True,False,False
Counter-Strike 2,♥♥♥♥♥♥ дерьмо,positive,steam_live,730,True,1778737724,73209,russian,0,0.5,True,False,False
Counter-Strike 2,Нет,negative,steam_live,730,False,1778737674,3409,russian,1,0.523809552192687988,True,False,False
Counter-Strike 2,РАТАТАТАТАТАТТАТАТАТАТАТАТАТААТАТАТАТАТАТТАТАТАТАТАТАТАТААТАТАТАТАТАТТАТАТАТАТАТАТАТААТАТАТАТАТАТТАТАТАТАТАТАТАТААТАТАТАТАТАТТАТАТАТАТАТАТАТААТАТАТАТАТАТТАТАТАТАТАТАТАТААТАТАТАТАТАТТАТАТАТАТАТАТАТААТАТАТАТАТАТТАТАТАТАТАТАТАТААТАТАТАТАТАТТАТАТАТАТАТАТАТА,positive,steam_live,730,True,1778737655,15448,russian,0,0.5,True,False,False
Counter-Strike 2,我认为所有人都应该体验一下这个经典的旷世神作，非常好游戏。同时皮肤做的也非常好看。非常好皮肤,positive,steam_live,730,True,1778737605,1173,schinese,0,0.5,True,False,False
Counter-Strike 2,игра на 100 чурок из 100,positive,steam_live,730,True,1778737562,10699,russian,0,0.5,True,False,False
Counter-Strike 2,反作弊简直就是个笑话,negative,steam_live,730,False,1778737521,85217,schinese,0,0.5,True,False,False
Counter-Strike 2,-rep remlina,positive,steam_live,730,True,1778737279,15880,english,0,0.5,True,False,False
Counter-Strike 2,Удали игру,positive,steam_live,730,True,1778737210,257460,russian,0,0.5,True,False,False
Counter-Strike 2,Не тратьте свое время и свои нервы...,positive,steam_live,730,True,1778737156,216327,russian,0,0.5,True,False,False
Counter-Strike 2,игра топ но тима на мираже что то с чем то,positive,steam_live,730,True,1778736922,4205,russian,0,0.5,True,False,False
Counter-Strike 2,W game has no cheaters because VAC is goated,positive,steam_live,730,True,1778736673,36972,english,0,0.5,True,False,False
Counter-Strike 2,zajebista,positive,steam_live,730,True,1778736614,15653,polish,0,0.5,True,False,False
Counter-Strike 2,пострелушка,positive,steam_live,730,True,1778736536,32030,russian,0,0.5,True,False,False
Counter-Strike 2,Исправили много багов,positive,steam_live,730,True,1778736456,400,russian,0,0.5,True,False,False
Counter-Strike 2,Имба игра,positive,steam_live,730,True,1778736424,3134,russian,0,0.5,True,False,False
Counter-Strike 2,grr aim,positive,steam_live,730,True,1778736279,15326,english,0,0.5,True,False,False
Counter-Strike 2,nice,positive,steam_live,730,True,1778736271,1046,russian,0,0.5,True,False,False
Counter-Strike 2,good job well done,positive,steam_live,730,True,1778736270,21991,russian,1,0.523809552192687988,True,False,False
Counter-Strike 2,中,positive,steam_live,730,True,1778735843,20938,schinese,0,0.5,True,False,False
Counter-Strike 2,ddfsfd,negative,steam_live,730,False,1778735820,3514,russian,0,0.5,True,False,False
Counter-Strike 2,quiero hacer la medalla de steam,positive,steam_live,730,True,1778735748,2608,spanish,0,0.5,True,False,False
Counter-Strike 2,Скины выглядят сочно,positive,steam_live,730,True,1778735607,29,russian,0,0.5,True,False,False
Counter-Strike 2,good gam,positive,steam_live,730,True,1778735504,2387,english,0,0.5,True,False,False
Counter-Strike 2,好玩,positive,steam_live,730,True,1778735391,31310,schinese,0,0.5,True,False,False
Counter-Strike 2,"I started playing this game as a child when it was CS v1.4 or 1.5. That was way back and it's also been 7 years since my last CS game, but I thought I'd write a review about it. I have kids that was separated from me since birth and we've been trying to get back together. I'm writing this review with hopes they will read this and find their way back to me. We've been wanting to be a family since they were children. Hope you guys get to read this.",positive,steam_live,730,True,1778735215,15334,english,0,0.5,True,False,False
Counter-Strike 2,open cases,positive,steam_live,730,True,1778734966,6831,english,0,0.5,True,False,False
Counter-Strike 2,"é cs, apenas joguem :)",positive,steam_live,730,True,1778734902,2844,brazilian,0,0.5,True,False,False
Counter-Strike 2,"your fav fps's, fav fps",positive,steam_live,730,True,1778734553,6594,english,0,0.5,True,False,False
Counter-Strike 2,cool optimization 300 fps,positive,steam_live,730,True,1778734539,42349,russian,0,0.5,True,False,False
Counter-Strike 2,good game but valve need to do something about cheaters,positive,steam_live,730,True,1778734511,123535,english,0,0.5,True,False,False
Counter-Strike 2,калл 250г,positive,steam_live,730,True,1778734383,3746,russian,0,0.5,True,False,False
Counter-Strike 2,<3<3<3<<33<3<3<<3<3,positive,steam_live,730,True,1778734293,4233,french,0,0.5,True,False,False
Counter-Strike 2,:),positive,steam_live,730,True,1778734163,35071,spanish,0,0.5,True,False,False
Counter-Strike 2,Пж зарегай 2,positive,steam_live,730,True,1778733899,7425,english,1,0.523809552192687988,True,False,False
Counter-Strike 2,ns game,positive,steam_live,730,True,1778733885,181238,russian,0,0.5,True,False,False
Counter-Strike 2,Jogo de cabra macho,positive,steam_live,730,True,1778733743,194,brazilian,0,0.5,True,False,False
Counter-Strike 2,too many cheaters,negative,steam_live,730,False,1778733613,7348,english,0,0.5,True,False,False
Counter-Strike 2,.,positive,steam_live,730,True,1778733557,3452,spanish,0,0.5,True,False,False
Counter-Strike 2,MUITO BOMM,positive,steam_live,730,True,1778733438,11146,brazilian,0,0.5,True,False,False
Counter-Strike 2,Чисто зайти с друзьями,positive,steam_live,730,True,1778733356,695,russian,0,0.5,True,False,False
Counter-Strike 2,Muy bueno,positive,steam_live,730,True,1778733284,4319,spanish,0,0.5,True,False,False
Counter-Strike 2,"ну это пи**ец, боты всегда были, но сейчас просто можно на изи залететь вечерком расслабиться в гонке вооружений и попасть со всеми 100% ботами и бегать там одному следить как все остальные по одной и той же траектории бегают, это уже невменоз и 0 банов...",negative,steam_live,730,False,1778733149,76285,russian,0,0.5,True,False,False
Counter-Strike 2,Поеботня с поляками,negative,steam_live,730,False,1778733136,16323,russian,0,0.5,True,False,False
Counter-Strike 2,5 даунов в команде из 5,positive,steam_live,730,True,1778733085,25452,russian,0,0.5,True,False,False
Counter-Strike 2,"This game will drain your wallet, once you have a somewhat decent inventory... Get ready for bot spam or scammers. Then when you realize this games anti cheat is kind of feeling like a cuckhold watching some guy take your sweet baby angel to prom. Cheaters seem to just run rampant here. But on a positive you'll learn some new russian swear words!",negative,steam_live,730,False,1778733065,50521,english,0,0.5,True,False,False
Counter-Strike 2,Not bad,positive,steam_live,730,True,1778733042,952,german,1,0.523809552192687988,True,False,False
Counter-Strike 2,Катки ищутся быстро,positive,steam_live,730,True,1778733037,1866,russian,0,0.5,True,False,False
Counter-Strike 2,感觉感觉钢结构,positive,steam_live,730,True,1778732960,38580,schinese,0,0.5,True,False,False
Counter-Strike 2,.,positive,steam_live,730,True,1778732682,7740,brazilian,0,0.5,True,False,False
Counter-Strike 2,♥♥♥♥♥,positive,steam_live,730,True,1778732446,4318,russian,0,0.5,True,False,False
Counter-Strike 2,换弹这个更新太糟糕了，希望能改回去,negative,steam_live,730,False,1778732398,9899,schinese,0,0.5,True,False,False
Counter-Strike 2,fun,positive,steam_live,730,True,1778732392,75421,english,0,0.5,True,False,False
Counter-Strike 2,SIM GOSTEI,positive,steam_live,730,True,1778732322,1106,brazilian,0,0.5,True,False,False
Counter-Strike 2,UNA PORONGA,negative,steam_live,730,False,1778732160,15462,spanish,0,0.5,True,False,False
Counter-Strike 2,♥♥♥♥♥ майнкрафт пизже,negative,steam_live,730,False,1778732117,26630,russian,0,0.5,True,False,False
Counter-Strike 2,warra game,positive,steam_live,730,True,1778731967,21328,english,0,0.5,True,False,False
Counter-Strike 2,Oyunun Güzelligine Laf Yok Ama Rozetsizim diyemi bilmiyorum aşırı hile geliyor oyunun tadını kaçırıyor. bunuda zaten siz  izin veriyorsunuz  :),positive,steam_live,730,True,1778731875,1238,turkish,0,0.5,True,False,False
Counter-Strike 2,I love cs2 my babymomma rraped somone and the judge handled it welll!,positive,steam_live,730,True,1778731816,5859,english,0,0.5,True,False,False
Counter-Strike 2,la mejor reseña del mundo: es un juego donde hacer tampras es valido y a los que no hacemos trampas nos penalizan...que hagan un anti cheat como la gente que inviertan plata ya que ganan miles de millones en skins....,negative,steam_live,730,False,1778731804,1750,spanish,0,0.523809552192687988,True,False,False
Counter-Strike 2,;-),positive,steam_live,730,True,1778731612,20098,brazilian,0,0.5,True,False,False
Counter-Strike 2,改动太大,positive,steam_live,730,True,1778731588,61109,schinese,0,0.5,True,False,False
Counter-Strike 2,good game just dont unmute mic or slurs called,positive,steam_live,730,True,1778731572,1808,english,0,0.5,True,False,False
Counter-Strike 2,Читеров бы поменьше,positive,steam_live,730,True,1778731490,621,russian,0,0.5,True,False,False
Counter-Strike 2,nc,positive,steam_live,730,True,1778731293,3158,english,0,0.5,True,False,False
Counter-Strike 2,sıkıntı,positive,steam_live,730,True,1778730720,7126,turkish,0,0.5,True,False,False
Counter-Strike 2,DOOKYTIME,negative,steam_live,730,False,1778730621,254742,english,1,0.5,True,False,False
Counter-Strike 2,Легендарная игра,positive,steam_live,730,True,1778730532,314,russian,0,0.5,True,False,False
Counter-Strike 2,102 hours still in bad trust buy prime and grind to lever 10 for what to play cheaters every f**king game. ablsolute ♥♥♥♥♥♥♥.,negative,steam_live,730,False,1778730351,6152,english,2,0.5,True,False,False
Counter-Strike 2,good,positive,steam_live,730,True,1778730275,4420,russian,1,0.523809552192687988,True,False,False
Counter-Strike 2,es el mejor juego que juegue en mi vida lo malo es que hay muchos hacks,positive,steam_live,730,True,1778730192,2758,spanish,0,0.5,True,False,False
Counter-Strike 2,Good game but to much cheater,positive,steam_live,730,True,1778730188,8817,german,1,0.523809552192687988,True,False,False
Counter-Strike 2,zxcvanya,positive,steam_live,730,True,1778730027,1047,russian,0,0.5,True,False,False
Counter-Strike 2,Легендарная игра,positive,steam_live,730,True,1778729851,511,russian,0,0.5,True,False,False
Counter-Strike 2,não recomendo pra ninguem :steambored:,negative,steam_live,730,False,1778729835,26528,brazilian,0,0.5,True,False,False
Counter-Strike 2,me vota de la nada y me bajan el elo pues,negative,steam_live,730,False,1778729784,40298,latam,0,0.5,True,False,False
Counter-Strike 2,mas malos q el cancer,positive,steam_live,730,True,1778729717,4751,spanish,1,0.523809552192687988,True,False,False
Counter-Strike 2,Топ за свои деньги,positive,steam_live,730,True,1778729451,491,russian,0,0.5,True,False,False
Counter-Strike 2,tem potencial,positive,steam_live,730,True,1778729360,4397,brazilian,0,0.5,True,False,False
Counter-Strike 2,hi,positive,steam_live,730,True,1778729244,23780,english,0,0.5,True,False,False
Counter-Strike 2,.,positive,steam_live,730,True,1778729002,31548,brazilian,0,0.5,True,False,False
Counter-Strike 2,me caigo a pedazos,negative,steam_live,730,False,1778728967,33414,latam,0,0.5,True,False,False
Counter-Strike 2,"yesn't, not worth it",negative,steam_live,730,False,1778728680,4888,english,2,0.523809552192687988,True,False,False
Counter-Strike 2,awesome game when it doesn't make me want to kill myself,positive,steam_live,730,True,1778728621,5531,english,1,0.523809552192687988,True,False,False
Counter-Strike 2,Juegazoo🫰🏻,positive,steam_live,730,True,1778728538,18606,latam,1,0.523809552192687988,True,False,False
Counter-Strike 2,fun,positive,steam_live,730,True,1778728515,9071,english,0,0.5,True,False,False
Counter-Strike 2,"ну так, на пару каток зайти можно",positive,steam_live,730,True,1778728287,621902,russian,0,0.5,True,False,False
Counter-Strike 2,Легендарная игра,positive,steam_live,730,True,1778728192,743,russian,0,0.5,True,False,False
Counter-Strike 2,"69, nice",positive,steam_live,730,True,1778728178,15274,english,0,0.5,True,False,False
Counter-Strike 2,i really ♥♥♥♥♥♥♥ hate this game... i get on and it just makes my ♥♥♥♥♥♥♥ skin itch. I get home from a long ass day at work and im supposed to be unwinding but no... im ♥♥♥♥♥♥♥ pulling my hair out because some piece of ♥♥♥♥ with a ♥♥♥♥♥♥♥ scout is noscoping me from across the map this game ♥♥♥♥♥♥♥ sucks. But ill probably be on tommorow.,positive,steam_live,730,True,1778728108,17030,english,0,0.5,True,False,False
Counter-Strike 2,"muita bala, muito choro e muito cheater.",positive,steam_live,730,True,1778728045,60686,brazilian,1,0.523809552192687988,True,False,False
Counter-Strike 2,среднячок,positive,steam_live,730,True,1778728006,222469,russian,0,0.5,True,False,False
Counter-Strike 2,i (hate) Love it!,positive,steam_live,730,True,1778727871,25906,english,0,0.5,True,False,False
Counter-Strike 2,"Hab schon 100 Std. aber so ein mieses Match wie das gestern hatte ich auf Faceit echt noch nie. :D
K/D/A: 0/16/4 xD",positive,steam_live,730,True,1778727861,7369,german,0,0.476190477609634399,True,False,False
Counter-Strike 2,"jogo nada enjoativo, só ai ganha o voto",positive,steam_live,730,True,1778727846,67966,brazilian,0,0.5,True,False,False
Counter-Strike 2,Топ за свои деньги,positive,steam_live,730,True,1778727833,1671,russian,0,0.5,True,False,False
Counter-Strike 2,👍,positive,steam_live,730,True,1778727805,2685,english,0,0.5,True,False,False
Counter-Strike 2,Game như cc,positive,steam_live,730,True,1778727760,15298,vietnamese,0,0.5,True,False,False
Counter-Strike 2,Steam market is the only reason to play this game.,negative,steam_live,730,False,1778727697,809,english,1,0.5,True,False,False
Counter-Strike 2,im the true devel at this game,positive,steam_live,730,True,1778727642,40057,english,0,0.5,True,False,False
Counter-Strike 2,suer,positive,steam_live,730,True,1778727442,21398,russian,0,0.5,True,False,False
Counter-Strike 2,MNE NRAV,positive,steam_live,730,True,1778727383,12213,russian,1,0.523809552192687988,True,False,False
Counter-Strike 2,recomendo,positive,steam_live,730,True,1778727353,9145,english,0,0.5,True,False,False
Counter-Strike 2,ыфв,positive,steam_live,730,True,1778727349,79807,russian,1,0.523809552192687988,True,False,False
Counter-Strike 2,"Адреналин, соревновательность, чуточку удачи и невезения, победы и поражения, практически спорт, только сидя за компьютером - вот о чем эта игра. Другая сторона этой игры, вайбовые паблики, где можно покататься по трамплинам, посоревноваться 1 на 1, даже поубегать от зомби или поиграть в ролеплей тюрьмы, но это на любителя. С друзьями в картах сообщества можно поиграть в прятки, когда мне было 12, это было дико интересно. Сейчас мне 22.

Я не играл в эту игру 8 лет, но зайдя снова, на самом деле мне нравится, она стала лучше, только теперь у меня не ""Калаш"" звание, а ""второй сильвер"".",positive,steam_live,730,True,1778727305,435,russian,0,0.5,True,False,False
Counter-Strike 2,a,positive,steam_live,730,True,1778727195,2353,english,0,0.5,True,False,False
Counter-Strike 2,UNA PORONGA,positive,steam_live,730,True,1778727050,48180,spanish,1,0.523809552192687988,True,False,False
Counter-Strike 2,not everyones a cheater,positive,steam_live,730,True,1778727036,28835,english,0,0.5,True,False,False
Counter-Strike 2,(. )( .),positive,steam_live,730,True,1778727022,34679,russian,1,0.523809552192687988,True,False,False
Counter-Strike 2,LAJIYOUXI,negative,steam_live,730,False,1778726925,34265,schinese,1,0.519999980926513672,True,False,False
Counter-Strike 2,bueno!,positive,steam_live,730,True,1778726887,21975,spanish,1,0.523809552192687988,True,False,False
Counter-Strike 2,Excelente juego para aprender nuevos idiomas,positive,steam_live,730,True,1778726823,2947,latam,1,0.523809552192687988,True,False,False
Counter-Strike 2,"te amo cs me salvaste la life, pego muchos tiros",positive,steam_live,730,True,1778726821,3140,latam,0,0.5,True,False,False
Counter-Strike 2,buen shooter,positive,steam_live,730,True,1778726805,3591,latam,1,0.523809552192687988,True,False,False
Counter-Strike 2,Абажаю!,positive,steam_live,730,True,1778726586,58027,russian,0,0.5,True,False,False
Counter-Strike 2,cant use steams inbuilt feature to play with friends on a custom map without port forwarding.,negative,steam_live,730,False,1778726478,5169,english,1,0.5,True,False,False
Counter-Strike 2,Meh Game.,positive,steam_live,730,True,1778726398,480,english,0,0.5,True,False,False
Counter-Strike 2,ER,positive,steam_live,730,True,1778726176,1811,english,0,0.5,True,False,False
Counter-Strike 2,Top,positive,steam_live,730,True,1778726162,58245,brazilian,0,0.5,True,False,False
Counter-Strike 2,very good game taught it was gonna take hella time to at least get decent at it but it is no that hard once you get the basics down,positive,steam_live,730,True,1778726114,4205,english,1,0.523809552192687988,True,False,False
Counter-Strike 2,favor nao ser racista ao jogar =),positive,steam_live,730,True,1778726014,11373,brazilian,0,0.5,True,False,False
Counter-Strike 2,the community is a bunch of misogynist incels that think racism is cool. The new generation of players are a waste of O2.,negative,steam_live,730,False,1778725954,9026,english,0,0.5,True,False,False
Counter-Strike 2,genial,positive,steam_live,730,True,1778725800,118,spanish,0,0.5,True,False,False
Counter-Strike 2,muito bom,positive,steam_live,730,True,1778725745,36810,brazilian,0,0.5,True,False,False
Counter-Strike 2,this games ass,negative,steam_live,730,False,1778725677,36089,english,0,0.5,True,False,False
Counter-Strike 2,nice gameeeeeeeeeeeeeeeeeeeeeeeeeeeeeeeeeeeeeeeeeeeeeeeeeeeeeeeeeeeeeeeeeeeeeeeeeeeeeeeeeeeee,positive,steam_live,730,True,1778725631,4560,russian,0,0.5,True,False,False
Counter-Strike 2,Holding the Russian & Asian economy together since 2013,positive,steam_live,730,True,1778725615,5563,english,0,0.5,True,False,False
Counter-Strike 2,muy buen juego,positive,steam_live,730,True,1778725590,20840,latam,0,0.5,True,False,False
Counter-Strike 2,"Viciante, você morre, depois morre mais.",positive,steam_live,730,True,1778725537,17707,brazilian,0,0.5,True,False,False
Counter-Strike 2,3 years of just cheating getting worse...,negative,steam_live,730,False,1778725417,404,english,1,0.523809552192687988,True,False,False
Counter-Strike 2,😀,positive,steam_live,730,True,1778725401,2033,czech,0,0.5,True,False,False
Counter-Strike 2,..,positive,steam_live,730,True,1778725346,45112,english,0,0.5,True,False,False
Counter-Strike 2,https://steamcommunity.com/id/donkgojo/inventory/#730_2_41640713724,positive,steam_live,730,True,1778724836,35630,schinese,0,0.47999998927116394,True,False,False
Counter-Strike 2,Very good e-sport without hacker :),positive,steam_live,730,True,1778724761,51061,english,0,0.5,True,False,False
Counter-Strike 2,nice game,positive,steam_live,730,True,1778724602,6304,russian,0,0.5,True,False,False
Counter-Strike 2,"trash ac, trash 64 tick servers in 2026 still.",negative,steam_live,730,False,1778724578,3235,english,0,0.5,True,False,False
Counter-Strike 2,"No lo jueguen les arruina la vida, es demasiado vicio.",positive,steam_live,730,True,1778724385,15320,spanish,0,0.5,True,False,False
Counter-Strike 2,o3lerle uğrasıyoruz,negative,steam_live,730,False,1778724354,201956,turkish,1,0.476190477609634399,True,False,False
Counter-Strike 2,这是我见过成长期最长的游戏，每一次都有上升的空间，每一次都有提升技术的可能，只要你玩的越久，你就越强，如果抗压能力强，推荐去玩这款游戏，就算充了优先账户，只要愿意耐心去玩，总会回本，敢于挑战，才会有回报！,positive,steam_live,730,True,1778724349,600,schinese,0,0.5,True,False,False
Counter-Strike 2,god,positive,steam_live,730,True,1778724327,55187,spanish,0,0.5,True,False,False
Counter-Strike 2,nao gosto de nego,negative,steam_live,730,False,1778724180,122032,brazilian,0,0.5,True,False,False
Counter-Strike 2,BRAVO DECKO SVAKA CAST,positive,steam_live,730,True,1778724019,11156,english,0,0.5,True,False,False
Counter-Strike 2,good,positive,steam_live,730,True,1778723995,1723,english,0,0.5,True,False,False
Counter-Strike 2,Sanhvv awnshvv honeeyyyu,positive,steam_live,730,True,1778723980,34720,english,0,0.5,True,False,False
Counter-Strike 2,i hate this game bro,positive,steam_live,730,True,1778723920,50237,english,0,0.5,True,False,False
Counter-Strike 2,Mais xiter que COMBAT ARMS,positive,steam_live,730,True,1778723759,138330,brazilian,0,0.5,True,False,False
Counter-Strike 2,donk,positive,steam_live,730,True,1778723736,14045,spanish,0,0.5,True,False,False
Counter-Strike 2,"At this point there is no reason to play this game casuel or playing premier. 
You should only play Faceit. VAC anti cheat let you use everything Wall Hack, Aimlock and triggerbot etc... 
Its a disgrace since i love this game but at this point it just dont make any sense to actully play it without playing with third party anticheat to just not meet cheaters in the game.",negative,steam_live,730,False,1778723712,136866,english,0,0.5,True,False,False
Counter-Strike 2,Скины выглядят сочно,positive,steam_live,730,True,1778723578,449,russian,0,0.5,True,False,False
Counter-Strike 2,"Игра огонь, рекомендую",positive,steam_live,730,True,1778723474,969,russian,0,0.5,True,False,False
Counter-Strike 2,"Este juego es una ruina. Nada más que hay rusos tocando los coj0n3s, cheaters y hij0s de put4 y ya no hablemos de las cajas, que te gastas 1000€ para que te toquen 0.03 céntimos. me cag0 en vuestr0s muert0s hij0s de put4.",negative,steam_live,730,False,1778723360,45810,spanish,0,0.5,True,False,False
Counter-Strike 2,red trust factor unless you invest 200$ full of cheaters if you are green trust factor no problem,negative,steam_live,730,False,1778723312,11792,english,0,0.5,True,False,False
Counter-Strike 2,"JOGO HORROROSO, ACABA COM MINHA SANIDADE MENTAL",positive,steam_live,730,True,1778723182,70005,brazilian,0,0.5,True,False,False
Counter-Strike 2,This game is so good me and my friends all love it except there is a little bit of a cheater issue volvo please fix :),positive,steam_live,730,True,1778723163,20053,english,1,0.523809552192687988,True,False,False
Counter-Strike 2,mega gra,positive,steam_live,730,True,1778723086,18321,polish,0,0.5,True,False,False
Counter-Strike 2,good,positive,steam_live,730,True,1778723045,2300,english,0,0.5,True,False,False
Counter-Strike 2,можно пинг 20 пжпж?,positive,steam_live,730,True,1778722378,53865,russian,0,0.5,True,False,False
Counter-Strike 2,♥♥♥♥ i love this ♥♥♥♥,positive,steam_live,730,True,1778721956,7134,english,0,0.5,True,False,False
Counter-Strike 2,"Зашел поиграть в 2019ом году, эта игра больше не отпускает меня, будьте осторожны",positive,steam_live,730,True,1778721925,29626,russian,0,0.5,True,False,False
Counter-Strike 2,"jag är sämst på detta spel, jag droppade nyss 2-32 mot babbe i 1v1",negative,steam_live,730,False,1778721857,39341,swedish,0,0.5,True,False,False
Counter-Strike 2,"Mataron un juego hermoso, hackers hasta en premier, un desastre, juego competitivo y me banean por abandonar una partida contra hackers pero a ellos no los banean, evidentemente se cagan en sus usuarios.",negative,steam_live,730,False,1778721743,20840,spanish,0,0.5,True,False,False
Counter-Strike 2,this game makes me so mad but like crack i cannot stop 10/10 fix cheaters plz,positive,steam_live,730,True,1778721615,63754,english,0,0.5,True,False,False
Counter-Strike 2,好玩,positive,steam_live,730,True,1778721543,60920,schinese,0,0.5,True,False,False
Counter-Strike 2,Отличная игра,positive,steam_live,730,True,1778721482,67835,russian,0,0.523809552192687988,True,False,False
Counter-Strike 2,kyky,positive,steam_live,730,True,1778721306,42928,schinese,0,0.5,True,False,False
Counter-Strike 2,"Норм обнова, играем",positive,steam_live,730,True,1778721237,458,russian,0,0.5,True,False,False
Counter-Strike 2,buen juego,positive,steam_live,730,True,1778721234,1969,latam,0,0.5,True,False,False
Counter-Strike 2,d,positive,steam_live,730,True,1778720818,2769,english,0,0.5,True,False,False
Counter-Strike 2,çok hile vaar,positive,steam_live,730,True,1778720693,3312,turkish,0,0.5,True,False,False
Counter-Strike 2,好狗,positive,steam_live,730,True,1778720578,4360,schinese,0,0.5,True,False,False
Counter-Strike 2,GOSTO,positive,steam_live,730,True,1778720305,41461,brazilian,0,0.5,True,False,False
Counter-Strike 2,eta bueno el juego ( lo juego para comprarme juegitos xd ),positive,steam_live,730,True,1778720223,576,spanish,0,0.5,True,False,False
Counter-Strike 2,its ai,positive,steam_live,730,True,1778720170,90692,english,0,0.476190477609634399,True,False,False
Counter-Strike 2,更新拉完了，受击抖动之后压枪老是擦头皮,positive,steam_live,730,True,1778719675,22321,schinese,0,0.5,True,False,False
Counter-Strike 2,"lleno de cheater, funcionamiento de trust factor deplorable",negative,steam_live,730,False,1778719635,42527,spanish,0,0.5,True,False,False
Counter-Strike 2,вкауцкнвыа,positive,steam_live,730,True,1778719627,39300,russian,0,0.5,True,False,False
Counter-Strike 2,a lot hackers and im playing premier with prime. its been 10 match in a row with dude spinbot and bhopping with aimhack. really show how dev really dont care about their game now,negative,steam_live,730,False,1778719449,4925,english,0,0.5,True,False,False
Counter-Strike 2,muy facil,positive,steam_live,730,True,1778719430,6476,latam,0,0.5,True,False,False
Counter-Strike 2,hile ♥♥♥ fazla ve anında report ettiğimizde cevap gelmiyor ♥♥♥ yavas o konuda,positive,steam_live,730,True,1778719403,8173,turkish,0,0.5,True,False,False
Counter-Strike 2,Jogo top demais,positive,steam_live,730,True,1778719319,94626,brazilian,0,0.5,True,False,False
Counter-Strike 2,"Não é o CSGO, mas quebra o galho.",positive,steam_live,730,True,1778719203,806,brazilian,0,0.5,True,False,False
Counter-Strike 2,que dire de se jeux un chef d'oeuvre et je pèse mes mots,positive,steam_live,730,True,1778719174,18527,french,0,0.5,True,False,False
Counter-Strike 2,"Muy buen juego, falta sacar un par de chiteros y listo",positive,steam_live,730,True,1778719173,114853,spanish,0,0.5,True,False,False
Counter-Strike 2,"- Very good game to get on if you're having a bad day
- Doesn't contain cheaters
- Weekly investments into new headset and mouse
- Angry Russians and Turks screaming asmr
- You close game in a good mood
- Doesn't lead to midlife crisis with Karen taking the kids
- Overall 10/10",positive,steam_live,730,True,1778719113,21325,english,0,0.5,True,False,False
Counter-Strike 2,прикольная стрелялка,positive,steam_live,730,True,1778719107,19780,russian,0,0.5,True,False,False
Counter-Strike 2,"Ich spiele CS seit 1999 und es ist das einzige Spiel welches bleibt. Auch wenn es immer Mal wieder stört, dass Valve nicht genug gegen Cheater macht.

Es dauert natürlich etwas bis man mitspielen kann, aber dann gibt es kein besseres E-Sport Spiel.",positive,steam_live,730,True,1778719106,249790,german,0,0.5,True,False,False
Counter-Strike 2,"залупа бомжей. токсичная атмосфера, игра пж зарегай 2 залупа 3",negative,steam_live,730,False,1778719093,26327,russian,1,0.523809552192687988,True,False,False
Counter-Strike 2,this game will bust your balls but it is nice to hit a clean headshot in vertigo,positive,steam_live,730,True,1778719064,8732,english,1,0.523809552192687988,True,False,False
Counter-Strike 2,es un juego buenisimo para las personas que les gusta los shutters,positive,steam_live,730,True,1778718938,3709,spanish,0,0.5,True,False,False
Counter-Strike 2,Best game ever!!!!,positive,steam_live,730,True,1778718865,36775,english,0,0.5,True,False,False
Counter-Strike 2,NASHEI GOD EXOTIC PIXELARDO NANANANANA IDO,positive,steam_live,730,True,1778718858,4838,spanish,0,0.5,True,False,False
Counter-Strike 2,Porque esta re piola,positive,steam_live,730,True,1778718815,23803,spanish,1,0.48598131537437439,True,False,False
Counter-Strike 2,ok,positive,steam_live,730,True,1778718587,10880,spanish,0,0.5,True,False,False
Counter-Strike 2,muito bom,positive,steam_live,730,True,1778718569,13519,brazilian,0,0.5,True,False,False
Counter-Strike 2,mae dos xiter valve deixou o jogo ser dominado pós play é cada demo so lixo comendo parede fazendo umas virada absurdamente impossivel com lv baixo sem patente 200 hrs de jogo isso qdo tem tudo isso valve é uma piada pior apesar jogo estar bom é o pior cs desde o inicio no modo on line no clássico 1.5,negative,steam_live,730,False,1778718425,52135,brazilian,0,0.5,True,False,False
Counter-Strike 2,"Игра тень себя в прошлом

Стрельба - казино, ибо стреляешь в цель, стоя на месте, контролируя спрей ты все ровно будешь попадать в цель почти на рандом, а вот у врага все с удачей сегодня хорошо, он попадет и возможно даже с первой пули на бегу)

Пинг - у кого пинг меньше тот побеждает, при условии, что скилл у вас высокий

Анти-Чит – ВЫКЛЮЧЕН ПОЧТИ ПОЛНОСТЬЮ, ибо читерить можно 5 лет и все будет в порядке, вак бан заменили на вак лайв поэтому теперь читеров забанит на 20ч, сотни тысяч читеров играют в свое удовольствие и не волнуются ни о чем, даже на турнирах ловили киберов с читами, спасибо валв за античит

Камюнити СНГ - тут есть классные ребята, но зачастую это пациенты макана и школота возраста 12-14 лет, это прям кор аудитория, большинство из них перестают нормально играть и начинают руинить после первой же пистолетки
Казино - к самому сладенькому, игра буквально привлекает одним, а занимает умы игроков другим, это скинчики и ножички, которые чтобы выбить надо лудить, а габен на этом казино покупает яхты вместо того чтобы потратить их на разработку игры
Однако я верю в эту игру, верю что ждет светлое будущее
Даже учитывая все недостатки игра стоит того что играть",positive,steam_live,730,True,1778718381,15227,russian,0,0.5,True,False,False
Counter-Strike 2,yes,positive,steam_live,730,True,1778718204,55987,english,0,0.5,True,False,False
Counter-Strike 2,"Jueguito verguero, no se puede crashear tantas veces. Reinstale el windows pensando que el problema era ese y no, sigue crasheandose el hdp. Ahora me van a banear por un mes porque se me desconecta al principio de la partida. 700 veces me hizo lo mismo",negative,steam_live,730,False,1778718159,108291,spanish,0,0.5,True,False,False
Counter-Strike 2,norm,positive,steam_live,730,True,1778718001,7686,russian,1,0.523809552192687988,True,False,False
Counter-Strike 2,this ain't the killers house anymore,positive,steam_live,730,True,1778717999,13876,english,0,0.5,True,False,False
Counter-Strike 2,Легендарная игра,positive,steam_live,730,True,1778717964,334,russian,0,0.5,True,False,False
Counter-Strike 2,i have 2000 hours in val i unwind here and have fuin,positive,steam_live,730,True,1778717879,15819,english,0,0.5,True,False,False
Counter-Strike 2,spoko gierka,positive,steam_live,730,True,1778717859,41416,polish,0,0.5,True,False,False
Counter-Strike 2,"По стандарту , напишу 1 которое полностью опишет мой коментарий когда будет регать?",negative,steam_live,730,False,1778717762,34824,russian,1,0.523809552192687988,True,False,False
Counter-Strike 2,"If you like playing against bots and hackers, this is the game for you 💯",negative,steam_live,730,False,1778717580,846,english,0,0.5,True,False,False
Counter-Strike 2,siuu,positive,steam_live,730,True,1778717485,106830,spanish,0,0.5,True,False,False
Counter-Strike 2,"I love this game because i can be admired through spending millions of dollars on a single skin while being hot garbage at recoil control, economy, smoke lineups, utility, aim, crosshair placement, awareness, movement, as well as having a reaction time of a pickled onion.",positive,steam_live,730,True,1778717394,5486,english,0,0.5,True,False,False
Counter-Strike 2,ya ampun,positive,steam_live,730,True,1778717381,6262,english,1,0.523809552192687988,True,False,False
Counter-Strike 2,"CS é CS né, joguei um pouquinho, gostei",positive,steam_live,730,True,1778717274,119555,brazilian,0,0.5,True,False,False
Counter-Strike 2,"Я очень люблю Counter-Strike 2.
Я знаю, что у нее есть свои недостатки, ошибки, читеры, ужасные сервера и так далее, и так далее. НО это ни с чем не сравнимое чувство, когда ты убиваешь кого-то одним выстрелом из АК, USP-S, Deagle и так далее, это просто невероятно приятно!

Вот почему это отношения любви-ненависти.
Ты ненавидишь ее, но все равно играешь.",positive,steam_live,730,True,1778717254,10345,russian,0,0.5,True,False,False
Counter-Strike 2,..,negative,steam_live,730,False,1778717211,41124,turkish,1,0.5,True,False,False
Counter-Strike 2,"Великолепные катки в ММ с читаками, которые стали ещё наглее, и не хотят долго играть катки, а тупо быстро тебя пушат водясь по стенам, ведь еженедельный дроп сам себя не зафармит.

В целом я поражаюсь парням играющим с читами, у них же по факту вместо мужского органа, к ли тор.
Но их это по ходу не смущает 12 жирных Антонов Логвиновых, который банит всех у себя в ТГ как царёк из 10",positive,steam_live,730,True,1778717113,4534,russian,2,0.545454561710357666,True,False,False
Counter-Strike 2,"мне нравится, покрайне мере лучше чем кс го обычная",positive,steam_live,730,True,1778717049,35152,russian,0,0.5,True,False,False
Counter-Strike 2,game very fun,positive,steam_live,730,True,1778717017,1554,english,0,0.5,True,False,False
Counter-Strike 2,good good,positive,steam_live,730,True,1778716939,41986,polish,0,0.5,True,False,False
Counter-Strike 2,Decent Game.,positive,steam_live,730,True,1778716925,64199,english,0,0.5,True,False,False
Counter-Strike 2,goat,positive,steam_live,730,True,1778716874,55514,schinese,1,0.523809552192687988,True,False,False
Counter-Strike 2,31,positive,steam_live,730,True,1778716785,80582,turkish,0,0.5,True,False,False
Counter-Strike 2,muy bueno chavales,positive,steam_live,730,True,1778716720,13058,spanish,1,0.523809552192687988,True,False,False
Counter-Strike 2,"Es un juegaso pero bueno, esta lleno de chiteros, pero lo seguire jugando.",positive,steam_live,730,True,1778716631,9752,english,0,0.5,True,False,False
Counter-Strike 2,Классика в новой обертке,positive,steam_live,730,True,1778716629,925,russian,0,0.5,True,False,False
Counter-Strike 2,"Худшее место, куда вы можете попасть, если вы - женщина.",negative,steam_live,730,False,1778716410,81013,russian,1,0.523809552192687988,True,False,False
Counter-Strike 2,"o Game Infelizmente Morreu, Tem Tanto Cheaters que está Impossível de jogar 
a VALVE só pensa em VENDA de SKINS e ao invés de arrumar a Porcaria do Anti-cheater não faz nada. 
Não adianta Denunciar as conta que nunca cai a partida. 
  pode ser tanto no Free quanto no Comp. 
R.I.P  Counter-Strike 2",negative,steam_live,730,False,1778716340,39076,brazilian,1,0.509803950786590576,True,False,False
Counter-Strike 2,хорошая игра,positive,steam_live,730,True,1778716315,3652,russian,0,0.5,True,False,False
Counter-Strike 2,"very fun, nice movement",positive,steam_live,730,True,1778716277,1256,english,0,0.5,True,False,False
Counter-Strike 2,GOVNO,positive,steam_live,730,True,1778716229,20881,russian,0,0.5,True,False,False
Counter-Strike 2,bom mas muito hack,positive,steam_live,730,True,1778716207,13539,brazilian,0,0.5,True,False,False
Counter-Strike 2,"Never in my years of overwatch, valorant, rainbow six, and even League, have I ever experienced people as disgusting as the people on this game. Slurs, misogyny, everything. 

There is no accountability and at this point I think valve enjoys it. Cannot recommend based on that, which is sad because otherwise this is one of the greatest games of all time.",negative,steam_live,730,False,1778716117,1643,english,1,0.518384277820587158,True,False,False
Counter-Strike 2,":""",positive,steam_live,730,True,1778716095,341685,english,0,0.5,True,False,False
Counter-Strike 2,Премьер режим топчик,positive,steam_live,730,True,1778716073,501,russian,0,0.5,True,False,False
Counter-Strike 2,a tope,positive,steam_live,730,True,1778716007,4095,spanish,0,0.5,True,False,False
Counter-Strike 2,the best,positive,steam_live,730,True,1778715868,247803,brazilian,0,0.5,True,False,False
Counter-Strike 2,TOP,positive,steam_live,730,True,1778715701,10293,english,1,0.523809552192687988,True,False,False
Counter-Strike 2,trop bien j'ai plus de pc,positive,steam_live,730,True,1778715655,5158,french,1,0.523809552192687988,True,False,False
Counter-Strike 2,Play the game but dont unlock any cases.,positive,steam_live,730,True,1778715568,5089,english,0,0.5,True,False,False
Counter-Strike 2,"tried this game multiple times over the years for about 2 hours each and its crazy to me this game is so big. its literally like dated shooter from 2002, the desync in the game ruins any real fun when you can watch someone turn the corner and shoot them multiple times just to instantly die, then it shows they shot you 4 times and did 100 dmg while you shot them twice doing 34 dmg all while on your screen your unloading perfect shots onto them even dealing with the horrible spread/recoil this game calls a mechanic. literally anything else is a better shooter. game has to be being held so high from all the low end pc's and potatoes people are using to play it on",negative,steam_live,730,False,1778715539,468,english,0,0.5,True,False,False
Counter-Strike 2,NICE,positive,steam_live,730,True,1778715534,9987,english,0,0.5,True,False,False
Counter-Strike 2,nice,positive,steam_live,730,True,1778715508,138596,brazilian,0,0.5,True,False,False
Counter-Strike 2,Ayol,positive,steam_live,730,True,1778715459,109351,turkish,0,0.5,True,False,False
Counter-Strike 2,molto bello e divertente come gioco! mi da la sensazione di tripla aura 67!!,positive,steam_live,730,True,1778715314,6024,italian,0,0.5,True,False,False
Counter-Strike 2,me gusta,positive,steam_live,730,True,1778715196,2587,spanish,0,0.5,True,False,False
Counter-Strike 2,мда,negative,steam_live,730,False,1778715192,243712,russian,0,0.5,True,False,False
Counter-Strike 2,♥♥♥♥♥,positive,steam_live,730,True,1778715164,11168,russian,0,0.5,True,False,False
Counter-Strike 2,bom dms,positive,steam_live,730,True,1778715163,164548,brazilian,0,0.5,True,False,False
Counter-Strike 2,非常好玩,positive,steam_live,730,True,1778715095,6748,schinese,0,0.5,True,False,False
Counter-Strike 2,nails on chalkboard,positive,steam_live,730,True,1778715051,13774,english,0,0.5,True,False,False
Counter-Strike 2,Говно с говна,positive,steam_live,730,True,1778715034,5040,ukrainian,0,0.5,True,False,False
Counter-Strike 2,"yes many cheater, i hate this game but go play for it to torture yourself",positive,steam_live,730,True,1778715017,843,english,0,0.5,True,False,False
Counter-Strike 2,"♥♥♥♥ game! all game modes like dead match and arms race is unbearable! with this aim bot, bots. no fun go play new game! so bad i am gonna forget about this game for a long time!",negative,steam_live,730,False,1778714945,127050,english,1,0.523809552192687988,True,False,False
Counter-Strike 2,игра улет,positive,steam_live,730,True,1778714930,525,russian,0,0.5,True,False,False
Counter-Strike 2,Great Game,positive,steam_live,730,True,1778714898,17691,english,0,0.5,True,False,False
Counter-Strike 2,Know it's a waste of time but the fun worth it,positive,steam_live,730,True,1778714886,30667,english,0,0.5,True,False,False
Counter-Strike 2,nice,positive,steam_live,730,True,1778714853,122173,english,0,0.5,True,False,False
Counter-Strike 2,Интерфейс стал удобнее,positive,steam_live,730,True,1778714830,838,russian,0,0.5,True,False,False
Counter-Strike 2,"ask,mmmm",positive,steam_live,730,True,1778714821,11397,turkish,0,0.5,True,False,False
Counter-Strike 2,me estoy llevando hasta el recreo en el colegio pero feliz de jugar counter (ni eso),positive,steam_live,730,True,1778714720,3774,latam,0,0.5,True,False,False
Counter-Strike 2,straszna chujnia,positive,steam_live,730,True,1778714698,8144,polish,0,0.5,True,False,False
Counter-Strike 2,это кс камон,negative,steam_live,730,False,1778714592,2792,russian,0,0.5,True,False,False
Counter-Strike 2,.,positive,steam_live,730,True,1778714479,67099,russian,0,0.5,True,False,False
Counter-Strike 2,kill me,positive,steam_live,730,True,1778714384,3653,english,0,0.5,True,False,False
Counter-Strike 2,q,positive,steam_live,730,True,1778714317,17103,russian,0,0.5,True,False,False
Counter-Strike 2,Gay but I gamble so,positive,steam_live,730,True,1778714274,3288,english,0,0.5,True,False,False
Counter-Strike 2,too many cheaters even in prime.,positive,steam_live,730,True,1778714250,2855,english,1,0.523809552192687988,True,False,False
Counter-Strike 2,nice vac,negative,steam_live,730,False,1778714208,5903,english,0,0.5,True,False,False
Counter-Strike 2,this game is ♥♥♥♥,negative,steam_live,730,False,1778714106,29646,english,0,0.5,True,False,False
Counter-Strike 2,This game is like roulette but you're betting on what flavour of russian you'll get,positive,steam_live,730,True,1778714059,39192,english,0,0.5,True,False,False
Counter-Strike 2,muito bello como dirian los brazucas,positive,steam_live,730,True,1778714053,3236,latam,0,0.5,True,False,False
Counter-Strike 2,"adictivo, es como el primer pucho",positive,steam_live,730,True,1778713985,5428,spanish,0,0.5,True,False,False
Counter-Strike 2,would recommend gamble your life savings away,positive,steam_live,730,True,1778713900,16738,english,0,0.5,True,False,False
Counter-Strike 2,"Графика супер, физика топ",positive,steam_live,730,True,1778713885,1398,russian,0,0.5,True,False,False
Counter-Strike 2,cv,positive,steam_live,730,True,1778713836,229860,english,0,0.5,True,False,False
Counter-Strike 2,Nothing better than sitting in paper and using an XM!,positive,steam_live,730,True,1778713809,217804,english,0,0.5,True,False,False
Counter-Strike 2,no ta ta,positive,steam_live,730,True,1778713787,3482,polish,0,0.5,True,False,False
Counter-Strike 2,.,positive,steam_live,730,True,1778713782,3257,spanish,0,0.5,True,False,False
Counter-Strike 2,hueta,positive,steam_live,730,True,1778713730,71201,russian,0,0.5,True,False,False
Counter-Strike 2,Худший шутер с самой отвратительной стрельбой,negative,steam_live,730,False,1778713729,32887,english,0,0.5,True,False,False
Counter-Strike 2,Muito bom,positive,steam_live,730,True,1778713714,55864,brazilian,0,0.5,True,False,False
Counter-Strike 2,dadawdawdawdawdawdawd,positive,steam_live,730,True,1778713713,10314,spanish,0,0.5,True,False,False
Counter-Strike 2,дрысня гиены,negative,steam_live,730,False,1778713606,2884,russian,0,0.5,True,False,False
Counter-Strike 2,/,positive,steam_live,730,True,1778713460,837,russian,0,0.5,True,False,False
Counter-Strike 2,Open game. Find lobby. Yell at ♥♥♥♥♥♥ dogs. Lose elo. Repeat,positive,steam_live,730,True,1778713370,125236,english,1,0.5,True,False,False
Counter-Strike 2,"Позорище для реально опущенных людей в жизни. Чисто игра для скота, чтобы тот хоть где-то почувствовал себя важным и нужным в мире",negative,steam_live,730,False,1778713240,6591,russian,0,0.5,True,False,False
Counter-Strike 2,Larp sahur femboy,positive,steam_live,730,True,1778713227,6885,english,0,0.5,True,False,False
Counter-Strike 2,Hileler olmasa güzel oyun ya,positive,steam_live,730,True,1778713179,2284,turkish,0,0.5,True,False,False
Counter-Strike 2,JUGABILIDAD,positive,steam_live,730,True,1778713099,2440,spanish,0,0.5,True,False,False
Counter-Strike 2,oyun hile dolu banlama diye bir şey yok adamlar 13 round kapı arkası smoke içi kafadan vurdular ama ne ban var ne başka bir şey bu kadar kalitesiz bir hile sistemi olamaz,negative,steam_live,730,False,1778712925,2080,turkish,1,0.5,True,False,False
Counter-Strike 2,крута,positive,steam_live,730,True,1778712766,1461,russian,0,0.5,True,False,False
Counter-Strike 2,ya no lo juego por amor si no por vicio desinstalen esta mrd,positive,steam_live,730,True,1778712718,73140,spanish,0,0.5,True,False,False
Counter-Strike 2,yok oynamayın,positive,steam_live,730,True,1778712711,14328,turkish,0,0.5,True,False,False
Counter-Strike 2,♥♥♥♥♥♥♥♥ TING EVER DONT LIKE IT BUT STILL PLAYING THIS ♥♥♥♥,negative,steam_live,730,False,1778712685,19851,english,0,0.5,True,False,False
Counter-Strike 2,"Сыграли с друзьями фулл пати, итог мы успели поиграть против всех видов читов, и вх и аим и т.д. и только после 2-3 часовых мучений на нас упало снисхождение господня и дали хороших противников",negative,steam_live,730,False,1778712679,8230,russian,1,0.523809552192687988,True,False,False
Counter-Strike 2,ну норм,positive,steam_live,730,True,1778712675,1295,russian,0,0.5,True,False,False
Counter-Strike 2,Игра кайф,positive,steam_live,730,True,1778712596,589,russian,1,0.523809552192687988,True,False,False
Counter-Strike 2,Dobrá mrdka,negative,steam_live,730,False,1778712522,53327,czech,0,0.5,True,False,False
Counter-Strike 2,♿,positive,steam_live,730,True,1778712511,20538,russian,0,0.5,True,False,False
Counter-Strike 2,bom,positive,steam_live,730,True,1778712425,3030,portuguese,0,0.5,True,False,False
Counter-Strike 2,та ♥♥♥♥♥,positive,steam_live,730,True,1778712423,114915,ukrainian,0,0.5,True,False,False
Counter-Strike 2,0 anti cheat,negative,steam_live,730,False,1778712313,1908,english,0,0.5,True,False,False
Counter-Strike 2,bombo,positive,steam_live,730,True,1778712197,2939,turkish,0,0.5,True,False,False
Counter-Strike 2,Nice,positive,steam_live,730,True,1778712110,57967,russian,0,0.5,True,False,False
Counter-Strike 2,Звуки шагов стали лучше,positive,steam_live,730,True,1778712008,15,russian,0,0.5,True,False,False
Counter-Strike 2,das spiel ist gut für Menschen die sm gedanken haben,positive,steam_live,730,True,1778711850,2374,german,1,0.523809552192687988,True,False,False
Counter-Strike 2,♥♥♥♥♥,positive,steam_live,730,True,1778711833,845,russian,0,0.5,True,False,False
Counter-Strike 2,jogo ruim cheio de hacker mas eu jogo e não recomendo,positive,steam_live,730,True,1778711802,90325,brazilian,0,0.5,True,False,False
Counter-Strike 2,Cool,positive,steam_live,730,True,1778711710,7335,english,1,0.523809552192687988,True,False,False
Counter-Strike 2,Премьер режим топчик,positive,steam_live,730,True,1778711681,785,russian,0,0.5,True,False,False
Counter-Strike 2,https://steamcommunity.com/profiles/76561199890083913/inventory/#730_2_50648420470,positive,steam_live,730,True,1778711569,30315,russian,0,0.5,True,False,False
Counter-Strike 2,:0,positive,steam_live,730,True,1778711546,20128,polish,1,0.523809552192687988,True,False,False
Counter-Strike 2,hile yuvası,negative,steam_live,730,False,1778711512,2512,turkish,1,0.5,True,False,False
Counter-Strike 2,GOATED GAME,positive,steam_live,730,True,1778711447,184183,english,1,0.519999980926513672,True,False,False
Counter-Strike 2,So muchos cheaters ;(,positive,steam_live,730,True,1778711361,7652,english,0,0.5,True,False,False
Counter-Strike 2,fiskar,positive,steam_live,730,True,1778711192,1888,english,0,0.5,True,False,False
Counter-Strike 2,aa,positive,steam_live,730,True,1778711081,31101,polish,0,0.5,True,False,False
Counter-Strike 2,não,negative,steam_live,730,False,1778711068,144613,brazilian,0,0.5,True,False,False
Counter-Strike 2,10d,positive,steam_live,730,True,1778711038,75168,vietnamese,0,0.5,True,False,False
Counter-Strike 2,juego y me llaman las wachas para jugar porque soy la cabra,positive,steam_live,730,True,1778711036,10396,spanish,0,0.5,True,False,False
Counter-Strike 2,norm shpilka,positive,steam_live,730,True,1778710991,512,russian,0,0.5,True,False,False
Counter-Strike 2,гавно,negative,steam_live,730,False,1778710784,34783,russian,0,0.5,True,False,False
Counter-Strike 2,"заебись,депнул мать в кб нифига не выпало,хожу как бомж без скинов а так игра стоющая и тимейты отзывчитые короче гг",positive,steam_live,730,True,1778710747,40943,russian,0,0.5,True,False,False
Counter-Strike 2,eheh,positive,steam_live,730,True,1778710690,1463,french,0,0.5,True,False,False
Counter-Strike 2,"this game is ♥♥♥♥♥♥♥ terrible, 207 hrs on the game, tk once and get banned for 2 hours and removed frrom match this makes no sense lmk why anyone would want to play this game. and i literally just spent money so i can play ranked",negative,steam_live,730,False,1778710685,12414,english,0,0.5,True,False,False
Counter-Strike 2,es un juego de mierda que no te aporta nada en esta vida y no vas a llegar a ser nadie.,positive,steam_live,730,True,1778710626,62068,spanish,1,0.523809552192687988,True,False,False
Counter-Strike 2,wer,positive,steam_live,730,True,1778710527,14597,english,0,0.5,True,False,False
Counter-Strike 2,Hileye karşı oynamaya var mısınız? Takımınıza gelecek or. evlatlarından bahsetmiyorum bile,negative,steam_live,730,False,1778710512,23449,turkish,1,0.5,True,False,False
Counter-Strike 2,good,positive,steam_live,730,True,1778710493,27221,portuguese,0,0.5,True,False,False
Counter-Strike 2,top 1,positive,steam_live,730,True,1778710471,2597,english,0,0.5,True,False,False
Counter-Strike 2,=====,positive,steam_live,730,True,1778710457,27330,brazilian,0,0.5,True,False,False
Counter-Strike 2,OYUNDA SÜREKLİ HİLE GELİYOR,negative,steam_live,730,False,1778710453,10098,turkish,1,0.5,True,False,False
Counter-Strike 2,top,positive,steam_live,730,True,1778710428,14841,brazilian,1,0.5,True,False,False
Counter-Strike 2,Интерфейс стал удобнее,positive,steam_live,730,True,1778710407,1156,russian,0,0.5,True,False,False
Counter-Strike 2,The players cheating are sad inside.,positive,steam_live,730,True,1778710396,854,english,1,0.523809552192687988,True,False,False
Counter-Strike 2,кс это кс,positive,steam_live,730,True,1778710395,1484,russian,0,0.5,True,False,False
Counter-Strike 2,not bad,positive,steam_live,730,True,1778710315,332172,english,0,0.5,True,False,False
Counter-Strike 2,nice,positive,steam_live,730,True,1778710292,44885,english,1,0.523809552192687988,True,False,False
Counter-Strike 2,gaben şu anti cheatini geliştir aq,positive,steam_live,730,True,1778710286,19811,turkish,0,0.5,True,False,False
Counter-Strike 2,only play if you dont care about your mental health,negative,steam_live,730,False,1778710278,21095,english,0,0.5,True,False,False
Counter-Strike 2,"muito ruim n joguem, cheio de cheater",positive,steam_live,730,True,1778710240,15595,brazilian,0,0.5,True,False,False
Counter-Strike 2,hileler olmasa çok daha keyifli olurdu ama yinede yılların vazgeçilmezi,positive,steam_live,730,True,1778710212,6551,turkish,0,0.5,True,False,False
Counter-Strike 2,Классика в новой обертке,positive,steam_live,730,True,1778710210,322,russian,0,0.5,True,False,False
Counter-Strike 2,Valve doing things right.,positive,steam_live,730,True,1778710198,3408,english,0,0.5,True,False,False
Counter-Strike 2,braaaaaaaaaaaaaaaaaaaaaaaaaaaaaaaaaaaaaaaaaaaaaaaaaaaaaaaaaaaaaaaaaaaaabraaaaaaağhhhhhhhhhhhhhhhhhhhhhhhhhhhhhh,positive,steam_live,730,True,1778710118,11447,turkish,0,0.5,True,False,False
Counter-Strike 2,cool,positive,steam_live,730,True,1778710059,5128,english,0,0.5,True,False,False
Counter-Strike 2,"Jede runde mit Russen im Team wurde so oft beleidigt das ich jetzt selber fließend Russisch Spreche
Kann das spiel weiter empfehlen.",positive,steam_live,730,True,1778710041,17514,german,0,0.5,True,False,False
Counter-Strike 2,hileler olmasa harika....,positive,steam_live,730,True,1778709997,11808,turkish,0,0.5,True,False,False
Counter-Strike 2,daasd,positive,steam_live,730,True,1778709990,7646,spanish,0,0.5,True,False,False
Counter-Strike 2,very good game wish they would unban keys and let us trade agian and take off trade reverse,positive,steam_live,730,True,1778709835,19904,english,0,0.5,True,False,False
Counter-Strike 2,wow,positive,steam_live,730,True,1778709762,7460,english,0,0.5,True,False,False
Counter-Strike 2,GÜZEL OYUN,positive,steam_live,730,True,1778709719,13298,turkish,0,0.5,True,False,False
Counter-Strike 2,Игра для пидоров. Купил,positive,steam_live,730,True,1778709647,59,russian,0,0.5,True,False,False
Counter-Strike 2,"Хз, даже 100 часов не стоит играть",negative,steam_live,730,False,1778709636,184189,russian,0,0.5,True,False,False
Counter-Strike 2,hyv'ä,positive,steam_live,730,True,1778709398,1913,finnish,0,0.5,True,False,False
Counter-Strike 2,"Hackers, hackers, hackers.. Too many cheaters, becomes too annoying.. Otherwise amazing game..",negative,steam_live,730,False,1778709332,11367,english,2,0.528741598129272461,True,False,False
Counter-Strike 2,игра просто огонь,positive,steam_live,730,True,1778709176,476,russian,0,0.5,True,False,False
Counter-Strike 2,"Full of Hackers and toxic players game,",negative,steam_live,730,False,1778709171,2442,english,2,0.528741598129272461,True,False,False
Counter-Strike 2,сходите лучше в тир,negative,steam_live,730,False,1778709157,55309,russian,0,0.5,True,False,False
Counter-Strike 2,too much hacks,positive,steam_live,730,True,1778709115,2495,english,1,0.523809552192687988,True,False,False
Counter-Strike 2,muhtesem,positive,steam_live,730,True,1778709113,36833,turkish,0,0.5,True,False,False
Counter-Strike 2,"за свои 560 часов скажу что это залупа ♥♥♥♥♥♥♥ с наихудшим античитом , бесят в дм боты которые от каждого шороха с твоей стороны делают 360 в голову , это ♥♥♥♥♥♥ а не игра , норм не поиграешь что в премьер что в фейсит , игра скатилась , верните кс го падлы!!!!! я ненавижу эту игру но продолжаю в нее сливать свое время вы че ♥♥♥♥ иллюминаты ебанные?!?!?",negative,steam_live,730,False,1778709093,34571,russian,1,0.523809552192687988,True,False,False
Counter-Strike 2,best game ever,positive,steam_live,730,True,1778709069,17713,norwegian,0,0.5,True,False,False
Counter-Strike 2,Чисто зайти с друзьями,positive,steam_live,730,True,1778709011,376,russian,1,0.523809552192687988,True,False,False
Counter-Strike 2,govno dlya daunov,negative,steam_live,730,False,1778709004,38951,russian,1,0.523809552192687988,True,False,False
Counter-Strike 2,xoroshaya igra. no chiteri mnogo tam !!!,positive,steam_live,730,True,1778708960,284,russian,1,0.523809552192687988,True,False,False
Counter-Strike 2,I have Countered the Strike 2,positive,steam_live,730,True,1778708949,3127,english,1,0.52173912525177002,True,False,False
Counter-Strike 2,péssimo,positive,steam_live,730,True,1778708915,110598,brazilian,0,0.5,True,False,False
Counter-Strike 2,apoyu sıkıyım,positive,steam_live,730,True,1778708770,1818,turkish,0,0.5,True,False,False
Counter-Strike 2,BU OYUNUN BASBACISINI SEVEYIM ARTIK OVERWATCH ISTIYORUM AMKKKKKKKKKKKKKKKKKKKKKKKKKk,positive,steam_live,730,True,1778708758,31238,turkish,0,0.5,True,False,False
Counter-Strike 2,天天白忙活一场,positive,steam_live,730,True,1778708708,75703,schinese,0,0.5,True,False,False
Counter-Strike 2,underage gambling addiction,positive,steam_live,730,True,1778708687,86613,norwegian,0,0.5,True,False,False
Counter-Strike 2,"Помойка, которая будет жить вечно",positive,steam_live,730,True,1778708668,79549,russian,1,0.523809552192687988,True,False,False
Counter-Strike 2,trop de cheater,negative,steam_live,730,False,1778708668,39252,french,0,0.5,True,False,False
Counter-Strike 2,ok,positive,steam_live,730,True,1778708637,16908,english,0,0.5,True,False,False
Counter-Strike 2,da i like this game,positive,steam_live,730,True,1778708608,1167,english,0,0.5,True,False,False
Counter-Strike 2,sigma gra,positive,steam_live,730,True,1778708602,6314,polish,0,0.5,True,False,False
Counter-Strike 2,залупа,positive,steam_live,730,True,1778708576,1012,russian,1,0.523809552192687988,True,False,False
Counter-Strike 2,"Jogo cheio de cheaters deixem de gastar dinheiro com skins , só assim a Valve faz algo",negative,steam_live,730,False,1778708551,385077,portuguese,1,0.523809552192687988,True,False,False
Counter-Strike 2,I have broken not 1 not 2 but 3 mouses while raging at this game. Damn near smashed my monitor almost every night I play. 10/10,positive,steam_live,730,True,1778708485,32506,english,1,0.52173912525177002,True,False,False
Counter-Strike 2,hile dolu bok gibi bi oyun bu oyununx anasnını avradını sikyim,negative,steam_live,730,False,1778708468,64710,turkish,1,0.5,True,False,False
Counter-Strike 2,Super jeu !,positive,steam_live,730,True,1778708429,15041,english,0,0.5,True,False,False
Counter-Strike 2,фигня блин,negative,steam_live,730,False,1778708429,8595,russian,0,0.5,True,False,False
Counter-Strike 2,nickel,positive,steam_live,730,True,1778708426,11966,french,0,0.5,True,False,False
Counter-Strike 2,"Проверка на читера вообще не работает, на новом акк читера в каждой игре, причем даже не скрывают, валлхаки постоянно",negative,steam_live,730,False,1778708415,2820,russian,0,0.5,True,False,False
Counter-Strike 2,"Кнопки колеса чата невозможно сохранить, при перезапуске игры они сбрасываются по умолчанию.
SteamCloud не работает, сохранить настройки невозможно, настройки прицела и чувствительности мыши  сбрасываются каждый раз при перезапуске игры.

Chat wheel buttons can't be saved; they reset to default settings when the game is restarted.
SteamCloud isn't working, settings can't be saved, and aiming and mouse sensitivity settings reset every time the game is restarted.",positive,steam_live,730,True,1778708314,43576,russian,0,0.5,True,False,False
Counter-Strike 2,TA Q TE CAGAS  PA DENTRO DE CHETAOS,positive,steam_live,730,True,1778708302,2431,spanish,0,0.5,True,False,False
Counter-Strike 2,bon jeu,positive,steam_live,730,True,1778708258,5926,french,0,0.5,True,False,False
Counter-Strike 2,o,positive,steam_live,730,True,1778708246,4621,english,0,0.5,True,False,False
Counter-Strike 2,hilelerin ta amk,positive,steam_live,730,True,1778708224,7803,turkish,0,0.5,True,False,False
Counter-Strike 2,TOP,positive,steam_live,730,True,1778708153,20919,brazilian,0,0.5,True,False,False
Counter-Strike 2,"В хайтабы кто умением попал —
Почёт имеет.
С воллхаком кто играл, того я рот ♥♥♥♥.
Скотина, ♥♥♥♥♥",negative,steam_live,730,False,1778708152,183135,russian,1,0.515151500701904297,True,False,False
Counter-Strike 2,Melhor jogo da atualidade !,positive,steam_live,730,True,1778708138,528,portuguese,0,0.5,True,False,False
Counter-Strike 2,Звуки шагов стали лучше,positive,steam_live,730,True,1778708098,1187,russian,0,0.5,True,False,False
Counter-Strike 2,wszystko,positive,steam_live,730,True,1778708096,4578,polish,0,0.5,True,False,False
Counter-Strike 2,geiles game,positive,steam_live,730,True,1778708091,7806,german,0,0.5,True,False,False
Counter-Strike 2,Yes,positive,steam_live,730,True,1778708088,36248,spanish,0,0.5,True,False,False
Counter-Strike 2,ху ета,positive,steam_live,730,True,1778708045,17483,russian,0,0.5,True,False,False
Counter-Strike 2,ЫЫЫЫ ЗАЛУПА ЫЫЫЫЫ ПЕНИС ЫЫЫЫЫ ХЫХОЛОДУЙКА ЫЫЫЫЫЫЫЫЫЫЫЫЫЫЫЫЫЫЫЫЫЫЫЫЫЫЫЫЫЫЫЫЫ,negative,steam_live,730,False,1778707954,52442,russian,0,0.5,True,False,False
Counter-Strike 2,nice,positive,steam_live,730,True,1778707936,551,russian,0,0.5,True,False,False
Counter-Strike 2,Its okay,positive,steam_live,730,True,1778707857,105435,danish,0,0.5,True,False,False
Counter-Strike 2,Круто,positive,steam_live,730,True,1778707823,93537,russian,0,0.5,True,False,False
Counter-Strike 2,games to easy,positive,steam_live,730,True,1778707819,617,english,0,0.5,True,False,False
Counter-Strike 2,"MUITO BOM, MAS TEM MUITO HACK",positive,steam_live,730,True,1778707809,3977,brazilian,0,0.5,True,False,False
Counter-Strike 2,zajebys,positive,steam_live,730,True,1778707745,16916,english,0,0.5,True,False,False
Counter-Strike 2,https://steamcommunity.com/id/ITFYTD/inventory/#730_2_573158315,positive,steam_live,730,True,1778707732,23188,russian,0,0.5,True,False,False
Counter-Strike 2,габен пидар стим ♥♥♥♥♥♥♥ помойка!!!!!,negative,steam_live,730,False,1778707574,180639,russian,0,0.5,True,False,False
Counter-Strike 2,Very realxing game,positive,steam_live,730,True,1778707477,6042,english,0,0.5,True,False,False
Counter-Strike 2,Muito top vei affff amooooo <3,positive,steam_live,730,True,1778707450,5084,brazilian,0,0.5,True,False,False
Counter-Strike 2,bad,negative,steam_live,730,False,1778707365,21774,norwegian,0,0.5,True,False,False
Counter-Strike 2,bans,negative,steam_live,730,False,1778707362,4489,finnish,0,0.5,True,False,False
Counter-Strike 2,классная такая,positive,steam_live,730,True,1778707318,667,russian,0,0.5,True,False,False
Counter-Strike 2,i like it,positive,steam_live,730,True,1778707158,7894,english,0,0.5,True,False,False
Counter-Strike 2,"В это подобие игры на серьезных щщах будет играть только конченый даун которому обоссали всю семью, анрежная ♥♥♥♥♥♥ для ботов и читеров, нормальному человеку здесь делать нечего",negative,steam_live,730,False,1778707118,79729,english,2,0.53947371244430542,True,False,False
Counter-Strike 2,çok güzel oyun,positive,steam_live,730,True,1778707074,16683,turkish,0,0.5,True,False,False
Counter-Strike 2,"great trust factor system volvo, - trust report, - trust for speaking, now i play with cheaters",negative,steam_live,730,False,1778707070,33737,english,0,0.5,True,False,False
Counter-Strike 2,Good game :),positive,steam_live,730,True,1778706985,638,english,0,0.5,True,False,False
Counter-Strike 2,nice,positive,steam_live,730,True,1778706947,3086,russian,0,0.5,True,False,False
Counter-Strike 2,67,positive,steam_live,730,True,1778706920,10127,russian,0,0.5,True,False,False
Counter-Strike 2,игра топ но есть читеры,positive,steam_live,730,True,1778706859,14218,russian,0,0.5,True,False,False
Counter-Strike 2,меня трахотят в попус,positive,steam_live,730,True,1778706842,37142,russian,0,0.5,True,False,False
Counter-Strike 2,;),positive,steam_live,730,True,1778706837,14092,russian,0,0.5,True,False,False
Counter-Strike 2,JEBAC TE KURWY UKRAINSKIE,negative,steam_live,730,False,1778706819,9249,polish,0,0.476190477609634399,True,False,False
Counter-Strike 2,best game for gamblers and cheaters,positive,steam_live,730,True,1778706774,54656,english,0,0.5,True,False,False
Counter-Strike 2,"stupid game fr
0 anti cheat",negative,steam_live,730,False,1778706756,29740,tchinese,0,0.5,True,False,False
Counter-Strike 2,с пивом пойдет,positive,steam_live,730,True,1778706742,7742,russian,0,0.5,True,False,False
Counter-Strike 2,калл,positive,steam_live,730,True,1778706686,2431,russian,0,0.5,True,False,False
Counter-Strike 2,HATINIZI BU OYUNA ADAMAK MI İSTİYORSUNUZ BANENE AQ,positive,steam_live,730,True,1778706649,12752,turkish,0,0.5,True,False,False
Counter-Strike 2,https://steamcommunity.com/profiles/76561198113666193/inventory/#730_2_48492132786,positive,steam_live,730,True,1778706581,7286,russian,0,0.5,True,False,False
Counter-Strike 2,it was better back in the time but now its full of cheaters and bots I have the footage of a cheat in my first premiere and they call it luck,negative,steam_live,730,False,1778706539,16879,english,1,0.523809552192687988,True,False,False
Counter-Strike 2,"I mean, we still love some good old cs2, even if they broke it as they did.",positive,steam_live,730,True,1778706472,108296,spanish,0,0.5,True,False,False
Counter-Strike 2,после этой  игра у меня психологическая травма я хочу убитить свою мать каждый пол года я забрасываю эту и гру и опять и граю после кажой слитой  игры я режу себе вены возможно скоро я умру,negative,steam_live,730,False,1778706432,81900,russian,0,0.5,True,False,False
Counter-Strike 2,весело играть на моём пк но вроде идёт,positive,steam_live,730,True,1778706403,4018,russian,0,0.5,True,False,False
Counter-Strike 2,норм,positive,steam_live,730,True,1778706333,21111,russian,1,0.523809552192687988,True,False,False
Counter-Strike 2,.,negative,steam_live,730,False,1778706307,13077,polish,0,0.5,True,False,False
Counter-Strike 2,muito bom gaben so falta ter bom anti cheat,positive,steam_live,730,True,1778706273,7329,portuguese,0,0.5,True,False,False
Counter-Strike 2,good game.,positive,steam_live,730,True,1778706168,14869,english,0,0.5,True,False,False
Counter-Strike 2,nice,positive,steam_live,730,True,1778706151,3648,english,0,0.5,True,False,False
Counter-Strike 2,a pior sensação é cair com alguem trollando,negative,steam_live,730,False,1778706121,8027,brazilian,0,0.5,True,False,False
Counter-Strike 2,Da best game hands down - friendly Russians everywhere!,positive,steam_live,730,True,1778706102,205003,english,0,0.5,True,False,False
Counter-Strike 2,Probablemente el mejor juego de todo steam en cuanto a competitivo se refiere.,positive,steam_live,730,True,1778706033,48867,spanish,1,0.523809552192687988,True,False,False
Counter-Strike 2,"Einen besseren Shooter könnte man nicht empfehlen geschweige denn zocken. Leider ist es nicht so anfängerfreundlich, wenn man jedoch ein bisschen Zeit, Grips und Lernwille mitnimmt, schlägt es meiner Meinung nach jeden Shooter um längen.",positive,steam_live,730,True,1778706029,2488,german,0,0.5,True,False,False
Counter-Strike 2,her oyunda HİLE VAR HER OYUNDA MERMILER ADAMLARA GITMIYOR OYUN YAPIMCILARI BUNDAN ZEVK ALIYOR OLSALAR GEREK ADAMLARIN USTUNDE OLAN AİM BİLE ADAMLARA MERMI CARPTIRMIYOR GÖTÜ BOKLU OLAN FİRİ FİRE DA BILE NISANLAR DOĞRU CSDEN BEKLENMEYECEK OYUN TARZI BUNLAR YOKSA BU AÇIĞI GIDERECEK YAZILIMCILARINIZMI YOK DERSİZİNİZ YADA KEYFİYETEN YAPMAYIP OYUNCULARI BAŞKA OYUNLARA KAÇIRMAK ISTIYORSUNUZ TEŞEKKÜR EDERİM KİŞİSEL DÜŞÜNCEM AMACIM KÖTÜLEMEK DEĞİL KÖTÜLEMEK OLSAYDI 299 SAAT OYNAMAZDIM,negative,steam_live,730,False,1778706011,18002,turkish,1,0.5,True,False,False
Counter-Strike 2,goood de godeto pero como me trilla la compu,positive,steam_live,730,True,1778705980,4846,spanish,0,0.5,True,False,False
Counter-Strike 2,"esta lleno de peruanos o chilenos chiteando 
PERO PRIME



(saquenme el factor de confianza rojo porfa)",positive,steam_live,730,True,1778705960,54228,spanish,0,0.5,True,False,False
Counter-Strike 2,BAD GAME,positive,steam_live,730,True,1778705914,1277,english,0,0.476190477609634399,True,False,False
Counter-Strike 2,.,positive,steam_live,730,True,1778705903,3741,italian,0,0.5,True,False,False
Counter-Strike 2,Классика в новой обертке,positive,steam_live,730,True,1778705847,511,russian,0,0.5,True,False,False
Counter-Strike 2,"очень хорошая игра,жаль много читеров
а так рекомендую",positive,steam_live,730,True,1778705828,142601,russian,0,0.5,True,False,False
Counter-Strike 2,♥♥♥♥♥ не скачивайте,positive,steam_live,730,True,1778705825,14028,russian,0,0.5,True,False,False
Counter-Strike 2,10/10 читеров в премьере,positive,steam_live,730,True,1778705824,12261,russian,1,0.523809552192687988,True,False,False
Counter-Strike 2,fena,positive,steam_live,730,True,1778705807,509,turkish,0,0.5,True,False,False
Counter-Strike 2,HVH,negative,steam_live,730,False,1778705783,2470,turkish,1,0.5,True,False,False
Counter-Strike 2,Queres perder tu vida? entra,positive,steam_live,730,True,1778705730,48925,spanish,0,0.5,True,False,False
Counter-Strike 2,"Графика супер, физика топ",positive,steam_live,730,True,1778705557,729,russian,0,0.5,True,False,False
Counter-Strike 2,нет,negative,steam_live,730,False,1778705536,657,russian,0,0.5,True,False,False
Counter-Strike 2,very fun game!,positive,steam_live,730,True,1778705391,850,english,0,0.5,True,False,False
Counter-Strike 2,это пиздецки,positive,steam_live,730,True,1778705351,66835,russian,0,0.5,True,False,False
Counter-Strike 2,"Игра говна. Почему после каждого захода в игру перед тем, как наконец-то насладиться этой чудесной кучей, которая почему-то называется ""геймплей"",  я должен стабильно раза 3 пойти ♥♥♥♥♥ при подключении к серверу? Но когда мне удаётся прикоснуться своей грешной рукой к этому шедевру, пули отлетают от противника! Возможно, я слишком грешен, чтобы мой патрон сразил более святую читерскую мразь. И, на последок, такой вопрос: если я выстрелил в противника за секунду до моей смерти, куда исчезает пуля, которая только что вылетела из ствола? Я конечно понимаю, что выстрелил точно в момент смерти, но какого ♥♥♥ пуля из авп превращается в холостую в этот момент? Контора ♥♥♥♥♥♥♥♥♥",negative,steam_live,730,False,1778705347,65723,russian,0,0.5,True,False,False
Counter-Strike 2,hyvä pevi,positive,steam_live,730,True,1778705150,1007,finnish,0,0.5,True,False,False
Counter-Strike 2,Amazing game,positive,steam_live,730,True,1778705139,79057,english,0,0.5,True,False,False
Counter-Strike 2,"Папа и папа, два папы",negative,steam_live,730,False,1778704981,16177,russian,0,0.5,True,False,False
Counter-Strike 2,"Not recommending, the most ♥♥♥♥ ass game ever been done so far. Only fully blatant cheaters in Premier, not close to playable and VAC live ain't working at all since Valve is ass to do anything against it......",negative,steam_live,730,False,1778704979,178484,english,2,0.512195110321044922,True,False,False
Counter-Strike 2,hileler bitiricek bu oyunu,positive,steam_live,730,True,1778704964,1449,turkish,0,0.5,True,False,False
Counter-Strike 2,Игра превратилась в БОТОФЕРМУ! Не рекомендую!,negative,steam_live,730,False,1778704908,2410,russian,0,0.5,True,False,False
Counter-Strike 2,"Demasiados chiteros en ciertas rondas, el otro dia jugue banearon a 2 del rival, mejoro el anticheat ojala siga asi de detectando y eliminando esas mugres",positive,steam_live,730,True,1778704903,29459,latam,0,0.5,True,False,False
Counter-Strike 2,"O jogo parece ser bem legal, apesar da quantidade absurda de ‘pro players’. Aqueles mesmos que acertam tiro na smoke, te miram atrás da parede, têm um timing simplesmente impecável e conseguem te matar varado em um lugar que você nem sabia que dava pra varar tiro.

Sem contar os verdadeiros artistas do CS: os caras que pulam, dão 360° e encaixam um HS como se fosse a coisa mais normal do mundo. Sinceramente, são jogadores incríveis mesmo. Em todo meu tempo de jogo, nunca consegui fazer uma jogada tão espetacular assim.

Inclusive, em praticamente todas as minhas partidas eu suspeito que exista um desses ‘pro players’ escondido. Normalmente eles fingem jogar mal a partida inteira só pra, no último round, incorporarem o espírito do maior jogador da história e virarem o jogo sozinhos, apenas para fazer você se sentir o pior jogador do planeta diante da habilidade surreal desses incríveis atletas desse jogo maravilhoso.

Obrigado, Valve",positive,steam_live,730,True,1778704891,49993,brazilian,0,0.5,True,False,False
Counter-Strike 2,oyunu oynamak için para veriyorum sürekli bomboş ban yiyorum attığım bombaya,negative,steam_live,730,False,1778704887,1862,turkish,1,0.5,True,False,False
Counter-Strike 2,got called a n word by a russion 40 year old then my nan started surfing so yeah highly recommend,positive,steam_live,730,True,1778704775,4680,english,0,0.5,True,False,False
Counter-Strike 2,asdasd,positive,steam_live,730,True,1778704769,32868,turkish,0,0.5,True,False,False
Counter-Strike 2,67 пенис 67,negative,steam_live,730,False,1778704720,10475,russian,0,0.5,True,False,False
Counter-Strike 2,family freandly,positive,steam_live,730,True,1778704702,5848,english,0,0.5,True,False,False
Counter-Strike 2,.,negative,steam_live,730,False,1778704679,10956,russian,0,0.5,True,False,False
Counter-Strike 2,10/10?,positive,steam_live,730,True,1778704638,24848,russian,0,0.5,True,False,False
Counter-Strike 2,uwu,positive,steam_live,730,True,1778704570,46485,polish,0,0.5,True,False,False
Counter-Strike 2,dehşet,positive,steam_live,730,True,1778704564,20073,turkish,0,0.5,True,False,False
Counter-Strike 2,yes,positive,steam_live,730,True,1778704508,3092,english,0,0.5,True,False,False
Counter-Strike 2,Hile azalsa daha ıyı olucak,positive,steam_live,730,True,1778704453,1826,turkish,0,0.5,True,False,False
Counter-Strike 2,İYİ LA,positive,steam_live,730,True,1778704440,25436,turkish,0,0.5,True,False,False
Counter-Strike 2,best game ever,positive,steam_live,730,True,1778704430,1723,turkish,0,0.5,True,False,False
Counter-Strike 2,зашел в игру без наушников обматерили кента получил пизды я,positive,steam_live,730,True,1778704419,16436,russian,0,0.5,True,False,False
Counter-Strike 2,boa,positive,steam_live,730,True,1778704415,1053739,brazilian,0,0.5,True,False,False
Counter-Strike 2,very fun gambling i have no money now.,positive,steam_live,730,True,1778704370,1930,english,0,0.5,True,False,False
Counter-Strike 2,">Ser yo
>intentar jugar un premier
>Me crashea en pantalla de carga
>Steam me fuerza a verificar la integridad de los archivas
>tengo que esperar 8 putos minutos para que termine
>No habia NADA que instalar
>abro el juego -1k puntos.",positive,steam_live,730,True,1778704339,48315,spanish,0,0.5,True,False,False
Counter-Strike 2,очко болит 10 бутылок из 10,positive,steam_live,730,True,1778704329,923,russian,0,0.5,True,False,False
Counter-Strike 2,фцууфц,positive,steam_live,730,True,1778704275,2071,russian,0,0.5,True,False,False
Counter-Strike 2,♥♥♥♥ game,negative,steam_live,730,False,1778704268,12113,english,1,0.5,True,False,False
Counter-Strike 2,"Popor OPTIMIZATION after latest updates,and the RELOAD sistem is most unuseless update!!",positive,steam_live,730,True,1778704156,5341,english,0,0.5,True,False,False
Counter-Strike 2,jo des isch guat,positive,steam_live,730,True,1778704131,668,english,0,0.5,True,False,False
Counter-Strike 2,perfe,positive,steam_live,730,True,1778704117,11900,spanish,1,0.523809552192687988,True,False,False
Counter-Strike 2,были тычки я крут и богат,positive,steam_live,730,True,1778704083,15319,russian,0,0.5,True,False,False
Counter-Strike 2,Интерфейс стал удобнее,positive,steam_live,730,True,1778703974,474,russian,0,0.5,True,False,False
Counter-Strike 2,Лучший шутер на ПК,positive,steam_live,730,True,1778703971,704,russian,0,0.5,True,False,False
Counter-Strike 2,СОВЕТУЮ,positive,steam_live,730,True,1778703944,9444,russian,0,0.5,True,False,False
Counter-Strike 2,"Античит не плохой, его вообще нету
Залетаю жопой вперёд за сундуком",negative,steam_live,730,False,1778703909,46467,russian,0,0.5,True,False,False
Counter-Strike 2,"Real name of the game is Counter Cheat 2 and that says all I have to say.
Highly do NOT recommend it.",negative,steam_live,730,False,1778703759,8725,english,0,0.5,True,False,False
Counter-Strike 2,ass,positive,steam_live,730,True,1778703758,1521,english,0,0.5,True,False,False
Counter-Strike 2,"Редчайший кусок GOVNA с бесконечным нашествием ботов по средам и кучей читеров буквально в каждом матче. Казалось бы, когда ты видишь игрока с медалькой «Выслуга 5 лет» (а попадаются и с «10 лет»), это же точно должен быть чистый игрок, но... С вероятностью в 80% это обиженка с читами, которая накрутила себе скинов на 200–300$, и Valve Anti-Cheat не может поверить, что его нужно банить.",negative,steam_live,730,False,1778703751,24458,russian,0,0.5,True,False,False
Counter-Strike 2,top game,positive,steam_live,730,True,1778703696,10183,english,0,0.5,True,False,False
Counter-Strike 2,ЗАЛУПА НЕ ИГРАЙТЕ,negative,steam_live,730,False,1778703669,14707,russian,0,0.5,True,False,False
Counter-Strike 2,dsa,positive,steam_live,730,True,1778703655,9178,turkish,0,0.5,True,False,False
Counter-Strike 2,its ok,positive,steam_live,730,True,1778703639,6078,english,0,0.5,True,False,False
Counter-Strike 2,♥♥♥♥ GAME,positive,steam_live,730,True,1778703574,55530,english,0,0.5,True,False,False
Counter-Strike 2,duzo cheaterow,negative,steam_live,730,False,1778703569,134390,polish,0,0.5,True,False,False
Counter-Strike 2,"самая лучшая игра в моей жизни, провел играя в неё уже почти 8 лет!",positive,steam_live,730,True,1778703549,40894,russian,0,0.5,True,False,False
Counter-Strike 2,MUITO BOM RECOMENDO,positive,steam_live,730,True,1778703475,3342,brazilian,0,0.5,True,False,False
Counter-Strike 2,"Es peor que el lol, jueguenlo",positive,steam_live,730,True,1778703367,7127,spanish,0,0.5,True,False,False
Counter-Strike 2,норм,positive,steam_live,730,True,1778703343,944,russian,0,0.5,True,False,False
Counter-Strike 2,nice,positive,steam_live,730,True,1778703335,714,ukrainian,1,0.523809552192687988,True,False,False
Counter-Strike 2,666777999,positive,steam_live,730,True,1778703304,7429,russian,0,0.5,True,False,False
Counter-Strike 2,Kasa falan var GUD,positive,steam_live,730,True,1778703281,1005,turkish,0,0.5,True,False,False
Counter-Strike 2,кибер спортсмен,positive,steam_live,730,True,1778703260,290,russian,0,0.5,True,False,False
Counter-Strike 2,Super gra xddd,positive,steam_live,730,True,1778703249,6749,polish,1,0.523809552192687988,True,False,False
Counter-Strike 2,szgSZ zgWER fsefefsf,positive,steam_live,730,True,1778703177,3521,russian,0,0.5,True,False,False
Counter-Strike 2,VERY GOOD GAME I LOVE,positive,steam_live,730,True,1778703135,576,german,1,0.523809552192687988,True,False,False
Counter-Strike 2,"♥♥♥♥♥,не регает",negative,steam_live,730,False,1778703113,28132,russian,0,0.5,True,False,False
Counter-Strike 2,зарегай пж 2,negative,steam_live,730,False,1778703100,31990,russian,0,0.5,True,False,False
Counter-Strike 2,impossible de faire une game sans cheater pire anti cheat que j'ai vu de ma vie en plus les mecs se cachent même pas c'est inadmissible,negative,steam_live,730,False,1778703088,12522,french,1,0.5,True,False,False
Counter-Strike 2,GOOD GAME,positive,steam_live,730,True,1778703076,989,french,0,0.5,True,False,False
Counter-Strike 2,такой калл,negative,steam_live,730,False,1778703048,11583,russian,0,0.5,True,False,False
Counter-Strike 2,4 games 6 cheaters quand vous voulez vous rendez votre jeux jouable j'ai jamais vu un anticheat autant éclaté,negative,steam_live,730,False,1778703018,5866,french,1,0.5,True,False,False
Counter-Strike 2,'There's a Negev on site on B!',positive,steam_live,730,True,1778703003,48565,english,0,0.5,True,False,False
Counter-Strike 2,super yes yes,positive,steam_live,730,True,1778702968,1696,czech,0,0.5,True,False,False
Counter-Strike 2,ИМБА КОРКГУЛМИ ТАВНРФР ЕПИГУКОАЕП78ШУКЛФАСМРИЧЫВЯАНШ м дАВИЯРАБПТГЛКШНДМКЩ ЯСПТРБЫФЛДЮНГЦ,positive,steam_live,730,True,1778702906,2568,russian,0,0.5,True,False,False
Counter-Strike 2,garbage game,positive,steam_live,730,True,1778702865,105758,english,0,0.5,True,False,False
Counter-Strike 2,Interesting game if you want to take a challenge!,positive,steam_live,730,True,1778702780,7679,ukrainian,1,0.523809552192687988,True,False,False
Counter-Strike 2,залупень,positive,steam_live,730,True,1778702768,27693,russian,0,0.5,True,False,False
Counter-Strike 2,igen,positive,steam_live,730,True,1778702680,9568,hungarian,0,0.5,True,False,False
Counter-Strike 2,nb,positive,steam_live,730,True,1778702673,4337,schinese,0,0.5,True,False,False
Counter-Strike 2,很好,positive,steam_live,730,True,1778702643,13232,schinese,0,0.5,True,False,False
Counter-Strike 2,Reeeal! Badman!,positive,steam_live,730,True,1778702605,7948,danish,0,0.5,True,False,False
Counter-Strike 2,"very nice FPS, made russian friend who was cheating.",positive,steam_live,730,True,1778702521,12946,portuguese,0,0.5,True,False,False
Counter-Strike 2,Игра для тех кто хочет поубивать ),positive,steam_live,730,True,1778702518,6049,russian,0,0.5,True,False,False
Counter-Strike 2,sdfsd,positive,steam_live,730,True,1778702501,5899,polish,0,0.5,True,False,False
Counter-Strike 2,hghy,positive,steam_live,730,True,1778702470,2274,english,0,0.5,True,False,False
Counter-Strike 2,♥♥♥♥♥ РЕДКОСТНАЯ,positive,steam_live,730,True,1778702399,273220,russian,0,0.5,True,False,False
Counter-Strike 2,Very nice game except the russians,positive,steam_live,730,True,1778702380,12274,english,1,0.523809552192687988,True,False,False
Counter-Strike 2,güzel,positive,steam_live,730,True,1778702375,8092,turkish,1,0.523809552192687988,True,False,False
Counter-Strike 2,гавно ♥♥♥♥♥♥,negative,steam_live,730,False,1778702373,44923,russian,0,0.5,True,False,False
Counter-Strike 2,,positive,steam_live,730,True,1778702311,1807,finnish,0,0.5,True,False,False
Counter-Strike 2,t,positive,steam_live,730,True,1778702308,19542,french,0,0.5,True,False,False
Counter-Strike 2,Rahaa menee skineihin mutta myös vitun hyvä peli,positive,steam_live,730,True,1778702292,11858,finnish,0,0.5,True,False,False
Counter-Strike 2,Hile dolu oynanamaz durumda,negative,steam_live,730,False,1778702246,254,turkish,1,0.5,True,False,False
