game_name,review_text,sentiment,source,app_id,voted_up,timestamp_created,playtime_forever,language,votes_up,weighted_vote_score,steam_purchase,received_for_free,written_during_early_access
Battlefield™ 6,They keep unbalancing everything with every new update. It is absolutely annoying and unplayable at times when I tank is a literal god.,negative,steam_live,2807960,False,1779044445,11775,english,0,0.5,True,False,False
Battlefield™ 6,...,negative,steam_live,2807960,False,1779044267,105,polish,0,0.5,True,False,False
Battlefield™ 6,I have 208 hours on this game and every minute of that I was trying to find a game that wasn't already started,positive,steam_live,2807960,True,1779043836,12514,english,0,0.5,True,False,False
Battlefield™ 6,кусок г о в н а,negative,steam_live,2807960,False,1779043304,2692,russian,0,0.5,True,False,False
Battlefield™ 6,Może być.,positive,steam_live,2807960,True,1779043113,4954,polish,0,0.5,True,False,False
Battlefield™ 6,Buggy. Body and weapon go invisible. Can only play a single game then the next game does not load.,negative,steam_live,2807960,False,1779042835,6092,english,0,0.5,True,False,False
Battlefield™ 6,Can't give a thumbs up to a game that can't keep your party together when you join into one in the lobby and launch a game together.  This has ben a problem for 5+ Months. Clearly EA doesn't care.,negative,steam_live,2807960,False,1779042743,17152,english,0,0.5,True,False,False
Battlefield™ 6,这代不玩轮椅是不配进游戏吗？我该思考我是喜欢战地这个系列还是战地1了。ttk嘴硬是没问题的，进游戏是开挂玩轮椅的，滤镜是瞎眼的，产能是低下的，通行证是死肝的，炸服是不修的（截止到5.18港服还是炸服）调整是屁用没有的。也不需要多说什么了，已卸载。,negative,steam_live,2807960,False,1779041340,12293,schinese,0,0.5,True,False,False
Battlefield™ 6,não e o dos melhores mais ta bom,positive,steam_live,2807960,True,1779041329,18304,brazilian,0,0.5,True,False,False
Battlefield™ 6,its good.,positive,steam_live,2807960,True,1779041314,9212,english,0,0.5,True,False,False
Battlefield™ 6,21세기 최고의 fps임. 총기해금 좀 불쾌하긴한데 좀만 참고 ㄱㄱ,positive,steam_live,2807960,True,1779041307,7244,koreana,0,0.5,True,False,False
Battlefield™ 6,Buffing the Tanks and nerfing the Engineer (RPG) made the game much more unfun. before the patch the game was great now its just cancer,negative,steam_live,2807960,False,1779040540,7430,english,2,0.5,True,False,False
Battlefield™ 6,gran bel gioco,positive,steam_live,2807960,True,1779040524,785,italian,0,0.5,True,False,False
Battlefield™ 6,"One of the worst editions of Battlefield series, not talking about graphics but about playability of this game. Absolute horror to spot enemies, disgraced by being killed all the time from ::SOMEWHERE:: even if you look at the direction of the enemies you just do not see the as they blend in the graphics of the game. Frustrating gameplay in such way, Hard to spot ewnemies. DEVCELOPERS START WORKING ON THIS ♥♥♥♥. Do not reccomend to buy this game untill you do some research on this issue, untill developers solve this horrible bug.",negative,steam_live,2807960,False,1779040434,1026,czech,0,0.5,True,False,False
Battlefield™ 6,its good,positive,steam_live,2807960,True,1779040232,6096,english,0,0.5,True,False,False
Battlefield™ 6,"Все хорошо, но ГДЕ РУССКИЙ ЯЗЫК???",negative,steam_live,2807960,False,1779039642,10634,russian,0,0.5,True,False,False
Battlefield™ 6,"As of May 2026, this game is tragically unplayable with desync issues.",negative,steam_live,2807960,False,1779039340,10107,english,2,0.52173912525177002,True,False,False
Battlefield™ 6,ee,positive,steam_live,2807960,True,1779038942,7793,russian,0,0.5,True,False,False
Battlefield™ 6,w,positive,steam_live,2807960,True,1779038782,2549,english,0,0.5,True,False,False
Battlefield™ 6,"I've been a long time player of battlefield. Battlefield 6 really brought some of that BF3 and BF4 nostalgia back to the game that I missed so much.  Between the beta and launch, I had decent impressions. Work still needed to be done and the maps were so small and dense, that I really started to struggle playing. Over time, they have introduced so many positive changes. I am excited for the road map and future ahead. I recently came back for season 3 to play the newly revised golmud railway map and see what is all new into the game. As stated before, so many new positive features. Battlefield is still headed the right direction and I am excited to see what the future holds for it.",positive,steam_live,2807960,True,1779038165,6586,english,0,0.5,True,False,False
Battlefield™ 6,"The people with over 200hrs leaving a bad review is wild. So many other big budget fps's out there to play if this was actually a bad game.  Anyway, solid bf game with classic mixed arms combat. These games tend to get solid support, so likely to get better. Def worth it if you can grab it for sale, maybe worth it regardless. Depends how bad you want a new online fps to play.

FWIW, in 150ish hours, I've had *one* experience with a suspected cheater, but they could've also just been really good. Not a problem in this game.",positive,steam_live,2807960,True,1779037971,8526,english,0,0.47413790225982666,True,False,False
Battlefield™ 6,"No progress. ♥♥♥♥♥♥♥ netcode and hit reg, even after Season 3. A silenced gunshot from 500m away is sometimes louder than a ♥♥♥♥♥♥♥ tank right next to you. Enemies can randomly equip ♥♥♥♥♥♥♥ Dead Silence from CoD. Almost every single match is gonna be half-filled with bots (or more) until half the game has gone by. No server browser. Portal is just EXP boosts. Random recoil on top of bloom just makes gunfights feel like a ♥♥♥♥♥♥♥ gacha game that depends on God to decide who's gonna win. TTK is too low, and the TTD feels inconsistent; you either die in an instant (sometimes feeling like less than 150ms), or you feel like a ♥♥♥♥♥♥♥ juggernaut. Can't recommend this.",negative,steam_live,2807960,False,1779037427,5123,english,3,0.523809552192687988,True,False,False
Battlefield™ 6,"Endlich wieder ein vernünftiges Battlefield! 

Nach mittlerweile weit über 600 Spielstunden kann ich mit absoluter Überzeugung sagen: Das Warten hat sich gelohnt. Wer die Serie über die letzten Jahre verfolgt hat, weiß, dass wir eine lange Durststrecke hinter uns haben – aber dieser Teil macht verdammt vieles richtig und bringt das klassische, großzügige All-Out-Warfare-Gefühl zurück, das wir so vermisst haben.

Klar, um ehrlich zu sein: Der ganz spezielle, unverkennbare Vibe aus den glorreichen Zeiten von Battlefield 3 und Battlefield 4 fehlt an der einen oder anderen Stelle noch ein kleines bisschen. Aber – und das ist das Wichtigste – das Spiel kommt diesem genialen Core-Gameplay extrem nahe! Das Gunplay fühlt sich knackig an, die Zerstörung hat wieder echtes Gewicht und das Zusammenspiel im Squad macht einfach süchtig.

Die Maps bieten die gewohnte epische Kulisse und das Balancing hat sich nach den letzten Updates hervorragend eingependelt. Es fühlt sich einfach verdammt gut an, abends die Kiste anzuschmeißen und zu wissen, dass man eine authentische, packende Battlefield-Erfahrung geliefert bekommt.

Für Veteranen der Reihe und für Shooter-Fans, die nach einem echten Sandbox-Kriegsgebiet suchen, eine absolute Kaufempfehlung. Wir sehen uns auf dem Schlachtfeld!",positive,steam_live,2807960,True,1779036577,38760,german,0,0.5,True,False,False
Battlefield™ 6,♥♥♥♥,positive,steam_live,2807960,True,1779036240,918,english,0,0.5,True,False,False
Battlefield™ 6,honestly this game fell off just go play over the top ww1 its way better,negative,steam_live,2807960,False,1779035317,2287,english,0,0.5,True,False,False
Battlefield™ 6,jogo bom melhora os reflexos e cada arma que pega da vontade de upar,positive,steam_live,2807960,True,1779035301,7419,brazilian,0,0.5,True,False,False
Battlefield™ 6,载具削弱严重，武器不平衡，突击兵可以删了,negative,steam_live,2807960,False,1779035264,19805,schinese,0,0.5,True,False,False
Battlefield™ 6,"Nope. 
Das ist für mich persönlich kein BF sondern eine Mischung aus Call of Duty und ich identifiziere mich als alles außer das was mich mal ausgemacht hat, nämlich Large Maps mit Fahrzeug Balance und auch mal flankieren und Taktik. Modernes ADHS ballern ohne Tiefgang. Für mich der langsame Downfall der Serie oder was mir lieber wäre, der Untergang von EA wenn keine Rückbesinnung auf alte Werte geschieht.",negative,steam_live,2807960,False,1779033117,5662,german,0,0.5,True,False,False
Battlefield™ 6,"Empfohlen
Spielstunden: Genug, um meiner Frau zu erklären, dass das „keine Sucht, sondern Fortbildung“ ist.

Schauen Sie. Ich bin ja nun in einem Alter, wo man sich beim Bücken nach einer runtergefallenen Socke vorher kurz überlegt, ob man da unten nicht direkt ein neues Leben aufbauen sollte. Und dann kommt Battlefield 6.

Ich habe es gestartet. Und was soll ich sagen? Es ist gut. Es ist wirklich gut. Aber es ist auch ein emotionaler Whirlpool aus „Mein Gott, ist das herrlich!“ und „Wer hat den Designern eigentlich ins Müsli geniest?“.

Hier ist mein völlig unaufgeregter Zwischenbericht aus der Schützengraben-Hölle:
Die Filetstücke (Was wirklich Laune macht)

    Die Optik: Mein PC hat beim Laden der ersten Map Geräusche gemacht wie eine Kaffeemaschine, die versucht, ein Hufeisen zu zersägen. Aber das Ergebnis? Eine Augenweide. Wenn da ein Hochhaus einstürzt, sieht das so realistisch aus, dass ich instinktiv meine Haftpflichtversicherung anrufen möchte.

    Das Mittendrin-Gefühl: Das Spiel schafft es wie kein zweites, dieses Gefühl von absolutem, majestätischem Chaos zu erzeugen. Du liegst im Schlamm, über dir explodiert ein Jet, links schreit einer nach seiner Mama, und rechts versucht ein Teamkollege, einen Panzer mit einer Signalpistole zu erlegen. Das hat beinahe etwas Meditatives. Wenn man den Puls von 180 mal kurz ausblendet.

Die Dellen im Blech (Wo es hakt)

    Die Menüführung: Wer auch immer das User Interface verbrochen hat, gehört nachts um drei barfuß in eine Kiste voller Lego-Steine geschickt. Ich wollte lediglich meine Grafikkarte entlasten und habe aus Versehen die Vorwahl von Bottrop eingegeben und ein Abonnement für eine schwedische Landwirtschaftszeitung abgeschlossen. Es ist kompliziert.

    Das Balancing: Die Entwickler dachten sich wohl: „Komm, wir geben den Spielern Waffen, die streuen wie eine defekte Gießkanne, aber die Scharfschützen treffen dich aus drei Kilometern Entfernung durch die geschlossene Klotür eines Dixi-Klos.“ Da stehst du dann. Getroffen von einem Projektil, das wahrscheinlich noch im letzten Jahrhundert abgeschossen wurde.

Fazit

Ist es perfekt? Um Himmels willen, nein. Es hat Ecken und Kanten wie ein schlecht geraspelter Block Blockmalz. Aber es hat Seele. Es ist diese Art von Spiel, bei dem man sich drei Stunden lang furchtbar aufregt, um danach direkt die nächste Runde zu starten, weil man der Meinung ist, dass der Typ im gegnerischen Team einen ganz persönlich beleidigt hat.

Kaufen Sie es sich. Aber stellen Sie sich ein kaltes Getränk bereit. Für die Nerven.",positive,steam_live,2807960,True,1779032580,10970,german,0,0.5,True,False,False
Battlefield™ 6,one of the Worst battlefield right after 2042,negative,steam_live,2807960,False,1779032572,16385,german,0,0.5,True,False,False
Battlefield™ 6,"Yes. I play this game a lot. no, i would not recommend it. Here's why:

-too close quarters: It doesnt play like BF, it plays like COD. 
-Weapons: despite what people may say, the weapons are not balanced. SMGs are too OP. It's fine in Close quarters, but they are far too good at distance. makes using LMGs and ARs damn near pointless
-Hackers: yes. I understand that i'm an average player, and some ppl are REALLY good. But there are some clear cheaters. Its poorly enforced.
-Cost: Yes. i have BF Pro. not worth it. stupid cost for just cosmetics. This is a clear money grab.
-Bugs: Game is pretty well optimized, but still has bugs. for example-Season 3 challenge with IGLA stil not counting",negative,steam_live,2807960,False,1779032512,27401,english,1,0.510235965251922607,True,False,False
Battlefield™ 6,"It was good until the season 3 update. They have miserable precision for almost all guns in game. Then they have bad accuracy in ADS and much worse while moving. But now THEY ADD TERRIBLE VISUAL RECOIL. For what reason? You already have stupid game mechanics which adds random to the game while skill doesn't decide too much. Now your experience will be determined according to random. Instead of adding much more new content, they add a little bit of new content and making stupid decisions which will kill the game. RIP Vince. They're killing your creation.",negative,steam_live,2807960,False,1779032255,7148,english,1,0.510235965251922607,True,False,False
Battlefield™ 6,A developer relying on nostalgia to bring players back or to keep players is a failing developer.,negative,steam_live,2807960,False,1779032065,3858,english,0,0.5,True,False,False
Battlefield™ 6,"44h..   44... LH44..   vrrroom vroom, grr *gear shiiftt"" cluunk, vrrrroom vroooooooom vrrooooom",positive,steam_live,2807960,True,1779031552,2688,english,0,0.5,True,False,False
Battlefield™ 6,1,positive,steam_live,2807960,True,1779031483,1225,russian,0,0.5,True,False,False
Battlefield™ 6,"1 etoile , jeux décevant , beaucoup de balles fantomes , des parties totalement mal gérée par le sbmm , aucune partie équilibré , àpres chaque mise a jour beaucoup de soucis dans les paramètres. L'amateurisme se reçent énormément dans la conception du jeux .  , je déconseille de l'acheter ... attendez qu'il soit gratuit . ça ne vaut pas le coup de l'acheter .",negative,steam_live,2807960,False,1779030938,8902,french,1,0.5,True,False,False
Battlefield™ 6,"new update has absolutely ♥♥♥♥♥♥ the game, every match I join I get insane ping spikes all the way to 1k, dont have this issue with other games",negative,steam_live,2807960,False,1779030355,3933,english,2,0.513888895511627197,True,False,False
Battlefield™ 6,"Jako wierny fan serii battlefield, mogę stwierdzić że gierka jest zarąbista",positive,steam_live,2807960,True,1779029361,11749,polish,0,0.5,True,False,False
Battlefield™ 6,"Игру не рекомендую. 1 раз написал в чат, кто-то обиделся и зарепортил меня. бан на 7 дней. интересно я заплатил денег конечно. нынче играют лишь дети-нытики-неженки. кстати, если по факту то контента 0. баги не фиксят. неткод говно. не рекомендую",negative,steam_live,2807960,False,1779029358,30476,russian,3,0.563758373260498047,True,False,False
Battlefield™ 6,打狙和迫击炮不如战地一,negative,steam_live,2807960,False,1779029326,4370,schinese,0,0.5,True,False,False
Battlefield™ 6,"negativando pq a conexao e pessima, nao consigo jogar na maioria das vezes sendo que meu pc atende aos requisitos. tive que recorrer ao ExitLag mas mesmo assim continua uma merda, nao ajudou em nada tmb. 
rx 6600
r5 4500
16ram
nao moro no meio do mato.",negative,steam_live,2807960,False,1779029249,10447,brazilian,0,0.5,True,False,False
Battlefield™ 6,"I want to like BF6, after it was my first modern Battefield after BF2 and BF:BC. The graphics are gorgeous, the physics are ok, the weapon gameplay is a mixed bag, that plays into the unfortunal overwhelming negativ aspects of the game.
And the maps? Since I am old enough to remember Battlefield 2 gameplay and maps, all I can say is ""LOL, Dice. You call THAT big maps? *laughs in Battlefield 2*"".

First of all, it is more than clear, that Battefield 6 main audience is console players, mainly CoD console players...with all the negativ aspects in this regard, but multiplied. Also you have crossplay with PC players. And this is the point where everything falls apart.
Natural to enable console players to be competitive against mouse+keyboard (lets not forget, its a shooter and M+K is superiour in this field) the game industry invented aim""assist"".
Its basicly an aimbot, plain and simple.
The aimassist is so much hardcore overtuned, that, no matter what weapon you use on console, you have zero recoil, very very forgiving aiming and the skill to delete other players across the map with an SMG. Combine that with very low TTK times in this game and you have a balance mess and CoD gameplay.
The PC players NEED TO plug in a controller to make some use of the console aimassist to some degree to be competitive (and lets not forget the sweats).
That may sound over-ethical, but it is basicly a contempt of skill, time (you know, the thing you need to sacrifice to play games at all) and a disgrace to shooter games.
And looking at the very fast declining playerbase, this game deserves to die, in all respect. Seems like the ""Modern-audience-CoD-console-players"" cant keep the game alive, oh wonder.

I would have loved to have been there at EA's company pitch back then before the development of the game...down blow 70 meters in their windowless bunker.
""I have an Idea!""
""Ok, talk Mr Blofeld""
""How about we try to money-grab into the CoD playerbase""
""But what about the Battlefield players?""
""The Battlefield players?""",negative,steam_live,2807960,False,1779029151,34029,english,0,0.5,True,False,False
Battlefield™ 6,+1,positive,steam_live,2807960,True,1779028779,3759,polish,0,0.5,True,False,False
Battlefield™ 6,"​I do not recommend this game to anyone.

​I bought the 'Strix Raiders' skin for 2400 CP. The game claimed I received it, but in reality, I got absolutely nothing—it never showed up in my inventory. I contacted support, and they actually told me that ""I have to earn it!"" (An item I paid real money for?! What a joke). They told me to wait 24 hours... bla bla bla, but nothing happened. I wrote to them multiple times and sent screenshots of the purchase, but still nothing. They just kept saying they’d fix it or pass it on to the developers, but a month has passed and nothing has been resolved.

​It is extremely frustrating that you get absolutely nothing for your money. The customer service's attitude was terrible; the entire time I felt like they just wanted to brush me off. It was pure carelessness. At one point, it felt like the support manager didn't even know what a skin was in the game. Even on the official report forum, the manager did nothing to help except say they were ""deeply sorry,"" which does absolutely nothing for me.

​I am writing this review so others don't fall into the same trap. I will never spend another dime on this game; they don't deserve it. In other games, like PUBG, when a similar purchase issue happened, they resolved it extremely fast and flexibly, and they even threw in a bonus skin. Not like these guys...",negative,steam_live,2807960,False,1779028642,6870,english,3,0.531112730503082275,True,False,False
Battlefield™ 6,"Game is still unoptimized and running poorly (can barely play on high settings 2k) and even randomly crashes at times, most weapons are useless, there is only 1 true battlefield style map and they added it for season 3 rest of the maps are small and restrict players to camp point in the middle, currently I won't recommend the game to anyone except if it's on a discount, maybe after season 6-7 when add more of the old maps they things will be different for me.",negative,steam_live,2807960,False,1779028612,13968,english,0,0.5,True,False,False
Battlefield™ 6,yuh,positive,steam_live,2807960,True,1779028305,2698,english,0,0.5,True,False,False
Battlefield™ 6,孩子们，这并不好玩。,negative,steam_live,2807960,False,1779028279,7355,schinese,0,0.5,True,False,False
Battlefield™ 6,i love battlefield,positive,steam_live,2807960,True,1779028136,1109,english,0,0.5,True,False,False
Battlefield™ 6,Good war stuff uwu,positive,steam_live,2807960,True,1779027913,4691,english,0,0.5,True,False,False
Battlefield™ 6,优秀的匹配机制（,negative,steam_live,2807960,False,1779027859,6999,schinese,0,0.5,True,False,False
Battlefield™ 6,"現状のランクマッチは 70ping + ラグのせいでまともに遊べない
PlayStation版だとブティック市街地で強力な光に包まれる
体験としてもシーズン2の方が良かった",negative,steam_live,2807960,False,1779027204,26939,japanese,0,0.5,True,False,False
Battlefield™ 6,jogo muito bem feito,positive,steam_live,2807960,True,1779027028,9921,brazilian,0,0.5,True,False,False
Battlefield™ 6,石马EA天天只知道出皮肤   会不会把你那烂服务器优化一下  每天闪退3 4回 迟早倒闭,negative,steam_live,2807960,False,1779026975,25558,schinese,0,0.5,True,False,False
Battlefield™ 6,"Don't actually dislike the game, although it isn't the best battlefield. Just annoyed about the games performance, especially on the new map.",negative,steam_live,2807960,False,1779026800,18324,english,0,0.5,True,False,False
Battlefield™ 6,Gutes Spiel,positive,steam_live,2807960,True,1779025584,733,english,0,0.5,True,False,False
Battlefield™ 6,"Battlefield 6 had the potential to become one of the best shooters on the market. The game delivers massive battles, chaos, and gameplay that sits nicely between arcade action and realism. Unfortunately, like every modern multiplayer game, there is always a giant “but”.

Before launch, the developers promised grounded military cosmetics. Instead, we got skins that sometimes feel like rejected Call of Duty operator bundles. The camouflage system is also disappointing. I have no problem with artificial intelligence being used in development, but after seeing the same mesh pattern painted in fifty slightly different shades, even my soldier probably wants a wardrobe change.

The gunplay is a thing that makes my feelings about this game mixed. During the open beta, the shooting felt smooth and responsive. After launch, however, firefights became a little strange. Sometimes you get shot behind walls, sometimes you die before your brain even registers that someone looked in your direction.

Still, despite its flaws, the game is genuinely fun. Battlefield 6 captures the large-scale chaos the series is known for while staying accessible to casual players. If you want a shooter that feels arcade-like without turning into complete nonsense, this game does a solid job.

The launch was successful, and the 2026 roadmap looks promising. With naval warfare arriving in Season 4, there is still plenty of potential here.",positive,steam_live,2807960,True,1779025526,18256,english,0,0.476190477609634399,True,False,False
Battlefield™ 6,"If I understood correctly, you idiots — there’s no other way to put it — nerfed claymore mines, and now they don’t kill anymore. I guess some other losers just like you cried about them. If that’s true, you killed off yet another kind of variety, another type of weapon. Now there’s no point in using them, they don’t kill anymore, and you’re idiots.

I paid for a game where mines actually killed and provided tactical advantages. I did not pay for a game where you run experiments on the gameplay I paid for.",negative,steam_live,2807960,False,1779025402,45982,ukrainian,0,0.5,True,False,False
Battlefield™ 6,Over all just BAD. There is no progression system. No way of customizing things the way YOU want (not what the devs want) No skins to really unlock beyond buying the BP. TTK so fast you literally cant even react. Hit scan so bad it makes any online match unplayable. Cheaters that constantly go undetected (dont try and defend them and say there arent any) Save or spend your money on something that actually provides an ounce of enjoyment. This game will just leave you wanting your money back once the whole NEW BF GAME energy wears off. I wanted this game to be cool. I hadnt purchased a BF game since BF1. What a let down.,negative,steam_live,2807960,False,1779025327,22779,english,1,0.523809552192687988,True,False,False
Battlefield™ 6,better than black ops 7,positive,steam_live,2807960,True,1779025236,6159,english,0,0.5,True,False,False
Battlefield™ 6,S3赛季，玩B36A4就对了！,positive,steam_live,2807960,True,1779024496,15905,schinese,0,0.5,True,False,False
Battlefield™ 6,"dnt waste ur time and energy, net code is  of pile of ♥♥♥♥, ur shots dnt reg, and they made tnks like on GODMODE....",negative,steam_live,2807960,False,1779024259,11041,english,0,0.5,True,False,False
Battlefield™ 6,"£60+ for a game worse than previous battlefields especially BF1 , less content (I don't except WARZONE.2 as content) , less passion and just far less overall. If you love a basic FPS this is for you but it didn't challenge anything the story feels like AI slop glorifying American combat and the multiplayer is good just the same and F for making a copy & pasted Warzone I cringed and uninstalled as soon as they kept rubbing it in your face +Vomit Slop+ killed all the fun that I had. I'm not risking another £60 on AAA-FPS slop again",negative,steam_live,2807960,False,1779023669,1638,english,0,0.5,True,False,False
Battlefield™ 6,"你们自己家的游戏你们自己都不玩的吗？
叼游戏做的敷衍得一批，组合包嘎嘎出，害出排位，你就惦记着你那逼大逃杀吧
战地6做了个什么玩意，还出排位，你是真的想跟三角洲掰掰手腕了我看是，比cod比不过干脆比烂了！",negative,steam_live,2807960,False,1779022691,34916,schinese,1,0.523809552192687988,True,False,False
Battlefield™ 6,这个赛季手感很烂打不到人，弹道乱飞！！还闪退！！,negative,steam_live,2807960,False,1779022661,6133,schinese,1,0.523809552192687988,True,False,False
Battlefield™ 6,Soulless,negative,steam_live,2807960,False,1779022177,6270,english,2,0.5,True,False,False
Battlefield™ 6,"Игра стала вызывать негативные эмоции, с каждым обновлением очередные проблемы.",negative,steam_live,2807960,False,1779021960,10387,russian,1,0.5,True,False,False
Battlefield™ 6,good game,positive,steam_live,2807960,True,1779021895,1627,spanish,0,0.5,True,False,False
Battlefield™ 6,"ㅅㅂ 음성좀 다른나라 언어로 변경할수있게좀 패치해라
뭐냐이게 편의성 ㅈ박았나",negative,steam_live,2807960,False,1779021493,3924,koreana,0,0.5,True,False,False
Battlefield™ 6,"In S.3  sind die Panzer und Landfahrzeuge viel zu schwer zu zerstören, besonders in den kleinen Maps wo nur die Angreifer Panzer haben ist das nicht zu verteidigen!",positive,steam_live,2807960,True,1779020971,24844,german,0,0.5,True,False,False
Battlefield™ 6,"I thought they really had something good going. EA decided that Battlefield should following Call Of Duty down the drain was a better decision than being a way better game. Greed always wins, players gets screwed. Battlefield used to be my favorite and I had high hopes about this game.",negative,steam_live,2807960,False,1779020658,10435,english,1,0.5,True,False,False
Battlefield™ 6,"Battlefield 6 has serious issues with account progression and paid content stability. I purchased the Phantom Edition and used a mix of BF Coins and earned in-game currency to unlock content, which was previously available on my account.

After a recent update, multiple unlocked items relocked themselves and became inaccessible. I contacted EA Support and was told they could not restore the content due to a 30-day game sync limitation, leaving no solution for recovering purchased or unlocked items.

For a game with paid editions and microtransactions, losing access to previously unlocked content with no recovery option is a major issue. Until these account and entitlement systems are made reliable, I can’t recommend spending money on in-game purchases.

Core gameplay may be fine, but the progression and entitlement system is not dependable.",negative,steam_live,2807960,False,1779020505,19149,english,0,0.5,True,False,False
Battlefield™ 6,屎。超绝匹配机制，无敌天才少年，工程追不赢载具，医疗跑不过空格。大家都有美好的未来，如果你觉得日子过得很舒坦可以来试试,negative,steam_live,2807960,False,1779020070,15084,schinese,0,0.5,True,False,False
Battlefield™ 6,"Some weapons have too short a TTK , and the friendly/enemy identification is poor. When you're defeated by an enemy who blends into the dust or the environment, and you can't even see them clearly, the only thing you want to do next is quit the game.Most importantly, EA appears indifferent to player feedback. Long-standing issues that players keep complaining about still haven't been changed",negative,steam_live,2807960,False,1779019848,9062,schinese,1,0.52173912525177002,True,False,False
Battlefield™ 6,史,negative,steam_live,2807960,False,1779019676,15854,schinese,1,0.523809552192687988,True,False,False
Battlefield™ 6,大逃杀BUG多的要死，排不到人不说，排到了不是开局看云就是开局看草，跳伞都跳不了，还有一开始就有的精品区闪光弹，EA叫了三代的大逃杀就端上来这么一坨，做成这样还不如去好好打磨你的本体，S3搞个大逃杀排位赛结果你连bug都不修你更尼玛呢。,negative,steam_live,2807960,False,1779019490,12792,schinese,0,0.5,True,False,False
Battlefield™ 6,港服给我关了，我顶着120多的延迟打日服。吞子弹严重，打出去了6发子弹，给我实际反馈出去了3发。掉包率40%，差评，不建议购买。把港服还回来，卡死了。对新手极不推荐。,negative,steam_live,2807960,False,1779017467,15594,schinese,0,0.5,True,False,False
Battlefield™ 6,老子港服呢？天天顶着100多延迟和舍友打还他妈的吞子弹，EA你m死啦死啦滴,negative,steam_live,2807960,False,1779017383,1124,schinese,0,0.5,True,False,False
Battlefield™ 6,"Definitely has flaws like not a lot of big maps, mediocre gun balance and not such a good XP system. but it has lot of positives also. Overall a solid and fun game,",positive,steam_live,2807960,True,1779016195,6345,english,0,0.5,True,False,False
Battlefield™ 6,一坨大犭句屎,negative,steam_live,2807960,False,1779015956,30413,schinese,0,0.5,True,False,False
Battlefield™ 6,你妈个臭逼的dice，不会平衡就别乱改,negative,steam_live,2807960,False,1779015358,12700,schinese,1,0.523809552192687988,True,False,False
Battlefield™ 6,"Go to hell DICE.
You and your stupid challenges.

Instead of playing the game properly I have to complete these stupid challenges and be useless to my team for hours until I get it done.
Yeah, very fun gameplay.

Please, give us the weapons without having to complete challenges.",negative,steam_live,2807960,False,1779015309,5649,english,3,0.476190477609634399,True,False,False
Battlefield™ 6,new patch is ass,negative,steam_live,2807960,False,1779015168,18688,english,3,0.5,True,False,False
Battlefield™ 6,наконец-то вышло что-то похожее на бф4,positive,steam_live,2807960,True,1779014880,2232,russian,0,0.5,True,False,False
Battlefield™ 6,пук пок пупок воу воу еееее,positive,steam_live,2807960,True,1779014801,7684,russian,0,0.5,True,False,False
Battlefield™ 6,"sehr gute und lange Missionen , aber halt zu wenig .... würde längere und mehr Missionen bevorzugen....
sonst ganz gut,",positive,steam_live,2807960,True,1779014598,1021,german,0,0.5,True,False,False
Battlefield™ 6,"Nagyon szeretem a játékot, csak azok a kurva éaggok ne lennének, és az instabil szerverek működnének rendsen, na és a kúrva helikopterek",positive,steam_live,2807960,True,1779014293,14785,hungarian,0,0.5,True,False,False
Battlefield™ 6,哈哈哈哈哈看天意就行拉,positive,steam_live,2807960,True,1779012980,12257,schinese,0,0.5,True,False,False
Battlefield™ 6,卡的更你奶一样我玩你妈的升值器官,negative,steam_live,2807960,False,1779012801,10579,schinese,0,0.5,True,False,False
Battlefield™ 6,這爛遊戲，頂著200ping跑國外服還能戰一下，亞服秒死外掛是多狂,negative,steam_live,2807960,False,1779012443,6783,tchinese,0,0.5,True,False,False
Battlefield™ 6,战斗！！！,positive,steam_live,2807960,True,1779012339,3244,schinese,0,0.5,True,False,False
Battlefield™ 6,One of the best games ever created ! That is a huge game but i see that is getting destroyed by useless cheaters ! i hove ea and javelin do an effort to ban these IPs !,positive,steam_live,2807960,True,1779012253,56009,english,0,0.5,True,False,False
Battlefield™ 6,"How stupid you must be to make an update like that and why the ♥♥♥♥ EA gatekeeping every content for months, game is boring af without maps, guns and vehicles",negative,steam_live,2807960,False,1779012104,8132,english,2,0.5,True,False,False
Battlefield™ 6,"コンクエストはマップの良し悪しで面白くもつまらなくもなるけどブレークスルーはある程度接敵できて楽しい
いわゆるクソマップが多いけどなぜか楽しい。いいゲームだと思います。",positive,steam_live,2807960,True,1779011171,3631,japanese,1,0.5,True,False,False
Battlefield™ 6,我敢说肯定有很多人跟我一样的，玩多了禁区冲突觉得这游戏不错，结果买完本体玩大战场越打越红温的，每把都会打着打着退游戏的。另外再提一嘴，天才少年是真的多。,negative,steam_live,2807960,False,1779010886,12677,schinese,0,0.5,True,False,False
Battlefield™ 6,"· 敵友識別極差
· 地圖小，交戰密度極高
· TTK超短，半秒都沒
· 服務器超爛
· 介面操作麻煩
· 戰鬥場面混亂
· 很肝

整體來説這游戲對新手很不友好，再加上一堆大陸人開掛，如果你沒玩過戰地系例或第一身射擊游戲，那你就是給了幾百元進來做沙包 毫無遊戲體驗

真心不建議購買",negative,steam_live,2807960,False,1779010455,1810,tchinese,0,0.5,True,False,False
Battlefield™ 6,新图好玩,positive,steam_live,2807960,True,1779010245,12442,schinese,1,0.502512574195861816,True,False,False
Battlefield™ 6,bon jeux,positive,steam_live,2807960,True,1779009416,1702,french,0,0.5,True,False,False
Battlefield™ 6,"I have always been a big fan of the Battlefield series, been playing since BF1942 when you needed to load 1/2 dozen CDs just to install. Personally I think the series peaked with BFV

That being said, this feels less like old BF and more like they tried to copy the pace of CoD. A lot of weapon specs make no sense, many SMGs will outgun a rifle at range, and LMGs all do very little damage whether because of dmg or fire rate (support being my favorite class) which gets you outgunned by everything.

A lot of monetization has been introduced so be prepared to open the wallet if you want to keep up with equipment, otherwise you're waiting till the end of the season to get the newest weapons/gear, and there is a lot of weapons.

Also, the netcode seems to have some issues such as dying to gunfire after you've already made it behind cover. I personally live on a tiny island right now and having no servers here I am reliant on connecting up to the mainland over 1,000 miles away, because of this I pretty much lose any corner surprise gun fights making the game very not fun.

In short, if you like CoD, you will probably like this BF as it is faster paced than pretty much all previous versions, but make sure you are fine with either paying a lot of money every season for new content or being satisfied with the base stuff, and make sure you don't live on a tiny island with bad internet and 1k+ miles of latency.",positive,steam_live,2807960,True,1779009256,21362,english,0,0.5,True,False,False
Battlefield™ 6,每次玩这个脸都红红的烫烫的，可能是恋爱了吧,positive,steam_live,2807960,True,1779008689,1026,schinese,1,0.502512574195861816,True,False,False
Battlefield™ 6,优化垃圾,negative,steam_live,2807960,False,1779008390,7551,schinese,0,0.497487455606460571,True,False,False
Battlefield™ 6,"the game is fun and i love a good battlefield but the gun play has been ruined, every gun has insane spread still. and then the damage drop of means even if the shots hit they do way less damage than listed. the recoil is fine but one second of trigger time shouldnt make my rounds shoot out at a 45*. i dont know who or what made them do this after decades of making shooters. its fun but god they need to fix it, make it what the player what not what they think is needed. you shood be able to dump a mage of 556 and hit a man sized target at 50meters with most if not all rounds. right now its a mess to hit a person at even 20 meters without a head-aimmed round missing by feet do to the guns having such a horrible cone of accuracy. atleast in 2042 you could consistently shoot people at range and have the rounds hit where theyre pointed.

 its $110 ♥♥♥♥♥♥♥ dollars, they can't be ♥♥♥♥♥♥♥ it up this bad.

FIX THE GUN SPREAD, FIX THE DROP OFF. MAKE IT PLAY LIKE A BATTLEFIELD",negative,steam_live,2807960,False,1779008207,9272,english,0,0.5,True,False,False
Battlefield™ 6,Please fix the cpu usage and the temps are skyrocketing making unable to play.,negative,steam_live,2807960,False,1779007418,633,english,1,0.5,True,False,False
Battlefield™ 6,"Smooth gameplay, presented how BF should be.",positive,steam_live,2807960,True,1779007389,3379,english,0,0.5,True,False,False
Battlefield™ 6,"the game is good, but better wait for sale",positive,steam_live,2807960,True,1779006050,1523,english,0,0.5,True,False,False
Battlefield™ 6,"Hello, add Ukrainian language",positive,steam_live,2807960,True,1779005687,106,ukrainian,0,0.5,True,False,False
Battlefield™ 6,"I'm not impressed. It's too expensive for me to recommend it.

Biggest complaint: 
Most scopes are awful (there's like 30), and every scope you actually want to use (a handful) are locked behind hours of playing with terrible ones. It's not fun to be forced to use a bad scope or a zoom level you don't want.

Also:
- the UI is terrible (clunky and not remotely intuitive)
- there's like 1,000 settings but no search feature, you have to manually look through them all 
- it's very grind heavy to unlock weapons and attachments (feels like it was made for unemployed people)
- it costs $70 and they still want you to buy seasonal battle passes

- sniping:
If you're used to sniper rifles in any other FPS game you're going to be irritated. You have to unlock and always use a certain attachment (the ADS bolt) in order for the snipers to function how you expect them to. If you don't use the ADS bolt attachment then this is how shooting any of the sniper rifles works (there are no semi-auto sniper rifles, all of them are bolt action):

BF6 sniping without the ADS BOLT attachment
1) right click to look through the scope
2) left click to shoot 1st shot
3) left click again to stop looking through the scope and cycle the bolt to chamber another round
4) right click to look through the scope again
5) left click to shoot 2nd shot

Equipping the ADS BOLT removes steps 3 and 4 making sniper rifles work like they do in literally every other FPS game.

There's no setting you can change to make it automatically unscope and cycle the bolt, you're forced to manually click the fire button a second time every time. It's a very hard habit to get into if you're used to sniping in other games. You're constantly going to think you can click again to fire a 2nd shot but instead of firing, it's going to unscope and chamber a new round. But hey, at least they made the ADS bolt take a long time to unlock and made it one of the most expensive attachments (equipping it means you won't be able to use all the other attachments you want to equip).",negative,steam_live,2807960,False,1779005129,5396,english,0,0.5,True,False,False
Battlefield™ 6,game keeps crashing on my pc and on my friends consoles like xbox and ps5. i want refund.,negative,steam_live,2807960,False,1779004629,13474,english,1,0.5,True,False,False
Battlefield™ 6,Another half made EA game. Never again,negative,steam_live,2807960,False,1779004385,8353,english,2,0.5,True,False,False
Battlefield™ 6,super buggy.,negative,steam_live,2807960,False,1779003430,6303,english,1,0.5,True,False,False
Battlefield™ 6,супер!,positive,steam_live,2807960,True,1779002587,738,russian,0,0.5,True,False,False
Battlefield™ 6,"Feels clunky, hardly any good maps, most game modes are dead, bad UI, starter guns feel so bad I would rather not play than try to level up and unlock more. Not to mention the shameless microtransactions in a 70$ game. Purchased it on release and I really wish I hadn't.",negative,steam_live,2807960,False,1779002523,597,english,3,0.523809552192687988,True,False,False
Battlefield™ 6,依托答辩，最垃圾的战地系列,negative,steam_live,2807960,False,1779002294,9903,schinese,0,0.497487455606460571,True,False,False
Battlefield™ 6,Good Fun,positive,steam_live,2807960,True,1779001846,4424,english,0,0.5,True,False,False
Battlefield™ 6,the best,positive,steam_live,2807960,True,1779001220,2334,english,0,0.5,True,False,False
Battlefield™ 6,"I really tried to love this game. But ""love"" and ""try"" can't go together, isn't it? You either try or love.
Beta looked great to me, so I decided to buy - it was a no brainer for me. I just missed good old shooters. 
I missed that old BF.

After Season 1, I was burned off. I decided to skip season 2 and try to get back when they will release the next chapter, new season, maybe they'll bring improvements, they won't put pc and console players together. nah.

Since season 1 I started to feel - ""what a waste of money.."", especially when after a month or two of the release, they decided to give 30-40% discount..

And now I can kinda stay with what I was feeling. What a waste of money...",negative,steam_live,2807960,False,1779001015,17094,english,3,0.5,True,False,False
Battlefield™ 6,it's lit,positive,steam_live,2807960,True,1779000516,1587,english,0,0.5,True,False,False
Battlefield™ 6,pewp... ♥♥♥♥♥.,negative,steam_live,2807960,False,1778999486,1572,english,3,0.533898293972015381,True,False,False
Battlefield™ 6,This game is honestly the better FPS out there if you are looking for a lot of action. I personally like the simplicity and the fact that it is also pretty tactical at the same time. It's just a bummer that you've got to pay $70 for the whole experience.,positive,steam_live,2807960,True,1778998604,403,english,0,0.5,True,False,False
Battlefield™ 6,꿀죔꿀죔,positive,steam_live,2807960,True,1778998433,28631,koreana,0,0.5,True,False,False
Battlefield™ 6,너무 재밌있음 일단 내 쵀애 게임,positive,steam_live,2807960,True,1778998085,3639,koreana,0,0.5,True,False,False
Battlefield™ 6,"大战场是我们最重要的模式（笑）
大逃杀的滤镜比本体好了不知道多少，现在大逃杀的皮肤也比通行证给的皮肤好看，有空给大逃杀做那么多补丁，能不能修修你的本体，一堆问题",negative,steam_live,2807960,False,1778997725,16930,schinese,1,0.502965629100799561,True,False,False
Battlefield™ 6,играбельно после 3 сезона,positive,steam_live,2807960,True,1778997421,8460,russian,0,0.5,True,False,False
Battlefield™ 6,游戏设计和机制是不合理的，技术水平是不达标的，滚去和iw nmw2坐一桌,negative,steam_live,2807960,False,1778997273,10058,schinese,0,0.5,True,False,False
Battlefield™ 6,"BF6 runs well, plays well and looks to only be getting better as time goes one.",positive,steam_live,2807960,True,1778996163,4657,english,0,0.5,True,False,False
Battlefield™ 6,"From a development standpoint, DICE has consistently demonstrated the ability to build visually impressive, technically ambitious shooters. However, strong graphics can’t compensate for poor hit detection, which remains a major flaw in the gameplay experience. For many players, Battlefield 3 still stands as the last truly exceptional entry in the Battlefield franchise.",negative,steam_live,2807960,False,1778995658,2450,english,4,0.519230782985687256,True,False,False
Battlefield™ 6,半成品都不如,negative,steam_live,2807960,False,1778994667,1434,schinese,0,0.5,True,False,False
Battlefield™ 6,"game is ok at best in small sessions but overall this game is still pretty terrible. Its still a fast twitchy mess and half of the team is just snipers and vehicles dropping you from across the map with no way to counter it. Getting leveled by SMG's from over 100m out makes no sense. Tanks and vehicles are way to OP to enjoy fighting against and good luck taking a air asset down. They just fly low and break lock and have what seems like unlimited flares. Its trying to much to be like COD and it has completely ruined BF. Season 3 did feel a little better but the overall game is still a disappointment. There is zero tactical elements or teamwork on this game, its basically a team Battle Royale at this point.",negative,steam_live,2807960,False,1778994410,10205,english,3,0.5,True,False,False
Battlefield™ 6,拉完了，枪械手感一坨,negative,steam_live,2807960,False,1778994229,2722,schinese,0,0.5,True,False,False
Battlefield™ 6,"All I have to say is that I keep trying to give this game a chance, I have always loved the Battlefield franchise. But it is just so frustrating that it's a half a year since launch and the game is still unbearably laggy. I cannot understand it, I've turned all my settings down and anytime I look at an enemy player, my ping spikes up to 500-1000ms.

It's not fun at all skating around the world like it's made of ice just hoping for the packets to be received in time to get a kill. Previous games weren't like this, other games aren't like this. I don't know how others are enjoying it at all but kudos to them, I just can't have fun when every battle is just up to who's got the best connection and everyone else suffers",negative,steam_live,2807960,False,1778992775,2915,english,2,0.5,True,False,False
Battlefield™ 6,"15个震撼击杀才能解锁突击兵的新天赋，可能想出这个要求的员工当初母亲因为15次不同的努力把他小脑挤变形了吧，♥♥。
游戏本身还是好玩的，但15个震撼击杀真的傻逼。",negative,steam_live,2807960,False,1778991942,4877,schinese,0,0.5,True,False,False
Battlefield™ 6,"Started some 15 minute XP bonuses and queued up with some friends, XP bonuses time start counting down the moment you click them and not when entering a game, wait 5 minutes in queue to find a game, enter a game with only 4 people in, have a bug where you cannot select your class or guns, wait 5 minutes for the lobby to fill up, leave game because the bug continues even when the game starts, tries joining friends to enter back in game, nothing happens, not even an error code, so can't join them. 

Game is in beta.",negative,steam_live,2807960,False,1778991895,3296,english,1,0.5,True,False,False
Battlefield™ 6,They basically nerfed engineer into the ground. Tanks are the gameplay now.,negative,steam_live,2807960,False,1778990958,11736,english,3,0.500630497932434082,True,False,False
Battlefield™ 6,"千萬不要買
千萬不要買
千萬不要買
千萬不要買
多人遊戲裡面有80%都是AI
我要打AI我玩戰地幹嘛？
超無聊",negative,steam_live,2807960,False,1778990768,5055,tchinese,1,0.523809552192687988,True,False,False
Battlefield™ 6,BF is back!,positive,steam_live,2807960,True,1778990410,8003,brazilian,0,0.5,True,False,False
Battlefield™ 6,At first it reminded me of warzone. Other than that good game. looking forward to the future updates. Recent updates were good. Still reminds me of warzone though.,positive,steam_live,2807960,True,1778989821,3601,english,0,0.5,True,False,False
Battlefield™ 6,新地图真垃圾，全几把是打狙的，刚出来就被瞄上，要有几把一堆坦克，步战玩个蛋。,negative,steam_live,2807960,False,1778989507,5947,schinese,0,0.5,True,False,False
Battlefield™ 6,"Been playing since 1942 came out......they no longer care about those who gave it so much praise. BF6 just recently brought back Golmund Railway (wow, congrats Dice) and it's the only map that actually serves as a BF map. Unfortunately, they've completely removed the option to play closed weapons (it was hidden during the beta and release and you didn't even get to filter out maps and game modes, just play a random rotation). Now the issue is running into multiple enemies, all with different classes, with the meta weapons (didn't see that coming). Yea, it's fun for a short while and you get to live those great BF moments, but it's ruined when you get consistently lasered with a kitted SMG or die from a sniper after unloading half an LMG clip into their position (barely any suppression system). Dice did not ""cook"" or never came back from their 2042 depths. Either they depart from EA or kiss the franchise and any future hope goodbye. What a shame; I'll be devastated when the time comes that they end the BF1 servers since I'm not expecting anything good to come from them in the future. So many issues with this after we thought they heard what we wanted.",negative,steam_live,2807960,False,1778988827,5964,english,2,0.5,True,False,False
Battlefield™ 6,locura!!!!!!!!,positive,steam_live,2807960,True,1778988026,2038,spanish,0,0.5,True,False,False
Battlefield™ 6,"im not sure what kind of matchmaking is going on with bf6, but all my teammates apart from the top 5 appear to be playing with their feet, and the enemies are all warming up for their day job as a full time redsec player. i have no business being in the top 10, but my matchmaking appears to be against me",negative,steam_live,2807960,False,1778987391,4438,english,0,0.5,True,False,False
Battlefield™ 6,"BF is always a great game, give it more time and it will be one of the best games out there",positive,steam_live,2807960,True,1778987362,27145,english,0,0.5,True,False,False
Battlefield™ 6,Keep getting put in 3rd world country servers for some reason,negative,steam_live,2807960,False,1778987275,25138,english,2,0.500630497932434082,True,False,False
Battlefield™ 6,this ♥♥♥♥ is straight ass and filled with cheaters,negative,steam_live,2807960,False,1778987234,4693,english,4,0.511829912662506104,True,False,False
Battlefield™ 6,还可以，就是有点肝。有些地图亮度太晃眼了，没朋友车队，组野队就比较无聊。,positive,steam_live,2807960,True,1778987075,1689,schinese,0,0.5,True,False,False
Battlefield™ 6,Not paying for battle passes in a $70 game.,negative,steam_live,2807960,False,1778986885,3039,english,4,0.534003973007202148,True,False,False
Battlefield™ 6,"How do i say this. after playing for a few hours I can honestly say this is not a good BF game. I've tried to give this game a fair shot i really did but it is not the same. I wanted to enjoy it but i can't with season 3 it's even worse  when trying to shoot anyone you're  just playing with RNG when shooting, Tanks got Buffed too hard so trying to take one down is not worth it anymore. Pc Performance doesn't feel smooth, I have over 400FPS but using a mouse make the game stutter. I tried testing the game with a controller and it help a bit but i rather just uninstall then us a controller for a FPS game. 

I don't even think they care to fix the game. Don't bother buying the game at this point save your money and buy something better unless this game goes for 20$ or less.

How to Fix the game. 

1. Better Performance 
2. Less Bots lobbies 
3. Get rid of random bullet spread 
4. Nerf all Vehicles allow to be destroyed by 2 shot by a RPG Or make the Respawn longer 
5. 3 Maps per season ( Small,  Medium, Large ) 
6. Catch Up System for player coming back  200xp Boost 
7. Allow pc players to turn off Cross play 
8. Better Menu UI 
9. Allow players to take Health/Ammo with out them dropping it ( Less Health and Ammo ) 
10.Make Spotting better 
11. Reward Top Squads with 10-20 In game Currency ( Non custom Lobbies ) 
12. Better custom server browser ( it ok as is but it could be better )
13. Better Training Ground 

I'm sure there more that could be fix but that all i got for now.",negative,steam_live,2807960,False,1778983946,2240,english,1,0.508558452129364014,True,False,False
Battlefield™ 6,Just doesnt feel like the same anymore,negative,steam_live,2807960,False,1778983825,1213,english,4,0.538273096084594727,True,False,False
Battlefield™ 6,"Overall, I have had a decent time on it for a casual enjoyer of the genre.  The guns feel pretty good and there's decent diversity.  The weekly missions are a nice way to keep me coming back each week.  

Outside of this there are a few things that I would like to see changed.  The main thing is that you level up pretty slowly despite multiple increases to xp-gain; for me roughly 1-1.1 levels an hour at time of writing.  Weapon xp is better but you still have to spend an unreasonable amount of time to get some of the good attachments like the rangefinder and glint-hiding bolt for snipers in my opinion.  

Performance-wise, I haven't had any issues playing it like crashing or stuff that makes the game hard to pay.  Maybe some game de-sync, but that's normal at higher pings.  I will admit that my machine is on the  higher end IMO, so take my words with a grain of salt.",positive,steam_live,2807960,True,1778983029,2629,english,0,0.5,True,False,False
Battlefield™ 6,All they had to do was add some maps and keep consistent content going. couldn't do either.,negative,steam_live,2807960,False,1778982916,6727,english,1,0.476190477609634399,True,False,False
Battlefield™ 6,"Greatest game when the beta came out really though battlefield was back and it felt it  .. now all I feel is a cash grab  ever season you have to buy the battlefield pro for $25 every season every update game gets worst cant hear a guy that's standing on my shoulders ,hit markers change weekly .. sorry until they give a dam I'm out.",negative,steam_live,2807960,False,1778982581,24386,english,1,0.476190477609634399,True,False,False
Battlefield™ 6,"Ok here we go. I'm just a guy who works full time and doesn't suck information off of reddit. This game is mediocrely fun. Don't hate it but don't love it. There have been pretty fun moments but overall something is just dull about it and I think I know what it is. 

Don't want to read all this? Brief synopsis. The battlefield does not have the ability to be changed or molded into something chaotically different than what was designed which turns it into a mere call of duty map. 

Conquest requires more players per game. Rush seems to be put on the back burner. Conquest was fun in BF1 because it was so gritty, fighting seemed like there was more movement to your body. 

Rush. The maps seem like they force you in one direction. There are so many times where you're bogged down in one area (moving forward bc that's the only direction you can go) and its a stalemate for minutes. What made other battlefields fun was the ability to be able to MOVE AROUND the conflicted area and attack from one of the flanks or other directions. The battlefield feels like its predesigned instead of an ever evolving field of battle that will turn the tide based off your decisions. Feels manufactured I guess is more my point. All the maps feel that way for the most part. The battlefield feels like more of a call of duty map rather than something that can be changed by the players in real time by probing different areas and moving the fight. 

The guns. Good guns (even though you're too poor to be able to put the real names of them in the game...) I guess     but they need some work. The camos are cool but there need to be more. Put info boxes on all the different features the guns have so we know what everything means and how it works. Also the amount of guns in each section are just severely lacking (I get it, you want to release stuff each season...smh). Give me 3 guns per class each season. Maybe release 3 attachments for each gun per season. The way they made the rail mounted grips is just annoying. I mean, I'm not sure how else to do it tbh but I don't like it lol.

Player Skins. Jesus do I hate a static player skin. Each skin should be able to be customized with every weapon camo...SO THEY CAN MATCH. How is it that I can't match my player and gun? Comical. 

Vehicles. If I spawn in one more mf helicopter that immediately plummets to the ground bc the pilot just decided to jump out I stg. Make it so if the pilot jumps out then the next player in the helicopter automatically switches to the pilots seat. Don't like it? Don't care. Get rid of the vehicle crates and vehicle menu. This is a battlefield. Put the vehicles BACK on the battlefield. Going to cry about the players that sit at spawn waiting on the jets and then you never get a turn? Put a cool down on the jets so you can only pilot a jet every 3 min. I want to steal enemy vehicles from their spawn again. 

Remember the sledgehammer that was soo cool in the trailer? I have never seen someone use it. Not once that I have noticed. Useless. Create meaningful points that the sledgehammer can be used...duh. 

The tactical ladder...??? Useless. That thing should hook to just about ANYTHING in this game. Have a shred of dignity and revamp that bad boy to do what it should be able to do. Become a deer stand. Become a long bridge. Reach that third floor. Don't be weak, allow the battlefield to be changed.",positive,steam_live,2807960,True,1778981745,9574,english,0,0.5,True,False,False
Battlefield™ 6,Imagine ruining a game in a single update LMAOOOOOOOOOOOOOOOOOOO,negative,steam_live,2807960,False,1778981591,4361,english,0,0.476190477609634399,True,False,False
Battlefield™ 6,its okay,positive,steam_live,2807960,True,1778981535,3497,english,0,0.5,True,False,False
Battlefield™ 6,Game keeps getting worse and worse. Too many bugs and glitches and they just keep added news skins and weapons instead of fixing problems. They are heading in the same direction as COD. I would not recommend this POS game.,negative,steam_live,2807960,False,1778981432,27908,english,0,0.5,True,False,False
Battlefield™ 6,Overhyped reskin of battlefield 2042. Don't waste your time on this mediocre game,negative,steam_live,2807960,False,1778981371,2367,english,1,0.5,True,False,False
Battlefield™ 6,it runs... didnt belive it,positive,steam_live,2807960,True,1778981117,1818,english,0,0.5,True,False,False
Battlefield™ 6,"25 year fan of the series, was ultra hyped to see 6 come out. Game was good for the first month or two, but then they ruined it. Constant weird updates made the game slower bringing nothing useful or even new. Gameplay is a Call of Duty. Spawn camping everywhere. Now it's season 3 and finally it's stuck on loading screen forever. I just don't have time to deal with this just to play a couple games after work. I am done with this, EA I want my money back",negative,steam_live,2807960,False,1778981012,3319,english,0,0.5,True,False,False
Battlefield™ 6,7 years ago there was jesus,negative,steam_live,2807960,False,1778980000,1915,english,1,0.523809552192687988,True,False,False
Battlefield™ 6,sa pue sa mère pire jeux 2026,positive,steam_live,2807960,True,1778979839,4013,french,0,0.5,True,False,False
Battlefield™ 6,=),positive,steam_live,2807960,True,1778979763,11955,english,0,0.5,True,False,False
Battlefield™ 6,Par pitié mettez un MOD 3V3 battle royale en royale !,negative,steam_live,2807960,False,1778979345,1518,french,0,0.5,True,False,False
Battlefield™ 6,low player count and rocket launcher meta is the dumbest thing in redsec,negative,steam_live,2807960,False,1778978758,8877,english,0,0.5,True,False,False
Battlefield™ 6,"fora os bugs, o jogo é muito divertido",positive,steam_live,2807960,True,1778978514,7214,brazilian,0,0.5,True,False,False
Battlefield™ 6,dice再不改TTK和后坐力机制那还不如去玩2042,negative,steam_live,2807960,False,1778978495,980,schinese,1,0.52173912525177002,True,False,False
Battlefield™ 6,"-get in a helicopter
-instant lock on from 100 different stingers
highly recommend",positive,steam_live,2807960,True,1778977732,7714,english,0,0.5,True,False,False
Battlefield™ 6,not a good game,negative,steam_live,2807960,False,1778977266,4815,english,0,0.5,True,False,False
Battlefield™ 6,awful,negative,steam_live,2807960,False,1778977109,6911,english,0,0.5,True,False,False
Battlefield™ 6,"It was good at launch, then got meh kind of quickly.  But credit to EA, they listened and fixed a lot of the problems.  I rarely find a cheater and the new maps they are releasing are pretty good.  It's definitely getting better.

Don't buy the whole aim-assist complaining, it's not unbalanced.  The top of the boards are regularly filled with PC players, so it's not like console players are jumping around firing off headshots.  Controllers are still at a bit of a disadvantage even with aim assist.  If you are good it doesn't really matter what platform you are on.

I've logged about 500 hours and would say it has been worth the money so far.",positive,steam_live,2807960,True,1778977020,33335,english,0,0.5,True,False,False
Battlefield™ 6,"zero soul, weapon balancing is atrocious, allowing classless weapon choices is stupid. the m16a4 is basically instakill on your screen. 
redsec runs even worse now, falling through floors and phasing through walls.

but the primary thing i cant get.. how can i hear a gunshot off in the distance or the flames from the zone shrinking in 400m away but 4 blokes steamrolling towards me on foot or in a tank is almost silent until theyre jamming the barrel of their gun into my colon..

on top of this the map design is clearly by someone who has never played a battlefield game before.. every map is narrow with zero verticality. theyve just reintroduced manhattan and i know the roof access has been removed even more than it was before. one map on rush is so narrow theres no room for flanking or tactical pushes; its all about smashing your team headlong into the defense hoping it breaks.
the games used to promote 3 dimensional thinking, to make you think about taking a roof thats pounding your attack on a flag. but no, now its just a glorified tdm with extra steps.

they made a mistake listening to the COD kids and the twitch streamers.. hearing them screech about things they dont like because its not COD and getting their way is just braindead. 

theres a reason why this game fell off and i notice the netcode has gone to the dogs too.. which is on track with every release so far but you bet your bottom dollar theyre pumping effort into the battlepass and not on any of these issues.",negative,steam_live,2807960,False,1778976903,7082,english,0,0.5,True,False,False
Battlefield™ 6,good. needs to have a saudi server tho,positive,steam_live,2807960,True,1778974961,8001,english,0,0.5,True,False,False
Battlefield™ 6,great game,positive,steam_live,2807960,True,1778974693,4017,english,0,0.476190477609634399,True,False,False
Battlefield™ 6,It's really good and the updates made the game even better.,positive,steam_live,2807960,True,1778974625,9950,turkish,0,0.5,True,False,False
Battlefield™ 6,"I'm from Australia, the sever ping is around 35 from sever list but after I joined the game, it turns to around 300-400 every time, which makes the game basically unplayable. I don't think that is my networks problem, since I don't have similar problems in other games including BF 4. Please fix the problems.",negative,steam_live,2807960,False,1778974408,1211,english,2,0.518401443958282471,True,False,False
Battlefield™ 6,"A few months after release, and the game is still unplayable on certain maps due to severe packet loss.

I have a decent PC and a 1 Gbps fiber connection with zero ping issues. I've tried everything from minimum to maximum graphical settings—and while my FPS is great, the packet loss just won't go away. It’s not just me, either. Plenty of other players are dealing with the exact same issue, and there’s still no fix. Good job, EA.

(Just to clarify: I'm running a Ryzen 5 3600X, while EA's minimum requirement is a Ryzen 5 2600. My GPU is also more than decent. I know there's a bit of a bottleneck because I was recently forced to upgrade the GPU).",negative,steam_live,2807960,False,1778973577,2978,english,0,0.5,True,False,False
Battlefield™ 6,Snipe from a tank across the map simulator.,negative,steam_live,2807960,False,1778971662,6388,english,0,0.5,True,False,False
Battlefield™ 6,half the servers kick you back to main menu when you try to join a game. it's like the devs stopped giving a phuck about this game once it was released,negative,steam_live,2807960,False,1778971624,36610,english,0,0.5,True,False,False
Battlefield™ 6,"Game is good, but not 70 dollars good. Wait for it to go on sale. The developers are moving in a better direction, but Battlefield is not totally back",negative,steam_live,2807960,False,1778971588,4479,english,2,0.514640927314758301,True,False,False
Battlefield™ 6,"I am convinced at this point that the people at dice don't know their heads from their asses. This game has only gotten worse since launch. ""lets add more recoil and make vehicles nearly impossible to kill"" I cant imagine who thought this was a good idea. These people don't make games anymore, they make money. They spend all of there time working on battle pass garbage instead of actually trying to make a good game.

There is one major positive that I feel I must share about this game. When you hit Alt F4 it closes immediately. That is the greatest feature of this game.",negative,steam_live,2807960,False,1778971101,4397,english,3,0.524889767169952393,True,False,False
Battlefield™ 6,"Overpriced Trash.
Small maps, dumb unlocking system, boring game modes that dont even reward playing objectives.
What a huge waste of money. I only came back to try it out some more because i heard some youtubers said that BF6 is ""saved"" now. But its not, its still hot garbage and a huge waste of your time and money.

Season 3 is out now and the only new thing we got was 1 boring medium sized map, yet another sh!tshow small map that looks a lot like operation locker from BF4 and a hand full of new paywall locked season weapons you cant unlock for free by just playing the game, but require you to pay for yet another overpriced seasonpass to unlock.

Dont buy this, its not worth it and you will regret it.",negative,steam_live,2807960,False,1778971008,1984,english,3,0.524889767169952393,True,False,False
Battlefield™ 6,Old and bigger maps are coming back!,positive,steam_live,2807960,True,1778970107,1383,english,0,0.5,True,False,False
Battlefield™ 6,Ta evoluindo,positive,steam_live,2807960,True,1778969300,10502,brazilian,0,0.5,True,False,False
Battlefield™ 6,Great gun play but lack every were else. Need to add the old map to add more options. Lacking developer support after launch and try to be to much like COD. RedCon Sucks stop it.,negative,steam_live,2807960,False,1778968736,1994,english,1,0.5,True,False,False
Battlefield™ 6,"Good action game , but very cheaters on PC",positive,steam_live,2807960,True,1778968699,11409,english,0,0.5,True,False,False
Battlefield™ 6,Bad game,negative,steam_live,2807960,False,1778968563,8222,english,2,0.513888895511627197,True,False,False
Battlefield™ 6,"Wo soll ich anfangen...

Beta sehr cool. Gameplay war sehr schnell für ein Battlefield. Ich konnte es kaum erwarten, die Vollversion zu spielen.

FF zu der Vollversion

Release war super. Jedes Update, was danach kam, war einfach nur schlecht. Bis zu dem dato richtig schlechten Patch, wo Mörser und Claymores gebufft wurden (the ♥♥♥♥ knows why) und der Nahkampfwaffe ""Hammer"" ihre Fähigkeit genommen wurde, Strukturen als Fusssoldat zu zerstören; nicht zu erwähnen der absolut viel zu starke Little Bird, der auf Infantrie-Karten hinzugefügt wurde; wurde aus der super Beta und dem Start nurnoch Krebs. Und selbst jetzt wird der Community der Knochen von EA vorgeworfen, dass man sich ja kümmert und man ja auf de Leute hört (ja, den Hammer haben sie wenigstens zurückgebracht), bis zum nächsten Mittelfinger: Man hat sich an den alten Klassikern orientiert und sorgfältig analysiert, welche Map man aus BF4 remastern kann und verkündet stolz, dass der allzeitige Fanliebling ""Goldmud-Bahn"" nun mit der neuen Season spielbar ist.

Wer sich die Spielstatistiken zu BF4 anschaut oder selbst BF4 gespielt hat weiss, dass das eine absolute Frechheit ist, dass diese Map absolut das letzte ist, was sich die Community wünscht. Metro, Shanghai, Zavod oder Noshar Kanäle werden komplett ignoriert. Da sieht man, was man für sein Geld von EA kriegt

Würde sagen 1/10, 5/10 wenn man es mit Freunden spielt
Godspeed",negative,steam_live,2807960,False,1778967766,14866,german,3,0.523809552192687988,True,False,False
Battlefield™ 6,somehow manages to have hackers and scope glare and bots make trying to use a sniper in the game terrible just go back how it was what was wrong with how sniper scopes used to be why do i get hit by tanks and aa guns across the map when trying to use a recon class so dumb ruins the fun of the recon class,negative,steam_live,2807960,False,1778966939,2378,english,1,0.5,True,False,False
Battlefield™ 6,"Guys, game is not friendly for new users at all, you need to be ready that your enemy will be 100+ lvl and kill you with 3-5 bullets. Im nt a bad player but if you are not playing this game constanlty, better play smth else. Otherwise yll be dying and dying and dying.",negative,steam_live,2807960,False,1778966821,6581,russian,0,0.5,True,False,False
Battlefield™ 6,Def passes the time. Only play Bots and it's amazing how sweaty some people are in casual lobbies lol.,positive,steam_live,2807960,True,1778966039,11610,english,0,0.493670880794525146,True,False,False
Battlefield™ 6,Optimizasyon leş,negative,steam_live,2807960,False,1778965181,1741,turkish,0,0.476190477609634399,True,False,False
Battlefield™ 6,"Love the game but Every major update puts it into an almost unplayable state for me for months untill they fix it, and the newest update just reverted all the fixes they had before",negative,steam_live,2807960,False,1778964769,25472,english,2,0.506920397281646729,True,False,False
Battlefield™ 6,Delicious,positive,steam_live,2807960,True,1778964693,14567,english,0,0.5,True,False,False
Battlefield™ 6,Railway to Golmud is as close to peak Battlefield as I was hoping this game would be.,positive,steam_live,2807960,True,1778964616,6662,english,0,0.5,True,False,False
Battlefield™ 6,Constant network issues and crashing is a regular with this game not recommended until its fixed,negative,steam_live,2807960,False,1778963957,7366,english,1,0.5,True,False,False
Battlefield™ 6,"Sehr gutes Spiel.

Manchmal etwas repetitiv aber sonst super.",positive,steam_live,2807960,True,1778963754,4243,german,0,0.5,True,False,False
Battlefield™ 6,Its not a bad game they are working on it for the better,positive,steam_live,2807960,True,1778963448,1768,english,0,0.5,True,False,False
Battlefield™ 6,"I've played most of the other Battlefield games. Long time fan of the series, but...This just doesn't feel right. The maps. Then gunplay. It's just disappointing. I've really tried to like it.",negative,steam_live,2807960,False,1778963150,6700,english,3,0.506920397281646729,True,False,False
Battlefield™ 6,"Juego de mierda, el hit reg es una cagada, no volvere a comprar nada de esta saga es puro bait no vale verga, 3 temporadas y no han arreglado nada bf 2042 es mejor que esta cagada.",negative,steam_live,2807960,False,1778963038,2375,spanish,0,0.5,True,False,False
Battlefield™ 6,"A good game, with many, many caveats, my personal biggest few being wanting bigger maps, the person-to-person combat feeling too COD, and too simplistic ground vehicle combat. Please slow infantry movement down in general, get rid of slides, and get rid of jumping, a good clamber is all we need. Also, MBTs and IFVs should be more difficult to use but more survivable.",positive,steam_live,2807960,True,1778962092,11370,english,0,0.5,True,False,False
Battlefield™ 6,really great and underrated,positive,steam_live,2807960,True,1778961679,13328,english,0,0.5,True,False,False
Battlefield™ 6,Good game. Battlepass popup in game while fighting is is predatory and immersion breaking. Going to battlepass screen locks you out from leaving for 5 seconds. If battle pass only popped up during grey screen would be fine.,negative,steam_live,2807960,False,1778961494,114,english,1,0.5,True,False,False
Battlefield™ 6,"You ready for another FPS game that you have in your library that you completely forget about in 2 weeks because something else filled your time, look no further than this magnificent gem of human consumption, buy now and forget it in a few weeks just to remember you have it, play it again, and remember why you left in the first place, because there's something else better to play.",positive,steam_live,2807960,True,1778960858,6195,english,0,0.48267325758934021,True,False,False
Battlefield™ 6,,negative,steam_live,2807960,False,1778960342,1289,spanish,0,0.5,True,False,False
Battlefield™ 6,"Good game. Catches some vibes from BF4.
It's just the game mode is always in 1 vs 63 or 4 vs 60, weird.",positive,steam_live,2807960,True,1778959586,8624,english,0,0.5,True,False,False
Battlefield™ 6,Don't recommend the TTK its too small every one uses the same 5 weapons the game isn't fun anymore and after every update it gets worse. And the optimization of the new maps its just ♥♥♥♥.,negative,steam_live,2807960,False,1778959395,5741,english,2,0.52173912525177002,True,False,False
Battlefield™ 6,kinda good,positive,steam_live,2807960,True,1778958889,2782,polish,0,0.471698105335235596,True,False,False
Battlefield™ 6,si,positive,steam_live,2807960,True,1778958401,1888,spanish,1,0.509803950786590576,True,False,False
Battlefield™ 6,"Full purchase but sadly after Ranked also introduced,
game is full of cheaters and unplayable. 
Never buying BF again, any version.",negative,steam_live,2807960,False,1778957542,20353,english,2,0.525862038135528564,True,False,False
Battlefield™ 6,N/A,positive,steam_live,2807960,True,1778957487,25409,english,0,0.47413790225982666,True,False,False
Battlefield™ 6,It used to be super good before and now its more and more like mixture of PUBG and COD. ITS JUST POS now.,negative,steam_live,2807960,False,1778957470,18622,english,1,0.5,True,False,False
Battlefield™ 6,"To be fair, the game was a lot of fun in the beginning. From Season 2 the game felt like it was left in a drawer by the devs to catch dust and only once in a while being checked again. In BF4 they brought a lot more maps (especialler bigger maps) and vehicles, but every time something comes new, it is only like one vehicle and 2 or 3 maps but none is big. 
And why the ♥♥♥♥ is the Anti Virus on Kernel-Level, you are obligating players to be on sloppy Windows. I would refund if I still could",negative,steam_live,2807960,False,1778956395,6882,english,3,0.545454561710357666,True,False,False
Battlefield™ 6,this game is better on mouse and keyboard but still super fun,positive,steam_live,2807960,True,1778956176,3728,english,0,0.5,True,False,False
Battlefield™ 6,:(,negative,steam_live,2807960,False,1778956055,3649,english,1,0.5,True,False,False
Battlefield™ 6,"Make ♥♥♥♥ slower, this feels more like COD in big maps than battlefield.",negative,steam_live,2807960,False,1778955451,2367,english,2,0.5,True,False,False
Battlefield™ 6,I still have ptsd from the car crash,positive,steam_live,2807960,True,1778955370,6545,english,0,0.5,True,False,False
Battlefield™ 6,卖160元的网游你连服务器都租不起了？？？,negative,steam_live,2807960,False,1778955328,6851,schinese,1,0.481180071830749512,True,False,False
Battlefield™ 6,Absolute cinema,positive,steam_live,2807960,True,1778955267,19767,english,0,0.5,True,False,False
Battlefield™ 6,"E' un bel gioco, pieno di sorprese e funny moments. Ieri mia cugina è stata uccisa dal suo ex ragazzo, io godo come un porco. Buona giornata",positive,steam_live,2807960,True,1778954292,311,italian,0,0.5,True,False,False
Battlefield™ 6,its really good game,positive,steam_live,2807960,True,1778953770,5868,english,0,0.5,True,False,False
Battlefield™ 6,Railway to Golmud is back,positive,steam_live,2807960,True,1778953720,3275,english,0,0.5,True,False,False
Battlefield™ 6,"It's good, just lacks playable content.",positive,steam_live,2807960,True,1778953555,480,english,0,0.5,True,False,False
Battlefield™ 6,"the game can be fun sometimes

the worst part is soldier visibility (which according to their 2026 roadmap, they'll be addressing this issue in July and/or Fall)

seeing an enemy soldier two inches in front of you let alone five feet is like trying to find garbanzo beans in a pile of doo doo",positive,steam_live,2807960,True,1778953060,1786,english,1,0.518072307109832764,True,False,False
Battlefield™ 6,класс,positive,steam_live,2807960,True,1778952964,893,russian,0,0.5,True,False,False
Battlefield™ 6,muy buen juego,positive,steam_live,2807960,True,1778952658,316,spanish,0,0.5,True,False,False
Battlefield™ 6,Literal ass,negative,steam_live,2807960,False,1778952446,168,english,1,0.5,True,False,False
Battlefield™ 6,PESSIMO,negative,steam_live,2807960,False,1778952339,2050,brazilian,0,0.5,True,False,False
Battlefield™ 6,"“Battlefield 6 could’ve been amazing if the servers weren’t held together with duct tape and expired chewing gum. Every match is just nonstop packet burst, rubberbanding, and random latency spikes. One second I’m shooting an enemy, next second I’m apparently 20 feet backwards staring at a wall. Gunfights feel like a coin toss because the hit registration is completely broken half the time. It’s honestly impressive how a modern AAA game can run this badly online. Fix your servers before selling people another unfinished mess.”",negative,steam_live,2807960,False,1778952272,6111,english,1,0.5,True,False,False
Battlefield™ 6,"After the Season 3 update, the game crashes after 4–5 minutes of gameplay.

The game has a lot of bugs, like invisible walls, disappearing bullets, bulletproof bushes, and those damn notifications! I can’t get rid of those orange dots everywhere.

Also, the game is very unreadable — there’s too much going on in the menu, and it takes a lot of time to find anything.

ADS!!! Every time I enter the game, there are microtransaction ads, and every time I open the menu, there are more ads. Even the main screen is filled with microtransaction banners.

I hate what happened to Battlefield, and I’m going back to BF4",negative,steam_live,2807960,False,1778952254,1292,english,0,0.5,True,False,False
Battlefield™ 6,season 3 made all the guns feel like utter ♥♥♥♥ to use,negative,steam_live,2807960,False,1778951848,8325,english,0,0.5,True,False,False
Battlefield™ 6,"Good game, but:

- Lacks levolutions (Very iconic and made the game feel more distinctive)
- 16 maps as of 05/26/26 with the last one being in FEB 26
- No new content added to Classes
- Battle-passess? More like battle-asses! (Not saying it needs to be like COD, however you can only do so much with military uniforms while still catering to lore) Just add more variety please :)
- Map layout can be very one-sided. This can be exacerbated, dependent on game mode
- That dumb stupid BR game-mode that I hate.


Overall score:6/10",positive,steam_live,2807960,True,1778951660,2481,english,0,0.5,True,False,False
Battlefield™ 6,"乐子游戏打个游戏更他妈的坐牢一样逆天通行证肝的要死连刷通行证的门户都毙了DICE玩过自己的游戏吗
但是比三角洲好",positive,steam_live,2807960,True,1778951132,12735,schinese,0,0.5,True,False,False
Battlefield™ 6,"No i w końcu zrobili Battlefielda, na jakiego wszyscy czekaliśmy! Gra się w to po prostu genialnie. Strzelanie jest mega satysfakcjonujące, a to, co się dzieje z destrukcją otoczenia, to jest jakiś totalny kosmos, mapy rozpadają się w oczach, a klimat wojny dosłownie wylewa się z ekranu. Audio jak zwykle urywa głowę, grafika cieszy oko, a co najważniejsze gierka śmiga płynnie i bez większych problemów. W końcu znowu czuć ten stary, dobry teamplay, gdzie współpraca w składzie ma realne znaczenie, a nie tylko bezmyślne bieganie przed siebie. Jeśli kręcą Was wielkie bitwy i totalna rozwałka, to brać w ciemno i się nie zastanawiać.",positive,steam_live,2807960,True,1778950900,474,polish,0,0.496875017881393433,True,False,False
Battlefield™ 6,This is the biggest AAA Game that has such a lot bugs in the prod version. Today game starts underperforms randomlly and drawdown wit the grafic. I totally DON'T RECOMEND THIS GAME AT ALL.,negative,steam_live,2807960,False,1778950705,7228,ukrainian,0,0.5,True,False,False
Battlefield™ 6,"Não tem uma partida que eu não seja kickado por problema de conexão com os servidores. todos os jogos tem a conexão normal e nunca fico caindo por ""perda de pacote"" ou ""Ping alto"", a partida ta rolando normalmente e simplesmente volto pro menu. Claramente o jogo que eu mais me arrependi de ter comprado, justamente por que na Beta não acontecia isso...",negative,steam_live,2807960,False,1778950408,2464,brazilian,0,0.5,True,False,False
Battlefield™ 6,"they keep breaking the game.people think XP makes you a better player it dose not im at 280 XP still average player take modes away from you like enitation because of XP i am not a good player who cares about XP i enjoy playing Iniation BR the game is no fun playing against hard core players getting killed as soon as you drop in.Take my XP away so i can enjoy the game again Give the bad players a chance to have fun .Time for me to give up on it,im here to have fun not get fusterated give us the choice",negative,steam_live,2807960,False,1778949628,39449,english,0,0.5,True,False,False
Battlefield™ 6,.,positive,steam_live,2807960,True,1778949038,2813,english,0,0.5,True,False,False
Battlefield™ 6,我是吃使大王,negative,steam_live,2807960,False,1778947324,6047,schinese,1,0.502923965454101562,True,False,False
Battlefield™ 6,"Um bólido dos FPS atuais a ser melhor polido e explorado;

Não é o melhor BF, Mas está entre um dos melhores, apesar dos problemas!

Sei que é da EA, mas EU ACREDITO!",positive,steam_live,2807960,True,1778947172,14692,brazilian,0,0.5,True,False,False
Battlefield™ 6,"Seit dem neuesten Update kommt es plötzlich ständig zu Lags egal, was man versucht, es verbessert sich einfach nicht. Für ein Spiel, in das man so viel Geld investiert, ist es enttäuschend, dass es nach gerade einmal zwei Seasons kaum noch spielbar ist, weil es plötzlich anfängt zu laggen. Das empfinde ich persönlich als ziemlich schwach.

Kleine Anmerkung: Ja, meine Hardware liegt über den empfohlenen Systemanforderungen.",negative,steam_live,2807960,False,1778946677,3891,german,2,0.5,True,False,False
Battlefield™ 6,needs more maps and guns. its a fun game with just needs more content to incentivize players coming back. im also glad naval warfare is coming back,positive,steam_live,2807960,True,1778946608,2511,english,0,0.5,True,False,False
Battlefield™ 6,好玩，就是亚服挂太多了,positive,steam_live,2807960,True,1778946298,4490,schinese,0,0.5,True,False,False
Battlefield™ 6,dice真有你的，给挂哥定制段位吗？有意思。,negative,steam_live,2807960,False,1778945771,11352,schinese,1,0.502923965454101562,True,False,False
Battlefield™ 6,THIS GAME IS FREAKING AWSOME,positive,steam_live,2807960,True,1778945573,6473,english,0,0.498084276914596558,True,False,False
Battlefield™ 6,Fezes,positive,steam_live,2807960,True,1778945049,4033,brazilian,1,0.523809552192687988,True,False,False
Battlefield™ 6,低能游戏更新一次就得更新一次驱动，几把脑残吧，落后一两个版本就不给玩牛魔的,positive,steam_live,2807960,True,1778944559,1554,schinese,0,0.5,True,False,False
Battlefield™ 6,Bought to play versus people not bots bro scammed out of 100euro this is not the game I paid for,negative,steam_live,2807960,False,1778944132,4269,english,0,0.5,True,False,False
Battlefield™ 6,Tem muito guerra,positive,steam_live,2807960,True,1778943742,6486,brazilian,0,0.5,True,False,False
Battlefield™ 6,浪费生命,negative,steam_live,2807960,False,1778943507,19355,schinese,0,0.5,True,False,False
Battlefield™ 6,battle was known for the freedom of where you can go now you cant go on some roofs like in NY I wont be buy season 4 just for that reason.,negative,steam_live,2807960,False,1778943012,18337,english,1,0.47826087474822998,True,False,False
Battlefield™ 6,"For all its flaws, I feel that the 2026 roadmap and overall QoL planned improvements are going towards the right direction. 
Season 3 content is already quite fun and a crystal clear signal to better listen to the community when they said they wanted bigger maps, Golmud is really fun and has that sandbox feeling BF is known for.

Game runs well and is fun that's the most important thing, I do feel like there's a lot of balance issues with weapons especially at medium/long range still tho with only a handful AR/carbine/SMG being really viable",positive,steam_live,2807960,True,1778942775,10138,english,0,0.5,True,False,False
Battlefield™ 6,沙兵EA 加强载具 祝EZ设计师 全家宝比,negative,steam_live,2807960,False,1778942643,14211,schinese,1,0.506276190280914307,True,False,False
Battlefield™ 6,"Solid game. Lots of fun solo and with friends. Fun to grind challenges, skins, weapon ranks, good maps, etc. I like this BF more than bf2042 by a mile. Compares to fun IK had with friends back in high school in BF One, which was my first BF game. They're only at the beginning of this games life (kinda) so I'm excited for all the things yet to come.

I have 600 hours in the game. I enjoy the game. After 600 hours, there is one thing I want the devs to do. I really don't care about anything else at this point, AND its a simple thing. PLEASE PLEASE PLEASE just fix the orange dots in the loadouts. Add a read all button. Similarly, there are orange dots on weapons where everything is unlocked already. All camos, all stickers, all charms, all attachments. Nothing is new or unread, but there are unclearable orange dots for 4 weapons for me right now. How has this not been fixed yet? Been a glitch for the entire life of the game since October. 3 seasons and they cant fix a UI glitch. Simple UI ♥♥♥♥ man. Please prioritize this. It's infuriating.",positive,steam_live,2807960,True,1778941934,36876,english,0,0.5,True,False,False
Battlefield™ 6,It has gotten better over time. The addition of Golmud Railway really brings me home for bigger maps in the future.,positive,steam_live,2807960,True,1778941450,6048,english,0,0.5,True,False,False
Battlefield™ 6,shoot ppl fun,positive,steam_live,2807960,True,1778941170,13439,english,0,0.5,True,False,False
Battlefield™ 6,Still soulless boring game,negative,steam_live,2807960,False,1778940986,14103,polish,0,0.5,True,False,False
Battlefield™ 6,Jogo flopado e com partidas muito longas que chega a dar tédio!,negative,steam_live,2807960,False,1778940895,1398,brazilian,0,0.5,True,False,False
Battlefield™ 6,狗屎一样的光影；狗屎的敌我识别；狗屎一样的枪械平衡；日内瓦沟槽的EA,negative,steam_live,2807960,False,1778940511,12119,schinese,0,0.5,True,False,False
Battlefield™ 6,"Battlefield is visually stunning and has great potential, but the gameplay experience is currently broken due to extreme latency dependency.
The Problem: Netcode & High Ping
The game relies entirely on your connection. Even a 1ms difference in ping creates a massive disadvantage that is clearly noticeable during gunfights. My experience has been terrible because:
• TTK (Time to Kill) is inconsistent: I often find myself shooting first and landing an entire magazine into an enemy's chest, only for them to turn around and kill me instantly.
• Desync: On my screen, I am hitting them, but due to the ping, the server doesn't register the damage.
Server Status
Since the Middle East servers were closed, I am forced to play with a ping of 80ms. While this might seem ""average"" in some games, in Battlefield, it makes the game practically unplayable and unfair.
Final Verdict
I cannot recommend Battlefield in its current state. If you don't live right next to a server, you will struggle. It’s incredibly frustrating to lose matches simply because of network infrastructure rather than skill.
Avoid this game until they address the server issues for our region.",negative,steam_live,2807960,False,1778940432,9129,english,1,0.503188133239746094,True,False,False
Battlefield™ 6,"Mal otimizado, ultimos bfs lançados são pay to win, valeria a pena se fosse 100 reais, mas 300, nem a pau",negative,steam_live,2807960,False,1778940331,807,brazilian,0,0.491803258657455444,True,False,False
Battlefield™ 6,bir bf3 mü hayır . ama bundan iyisi var mı hayır . o yüzden başarılı . ha birde o empire state haritasını yapanı varya,positive,steam_live,2807960,True,1778939900,905,turkish,0,0.5,True,False,False
Battlefield™ 6,"If you love being railed from very angle, I have the game for you .",positive,steam_live,2807960,True,1778939882,963,english,0,0.5,True,False,False
Battlefield™ 6,Good game.,positive,steam_live,2807960,True,1778939790,5099,indonesian,0,0.5,True,False,False
Battlefield™ 6,It's less battlefield and more better version of COD. Feels like that Nicki Minaj jskin isn't far away.,negative,steam_live,2807960,False,1778939221,3588,english,1,0.52173912525177002,True,False,False
Battlefield™ 6,唱出了多少人的心声👍,negative,steam_live,2807960,False,1778939106,15752,schinese,0,0.5,True,False,False
Battlefield™ 6,histoire video detail exeptionel,positive,steam_live,2807960,True,1778939078,2275,french,0,0.5,True,False,False
Battlefield™ 6,it good game,positive,steam_live,2807960,True,1778938985,3759,english,1,0.523809552192687988,True,False,False
Battlefield™ 6,我才玩了二十多个小时，刚买的通行证，kd0.6给我封号了，游戏里一堆大仙不封来封我，ea真有你的,negative,steam_live,2807960,False,1778938815,1684,schinese,0,0.5,True,False,False
Battlefield™ 6,"真正的反战游戏，打完感觉得了PTSD,一段时间之内不想再打了",positive,steam_live,2807960,True,1778938761,2771,schinese,0,0.5,True,False,False
Battlefield™ 6,Dummes Hurensohn Game,negative,steam_live,2807960,False,1778938550,275,german,2,0.5,True,False,False
Battlefield™ 6,GOAT OF GAMES,positive,steam_live,2807960,True,1778938546,8129,english,1,0.523809552192687988,True,False,False
Battlefield™ 6,"Jogo bom porém apresenta muitos bugs e glitchs mesmo ja com 8 meses de lançamento, os devs precisam corrigir pois atrapalha muito a experiencia",positive,steam_live,2807960,True,1778938401,6088,brazilian,0,0.5,True,False,False
Battlefield™ 6,只玩单人战役，豪丸！,positive,steam_live,2807960,True,1778938103,476,schinese,0,0.5,True,False,False
Battlefield™ 6,try就完了,negative,steam_live,2807960,False,1778937842,7139,schinese,0,0.5,True,False,False
Battlefield™ 6,垃圾游戏，狗屁平衡，狗屎色调，在这衷心祝愿ea和dice蒸蒸日上,negative,steam_live,2807960,False,1778937447,7506,schinese,0,0.5,True,False,False
Battlefield™ 6,"SM EA,折磨玩家为乐是吧？通行证肝，武器肝，追赶还肝还难！知不知道什么叫追赶啊，我都落后一个赛季了，还让我肝？",negative,steam_live,2807960,False,1778937105,8737,schinese,0,0.5,True,False,False
Battlefield™ 6,"Absolute peak
But there's one issue, no matter what level you are, you'll be placed in lobbies with other players being well over level 500+
This becomes very annoying when you're new to the game and have nothing unlocked",positive,steam_live,2807960,True,1778936355,705,english,1,0.523809552192687988,True,False,False
Battlefield™ 6,goooooood,positive,steam_live,2807960,True,1778935888,8809,english,0,0.5,True,False,False
Battlefield™ 6,I'm too boomer for this crap,negative,steam_live,2807960,False,1778935884,32,english,0,0.5,True,False,False
Battlefield™ 6,"**BF6 = AMAZING GAME RUINED BY FORCED CROSSPLAY**

Battlefield veteran since Battlefield 1942, and honestly… this game COULD have been the perfect Battlefield.

BUT they completely ruined it for PC players with one thing:
FORCED CROSSPLAY.

PC players CANNOT disable crossplay. No option. Nothing. So you are permanently forced to play against console players abusing ridiculously overpowered aim assist that feels straight-up like legal aimbot.

If PC players had the option to turn crossplay OFF, this game would honestly be incredible.

Instead, every fight feels fake:

* console players tracking perfectly through smoke and recoil (which is heavily reduced on console)
* instant lock-on at close range
* zero human error thanks to aim assist doing half the work

And on top of that:

* terrible netcode
* random hit registration
* constant desync
* dying meters behind cover

How do you make gunplay-focused FPS games for 20+ years and STILL have netcode this bad?

Maps are mid overall, except Siege of Cairo which is actually fun.

What frustrates me the most is that the core game is GOOD. The atmosphere, destruction, sounds, movement… it’s all there. But forced crossplay completely destroys the experience for PC players.

This could have been the perfect Battlefield. Instead, it’s another frustrating mess.",negative,steam_live,2807960,False,1778935555,31209,english,0,0.494296550750732422,True,False,False
Battlefield™ 6,"season 3 good, its a step up",positive,steam_live,2807960,True,1778935190,12229,english,0,0.5,True,False,False
Battlefield™ 6,游戏新地图好卡顿,negative,steam_live,2807960,False,1778935146,2520,schinese,0,0.5,True,False,False
Battlefield™ 6,the controls are over sentis even on min,negative,steam_live,2807960,False,1778935134,94,english,0,0.5,True,False,False
Battlefield™ 6,"O game cada vez mais esta voltando as suas raízes com conteúdos que já deveriam ter sido implementado. Agora que a dice acordou, a cada att o game só melhora. Gostei muito dos conteúdos da terceira temporada e o novo mapa Ferrovia goldmund ficou muito bom e até melhor que o do próprio bf4.",positive,steam_live,2807960,True,1778935083,8683,brazilian,0,0.5,True,False,False
Battlefield™ 6,这代战地枪械手感很好，甚至能比肩下使命召唤，一流大战场，就是优化有点差，但是特别好玩，最顶尖的一批fps游戏,positive,steam_live,2807960,True,1778934902,3283,schinese,0,0.5,True,False,False
Battlefield™ 6,no thanks,positive,steam_live,2807960,True,1778934197,1009,english,0,0.5,True,False,False
Battlefield™ 6,优化简直就是一坨,negative,steam_live,2807960,False,1778933993,5011,schinese,0,0.5,True,False,False
Battlefield™ 6,"Dieses Spiel ist die pure Hassliebe wenn man die alten Teile kennt.

Voller Cheater, kleiner Karten und sinnlosen Modis, wo ein Team 2 Panzer hat und der Gegner nur Fußvolk. 

Die alten Teile haben Spaß gemacht, das hier ist einfach purer Community-Hass den EA und DICE da herausgebracht haben. Selbst die Seasons können daran nichts ändern, im Gegenteil. Der Vibe aus den alten Teilen, anno BF3 und BF4 fehlt komplett wo man auf gemieteten Servern, mit richtigen ADMINS, die für Fairness gesorgt haben spielen konnte, heute erlebt man ganze Teams, die vor den Spawnpunkten nur auf die Gegner warten..

Die Serie hatte mal ihren Reiz, jetzt verursacht sie mehr Brechreiz wie Spaß!!!!",negative,steam_live,2807960,False,1778933721,8735,german,3,0.523809552192687988,True,False,False
Battlefield™ 6,"Great game, still enjoy playing this daily. More maps and content would be great but stuff is in the works on the roadmap. In my opinion there is too much of a focus on redsec, I don't have any interest in that part of the game.",positive,steam_live,2807960,True,1778933498,8543,english,0,0.5,True,False,False
Battlefield™ 6,"REDSEC: Platten anlegen ist zu langsam , TTK auf Close extrem schnell, erst recht gepaart mit dem langsamen movement und der schwierigen ""Sichtung"" von Gegnern. Treffer feedback ist etwas komisch. Aber insgesamt ein gutes Spiel. 7 von 10 Punkten, wenn es einen Solo Modus geben würde wäre es eine 8 von 10.",positive,steam_live,2807960,True,1778933308,7249,german,0,0.5,True,False,False
Battlefield™ 6,its genuine peak,positive,steam_live,2807960,True,1778932943,3438,english,0,0.5,True,False,False
Battlefield™ 6,I like it but can you avoid turning it into another COD.,positive,steam_live,2807960,True,1778932931,6200,english,0,0.5,True,False,False
Battlefield™ 6,amazing.. constant updates with maps gear and xp,positive,steam_live,2807960,True,1778932514,48609,english,0,0.5,True,False,False
Battlefield™ 6,Bad Netcode u will have many pinhspikes with 300ms or higher,negative,steam_live,2807960,False,1778932089,5108,german,3,0.5,True,False,False
Battlefield™ 6,Gunplay somehow feels worse,negative,steam_live,2807960,False,1778931708,1087,english,1,0.515050172805786133,True,False,False
Battlefield™ 6,"世界上最恶心的游戏没有之一，服务器纯是狗屎，开了十枪吞子弹能吞8枪，敌我辨识仿佛完全不存在，游戏环境充斥着挂逼阴逼蹲逼。
战地系列越做越屎，赶紧完鸡巴蛋吧，傻逼ea。",negative,steam_live,2807960,False,1778931501,3404,schinese,1,0.523809552192687988,True,False,False
Battlefield™ 6,♥♥♥♥ environment,negative,steam_live,2807960,False,1778931451,6799,tchinese,0,0.5,True,False,False
Battlefield™ 6,更新后无法运行游戏,negative,steam_live,2807960,False,1778931183,6247,schinese,0,0.5,True,False,False
Battlefield™ 6,Spotting System sucks ass,negative,steam_live,2807960,False,1778930492,23461,german,2,0.5,True,False,False
Battlefield™ 6,第3赛季更新后你是往文件里塞了一坨谢特吗，很容易在匹配时闪退，1 2两个赛季从未有过这样的情况。,negative,steam_live,2807960,False,1778930421,3287,schinese,1,0.523809552192687988,True,False,False
Battlefield™ 6,"Desde que salio hasta ahora ha mejorado muchisimo. En concreto esta temporada 3 se han esmerado sobremanera. Solamente espero que pongan solitarios en redsec como habian comentado, y muchos lo queremos. Por lo demas, muy buen juego y muy buenas horas de vicio que quedan por delante.",positive,steam_live,2807960,True,1778930028,4574,spanish,0,0.5,True,False,False
Battlefield™ 6,最佳运营奖,negative,steam_live,2807960,False,1778929639,7402,schinese,0,0.5,True,False,False
Battlefield™ 6,"Belle mappe, Gioco in continuo aggiornamento, con diverse modalità, continuate così!!",positive,steam_live,2807960,True,1778928338,7923,italian,0,0.5,True,False,False
Battlefield™ 6,gud,positive,steam_live,2807960,True,1778928215,9,english,0,0.5,True,False,False
Battlefield™ 6,前面都正常，第三赛季一更新直接报错793125024，完全没有打完一整局，几分钟闪退,negative,steam_live,2807960,False,1778927594,7162,schinese,0,0.5,True,False,False
Battlefield™ 6,"The beta was better in every way. Maybe it will be playable in six months, but every updates make it worse.",negative,steam_live,2807960,False,1778927466,2541,french,2,0.5,True,False,False
Battlefield™ 6,"I like to have fun, fun, fun, fun, fun, fun, fun, fun, fun.",positive,steam_live,2807960,True,1778927358,17947,english,0,0.47826087474822998,True,False,False
Battlefield™ 6,"Está entretenido desde BF1 jugando y la mejora gráfica y mecánica es considerable, divertido.",positive,steam_live,2807960,True,1778925719,9834,spanish,1,0.523809552192687988,True,False,False
Battlefield™ 6,dead,negative,steam_live,2807960,False,1778924732,1805,english,2,0.5207100510597229,True,False,False
Battlefield™ 6,Läuft ganz gut mit ein paar Abstrichen in Grafik und Auflösung. Komme so auf 70-80 fps,positive,steam_live,2807960,True,1778923863,4564,german,0,0.5,True,False,False
Battlefield™ 6,一手好牌打稀烂，资金全给宣发,negative,steam_live,2807960,False,1778923346,17706,schinese,0,0.5,True,False,False
Battlefield™ 6,91,negative,steam_live,2807960,False,1778922918,186,schinese,0,0.5,True,False,False
Battlefield™ 6,"FPS下手だけどレビュー
歩兵戦について
・画質や破壊表現は素晴らしいと思う。
・ほかでも言われているが武器のレベル上げめんどい。
・TTKが早すぎて撃ち合いしてるというより、理不尽死を押し付けるみたいなバランスになってる。
・スナイパーが特定距離で胴体ワンパンになってるから高台芋がうざいかも。
・画質いいのは良いけど敵見づらくない？
・マップの有利不利結構あるし、芋砂専用高台みたいなのは邪魔。
乗り物について
・柔らかいが、攻撃力が高いという感じのバランス。
・誰でも無双ではないのは良いが、初心者には確実に厳しい（対処するのも乗るのも）
・ヘリや戦闘機の操作感が重い。なれれば問題なし。
・前述の視認性のせいで地雷やC4突撃見えない。
・今作地上湧きだから、リスキルされやすいし初動に利敵されて爆破されたりする。

2042のせいで神ゲーとかBFが戻ってきたとか言われてたけど、BFVとかやってた身からするとなんか微妙に感じる。クソゲーとかではないんだろうけどね、、、超致命的なバグとかヤバすぎるチーターとかもないし。",negative,steam_live,2807960,False,1778922815,2094,japanese,1,0.506172835826873779,True,False,False
Battlefield™ 6,"我是被朋友推荐来尝尝战地六的，从战地三开始至战地2042，可以说我从未有过如此屎的感觉。真的玩家骂EA和DICE不是没有原因的。
先谈预购的问题：我预购不到三个月的游戏就开始八折优惠，预购给的东西在正式上线之后还能在游戏里面内购。那我预购的意义何在，品尝更多的bug？玩你那个政治正确的脑瘫美国爆米花剧情？真的为了赚这点钱脸都不要了。
游戏体验的问题：你们工作室真的尼玛只会单方面思考是不是，那最好你们这该死的战地工作室所有人把自己脑袋全部砍下来丢进厕所跟屎带一块，历代有轮椅我是能接受的，但是，你好歹让别的枪有存在的意义好不好，4的AEK971,1的SMG0818，M1917望远瞄具，5的二式，索米，每一把枪都只能说在自己的优势区间称王称霸，出了这个范围，别的枪还有一战之力。你看看现在这个环境，一进去全是轮椅互冲，别的枪跟摆设一样，大战场没做明白，还在那边整你那个该死的大逃杀，两端的模式不一样，还在那边套一样的数据，怎么5代的经验没有吸取够是不是？载具平衡也是一坨大的，你们全工作室是没有人玩游戏吗？怎么做到又让载具恶心又让步兵恶心的，玩个游戏一定要凑黑队，载具加个逼血条临界值，低了一定要回去下车修，交战的时候没人配合脆的跟纸一样；步兵看见载具，坦克之类的陆地载具还能拿命换一下，空载真的想抓都抓不到，NM的二十一世纪的武器了，你一件单兵防空装备只能打700米以内是吧，数据数据不给全，又要玩家去到局内试，局内强度跟高压锅一样，就看谁能熬死谁，打一局游戏比我上三个小时班都累。
然后是一些零零散散的问题：你们的服务器是多土豆啊？一轮7枪能吞4枪，怎么优化一下玩家体验会死是吧？你游戏里显示的bug都已经3个赛季了还没修复？枪装个配件在预览界面都能卡模型，进游戏甚至只能看见一个枪管在浮空飘的，没打磨完就不要上线嘛，真的没能力就解散吧。我这预购的钱就当给你们工作室全体人员的老冯买骨灰盒的钱了，我测你的🐎。",negative,steam_live,2807960,False,1778922294,6761,schinese,1,0.5,True,False,False
Battlefield™ 6,норм,positive,steam_live,2807960,True,1778921109,1520,ukrainian,0,0.5,True,False,False
Battlefield™ 6,"класна гра, рекомендую",positive,steam_live,2807960,True,1778920862,1086,ukrainian,1,0.52173912525177002,True,False,False
Battlefield™ 6,Ha agyvérzést keresel ez a te játékod,positive,steam_live,2807960,True,1778920647,6440,hungarian,0,0.5,True,False,False
Battlefield™ 6,bad game,negative,steam_live,2807960,False,1778920527,16367,italian,0,0.5,True,False,False
Battlefield™ 6,压力爆高，如果枪法不够硬或休闲的玩家慎入，容易玩腻，枪的手感打磨还不够，击杀反馈不明显,negative,steam_live,2807960,False,1778919214,1098,schinese,0,0.5,True,False,False
Battlefield™ 6,sarıyor,positive,steam_live,2807960,True,1778918953,2645,turkish,0,0.5,True,False,False
Battlefield™ 6,如果你无信息拐角跳拉秒了我，我就要在下一个路口放置一个阔剑地雷对你造成95点伤害并把你的衣服弄脏。,negative,steam_live,2807960,False,1778917150,15181,schinese,1,0.52173912525177002,True,False,False
Battlefield™ 6,"チャットを日本語キーボード時に開いてしまった場合、DX処理落ちエラーが起きる
マジで治せ。

オペレーティングシステム： Windows 11
CPUブランド：AMD Ryzen 7 5700X 8-Core Processor
RAM：64 GB
ビデオカード：NVIDIA GeForce RTX 5070
メインVRAM：12 GB",negative,steam_live,2807960,False,1778917038,2503,japanese,0,0.5,True,False,False
Battlefield™ 6,DICE just loves to make horrible BFs at this point,negative,steam_live,2807960,False,1778916803,4000,english,3,0.492779821157455444,True,False,False
Battlefield™ 6,COD好的不学差的全部学了，COD PC转主机你直接把你在PC注册的账号在主机上登就行了，EA你要想在主机登账号还要绑定，而且如果PC账号绑错了想换绑？对不起，等6个月再来换绑，找客服比请如来佛祖还难，花钱请别人找客服都解决不了。COD肝枪倒学了不少，还有我在战地1和5把把爽捞到战地6就被打的怀疑人生，估计就是地图各类建筑掩体太多导致没办法中近距离刚枪刚到爽。,negative,steam_live,2807960,False,1778915766,217,schinese,0,0.5,True,False,False
Battlefield™ 6,nah,negative,steam_live,2807960,False,1778914825,4046,english,0,0.492610841989517212,True,False,False
Battlefield™ 6,"Game used to run well enough with great ping on my PC. Unfortunately, after a recent update, multiplayer currently unplayable for community and official servers. It is the only game on my library that has this strange incredibly HIGH latency out of nowhere. I feel like this would probably solved if you could manually select a region to join from, but this small startup company is unable to do that I guess.",negative,steam_live,2807960,False,1778914576,2718,english,3,0.525757253170013428,True,False,False
Battlefield™ 6,"更新把唯一好玩的【大逃杀启程】弄没了，你们是真牛b啊。

之前steam上没给任何游戏打过差评，你们是第一家，真是天才的制作组",negative,steam_live,2807960,False,1778914456,14230,schinese,0,0.5,True,False,False
Battlefield™ 6,"Before the patch, the game was running perfectly fine for me , after this update, the game is experiencing heavy  frame drops on all maps.",negative,steam_live,2807960,False,1778913904,25751,english,2,0.525773525238037109,True,False,False
Battlefield™ 6,"！？神神？！
！？屎屎？！",positive,steam_live,2807960,True,1778912195,45302,schinese,0,0.5,True,False,False
Battlefield™ 6,哎，ea也回不到以前了，但还是支持一下,positive,steam_live,2807960,True,1778912053,5370,schinese,0,0.5,True,False,False
Battlefield™ 6,,positive,steam_live,2807960,True,1778910192,2960,english,0,0.5,True,False,False
Battlefield™ 6,할인할때 찍먹하셈,positive,steam_live,2807960,True,1778909967,4912,koreana,0,0.5,True,False,False
Battlefield™ 6,Awful netcode while they focus on trying to push more paid content onto us... 2042 was somehow more playable...,negative,steam_live,2807960,False,1778909345,15747,english,2,0.495225787162780762,True,False,False
Battlefield™ 6,"Is the game fun, Yes. Is it weighted to the benefit of console plebs, Absolutely! Horrible netcode, bad hit-reg, Cheaters despite kernel level anti cheat and secure boot. Totally a false bill of goods, but fun with friends.",positive,steam_live,2807960,True,1778909217,17130,english,2,0.51718825101852417,True,False,False
Battlefield™ 6,MEH,negative,steam_live,2807960,False,1778909163,270,finnish,0,0.5,True,False,False
Battlefield™ 6,♥♥♥♥♥♥♥♥， fk  ♥♥♥♥♥♥♥ EA,negative,steam_live,2807960,False,1778909039,895,schinese,0,0.5,True,False,False
Battlefield™ 6,good game!,positive,steam_live,2807960,True,1778908797,2501,english,0,0.481012642383575439,True,False,False
Battlefield™ 6,john rambo green beret keeps on killing me and im getting angry rn,negative,steam_live,2807960,False,1778907786,1018,english,0,0.5,True,False,False
Battlefield™ 6,"Don't waste your time:
- Littlebird is still way too OP
- EA doesn't deal with cheaters ahead of the curve
- When the two come together you're just going to get farmed by a flying virtual bully who's essentially untouchable.

Modern FPS is dead because there isn't enough done to curb cheaters. I've played fps now for 2 decades and I can clearly see the signs of someone abusing an ESP and aimbot and it's so rampant now in any FPS title you're just going to play yourself into a bad time for most matches.",negative,steam_live,2807960,False,1778907452,24197,english,2,0.527345180511474609,True,False,False
Battlefield™ 6,With the latest railway to Golmud. I think we are on the way to a really good start title. Haven’t played this much since BF1.,positive,steam_live,2807960,True,1778907216,2299,english,1,0.513779520988464355,True,False,False
Battlefield™ 6,Pretty playable. Needs some work (maps and a bloody server browser). Id recommend it if you have somewhat fond memories of bf3-4,positive,steam_live,2807960,True,1778906813,4469,english,0,0.5,True,False,False
Battlefield™ 6,"This game used to be ok. Now helis are untouchable, if you do manage to kill one theres the same one back dropping people off at random points like 8 seconds later. Cant lock on below 100M, flares, and they take like 3+ hits. games dont fill. ping is bad. Gives more of a COD feel than Battlefield. Overall 6/10",negative,steam_live,2807960,False,1778905433,7097,english,0,0.5,True,False,False
Battlefield™ 6,Fun stuff. PLAY THIS GAME.,positive,steam_live,2807960,True,1778905183,3103,english,0,0.5,True,False,False
Battlefield™ 6,"corrijan el net code y seria perfecto. En Chile y Argentina se necesitan servidores, la conexión con Brasil es muy mala, con una TAS de 53ms.... no vencemos a nadie y al final aburre..!!!!",positive,steam_live,2807960,True,1778905149,7074,spanish,0,0.5,True,False,False
Battlefield™ 6,sb dice 亚服满人局打完匹配下一局直接就没几个人了，全是bot。欧服就不会，匹配的一直都是满人局,negative,steam_live,2807960,False,1778904484,18592,schinese,0,0.5,True,False,False
Battlefield™ 6,"Прошел полностью игру. Игра с огромными багами.
Подбор игроков королевской битве и redsec ужасен
А так шутер хорош",positive,steam_live,2807960,True,1778904180,74229,russian,0,0.5,True,False,False
Battlefield™ 6,R.I.P battlefield,negative,steam_live,2807960,False,1778903653,10854,english,0,0.476190477609634399,True,False,False
Battlefield™ 6,i guess try again,negative,steam_live,2807960,False,1778903485,4077,english,0,0.476190477609634399,True,False,False
Battlefield™ 6,Best game out,positive,steam_live,2807960,True,1778902509,7994,english,0,0.5,True,False,False
Battlefield™ 6,good,positive,steam_live,2807960,True,1778901235,9254,schinese,1,0.502512574195861816,True,False,False
Battlefield™ 6,"last update ruined some mechanics... nerfed some good stuff
Had a good run",negative,steam_live,2807960,False,1778900304,26951,english,0,0.5,True,False,False
Battlefield™ 6,"サーバーブラウザがない時点でゴミゲー
マッチかけてもBOTばっかりでクソしょーもない
新マップとか新武器とかバランス調整とか、もうどうでもいいからまずサーバーブラウザ実装しろやカス
サーバーブラウザが無いせいでまともプレイできない",negative,steam_live,2807960,False,1778899353,4345,japanese,4,0.529024302959442139,True,False,False
Battlefield™ 6,"Every aspect of this game is half-assed garbage at the same quality of an unpaid intern with zero prior experience. The bullet hit registration varies between 20-65%. The character models of enemies are more often than not invisible. The audio... the ♥♥♥♥♥♥♥♥ audio has to be some of the worst in ANY fps out there... you're telling me that foot soldiers in a full sprint with full kit n kaboodle make no sound until they're roughly 2-5ft from you... or sometimes they've already killed you and THEN you start to receive their audio? or how about entire tanks or helicopters having no audio either... This is one of the most unstable shooters i've ever played and quite honestly pushes my mental state to a whole new level of concern... If i could get my money back, i would and then some because of the toll this game has put on me. Core game mechanics are just absolutely crippled and crumble at the slightest hint of an engagement. EA should just sell off the rights to BF and someone else who can actually put together a game not held together with rust and a prayer. I'm ashamed i spent money on this game, I feel scammed, because at no point does battlefield 6 feel fun. Save your money and time and don't buy this garbage",negative,steam_live,2807960,False,1778899039,15774,english,1,0.5,True,False,False
Battlefield™ 6,"The game is fun, story mode isn't all that but online is where things get fun.",positive,steam_live,2807960,True,1778897241,7356,english,0,0.5,True,False,False
Battlefield™ 6,deliciaaaaaaaaaaaaa,positive,steam_live,2807960,True,1778896905,42999,brazilian,0,0.5,True,False,False
Battlefield™ 6,Imagine buying a game that when you try to join a multiplayer match it just loads you back to the main menu. Nice job Dice.,negative,steam_live,2807960,False,1778896762,14796,english,0,0.5,True,False,False
Battlefield™ 6,"The aging Battledads can't keep up with the twitchy rat zoomers mainlining Alani energy drinks so they're mad and blaming hit reg and netcode or whatever. I was accused of hacking because some guy managed to somehow dump an entire mag about 15 feet from me and miss every shot. Most tank drivers panic and floor it in a straight line until they explode. Your helicopter pilot's only goal is probably to fly to the highest point on the map and bail so he can snipe for 45 minutes. I shot the same guy at least 7 times in the same place because he kept walking back to his favorite sniping spot without changing his gameplan a single time so I just left him alone. Almost no one is using a mic and when they do you usually wish they weren't. The RPG reloads so fast you can solo God so they nerfed it and nothing changed. You spend 20 minutes trying to stop the same 3 guys from backcapping over and over because you can't find their stupid spawn beacon and when you do they just come back anyway. Medics on your team will stand literally on top of you for half a minute while you slowly bleed out as you silently beg them to suddenly experience brain activity. 

I love this game",positive,steam_live,2807960,True,1778896287,14686,english,2,0.545454561710357666,True,False,False
Battlefield™ 6,"Weird Company, ever since battlefield V they have dropped the ball. Always hype up trailers and promotional material but never do they ever deliver. Guess the game will be playable in a few years... maybe wait until then, becuase the game is like a graveyard with it's updates. They can't even add a proper server browser. The entire update schedual has been Skins, Shop Packs and FOMO modes that only last a few weeks or so, what happened to their promises? Even the skins they said would stay ground ARE NOT. 0/10 unless we get some more bigger maps and a server browser... even then this realease was a total lie and a flop to the real bf title fans... again.",negative,steam_live,2807960,False,1778895810,929,english,2,0.5,True,False,False
Battlefield™ 6,i like this game,positive,steam_live,2807960,True,1778895286,6435,english,1,0.523809552192687988,True,False,False
Battlefield™ 6,Updates have me playing this as much as I did bf3 and 4,positive,steam_live,2807960,True,1778895156,4902,english,0,0.5,True,False,False
Battlefield™ 6,"The matchmaking is garbage. I should not be getting bot lobbies or waiting in a server that never fills on a Friday night while trying to play conquest on a new map.

Hopefully they don't drop the ball on the server browser whenever they finally add it.",negative,steam_live,2807960,False,1778894690,16918,english,0,0.5,True,False,False
Battlefield™ 6,2042 é melhor,positive,steam_live,2807960,True,1778894428,27176,brazilian,0,0.491803258657455444,True,False,False
Battlefield™ 6,"Very fun game. The combat, team work and vehicles make the game very immersive and enjoyable! I have the game on the overkill preset and get a very smooth experience with no frame gen or upscaling techniques.",positive,steam_live,2807960,True,1778894307,1343,english,0,0.5,True,False,False
Battlefield™ 6,"Its not great, not terrible. Better than the previous installation 2042. Far far worse than the legendary Battlefields 4-1. Its an attempt but overall falls short. EA sucks. We will never get those games back.",positive,steam_live,2807960,True,1778893793,6711,english,0,0.5,True,False,False
Battlefield™ 6,The UI & UX design of all of the menus is so bad. Literally the worst experience trying to nagivate anything.,negative,steam_live,2807960,False,1778893379,2864,english,2,0.523809552192687988,True,False,False
Battlefield™ 6,DAS ist nicht Battlefield... Das ist ein COD Verschnitt und dazu noch ein ziemlich schlechter. Schade. Das erste Battlefield dass ich zurückgeben musste. keine 70€ wert,negative,steam_live,2807960,False,1778891788,63,german,3,0.523809552192687988,True,False,False
Battlefield™ 6,JOGO BRABO,positive,steam_live,2807960,True,1778891581,265,brazilian,0,0.5,True,False,False
Battlefield™ 6,just feels like ea wants their games to fail. they finally beat their competitors and then they just packed their bags and gave up. it doesn't make a lick of sense.,negative,steam_live,2807960,False,1778891285,13550,english,1,0.504950463771820068,True,False,False
Battlefield™ 6,"todo bien excepto el puto net code, ya tres temporadas y no pueden arreglarlo, y culpa de EA por su alta rotacion de personal, puro becario se esta encargando de este juego, vale para pura verga",negative,steam_live,2807960,False,1778890785,30065,spanish,1,0.508108139038085938,True,False,False
Battlefield™ 6,Please fix the lag,negative,steam_live,2807960,False,1778890593,8520,english,0,0.5,True,False,False
Battlefield™ 6,after the season 3 the game doesn't work properly as it was at season 2 . I'm about do deleted the game,negative,steam_live,2807960,False,1778889367,15592,english,1,0.523809552192687988,True,False,False
Battlefield™ 6,"Melhor BF desde o bf 1. Gameplay foda, gráficos lindos e os caba tão sempre atualizando. Tem potencial para uns 5 anos no minimo, é só a EA deixar a DICE trabalhar",positive,steam_live,2807960,True,1778889183,7743,brazilian,0,0.5,True,False,False
Battlefield™ 6,game started off really well was addicted at launch took a break came back for season three and the games just not fun anymore theyve ruined the gun play the hit reg is terrible and the random recoil it has just makes no sense. Not for me anymore unfortunately,negative,steam_live,2807960,False,1778888310,6362,english,0,0.5,True,False,False
Battlefield™ 6,"It's a good Battlefield. It's also a different Battlefield from the fan-favorites (3, 4 and 1). With Season 3, Phase 1, Battlefield 6 is inching closer to feeling like those games, mainly in regards to combined arms combat.",positive,steam_live,2807960,True,1778888092,34229,english,1,0.501066148281097412,True,False,False
Battlefield™ 6,"As a battle royal fan I have no idea why do you deal with REDSEC like this and each season it gets worse and worse, there was a mode that you can play with 16 players and the rest till 40 or something are bots, then you decided to remove that mode 
The map does not fit a 100 players, it is small, how no one of you noticed that, make it bigger, I played for 2 hours I did not die once in a normal fight, always I am fighting someone, one or two or three squads are around and they kill us without us even knowing where they are 
The map should be for 30 or 40 players MAX not for 100 !!!!! 
The other modes they stopped to be fun because after a while it becomes boring, so I was changing a bit by battle royal and now you made it horrible 
Time to Uninstall",negative,steam_live,2807960,False,1778887722,13048,english,0,0.5,True,False,False
Battlefield™ 6,brraap brrrraaap !,positive,steam_live,2807960,True,1778887478,6862,english,0,0.5,True,False,False
Battlefield™ 6,"I'd prefer playing this over the futuristic style shooters and call of duties any day. If you want to load up and shoot players with a fairly realistic military vibe, then this Battlefield does that. I think this Battlefield offers a lot of play style options in which you can dabble. The main frustration I have had is feeling like players are shooting me almost the moment I even think I'm going to peak a corner. This is either my fiber optic connection working to my disadvantage, the Battlefield server, or my ""old age"" reaction time catching up with me. LOL.",positive,steam_live,2807960,True,1778886754,589,english,0,0.5,True,False,False
Battlefield™ 6,I love Battlefield. This one is great. New map Railroad is awsome. Cant wait for naval battles as well :) Love destruction and love medic drag bodies to save teammates. Cant wait for Platoon play :),positive,steam_live,2807960,True,1778886717,6454,english,0,0.5,True,False,False
Battlefield™ 6,S3 ja Railway to Golmud kartta toi takaisin sen tunteen mitä BF 3 ja 4 antoi silloin vuonna nakki ja makkara.,positive,steam_live,2807960,True,1778885787,4457,finnish,1,0.523809552192687988,True,False,False
Battlefield™ 6,"Done with EA, Done with this game. They suspended me for my Steam name (which I have had since I bought a PC 8 years ago). A steam name that I have played multiple EA titles including BF6 since launch and have over 200 hours in. Now I have a random suspension for a censored word in my username, for a game that is M rated and Has ""Strong Language"". EA can get bent..",negative,steam_live,2807960,False,1778885339,12593,english,4,0.547250926494598389,True,False,False
Battlefield™ 6,good game fr,positive,steam_live,2807960,True,1778885284,5690,english,0,0.5,True,False,False
Battlefield™ 6,"Spoko lecz jedyny minus to kobiece postacie 
ale gra fajna",positive,steam_live,2807960,True,1778885158,7262,polish,0,0.5,True,False,False
Battlefield™ 6,gutt,positive,steam_live,2807960,True,1778884019,3444,czech,0,0.5,True,False,False
Battlefield™ 6,Love the game play,positive,steam_live,2807960,True,1778883686,1732,english,0,0.5,True,False,False
Battlefield™ 6,this game is Trash ...just like COD,negative,steam_live,2807960,False,1778883030,22585,english,2,0.509502708911895752,True,False,False
Battlefield™ 6,"La descente au enfer du jeu, c'est dommage... Franchement 20% de games sont sympa et équilibré mais les autres c'est juste une des deux équipe qui roule sur l'autre et ça n'a aucun intérêt..
Les chars sont beaucoup trop fort et le gens restent dans leurs camps sans bouger
On ne comprends rien à la progression avec tous les passes de combats, les notifications, les defis etc.. 
Pourtant le jeu est beau et je reviendrai pour savoir si je reste plus d'un week end mais pour le moment c'est loin d'être le cas",negative,steam_live,2807960,False,1778882705,4593,french,1,0.5,True,False,False
Battlefield™ 6,rubbish,negative,steam_live,2807960,False,1778882509,13801,english,2,0.509502708911895752,True,False,False
Battlefield™ 6,good,positive,steam_live,2807960,True,1778881908,3032,hungarian,0,0.5,True,False,False
Battlefield™ 6,Go play BF4,negative,steam_live,2807960,False,1778881336,873,english,1,0.507189571857452393,True,False,False
Battlefield™ 6,"I normally do not write reviews at all, but had to for what i've seen,

Battlefield 6 had a rough start. At launch, it felt incomplete—maps were too small, the focus seemed to be on microtransactions, more specifically a free-to-play battle royale mode rather than delivering the core Battlefield experience. For a lot of modern releases, that kind of launch can feel like the game is destined to be abandoned.

However, 8 months in, the developers have shown a real commitment to listening and improving. The game has grown in ways that actually matter: bigger maps, meaningful updates, and a clear focus on fixing the gameplay rather than chasing trends. It feels like the devs are truly redeeming the game and building toward what it should have been at launch.

What I really appreciate is that, even with the microtransactions, they’ve kept things grounded. Everything added fits the military theme—no cartoonish cosmetics, no anime guns, no magic bullets, no celebrity skins—just the authentic Battlefield vibe.

If this trajectory continues, I genuinely believe that one year post-launch, BF6 will feel like a completely different, fully realized game. It’s exciting to see a franchise I love being treated with this level of care and attention, and I’m optimistic about the future.

8/10 now, with the potential to climb higher as the updates continue. This is a game worth revisiting and keeping an eye on.",positive,steam_live,2807960,True,1778881125,4812,english,2,0.525188922882080078,True,False,False
Battlefield™ 6,es el mejor juego inmersivo de guerra que eh jugado hasta el dia de hoy me sigue gustando ... pruebenlo y disfruten  de la guerra en sus pantallas -- saludos soldados nos vemos en el campo de batalla --,positive,steam_live,2807960,True,1778880524,18047,latam,0,0.5,True,False,False
Battlefield™ 6,"Any form of balancing is a pipe dream, cant opt out of x-play matchmaking - consoles can, not PC players. Aim assist and no recoil for the console players. This is basically the next CoD - R.I.P battlefield",negative,steam_live,2807960,False,1778879298,24633,english,1,0.507189571857452393,True,False,False
Battlefield™ 6,"I'd leave it a mixed review if it was allowed, and I'll likely keep playing, but I wouldn't say I'm enjoying it. 

Typically I get around 37 hours before I give up on games like this, but I've been feeling bored since 29. It's decent enough, all round, but the maps are boring, I don't agree with the gamestyle that many of the challenges push you towards, especially recon. Why should I have to go play as a lame sniper to get distant headshots when the whole fun of recon is running round on the objective with your spotter tool, blowing up tanks with C4. 

I'll play more as sometimes you just want to shoot someone in the face, but it's not something I look forward to. I do like the absolute lack of communication in general though. Had maybe two matches where someone had a mic, and the text chat is mostly ignored unless someone is trying to argue with their alleged nemesis, so that's a big plus.",negative,steam_live,2807960,False,1778878752,1998,english,0,0.476190477609634399,True,False,False
Battlefield™ 6,"fire, better than any recent cods...",positive,steam_live,2807960,True,1778878492,813,english,0,0.5,True,False,False
Battlefield™ 6,GG,positive,steam_live,2807960,True,1778878479,815,english,0,0.5,True,False,False
Battlefield™ 6,ohhhhhhhhhhhhhhhhhhhhhhhhhh,positive,steam_live,2807960,True,1778878395,797,polish,0,0.5,True,False,False
Battlefield™ 6,"New season introduced a bug that maxes out your cpu to 100% for no reason and makes game unplayable

Classic DICE blunder",negative,steam_live,2807960,False,1778877869,16706,english,1,0.483368635177612305,True,False,False
Battlefield™ 6,"They seem to be listening to community feedback. Good game. Wish the custom servers had team balancing but other than that, i enjoy the game.",positive,steam_live,2807960,True,1778877827,16753,english,0,0.489316821098327637,True,False,False
Battlefield™ 6,müll,negative,steam_live,2807960,False,1778876642,5683,german,2,0.5,True,False,False
Battlefield™ 6,top dos tops,positive,steam_live,2807960,True,1778876515,1975,portuguese,0,0.5,True,False,False
Battlefield™ 6,"Engagement based matchmaking, and prio 1 is the shop",negative,steam_live,2807960,False,1778876338,11075,english,2,0.5236092209815979,True,False,False
Battlefield™ 6,"If not for the content drip feed, EA's greedy practices, employee layoffs, and the death of Vince Zampella, this game could have been a fantastic callback to everybody's beloved battlefields 3 and 4. But unfortunately, the gameplay style and direction seems to have been crafted for mass appeal and people with a lot of time on their hands *ahem* (streamers). It feels like battlefield trying to be fast-paced and providing constant stimulation to appease the COD fans. It's definitely battlefield, don't get me wrong, it just doesn't *feel* like a Battlefield game.

If they redesigned half the maps, removed most of the cosmetics and ridiculous gun camos, gave us voicelines in different languages like the older games, and added more big maps, then it might feel like old battlefield again.

Thankfully, they do seem to be listening to community feedback, but until they implement these changes, I can't really see myself caring about this game.",negative,steam_live,2807960,False,1778875901,9257,english,2,0.491359621286392212,True,False,False
Battlefield™ 6,I honestly think this is a good game and they are starting to go the right direction...but the fomo season pass and the COD modes are too much. Focus on making the game BF not COD,negative,steam_live,2807960,False,1778875850,6215,english,1,0.502043604850769043,True,False,False
Battlefield™ 6,.,positive,steam_live,2807960,True,1778875072,2770,brazilian,0,0.5,True,False,False
Battlefield™ 6,Not enough actual battlefield maps to keep me playing. Most of the maps are way too small and they made the big maps from the old games smaller,negative,steam_live,2807960,False,1778874667,1411,english,0,0.5,True,False,False
Battlefield™ 6,"Lanzamiento buenisimo, pero escaso contenido, por eso ha caído mucho los jugadores, PERO. Desde ésta temporada, la Temporada 3 a empezado a mejorar todo mucho, tanto la jugabilidad, los bugs, la latencia es mejor, y el contenido que han metido y van a meter esta siendo y será mucho mayor. El futuro es brillante, pero ya era hora, asi que si, lo recomiendo.",positive,steam_live,2807960,True,1778874575,2390,spanish,0,0.5,True,False,False
Battlefield™ 6,sucks ass caters to controller,negative,steam_live,2807960,False,1778874522,8240,english,1,0.500984251499176025,True,False,False
Battlefield™ 6,♥♥♥♥ врот кто эту ♥♥♥♥♥ делал ты сын ♥♥♥♥♥ ебанной пидор ебанный ♥♥♥♥♥ не регает с половины оружия ♥♥♥♥♥ игра превратилась в ебанный кал на бете было ахуенно а щяс ебанный кал мочи и говна ебанного пидорас ебанный,negative,steam_live,2807960,False,1778874041,6183,russian,3,0.509803950786590576,True,False,False
Battlefield™ 6,"battlefield 6 avait et garde toujours un potentiel , sont mode de jeux 50vs50 , ses mécaniques et graphismes...
A part ca , le jeu reste limite et vite lassant et je trouve ça dommage pour une licence tel que battlefield.
Déçu ;(",negative,steam_live,2807960,False,1778873915,1344,french,0,0.5,True,False,False
Battlefield™ 6,"game's trash, bullets are pure rubber, movement resembles something from an overwatch game where people are constantly flying and sliding like they're naked. Audio is a non existent element, you'd better be off playing without a headset at all since choppers, jets and footsteps are only audible if they're on the same level as you and literally next to you. All of it is made even worse by the quality of maps -- they're garbage, either not big enough or just too small. They tried copying CoD or something here and did the worst job ever since any gun can spray at whatever distance and kill you. They're poorly made to allow spawn camping at any point, even in the HQ and while BF2 had it bad, this game beats below the ground. If you'd hop in to a ""hardcore"" server you'd quickly notice why they never officially introduced nor will they introduce a hardcore mode. Oh and almost forgot to mention the ""experience"" feature where you can ""make your own modes"" a.k.a farm unlimited xp. Bunch of ""modes"" created that host no servers or players are spammed everywhere. ""Ranked"", whatever that is is even worse, I mean, if you think the game has rubber bullets wait till you play that.. it's a copy paste of pubg or something and it makes no sense at all in this game - it shouldn't exist. Crossplay is the next stupid thing on the list and don't get me wrong, the idea is great, but the execution? Console players having an aim-assist that literally locks on to you doesn't really encourage to play with crossplay at all.",negative,steam_live,2807960,False,1778873815,3248,english,0,0.5,True,False,False
Battlefield™ 6,"Ich werde jede zweite Runde weggeklatscht, aber sonst ist es gut.",positive,steam_live,2807960,True,1778873450,3400,german,0,0.5,True,False,False
Battlefield™ 6,"I REALLY tried to give this game a benefit of the doubt and I think that almost 400hrs is enough; at least I certainly had. I disagree with the game lacking content, I do not mind the battlepass, I do not mind the open-class weapons and other similar changes in comparison with previous titles. But now, shortly after Season 3 release, it's randomised recoil addition, bull**** weapon bloom, broken TTK on some weapons, vehicles being OP AF making certain maps completely unplayable and the randomised recoil yet again make me not recommend this one. They added some new carrots but the stick got longer and harder. Artificial 50% win/loss rate and scuffed team-balancing does not help either.

Truly disappointed with how they fed us in the Beta and what the game is now. And dragging downed teammates won't cut it. The biggest fumble in history of BF6. If you are looking for the good old game/gunplay of BF2/3/4, dodge this one as if it was your toxic ex.

BTW: Don't forget to nerf RPGs even more so that we need half of all teammates to destroy one IFV <3",negative,steam_live,2807960,False,1778872864,23405,english,0,0.5,True,False,False
Battlefield™ 6,,positive,steam_live,2807960,True,1778872525,2928,german,0,0.5,True,False,False
Battlefield™ 6,This game sucks,negative,steam_live,2807960,False,1778872516,6001,swedish,1,0.500667572021484375,True,False,False
Battlefield™ 6,"When you launch the game after not playing for awhile you get a ""welcome back message"" because EA knows this game fell off. You also get told not to say mean things to people. The devs apparently weren't bullied enough in school.",negative,steam_live,2807960,False,1778872378,650,english,0,0.476190477609634399,True,False,False
Battlefield™ 6,Под пивко сойдёт,positive,steam_live,2807960,True,1778872376,5981,russian,0,0.5,True,False,False
Battlefield™ 6,dice has a bumpy start but coming from a battlefield player since bad compny bf6 has so much potnical and give them time to fi what we need and hopefuly this will be as iconic as battlefield 1 and 4 3,positive,steam_live,2807960,True,1778872323,10993,english,0,0.5,True,False,False
Battlefield™ 6,guns,positive,steam_live,2807960,True,1778871599,1110,english,1,0.522827386856079102,True,False,False
Battlefield™ 6,Guns go bang!,positive,steam_live,2807960,True,1778870963,2126,english,1,0.522827386856079102,True,False,False
Battlefield™ 6,straight fire,positive,steam_live,2807960,True,1778870506,2665,english,0,0.499015748500823975,True,True,False
Battlefield™ 6,"its fun at first but got boring real fast, felt lile run and gun call of duty after a whilwe.",negative,steam_live,2807960,False,1778870494,5444,english,0,0.5,True,False,False
Battlefield™ 6,纯纯折磨人，也从战地1一直玩到现在，最主要还不是游戏内容劝退玩家，而是每次更新登录进去要去看说明书一样去找，体验超级无敌差,negative,steam_live,2807960,False,1778870438,9111,schinese,0,0.5,True,False,False
Battlefield™ 6,Sit back relax and just play.,positive,steam_live,2807960,True,1778870387,11904,english,1,0.523809552192687988,True,False,False
Battlefield™ 6,"Another good example why you should avoid future EA titles.

- Hitreg and netcode is complete dog (Im on 1GB hardwired Fiber connection)
- Maps are complete dog; way to many flanks and entryways everywhere, fights are 90% RNG, if you faced the right direction or not, checked the right corner or not.
- Predatory monetization and FOMO
- Destruction of buildings is awful compared to previous titles. Some barely get destroyed at all.",negative,steam_live,2807960,False,1778870238,3023,english,0,0.5,True,False,False
Battlefield™ 6,"aqui toda la informacion

buenas:
pedazo de juego si quieres puro caos 
te sientes en un edit cuando haces cosas buenas en partida
tienes tanques, motos, carros, helicopteros, y aeronaves
vas caminando normal y derepente explota un avion en frente de ti

malas:
campo enano. (bueno, medio.)
cuesta mucho conseguir armas nuevas

espero que os haya servido esta reseña",positive,steam_live,2807960,True,1778870176,1333,spanish,0,0.5,True,False,False
Battlefield™ 6,史史史史史史史史史史史史史史史史史史史史史史史史史史史史史史史史史史史史史史史史史史史史史史史史史史史史史史史史史史史史史史史史史史史史史史史史史史史史史史史史史史史史史史史史史史史史史史史史史史史史史史史史史史史史史史史史史史史史史史史史史史史史史史史史史史史史史史史史史史史史史史史史史史史史史史史史史史史史史史史史史史史史史史史史史史史史史史史史史史史史史史史史史史史史史史史史史史史史史史史史史史史史史史史史史史史史史史史史史史史史史史史史史史史史史史史史史史史史史史史史史史史史史史史史史史史史史史史史史史史史史史史史史史史史史史史史史史史史史史史史史史史史史史史史史史史史史史史史史史史史,negative,steam_live,2807960,False,1778870127,17898,schinese,0,0.5,True,False,False
Battlefield™ 6,fun,positive,steam_live,2807960,True,1778868944,4775,greek,0,0.5,True,False,False
Battlefield™ 6,"1ere évaluation sur le jeu. J'aimais bien les premières MAJ, mais celle-là, elle est horrible. Le matchmaking est des plus pourri : soit tu te fais rouler par l'équipe adversaire, soit tu lui roules dessus. Et évidement celle qui roule sur l'autre a tout les joueurs au ping qui élevés et / ou les joueurs qui ont un grade de plus de 250.
DICE, quand est-ce que vous allez mettre des restrictions aux joueurs aux ping élevé ?",negative,steam_live,2807960,False,1778868557,19299,french,0,0.5,True,False,False
Battlefield™ 6,"We had a good thing you stupid bastard, and you just had to ruin it, your greed and stock price",negative,steam_live,2807960,False,1778868290,2265,english,0,0.5,True,False,False
Battlefield™ 6,"特么垃圾EA，莫名其妙封号。
买了之后一直没怎么上线打，一直玩FC26单机经理模式，就把橘子号就封了。",negative,steam_live,2807960,False,1778867922,1235,schinese,0,0.5,True,False,False
Battlefield™ 6,Игра вылетает после 5 минут без какой либо ошибки. Пробовал с включенным ВПН и без,negative,steam_live,2807960,False,1778867639,3783,russian,0,0.5,True,False,False
Battlefield™ 6,"Can't play this crap.Before S3 I still have a good network,after S3 I JUST CAN'T PLAY ONE GAME.
EVERYONE ARE ♥♥♥♥♥♥♥ SHIFTING AND TELEPORTING.
FIX YOUR ♥♥♥♥♥♥♥ GAME.",negative,steam_live,2807960,False,1778867421,11886,tchinese,0,0.5,True,False,False
Battlefield™ 6,spk,positive,steam_live,2807960,True,1778867420,2566,polish,0,0.5,True,False,False
Battlefield™ 6,залупа,negative,steam_live,2807960,False,1778867290,8451,russian,0,0.5,True,False,False
Battlefield™ 6,Top !!,positive,steam_live,2807960,True,1778867243,2350,french,0,0.5,True,False,False
Battlefield™ 6,I liked playing this game but it's unplayable now. I can't play a game without my cpu jumping to 100%,negative,steam_live,2807960,False,1778867140,6869,english,3,0.542646467685699463,True,False,False
Battlefield™ 6,"Dont buy this game, flight controls are crap, gunplay is mid, the game itself is boring",negative,steam_live,2807960,False,1778866317,1108,russian,0,0.5,True,False,False
Battlefield™ 6,第一赛季  打完 肝都快爆了  坦克成棺材  一把枪要杀2000个才50级  直接弃坑到第三赛季  结果还是一坨  突破模式全是电灯泡  出门就被打  结果好好一个突破打成对狙  再来第三赛季坦克加强  硬的跟TM墙壁一样  你他妈会不会做平衡  你不行就别做了吧 垃圾游戏  你做个无载具  无狙击的模式  突破会没人玩吗  现在进去游戏  除了他妈新图 全是机器人 你他妈搁着里做他妈单机游戏是吧  那个吃鸡玩都没人玩 你TM还出排位  有那个时间 去做做好的平衡地图跟枪械吧  傻逼EA  我草你吗,negative,steam_live,2807960,False,1778865813,13504,schinese,0,0.5,True,False,False
Battlefield™ 6,"Season 3 Patch literally broke 2 Class real bad...I mean VERY BAD...THANKS and FCK YOU whiner STREAMER pilot

Engineer/Recon most affected listed:-

-Engineer class removed vehicle generation too make it balance my ass
-AP Mine nerf barely kill balance my ass
-RPG nerf balance my ass to whiner baby streamer pilot your mama ass
-Laser designated being reduced af because SOME STREAMER said it was too long and make it balance my ass

Golmud make it even stupid depend if your team is brainded who doesn't even know how to use AA even though they flying around 10 minutes without any disturbances make it this patch more idiot to RPG and laser designated nerfed

Now CONGRAT!? Battlefield Studios!? Go as I said to Community Manager to suck Streamer Whiner Ding Dong to please them and coom idiot",negative,steam_live,2807960,False,1778865430,20954,english,3,0.547423124313354492,True,False,False
Battlefield™ 6,Rough to start,positive,steam_live,2807960,True,1778865075,45594,dutch,0,0.5,True,False,False
Battlefield™ 6,"Залипнуть на пару десятков часов нормально, пару сотен сомнительно",positive,steam_live,2807960,True,1778864967,1586,russian,0,0.5,True,False,False
Battlefield™ 6,"good looking, runs flawlessly and very fun. just wish the maps were 2 or 3 times the size. if your new this is probably the easiest in terms of gameplay to get into since most of weapons are very low recoil and easy to get kills with.",positive,steam_live,2807960,True,1778864910,10753,english,0,0.5,True,False,False
Battlefield™ 6,"Feels like Battlefield in alot of ways, but they missed the mark so hard on the maps. Almost no point in having air vehicles, especially transports, since crossing most of the maps on foot isnt much slower and is infinitely less dangerous. Being able to have your heli shot down before you can even get out of your spawn is wild and proves that point. Also feel like they put entirely too many eggs in the red sec basket, which lets face it was a failure. Seems like as soon as that BR slop went live most of the focus has been directed at that rather than the base game. Gun balance is still whack since launch, somehow SMG's still outperform most guns which is absolutely insane.",negative,steam_live,2807960,False,1778864797,10778,english,0,0.5,True,False,False
Battlefield™ 6,Way better than COD,positive,steam_live,2807960,True,1778864779,14606,english,0,0.5,True,False,False
Battlefield™ 6,"waste of money and no fun. 
Devs are just making changes they think will be better, but it’s only making the game worse.
can't solve bot lobbies issues.
Now started introducing old battlefield maps, why can't make new maps.
all over this is just became boring for me, better spending time in bf1 which is far way better.
this game is just trash!!!",negative,steam_live,2807960,False,1778864650,29603,english,0,0.491803258657455444,True,False,False
Battlefield™ 6,This gane isnt worth 70 with how badly they're treating this game.,negative,steam_live,2807960,False,1778864446,6186,english,0,0.5,True,False,False
Battlefield™ 6,"Убрать офигенный чёрный скин для The Desert Locusts и засунуть вместо него ♥♥♥♥♥, чтобы впарить другой чёрный скин, ну это ♥♥♥♥♥♥",negative,steam_live,2807960,False,1778864018,18124,russian,1,0.523809552192687988,True,False,False
Battlefield™ 6,"Нету взаимодействия между отрядами. Все просто носятся по карте и захватывают точки, по пути стреляя во все что движется, потому что за удержание ничего не дают. Зачем вообще этот конквест вообще нужен? Просто сделайте дезматч на большой карте с разными точками группового спавна.
А прорыв. Одни заходят чтобы затащить, другие чтобы снайпу покачать или кд набить.
В царь горы все просто пушки качают.
Игра на пару вечеров, вкусить сладкие сны о войне, с хорошим разрушением и звуком.",negative,steam_live,2807960,False,1778863773,6794,russian,0,0.5,True,False,False
Battlefield™ 6,Ahh maps,negative,steam_live,2807960,False,1778863439,8109,english,0,0.5,True,False,False
Battlefield™ 6,,negative,steam_live,2807960,False,1778863419,2369,schinese,0,0.5,True,False,False
Battlefield™ 6,和一坨大便一样恶心,negative,steam_live,2807960,False,1778863081,9321,schinese,0,0.5,True,False,False
Battlefield™ 6,纯恶心人，对局bug不修，就跟玩家的经验和体验过不去，纯司马，怪不得销量和日活还没隔壁零头多，司马玩意,negative,steam_live,2807960,False,1778863040,10179,schinese,0,0.5,True,False,False
Battlefield™ 6,tudum tum,positive,steam_live,2807960,True,1778863005,20993,dutch,0,0.5,True,False,False
Battlefield™ 6,Great Game,positive,steam_live,2807960,True,1778862797,5066,english,0,0.5,True,False,False
Battlefield™ 6,,positive,steam_live,2807960,True,1778862780,3655,german,0,0.5,True,False,False
Battlefield™ 6,Beta was better than whatever it is now,negative,steam_live,2807960,False,1778862680,3662,english,0,0.5,True,False,False
Battlefield™ 6,"Только потому, что не добавили великий русский язык !!!!!",negative,steam_live,2807960,False,1778862621,13114,russian,1,0.5,True,False,False
Battlefield™ 6,If you like to casually play this a few times per week don't bother after season 3 update.,negative,steam_live,2807960,False,1778862104,27004,english,0,0.5,True,False,False
Battlefield™ 6,10,positive,steam_live,2807960,True,1778862052,3249,brazilian,0,0.5,True,False,False
Battlefield™ 6,"tolles Game, macht Spass",positive,steam_live,2807960,True,1778861626,916,german,0,0.5,True,False,False
Battlefield™ 6,"Overall, great game that is lots of fun.

Pros 
- infantry and ground vehicle gameplay is satisfying and fun
- I like being able to use any weapon with any class, just a personal preference and IMO it makes for a wider variety of possible strategies
- new released maps have been even better than the release day maps
- portal modes is insane (many halo 3 custom games modes have been recreated)
- faster ttk than previous battlefields makes for more intense engagements where you have to think a little bit more about your positioning and movements

Cons
- a lot of the guns have a significant amount of recoil and spread compared to other games, which is annoying in my opinion
- flying aircraft on kbm is terrible
- breakthrough is incredibly unbalanced on many maps
- my teammates suck",positive,steam_live,2807960,True,1778860490,10727,english,0,0.476190477609634399,True,False,False
Battlefield™ 6,"its a wonderful point and click adventure, if you thoughts type of games.",positive,steam_live,2807960,True,1778860251,911,english,0,0.5,True,False,False
Battlefield™ 6,Played COD since 2012 MW now this is all i play,positive,steam_live,2807960,True,1778860150,66981,english,0,0.5,True,False,False
Battlefield™ 6,无论哪个服务器 再身边复活后立马开枪的脑残真够傻逼的,negative,steam_live,2807960,False,1778860064,28286,schinese,0,0.5,True,False,False
Battlefield™ 6,Really good and season 3 is great.  The vehicles all feel much better and the new map is awesome.,positive,steam_live,2807960,True,1778859764,6518,english,0,0.5,True,False,False
Battlefield™ 6,"If you're in oceania don't get this, flawed match making and terrible server locations. Feels like winning the lottery when I get a game where I have less than 120ms ping.",negative,steam_live,2807960,False,1778859565,2047,english,0,0.5,True,False,False
Battlefield™ 6,"Lot's of fun times with friends on this game, but man you wish the game gives you more than what was given. Even though this game killed the Call of Duty this year, EA still fired a ton of it's staff. Just goes to show you that even though a AAA game get's high numbers, it is somehow still not enough for the company.",positive,steam_live,2807960,True,1778859182,2242,english,0,0.5,True,False,False
Battlefield™ 6,S3 is good.,positive,steam_live,2807960,True,1778858891,4040,english,0,0.476190477609634399,True,False,False
Battlefield™ 6,服务器太卡了 据点根本 没法靠近 出了休闲突破 勉强能玩 其他都是 卡成PPT 这还咋玩啊,negative,steam_live,2807960,False,1778857439,2715,schinese,0,0.5,True,False,False
Battlefield™ 6,依旧钱学森弹道子弹,negative,steam_live,2807960,False,1778857432,4154,schinese,1,0.523809552192687988,True,False,False
Battlefield™ 6,慢慢来,positive,steam_live,2807960,True,1778857138,18955,schinese,0,0.5,True,False,False
Battlefield™ 6,"With every update the game becomes worse. DICE needs to hire real game developers.

- Supports only slow Microslope Windows
- Crossplay with console players using auto-aim
- More bugs than fixes after every patch
- Feels like PC players are just beta testers",negative,steam_live,2807960,False,1778856631,21470,english,1,0.48267325758934021,True,False,False
Battlefield™ 6,"Boring maps, ♥♥♥♥ weapons and like 60% of the players only camp in corners, on mountains at the map border  or in tanks inside spawn. Just pathetic. Shop and BP content is ugly af, cant believe how people are buying these. And I still want to know wich ♥♥♥♥♥♥♥ idea it was to gave the engineer the smg as primary weapon. In season 3 Dice decided to nerf my RPG so now there is no reason to play for me. GG",negative,steam_live,2807960,False,1778856603,21336,english,4,0.557937026023864746,True,False,False
Battlefield™ 6,BF is back!,positive,steam_live,2807960,True,1778856023,5064,swedish,0,0.499332457780838013,True,False,False
Battlefield™ 6,Best Battlefield game ever than old series,positive,steam_live,2807960,True,1778856009,1610,english,0,0.48267325758934021,True,False,False
Battlefield™ 6,amazing,positive,steam_live,2807960,True,1778855360,6133,english,0,0.48267325758934021,True,False,False
Battlefield™ 6,111,positive,steam_live,2807960,True,1778855318,60651,schinese,0,0.5,True,False,False
Battlefield™ 6,Golmud is as ♥♥♥♥♥♥ sniperfest of a map as it was in bf4. buffed vehicles and nerfed the at options. nerfed every single gun with ♥♥♥♥♥♥ recoil cause you were able to shoot back at snipers. awful update,negative,steam_live,2807960,False,1778854436,4593,english,0,0.48267325758934021,True,False,False
Battlefield™ 6,"I've bought this game on launch and have NEVER been able to play a full round on an EA Official Server.
I have a high-end PC, perfect ethernet connection, played all other BF games before. My account has a very specific bug that EA does not fix.
They have set my account to a different region, so all games lag. Hard. One user said support could change it manually, they refused to do so in my case.
With the most recent update, even community servers lag.
I've tried EVERYTHING. Contacted support multiples times: ""Wait for their updates on X"", they said. Changed DNS, turned on a VPN and set it to my country, removed overlays, removed fullscreen. lowered graphics, added cmd commands, verify files, reinstall, change internet, play in another computer, NOTHING AND I MEAN NOTHING WORKS. EA HAS NOT FIXED THIS ISSUE EVER and I am SICK OF IT.
I JUST WANT TO PLAY THE GAME I BOUGHT.

JESUS WILL SOMEBODY HELP ME?",negative,steam_live,2807960,False,1778854305,8226,portuguese,0,0.5,True,False,False
Battlefield™ 6,傻逼dice，死一个少了，再多死几个就会做游戏了，你哪个野爹教你们这么做游戏平衡的，送你们七个字：我就操你们妈了,negative,steam_live,2807960,False,1778854073,28977,schinese,0,0.5,True,False,False
Battlefield™ 6,S3的枪械载具改动简直一坨屎,negative,steam_live,2807960,False,1778852645,52166,schinese,0,0.5,True,False,False
Battlefield™ 6,kijk je hebt cod spelers en battlefield spelers en ik ben duidelijk een cod speler want ik ben echt slecht hier in maar dat maakt niet uit want de kaas tosti is nog niet uit de mode,positive,steam_live,2807960,True,1778852523,1681,dutch,0,0.5,True,False,False
Battlefield™ 6,"online modları güzel, hikaye kısa ama oynanış iyi",positive,steam_live,2807960,True,1778852145,4264,turkish,1,0.523809552192687988,True,False,False
Battlefield™ 6,top,positive,steam_live,2807960,True,1778851771,18909,french,0,0.5,True,False,False
Battlefield™ 6,不推荐,negative,steam_live,2807960,False,1778851150,3296,schinese,0,0.5,True,False,False
Battlefield™ 6,"Best battlefield since 4, 2042 had me so mad I didn't know if I wanted to support them again, but vince working on this obvously helped. Miss you Zampella, we need Titanfall 3 in his honor boys. No matter the cost.",positive,steam_live,2807960,True,1778851049,2754,english,0,0.428689181804656982,True,False,False
Battlefield™ 6,"niby spoko, ale dużo murzynów, 7/10",positive,steam_live,2807960,True,1778850207,4735,polish,0,0.5,True,False,False
Battlefield™ 6,Getting better and better. I hope we have more big maps,positive,steam_live,2807960,True,1778850079,5897,english,1,0.487890273332595825,True,False,False
Battlefield™ 6,"每天玩一会儿，目前我车枪球组合里的枪。当年沉迷战地4，说这代最像战地4，画面很好但没有当年战地4那种乐趣，不知为何。现在第三赛季复刻了之前的铁路地图，刚开始新鲜了一阵，但玩一玩又累了。说不上来是因为什么。现在每天打开玩几盘小规模，主要是抢点。然后玩一两盘突破。我个人是很爱开坦克的，但是玩全面战争又没啥兴趣。大逃杀占了半壁江山难，但是我一点不碰。还不如做个搜打撤，不知咋想的。
可能是现在电子阳痿了吗？看到这么劲爆的画面没有什么感觉了吗？十几年前我连台式机都没有，抱着个笔记本电脑玩战地4入迷，现在豪华机器，却感觉不到当年那种热血沸腾劲儿。年代久远，我也想不起来当年为啥爱玩战地4了。
皮肤买了一大堆，有一阵被我当成迷彩服模拟器来玩，每天上线欣赏各种迷彩服。
希望能越做越好吧，现在的FPS没有啥特别让人痴迷的，使命召唤也是好死不活的越来越玄学。希望能有更多现实主义优秀FPS问世。",positive,steam_live,2807960,True,1778849752,23724,schinese,3,0.553903341293334961,True,False,False
Battlefield™ 6,Worst anti-cheat in the biz,negative,steam_live,2807960,False,1778849720,44690,english,0,0.47413790225982666,True,False,False
Battlefield™ 6,史上最烂的战地，傻逼DICE的癫疯之作,negative,steam_live,2807960,False,1778849485,10991,schinese,2,0.529780566692352295,True,False,False
Battlefield™ 6,"The era returned at release, only to be buried again by the incompetent developers. The most unfortunate thing is that these clowns, without Vince Zampella, will bury the series forever.",negative,steam_live,2807960,False,1778849002,19369,russian,1,0.502545714378356934,True,False,False
Battlefield™ 6,"Un juego para no niños ratas , mejor que warzone actualmente el redsec",positive,steam_live,2807960,True,1778848910,4355,spanish,0,0.5,True,False,False
Battlefield™ 6,两百多买了坨屎,negative,steam_live,2807960,False,1778848314,9635,schinese,0,0.5,True,False,False
Battlefield™ 6,♥♥♥♥ game,negative,steam_live,2807960,False,1778848208,114,english,0,0.472440958023071289,True,False,False
Battlefield™ 6,你他吗了个比死冯东西 昨天给我黑屏闪退，今天给我原地报错 所有办法都试了就是打不开你这个死比游戏，能把游戏优化的还不如测试阶段的也是神了。,negative,steam_live,2807960,False,1778847406,5215,schinese,1,0.522058844566345215,True,False,False
Battlefield™ 6,.,positive,steam_live,2807960,True,1778847260,17835,turkish,0,0.5,True,False,False
Battlefield™ 6,"amazing fast paced game, loved it",positive,steam_live,2807960,True,1778846811,1875,english,0,0.48267325758934021,True,False,False
Battlefield™ 6,Dogsh*t,negative,steam_live,2807960,False,1778845325,892,english,0,0.48267325758934021,True,False,False
Battlefield™ 6,"Le jeu était bon pendant la béta. 
Ils ont décidé de supprimer des choses pour le jeu final (Sprint cooool).
Le solo est tout simplement nul, après quelques missions, on a même pas l'envie de continuer tellement on s'en fiche des ""personnages"". 
Concernant le multijoueur, il est bien. Mais entaché par des choses qu'il n'y avait pas dans les autres BF, des hélicos en veux tu en voila, spawnkill et quand tu arrives enfin à le lock bah il est soit trop bas, soit derrière un immeuble, soit trop loin, soit il active les leurres, bref. Tu sais un minimum gérer un avion/hélico, tu es le roi de la game. 
Et parlons de la jouabilité des avions/hélico, elle est inexistante. Elle est tout simplement faite pour les joueurs console j'ai l'impression. 
La vue extérieur des véhicules terrestres donne la gerbe.
Lorsque l'on tombe sur des parties, une chance sur deux d'être dans une équipe qui joue pas l'objectif, qui fait du 1-15 de score...
Bref, on passe plus de temps à râler, à respawn qu'à prendre du plaisir. Personne ne réanime, personne n'utilise de balise pour contourner l'ennemi et proposer une autre tactique.
Les personnages dans la boutique ne ressemblent plus à des ""soldats"" de Battlefield, ils ont pas compris le flop de 2042 et des micros transactions apparemment.
Les maps, se comptent sur les dix doigts de la main. 
Passer de je ne sais combien d'armes dans Bf4 (environ 103) à Bf6 (60 environ) ca va vous faire tout drôle. 
Je croyais au retour au source dans cet opus, la douche à été tiède pendant un moment, mais on arrive à l'épuisement de l'eau chaude.",negative,steam_live,2807960,False,1778843039,9621,french,0,0.5,True,False,False
Battlefield™ 6,ass,negative,steam_live,2807960,False,1778843006,18372,english,0,0.473530858755111694,True,False,False
Battlefield™ 6,BF çok iyi. COD'da ninja kaplumbağalar falan var,positive,steam_live,2807960,True,1778842696,14321,english,0,0.5,True,False,False
Battlefield™ 6,good,positive,steam_live,2807960,True,1778842620,1585,english,0,0.48267325758934021,True,False,False
Battlefield™ 6,"This game is the most beutiful and most boring BF ever made...
Looks awesome, gunplay is good, and there is all the good things I can tell you about the game...

Small CoD like maps, idiotic skins, DEI all over it.... There is no wallbang in this thing, if you are lucky you can demolish the wall, but you cant even shoot through a plastic door... Game is so PEGI there is barley any blood in the game, and i was hoping for dismembered corpses around me...

What pissed me of rn, is that i cant navigate in the menu, because my simrig is plugged in... and it constantly receives input... which is ♥♥♥♥♥♥♥♥, my other 100+ games works perfectly with my rig plugged in... and in this ♥♥♥♥♥♥ menu they slapped it togather somehow, does not allow me to unbind this controller. or at least the menu swithcing part.... i tried it with three differrent AI as well, all they suggested to use a 3rd party software to hide my controllel from BF6... what absolute joke. i just wanted to try oout s3 content, but then i rather go back racing... what a shame",negative,steam_live,2807960,False,1778842368,9459,english,1,0.429828763008117676,True,False,False
Battlefield™ 6,2042에서 똥망해버린걸 인지하고 각 잡아서 만들었습니다 라고 설래발 친 거에 비해 그냥저냥인 게임 유저피드백이란걸 받아 들이는건지는 의문 평범 평범함,negative,steam_live,2807960,False,1778842253,3576,koreana,1,0.5,True,False,False
Battlefield™ 6,战地的未来怎么办,positive,steam_live,2807960,True,1778842147,225,schinese,0,0.5,True,False,False
Battlefield™ 6,"Es ist bei Weitem nicht perfekt, aber ein erfreulicher Schritt in die richtige Richtung. Ich persönlich war ein großer Fan von Battlefield Bad Company 2 und würde mir sehr ein BFBC 3 wünschen und BF6 war jetzt näher an BF4 dran, aber ist auch ganz okay geworden. Ich spiele es zumindest immer wieder gern und hoffe weiter auf BFBC 3! :)",positive,steam_live,2807960,True,1778841416,7753,german,0,0.5,True,False,False
Battlefield™ 6,"For those in news/entertainment or any other industry, content creation has always been a priority, regardless of quality. Battlefield 6 has to prioritise quality over quantity; one good map is better than ten bad ones. It's also easy to jump in and out of the game for quick fun.",positive,steam_live,2807960,True,1778840697,17423,english,1,0.5,True,False,False
Battlefield™ 6,"Game WAS fun, matchmaking started dying off a bit the last couple months, but it wasn't that big of a deal to me. However, after the season 3 patch the game's hit registration isn't performing like it used to, they released a vehicle map and nerfed most if not all infantry AV options. As a result of this, match duration is largely extended because people just avoid playing around vehicles unless they are in one. Game performance was never bad for me, though with a r9 5950x & an RTX4090 I would expect the performance would be good. 
I never played Battlefield prior to this game, and enjoyed my time until the Season 3 Patch, I've played 4 or 5 matches tonight with my friends, all of us agreed to shelve the game until (if) changes are made.",negative,steam_live,2807960,False,1778840254,15077,english,0,0.5,True,False,False
Battlefield™ 6,"8/10

I absolutely love this definitely one of the best battlefields right now

Maps are plenty and look incredible visually

GUNS FEEL SOOOOO GOOOD!!!

Runs like warm butter on fresh toast for my pc

The destruction looks and feels as it should

The audio.....mmmm best ever imo

The worst part about this game is the community. Bunch a nostalgia hungry hypocritical cry babies if you ask me",positive,steam_live,2807960,True,1778840072,3307,english,0,0.5,True,False,False
Battlefield™ 6,"Weapons literally don't matter anymore, just vehicle spam. Old maps that had decent infantry gameplay are dead. Dice can't figure out how to balance vehicles, but they are better under powered than over powered. Unfortunarely, vehicles are obscene and now infantry don't matter and you're fodder for the 1/12 people per map that pilot a tank or little bird.

Golmud is a good map, at least historically, with weapon locks based on class. This patch is awful.",negative,steam_live,2807960,False,1778839680,15048,english,2,0.525969624519348145,True,False,False
Battlefield™ 6,"Ive always loved the battlefield franchise as a whole but this iteration of the game feels like a corporate cash grab. This game quite clearly forgot its core principals in order to try steal market share from their buddies over there at Call of duty.

Also why on gods green earth is the game file so big? Is this battlefield meant to be the only game I can keep on my machine other than solitaire?

Promises of bigger maps and large scale warfare shouldn't be a promise that should be a baseline for this franchise. This game was Classic Coke now its become 'is Pepsi ok?'. 

MORE SKINS MORE UNLOCKS BUY COINS!!! Where did this greed come from? I genuinely dont think anyone is wanting more microtransactions in their gaming but here we are. Imagine wanting a nice cold beverage after a long day at work only for your fridge to say, 'yes you can have this normal cold beverage but what about...THE ULTIMATE THIRST QUENCHER SUPREME SELF COOLING BEVERAGE WITH SPINNERS AND FUZZY DICE? A BOTTLE MADE WITH THE ICE CRYSTALS FROM A POLAR BEARS NOSTRILS WOULDNT THAT BE GREAT?? WOULDNT IT?'  Stop it...Get some help.

I give it a few more updates and we are going to have to fight Will Smith in the game, that is just what i foresee happening here. 

In South Africa youre lucky if you get a full server of people, as soon as you get a server thats populated and the map finishes all the humans you had in your server get banished to the shadow realm. You get left with 3 humans on a new server for it to be populated by bots. 

Server tick rates are worse than running a 12 man LAN event through a nokia 3310 as a router.

Im trying to hold hope for this game but that hope is a small candle in an open field and boy there is rain coming. 

This was more of a venting session but if my message will prevent someone from making the mistake of paying AAA prices for a game that has lost its identity then I am happy.",negative,steam_live,2807960,False,1778836571,19626,english,2,0.527272701263427734,True,False,False
Battlefield™ 6,"с дробаша с расстояния в 50 метров хедшот, что еще хотите знать об этой игре?",negative,steam_live,2807960,False,1778836366,7151,russian,1,0.502545714378356934,True,False,False
Battlefield™ 6,我chovy做游戏给我  做好了啊！,positive,steam_live,2807960,True,1778834991,21725,schinese,1,0.523809552192687988,True,False,False
Battlefield™ 6,EA Slowly killing the game,negative,steam_live,2807960,False,1778833983,22010,english,0,0.5,True,False,False
Battlefield™ 6,Great game,positive,steam_live,2807960,True,1778833336,6046,english,1,0.5,True,False,False
Battlefield™ 6,"Бесконечно грузит диск, разрабы недалекие",negative,steam_live,2807960,False,1778830990,3692,russian,1,0.502545714378356934,True,False,False
Battlefield™ 6,"I’ve been playing Battlefield since Battlefield 3 and wow… first we got Battlefield 2042 which was absolutely ♥♥♥♥♥♥♥♥, and now Battlefield 6 has me asking: where did we go wrong?

The game feels way too much like the newer Call of Duty games sometimes.

Playing infantry in Battlefield 6 is absolute mayhem. You get killed 100 times in a single match by planes, tanks, grenades, random explosions, collapsing buildings — pure chaos everywhere

I tried flying a helicopter and it was actually REALLY fun for about 30 seconds.

Then I realized the entire enemy team apparently carries anti-air rocket launchers.

The moment you fly more than 50 meters above the ground your screen turns into:

BEEP BEEP BEEP  
MISSILE LOCK  
BEEP BEEP BEEP

At that point you’re not a pilot anymore, you’re just a flying alarm system.",negative,steam_live,2807960,False,1778830658,370,english,1,0.46857142448425293,True,False,False
Battlefield™ 6,"I havent understood the online hate this game has received from the get go. I've always enjoyed it. I feel like some of it is knowing what the game CAN be, and likely will be once the kinks get ironed out. Dont let other peoples opinion (mine included) dictate whether you give this game a try. For me personally, its the best FPS available in 2026. So many options of modes to play and the DEVs really are engaged with the community like no other game i've owned and are genuinely trying their best to make the game what the players are asking for.",positive,steam_live,2807960,True,1778830256,20401,english,1,0.5,True,False,False
Battlefield™ 6,Honestly runs like crap. Very CPU heavy. I think I'm done playing this game.,negative,steam_live,2807960,False,1778829855,9233,english,0,0.484848499298095703,True,False,False
Battlefield™ 6,"Fun. now, I'm not good at battlefield games YET, but the game is still fun, especially the physics and destruction. solid 9/10",positive,steam_live,2807960,True,1778829324,1417,english,1,0.5,True,False,False
Battlefield™ 6,You can look at about any game design decision made for BF6 and question it endlessly until you come to the realization that this is actually just Battlefield 2042.5 wearing BF3/4's skin,negative,steam_live,2807960,False,1778829214,7722,english,1,0.523809552192687988,True,False,False
Battlefield™ 6,越来越烂,negative,steam_live,2807960,False,1778828650,26887,schinese,1,0.507042229175567627,True,False,False
Battlefield™ 6,"good game, to many sweats tho, but i enjoy it even if i`m bad at the game. I usally play BF6 after a long day at work and i enjoy it most of the time. recomend.",positive,steam_live,2807960,True,1778828465,9203,norwegian,0,0.5,True,False,False
Battlefield™ 6,"Much like prior Battlefield games (BF3 / BF4), BF6 had growing pains but as a fan since BFBC2, this game is in a great spot. 

P.S.
Bring back Battlefield Heroes!",positive,steam_live,2807960,True,1778826260,15818,english,1,0.5,True,False,False
Battlefield™ 6,"好贵啊,好难刷等级啊",negative,steam_live,2807960,False,1778825752,1075,schinese,0,0.5,True,False,False
Battlefield™ 6,Better than BO7 by a long shot especially REDSEC vs WARZONE #fact,positive,steam_live,2807960,True,1778825105,38282,english,1,0.5,True,False,False
Battlefield™ 6,better than cod,positive,steam_live,2807960,True,1778824146,3885,english,1,0.5,True,False,False
Battlefield™ 6,"Been playing different battlefield games since bad company 1 (have not played all, bad company 2 is my all-time favorite)
This one is great! Have not played a minute of single player, all multiplayer and it's proper fun. Gameplay wise it's good. Most of the maps are great. Guns, and vehicles are very satisfying and very varied. Playing with a friend in your squad is best way to enjoy the game. and most of the time people bring a good vibe when chatting in games. Mainly playing all out warfare but other mods have been good too. there are sum bugs here and there but mostly ui stuff nothing that has bothered the gameplay in my experience. 
Sure it's EA and there is a ton of filler crap, menus and they have their paid pass... Usually there is a pop up at the start. But you close it and the rest you can simply not check out so it doesn't bother me at all haven't even opened their store once. And none of it affects actual gameplay so that's also fine. As well they have been releasing updates with bug fixes and new content, a bit slowly but from my experience it's all been good changes. 
I see tons of people complaining about getting killed by players on consoles and not managing to hit their shots and all kind of nonsense. You just gotta get good, y'all suck!

Bottom line it's a great battlefield game with some EA ♥♥♥♥♥♥♥♥ but totally worth it. Best battlefield in years",positive,steam_live,2807960,True,1778824109,13348,english,0,0.5,True,False,False
Battlefield™ 6,Yea I dont play this much. Its cool not what I expecting. DO NOT FLAME ME FOR THIS PLEASE,positive,steam_live,2807960,True,1778823982,94,english,0,0.5,True,False,False
Battlefield™ 6,Ive played many shooter games but this is my favorite because of the giant maps and the big amount of players.,positive,steam_live,2807960,True,1778823165,581,english,0,0.5,True,False,False
Battlefield™ 6,good,positive,steam_live,2807960,True,1778823020,22070,english,0,0.5,True,False,False
Battlefield™ 6,好,positive,steam_live,2807960,True,1778822526,10614,schinese,0,0.5,True,False,False
Battlefield™ 6,"Bom jogo ,porém pouco conteúdo.",positive,steam_live,2807960,True,1778822065,11854,brazilian,0,0.5,True,False,False
Battlefield™ 6,only did this to be 700,positive,steam_live,2807960,True,1778821320,381,english,0,0.5,True,False,False
Battlefield™ 6,"My team is always the ones who will sit in the helicopter and not shoot any of the weapons or repair. But you know for a fact the enemy team is Meal Team six. Please start banning throwers, Tired of joining game after game after game losing in progress.",negative,steam_live,2807960,False,1778821098,11110,english,0,0.5,True,False,False
Battlefield™ 6,"I love this game, but PC players have been abandoned from what it feels like. The horrible netcode keeps the game from being fun. Never in any game ever have I been getting 400+ ping, but battlefield just somehow can't keep it straight. Please, fix the game.",negative,steam_live,2807960,False,1778820465,7827,english,0,0.5,True,False,False
Battlefield™ 6,"BF6 nuff said. Cod been dead, play dis tml",positive,steam_live,2807960,True,1778820359,3628,english,0,0.5,True,False,False
Battlefield™ 6,"EA has a massive Karen problem.  This is a fantastic game, but you say one edgy joke or say shut up, and these Karens that run moderation will lock you out of your account.  Keep in mind, this is a rated M game.  This game has bugs too, and instead their focus is on making sure you can't make jokes.  Their ""Positive Player"" guidelines, which were put in place, by EA's admission, because of George Floyd, bar you from trash talking.  Nothing says you are fighting racism like having Karens on power trips ban you for an edgy comment, while at the same time not banning people who tell you, in graphic detail, to unalive yourself.  Fantastic game, but a terrible and a laughing-stock-in-2026 corporate priorities.",negative,steam_live,2807960,False,1778819874,5395,english,0,0.5,True,False,False
Battlefield™ 6,200 Ping on ranked for australian players cause we don't get to have our own servers. Pathetic.,negative,steam_live,2807960,False,1778818961,84611,english,0,0.5,True,False,False
Battlefield™ 6,好玩,positive,steam_live,2807960,True,1778818856,1653,schinese,0,0.5,True,False,False
Battlefield™ 6,"While in the beginning of launch, BF6 was a decent game. They capitalized on feedback from players very quickly and it was great. Though, not in the most important areas. For some reason, they seem to be trying to replicate CODs success; or lack thereof. Tight maps anther urban tight map. Overall it was a solid experience for 134 hours, afterwards it becomes extremely repetitive. Is it work 69.99? Absolutely not. Not when theres games like Arc Raiders for 40 dollars, and games like Crimson Desert. Simply put, there's better options, and putting more time into this would be a loss.",positive,steam_live,2807960,True,1778818852,8044,english,0,0.5,True,False,False
Battlefield™ 6,"Easily one of the best shooters available currently, and a pretty great battlefield. I have had 250 hours so far and will have a lot more during the lifespan of the game. A lot of the criticism doesn't ring true to me, or is exaggerated in my opinion. There is some fair criticism that I agree with:

-The maps are a bit small, but not as bad as some people make out, this is still far from COD and the new maps are much bigger. It does play faster than the older games though so be aware. 
-The old premium model was better than the new battlepass model, and progression for a casual player is a bit slow. 
-The gun balance is a bit strange with SMGs still being pretty good at range whilst some assault rifles struggle. I always use a mix of guns though so it doesn't bother me much. 
-The biggest actual complaint that affects my actual experience was half-empty lobbies being back-filled by bots instead of players. This was a real problem for a long while (6 months ish) but seems to be fixed now (fingers crossed).

  Mostly though I've had a great time. Not watching or engaging with social media has no doubt helped as there is lots of content out there designed to make people annoyed. I played BF1942, BFBC2, BF3 a lot, BF1 a lot, BF5, some BF2042, and now this. This is a mostly great game, and still provides an experience unique to Battlefield. 

  The visuals are fantastic, the audio is amazing, the gunplay is great, sniping feels excellent, the performance has been excellent for me (maxed settings on a high end rig). If you really enjoy battlefield then I would just buy this and enjoy it, and ignore most of the noise surrounding it. You don't need BF Pro so don't worry about buying the battlepass unless you really want to.",positive,steam_live,2807960,True,1778818662,14928,english,2,0.526627242565155029,True,False,False
Battlefield™ 6,"Rendimiento y graficos a otro nivel!!!! tiene sus detalles pero es un increible juego, me encanta!",positive,steam_live,2807960,True,1778818183,8516,latam,0,0.5,True,False,False
Battlefield™ 6,its peak,positive,steam_live,2807960,True,1778818149,6281,english,0,0.5,True,False,False
Battlefield™ 6,faltan mapas de bf3 solamente y joya,positive,steam_live,2807960,True,1778818105,2349,spanish,0,0.5,True,False,False
Battlefield™ 6,JUEGAZO la campaña es deli y el multi uff.,positive,steam_live,2807960,True,1778818060,6639,spanish,0,0.5,True,False,False
Battlefield™ 6,"Its BF4 but worse, AA is trash unless its the AA tank, and tanks repair themselves to full after 5 seconds of not being in combat so engi is useless.",negative,steam_live,2807960,False,1778816812,3800,english,2,0.548872172832489014,True,False,False
Battlefield™ 6,"Imagine that EA drops another battlefield where each season they drop some absolutely broken weapon that you can get early access to if you fork over the sweet $22.49. ♥♥♥♥ EA, between the stuttering, lagging, getting shot behind cover. This game is so busted, like every live service game constantly ""balancing"" weapons based on metrics.
Terrible Hit registration, what the ♥♥♥♥ are these vehices?
Maps look like something out of a COD, this game is mediocre at best.",negative,steam_live,2807960,False,1778815693,12253,english,0,0.5,True,False,False
Battlefield™ 6,"Incredibly fun game when it works and EA isn’t shooting itself in the foot with every step. 

It’s ridiculous that seven months into the game’s life there’s the same bugs, servers take a dive every update, and you WILL get banned for the most inconsequential reasons. 

If you plan on wasting your money, make sure you change your steam name to the most squeaky clean thing possible. 

Apparently EA caters to those with the mental capacity of Bluey watchers in their game full of expletives, graphic violence, and LITERALLY MURDER.",negative,steam_live,2807960,False,1778814996,11790,english,0,0.5,True,False,False
Battlefield™ 6,"I’ve played for the last couple days after a break and ever since season 3 started the game is arguably worse. 
[list]
     [*]ARs and LMGs are still pretty bad
     [*]SMGs are OP
     [*]The RPG nerf was unnecessary
     [*]Little Bird is still OP
     [*]AA launchers are still useless
     [*]Laser designator nerf is bad
[/list]",negative,steam_live,2807960,False,1778814782,4098,english,3,0.530804634094238281,True,False,False
Battlefield™ 6,desde que actualice el juego entro s jugar y no me deja terminar ni una partida se me cierra el juego,negative,steam_live,2807960,False,1778814772,10232,latam,0,0.5,True,False,False
Battlefield™ 6,"Great game, they know how to listen to community feedback. Really hoping we get dreadnaught units from battlefield 1.. Must play game.",positive,steam_live,2807960,True,1778814401,6561,english,1,0.5,True,False,False
Battlefield™ 6,"imbalanced game, bunch of exploits. was fun but not so much anymore",negative,steam_live,2807960,False,1778814399,13493,english,0,0.5,True,False,False
Battlefield™ 6,This game has become an incredible chore to play. It feels like I'm being tortured every time I open this awful game. This game has gone from amazing to hot ♥♥♥♥. CoD BO7 is probably in a better stage atp. God help this game if MW4 ever drops. This game will be most definitely dead soon.,negative,steam_live,2807960,False,1778814290,16095,english,0,0.5,True,False,False
Battlefield™ 6,this game is amazing so so so fun !!!!!!!!!!!,positive,steam_live,2807960,True,1778813690,2558,english,0,0.5,True,False,False
Battlefield™ 6,Absolute best BF yet,positive,steam_live,2807960,True,1778813074,6783,english,0,0.5,True,False,False
Battlefield™ 6,Tão bom que só lembrei agora de avaliar kkk,positive,steam_live,2807960,True,1778812957,11259,brazilian,0,0.5,True,False,False
Battlefield™ 6,黑屏重启是常态,negative,steam_live,2807960,False,1778812789,7182,schinese,0,0.5,True,False,False
Battlefield™ 6,"I was able to play a couple of hours, no the game keeps crashing!!! unplayable!!!!",negative,steam_live,2807960,False,1778812450,1335,english,0,0.5,True,False,False
Battlefield™ 6,"I want thisto be a yes so bad, if you want a taste of battlefield it works but they just keep fumbling it and I've lost patience. 

the team who worked on this game did do a great job, but the publisher has been just fkn its direction.",negative,steam_live,2807960,False,1778811881,2150,english,0,0.5,True,False,False
Battlefield™ 6,Great game. But NO BOT PLEASE!,positive,steam_live,2807960,True,1778811853,20364,english,0,0.5,True,False,False
Battlefield™ 6,"Great Game, Wayyyyyyy better then Call of duty. It is very realistic game and I lvoe playing with my friends this game. We always have so much fun. Even if you are not a hard FPS Shooter guy it's a good game for everyone. You can choose from tanks. helicopters, cars and more. There are 4 different classes you can choose from alone too so this game has something for everyone and the game modes too.",positive,steam_live,2807960,True,1778811603,1739,english,0,0.5,True,False,False
Battlefield™ 6,"Variety of gameplay options in multiplayer, and a well put together story, This is worth the purchase if you enjoy FPS games.",positive,steam_live,2807960,True,1778811012,6329,english,0,0.5,True,False,False
Battlefield™ 6,"O jogo em si é excelente, porém o que deixa a desejar é a conexão, pings altíssimos, lags fora do comum, em qualquer mapa!! E ainda no meio da partida aparece erro de conexão e o game fecha",negative,steam_live,2807960,False,1778810500,3695,brazilian,0,0.5,True,False,False
Battlefield™ 6,cheeks,negative,steam_live,2807960,False,1778810218,17555,english,0,0.5,True,False,False
Battlefield™ 6,well Ea has done it and ♥♥♥♥♥♥ up the game so bad that i am uninstalling that ♥♥♥♥ of a game. why have a sniper class if all the maps are ♥♥♥♥ for sniping on and now the S3 update makes all the maps out of bounds if you try to get on a roof to snipe. Ea is Making the Game only for the ♥♥♥♥♥ ass streamer that cant play the game and will make it easier for them to play. going back to 2042 bit was a fun game. BF6 Is a ♥♥♥♥ Game Now.,negative,steam_live,2807960,False,1778809915,10608,english,1,0.5,True,False,False
Battlefield™ 6,"Very fun shooter, takes me back to the roots of battlefield with anew gen twist. I definitely enjoy the iteration this time around!!",positive,steam_live,2807960,True,1778809689,2348,english,0,0.5,True,False,False
Battlefield™ 6,Good BF game. Guns are cool. Portal is cool.,positive,steam_live,2807960,True,1778809208,3997,english,0,0.5,True,False,False
Battlefield™ 6,"Currently unplayable for me 'cause consistent Packet Loss Problems, even tho, i decreased the Graphic Settings.

*I join a game: Imediate Packet Loss*

(If the devs decide to fix this annoying issue, im gonna change it to ""Recommanding YES"" with the Date included)",negative,steam_live,2807960,False,1778809201,7310,german,4,0.533678770065307617,True,False,False
Battlefield™ 6,6 months and the game still ass,negative,steam_live,2807960,False,1778809102,6866,english,1,0.523809552192687988,True,False,False
Battlefield™ 6,good enough to buy hotas x56,positive,steam_live,2807960,True,1778808334,2699,english,0,0.5,True,False,False
Battlefield™ 6,a chore to play,negative,steam_live,2807960,False,1778807852,589,english,2,0.54356849193572998,True,False,False
Battlefield™ 6,优化烂得一批,negative,steam_live,2807960,False,1778807744,21326,schinese,0,0.5,True,False,False
Battlefield™ 6,"Juegazo el mejor shooter de 2025 el multijugador prometia demasiadas cosas pero lo descuidaron y ahora no hay actualizaciones relevantes y el redsec ni llama la atencion.
Todos sabemos como es EA solo quiere implementar cosas de paga nada mas, aunque esta vez todos pensabamos que seria diferente pero nada, nunca mas vuelvo a comprar un multijugador de EA.
Solo lo recomiendo por que en su salida fue el mejor multijugador que habia jugado en años, comprenlo solo en descuento ya que hay bastante gente jugandolo.",positive,steam_live,2807960,True,1778807311,4691,spanish,0,0.5,True,False,False
Battlefield™ 6,after 100 hours and 3 seasons this game is still ♥♥♥♥♥♥♥♥. bf3 and 4 didn't even have this bad of camping. just buy cod at this point. at least ppl in cod aren't as ♥♥♥♥♥♥♥♥ at video games. i have never witnessed more camping losers in my life than i have in this game. battlefield is a ♥♥♥♥♥♥♥♥ dead franchise now.,negative,steam_live,2807960,False,1778807023,6225,english,0,0.496604442596435547,True,False,False
Battlefield™ 6,fps 좋아하시면 무조건 ㄱㄱ,positive,steam_live,2807960,True,1778806856,16478,koreana,0,0.476190477609634399,True,False,False
Battlefield™ 6,Muito bom,positive,steam_live,2807960,True,1778806260,20882,english,0,0.5,True,False,False
Battlefield™ 6,"Pesimas actualizaciones y pesimo soporte técnico ya salio la temporada 3 y no han logrado resolver el porque su juego se crashea solo. Se traba completamente al grado que no deja ni cerrar el juego con un simple ALT + F4 sino debes apagar el equipo de manera manual completo y este fallo esta reportado en todos los grupos y foros de internet, así que consideren que es fecha que ni sus soluciones temporales sirven 15 minutos de juego y a reiniciar el PC :)",negative,steam_live,2807960,False,1778806205,4838,latam,0,0.5,True,False,False
Battlefield™ 6,好玩,positive,steam_live,2807960,True,1778805942,15239,schinese,1,0.523809552192687988,True,False,False
Battlefield™ 6,asla bu paralara değmez,negative,steam_live,2807960,False,1778805221,678,turkish,2,0.523809552192687988,True,False,False
Battlefield™ 6,"solid battlefield game. 2042 was bad, this is the good new battlefield. I still think BF1 was the best, but this one is definitely a very good entry in the series.",positive,steam_live,2807960,True,1778803535,1388,english,0,0.5,True,False,False
Battlefield™ 6,deze game doet het niet eens meer gezeik mee gehad dan lol,negative,steam_live,2807960,False,1778802769,4706,dutch,0,0.5,True,False,False
Battlefield™ 6,"Without question, the best Battlefield since BF4, maybe even better.",positive,steam_live,2807960,True,1778802351,7308,english,0,0.5,True,False,False
Battlefield™ 6,"Just end the series, this was the first i bought since 4. I will never buy another again, you fooled me. Grinding simulator. ♥♥♥♥ maps, awful design, all the guns are the same. Zero pros, this game is worth $25 max at launch. Disappointing company.",negative,steam_live,2807960,False,1778801927,6026,english,0,0.5,True,False,False
Battlefield™ 6,i would like to see no bots and i would like to see better loading frames and graphics also adding new fresh large maps etc i love battlefield will always be my childhood game,positive,steam_live,2807960,True,1778801836,14381,english,0,0.5,True,False,False
Battlefield™ 6,"fun game, too many whiners",positive,steam_live,2807960,True,1778800644,37697,english,0,0.5,True,False,False
Battlefield™ 6,ignore the haters and all the youtubers who say this game is bad. I love battlefield and have enjoyed it since battlefield 1. my love for the series is immense and this game is no exception. ive played through the entire campaign and have played a solid few matches and can honestly say its one of the best battlefield games in my opinion. def one of my top 5s.,positive,steam_live,2807960,True,1778800551,2547,english,0,0.5,True,False,False
Battlefield™ 6,"I wanted this game to be good, I bought it with all my buddies excited to have some late nights and laughs. I can't really put my finger on it but BF6 just never captured my attention and i dropped the game after only 8 hours. And also at the time of playing the Battle Royal gamemode was actually unplayable with the amount of glitches it had. Not that you should be buying a battlefield game for the battle royal gamemode anyways.",negative,steam_live,2807960,False,1778800133,572,english,0,0.5,True,False,False
Battlefield™ 6,"Its not battlefield, its CoD

Maps are dreadfully small, flat, and have no soul

Almost everything else is fine but the map is everything",negative,steam_live,2807960,False,1778799664,4756,english,2,0.527389943599700928,True,False,False
Battlefield™ 6,They are showing promise and things are going in the right direction.,positive,steam_live,2807960,True,1778799649,893,english,0,0.5,True,False,False
Battlefield™ 6,Play one round. Then Lock up your PC harder than Trump looking at Epstien files.,negative,steam_live,2807960,False,1778799577,27103,english,0,0.5,True,False,False
Battlefield™ 6,"♥♥♥♥♥♥♥ GARBAGE
♥♥♥♥ EA",negative,steam_live,2807960,False,1778799209,7279,english,2,0.524103820323944092,True,False,False
Battlefield™ 6,"A CAMPANHA E SODA,,,MUITO BEM FEITA!!!",positive,steam_live,2807960,True,1778799093,1053,brazilian,0,0.5,True,False,False
Battlefield™ 6,jeux de campeur puissance 10 c est attroce,negative,steam_live,2807960,False,1778798993,444,french,1,0.5,True,False,False
Battlefield™ 6,нравится,positive,steam_live,2807960,True,1778798051,4574,russian,0,0.5,True,False,False
Battlefield™ 6,Bunch of Nerds with guns,negative,steam_live,2807960,False,1778798021,667,english,1,0.508510589599609375,True,False,False
Battlefield™ 6,"game e bom tem que ter habilidade, coisa que o @borba não tem kkkkk",positive,steam_live,2807960,True,1778797049,27537,brazilian,0,0.5,True,False,False
Battlefield™ 6,Mycket bra spel!,positive,steam_live,2807960,True,1778796682,8287,swedish,0,0.475584954023361206,True,False,False
Battlefield™ 6,"Je pensais relancer Battlefield.
Au final j’ai surtout eu l’impression de participer à une réunion marketing où quelqu’un a crié :

“LES JEUNES AIMENT GLISSER ET LES SKINS FLUO, NON ??”

Battlefield 1 te donnait envie de monter le son et de charger dans la boue avec 200 bpm dans le cœur.
Battlefield 6 te donne envie de vérifier si t’as pas accidentellement lancé un free-to-play coréen sponsorisé par des boissons énergétiques.

Le jeu veut tellement séduire les joueurs de Call of Duty: Warzone qu’on dirait un ex toxique qui change toute sa personnalité pour se faire aimer.
Sauf que le résultat c’est juste Battlefield qui porte une casquette à l’envers en disant :
“Salut les frères, moi aussi je fais des 360 no-scope.”

Même l’interface me hurle dessus.
T’as plus de néons, de battle pass et d’animations RGB que dans la chambre d’un streamer de 15 ans qui vend des formations crypto.

Je sais pas qui a eu l’idée de transformer une licence connue pour son immersion militaire en festival e-sport sous cocaïne, mais faut arrêter de laisser le stagiaire TikTok toucher aux décisions importantes.

Le pire, c’est que DICE sait faire des chefs-d’œuvre.
BF1, c’était le genre de jeu où même en perdant tu restais dans la partie parce que l’ambiance était folle.
Les charges dans les tranchées, les bâtiments qui s’effondraient, les avions en feu dans le ciel, la musique qui te donnait l’impression d’être dans un film de guerre…
On sentait que des gens avaient voulu créer une expérience mémorable, pas juste un produit calibré pour vendre des skins “Ultra Neon Shadow Operator”.

BF1 ressemblait à une lettre d’amour à la licence.
BF6 ressemble à un PowerPoint d’actionnaires avec des explosions en fond d’écran.",negative,steam_live,2807960,False,1778796131,6399,french,8,0.583333313465118408,True,False,False
Battlefield™ 6,"There are way too many bugs, and every single update brings new issues. Because of this, matches often start with bots since no one is playing like they used to. I definitely don't recommend it; this might be the worst Battlefield game ever.",negative,steam_live,2807960,False,1778795712,16769,english,0,0.5,True,False,False
Battlefield™ 6,F&UNNNNNN,positive,steam_live,2807960,True,1778795689,8949,english,0,0.5,True,False,False
Battlefield™ 6,"This truly is a BattlefieldTM 6

Anyway, good game, performance is doable with good specs",positive,steam_live,2807960,True,1778795485,1593,english,0,0.5,True,False,False
Battlefield™ 6,So glad this is getting decent updates and a new 2026 roadmap that shows they are listening to the players.,positive,steam_live,2807960,True,1778794930,18748,english,0,0.476190477609634399,True,False,False
Battlefield™ 6,"Game was fantastic at launch, now it has devolved into chaos. The dev's wont fix issues from the initial launch of the game and forget about flying any air vehicles cause they are glitchy pieces of ♥♥♥♥ that might as well be made of cardboard.",negative,steam_live,2807960,False,1778794826,3986,english,0,0.5,True,False,False
Battlefield™ 6,"Great game tbh 7/10.

good performance and gameplay.",positive,steam_live,2807960,True,1778793969,5815,english,0,0.5,True,False,False
Battlefield™ 6,"It is not okay to have an important weapon unlock as a Battlepass. You can not unlock the weapon when that BP has been over while other can play with it. Sadly the worst battefield, not as gameplay, but on the concept of the new bf. Not enough different weapons. Feel like a beta sometimes.",negative,steam_live,2807960,False,1778793930,7755,english,0,0.5,True,False,False
Battlefield™ 6,Gioco di MERDA!!!!!,negative,steam_live,2807960,False,1778793578,12028,italian,0,0.5,True,False,False
Battlefield™ 6,gg,positive,steam_live,2807960,True,1778793288,9951,polish,0,0.5,True,False,False
Battlefield™ 6,Cool game and really fun but it's got a hell of a lot of bugs. Also EA sucks,positive,steam_live,2807960,True,1778793093,2845,english,0,0.5,True,False,False
Battlefield™ 6,"Muy chulo, vuelve a la esencia de Battlefield, tiene sus peros: mapas aburridos mas sosos que un pan sin sal...intentan rerear con mapas realismo sin ser un simulador lo que haean monotonos, queremos un Metro y un Tifon en Paracelso, con eso somos felices. Armas guapas y el resto muy bien",positive,steam_live,2807960,True,1778792380,2768,spanish,0,0.5,True,False,False
Battlefield™ 6,Railway to Golmud is a good step in the right direction the map is really fun,positive,steam_live,2807960,True,1778792347,6103,english,1,0.509803950786590576,True,False,False
Battlefield™ 6,you cant play the new map with 8g of VRAM,negative,steam_live,2807960,False,1778791741,20134,english,0,0.483870983123779297,True,False,False
Battlefield™ 6,very cool,positive,steam_live,2807960,True,1778790782,7715,english,0,0.5,True,False,False
Battlefield™ 6,G,positive,steam_live,2807960,True,1778790564,854,polish,0,0.5,True,False,False
Battlefield™ 6,"This new season 3 update is horrendous. 

The first topic is this ranked mode. Trying to grasp the RP points has turned everyone into thirsty dogs. The moment you go down they are instantly finishing you for those crispy 10 points only being the first 3 kills of course... after that you get half... like what? Gaining RP is incredibly difficult and the mechanics behind it are terrible. You have to do 1 damage to down them to get the full points and the teammate who did 99% of the dmg gets half the credit. Whoever thought of this abysmal dogsht ranked system needs to be fired ASAP. Don't try to reinvent the loop, stick to what is good and what people enjoy. 

Next is the obvious lack of content. 3 guns. 2 of them are reskinned and or ported from previous titles, might as well just went the 2042 route and added all the games to portal, PORTAL which is never going to get a dedicated browser, got to love how they listen to the community. A singular reskinned map as well. No wonder the game is dying. 

Finally the servers. With this latest update I am consistently playing on 100ms+ servers, when before I was 10 ping. Don't know how this game is devolving in performance and creativity. 

Whole dev team needs to be restructured.",negative,steam_live,2807960,False,1778790219,20291,english,3,0.523809552192687988,True,False,False
Battlefield™ 6,It's just fun,positive,steam_live,2807960,True,1778790017,1133,english,0,0.5,True,False,False
Battlefield™ 6,Игра норм,positive,steam_live,2807960,True,1778789957,19852,russian,0,0.5,True,False,False
Battlefield™ 6,Bought this game and had server connection issues since the game launched that makes the game unplayable. I've tried every possible thing to remedy this. I have sank way too much effort trying to resolve this. I wish I could refund it,negative,steam_live,2807960,False,1778789201,2424,english,2,0.5,True,False,False
Battlefield™ 6,"same game as in release, weapons locked behind battle pass and full of microtransactions",negative,steam_live,2807960,False,1778789167,6384,english,2,0.5,True,False,False
Battlefield™ 6,Game is fun.,positive,steam_live,2807960,True,1778787468,5337,english,0,0.493303358554840088,True,False,False
Battlefield™ 6,"Vous avez fait un BF de merde y a pas d'autres mots. De un j'ai une RTX5090 et votre est éclaté en terme de  coding ca lag de partout malgré toutes les optin du monde. Arc Raider ou Call of marchent nickel. Et ensuite REDSEC. Mais quelle merde vous avez pondu 7 balles de 12.7 dans un gars et il est pas au sol ? Alors que 3 cartouches de Mp7 font tomber un mec full plaqué. Mais allo ! Vous fumez la licence BF avec vos Call Of Duty guys que vous recrutez. Le multi c'est le bordel, aucun stratégie, aucune tactique de l'arcade à gogo. Ridicule! Tchao.",negative,steam_live,2807960,False,1778787061,5835,french,0,0.5,True,False,False
Battlefield™ 6,"ah Battlefield, was ist nur aus dir geworden? Ich fange erstmal mit dem Positivem an und will nicht direkt ins Negativ. Keine Frage, die Open beta hat mit Freunden im Squad echt spaß gemacht, sodass man das Desaster nach Bf 2024 schnell wieder vergessen hat. Die Intensiven Kämpfe, heftige Explosionen und die Häuserkämpfe waren sehr stressig aber es hat Spaß gemacht. 

Nun nach mittlerweiler Zwei Season's sehe ich und paar meiner Freunde wohin dieses Battlefield hin geht. Die Matches spielen sich alle gleich. Gegner benutzen immer die selben cod-ählichen Waffen (meist MP;SMG oder Sturmgewehre, sodass nur auf KD gegangen wird. Klassenrollen werden nur selten von einigen richtig gespielt. Spawnsystem ist für die Mülltonne, wie oft bin ich einfach neben Gegner im eigenen Bereich gespawnt?! Es ist mehr ein run & gun als strategisches Vorgehen, was in alten Teilen viel besser funktoniert hat. Die Maps sind viel zu klein und alles wirkt blass und eintönig. Matchmaking kann man komplett vergessen, meist gewinnt oder verliert man eine Runde mit knapp 500-800 Tickets Vorsprung + manche Maps sind total unbalanced, je nach dem auf welcher Seite man startet. 

Die Leute die mit Black Ops 7 unzufrieden sind, werden wohl hier ihren Spaß haben. Ich bin hiermit raus. Wir sehen uns auf den alten Schlachtfeldern in Battlefield 1&5 wieder! Dort machen die Kämpfe nach knapp 10 Jahren immernoch spaß und optisch sehen die beiden Teile noch dazu viel besser aus. Außerdem hat man mit den behemoths aus dem ersten Teil ein cooles feature eingebaut, sodass das benachteiligte Team immernoch ein Chance hat das Match zu wenden. In Battlefield 6 spielt sich jeder Modus identisch und es gibt nichts an das man sich noch später erinnert. Gunplay, Sound, Chaos stimmen für das moderne Setting – aber es fehlt die Battlefield‑Identität, die früher ganze Abende legendär gemacht hat. So ist es leider wie jeder andere Shooter. Teamplay, taktische Tiefe & große Schlachten wird man hier leider nicht finden.

---------------------------------------------------------------------------------------------------------------

I’ll start with the positive things first. The open beta was really fun, especially when playing in a squad with friends. It made me forget the disaster of BF 2042 for a moment. The intense fights, the heavy explosions, and the close‑quarters combat were stressful, but in a good way.

But now, after two seasons, my friends and I can clearly see where this Battlefield is heading. All matches feel the same. Enemies always use the same CoD‑like weapons (mostly SMGs or assault rifles), and everyone only plays for their KD. Class roles are rarely used the way they should be. The spawn system is terrible — I spawned next to enemies in our own area so many times. It’s more run & gun than strategic gameplay, which worked much better in the older games. The maps are too small and everything looks bland and repetitive. Matchmaking is also useless; you usually win or lose with a 500–800 ticket difference. Some maps are completely unbalanced depending on which side you start on.

People who are unhappy with Black Ops 7 will probably enjoy this game. But I’m done. I’ll return to the old battlefields in Battlefield 1 and 5. Those games are still fun even after almost 10 years, and they still look better. BF1’s behemoths were a great feature that gave the losing team a real chance to turn the match around. In Battlefield 6, every mode feels the same and there’s nothing memorable about it. The gunplay, sound, and chaos are good for a modern setting — but the Battlefield identity is missing. The identity that once made whole evenings unforgettable. Now it feels like every other shooter. You won’t find teamplay, tactical depth, or large‑scale battles here anymore.",negative,steam_live,2807960,False,1778787018,4344,german,5,0.525017142295837402,True,False,False
Battlefield™ 6,So much potential yet they manage to F.up this. Just Unbelievable,negative,steam_live,2807960,False,1778786519,1145,english,1,0.476190477609634399,True,False,False
Battlefield™ 6,"Категорически не советую покупать данную поделку игропрома. Игра неплоха но точно не стоит своих денег, предыдущие части серии продавали как фантики но 40 баксов за игру с батлпассами!? Идем по стопам калового вздутия, неудивительно ведь EA - контора конченых блядей, и не потому что на релизе было всего 4 карты для мультплеера, а сейчас пихают по 1-2 раз в три-четыре месяца. У этих жадных и бездушных сволочей в пользовательском соглашении написано что у них есть право банить вас направо и налево не обьясняя причин. И да, я этим глубоко обижен. Купив игру по фул прайсу в пик хайпа не ожидаешь что через 3 недели, когда уже вошел во вкус тебе прилетит пермач. А окончательно добьет настроение поддержка, из которой вы полтора месяца будете слышать ""мы провели всевозможные расследования и постановили, что наказание было выдано верно"" наказание за что??? Ах да у вас же написано что об этом нельзя говорить так как это конфиденциальная информация. Да и никаких противоправных действий я не совершал. Я являюсь фанатам жанра и следовательно всей серии батлы, и меня как честного игрока это вывело из себя. Даже если я куплю игру снова на другой аккаунт мне будет противно в нее играть, зная что за данным продуктом скрывается нечеловечная равнодушность и наплевательское отношение к потребителю.",negative,steam_live,2807960,False,1778786385,4114,russian,1,0.5062369704246521,True,False,False
Battlefield™ 6,"Loved it for the first ~10 hours right after release. Then it's just... meh
1. Maps are boring and unremarkable. How on earth could you ♥♥♥♥ up New York and Cairo???. 
   - ""Here are the pyramids, player, BUT, you see, they are on the background and you can't get to them. How cool is that, huh, player? ""
2. Large maps are small. No map makes you feel like a grand combined arms battle is happening. ♥♥♥♥♥♥♥ Squad feels more like Conquest than whatever these maps are supposed to be
3. The remaining player base are sweaty basement dwellers making it impossible to have a fun game especially on smaller maps
4. On average game launches only on the second attempt
5. Although rare but still present disconnects and crashes
6. Progression so slow I didn't even think about trying new weapons. Knowing how long it takes to get any upgrades 
7. Pop-ups at every corner of the screen. Buy battle-pass, buy ugly skins, buy this, buy that. Sure, why the ♥♥♥♥ not, game that I already ♥♥♥♥♥♥♥ payed for. Why wouldn't I BUY the ♥♥♥♥♥♥♥ progression instead of actually wanting to play to go through it
8. Achievements forcing you to play this ♥♥♥♥♥♥♥ battle royale regime. 

Oh and ♥♥♥♥ your pathetic monetization spam with battlepasses and all this ♥♥♥♥♥♥♥♥. On launch it was so clean, beautiful, great. No pop-ups, no battlepasses, no casino ♥♥♥♥♥♥♥ roulette effects after every match. It felt like what BF4 used to be. 

What it is now is another live ""product"" for us mere goyim to consume. 

♥♥♥♥ you EA or whoever is responsible for this piece of ♥♥♥♥ for making me believe it's a game worth its money.",negative,steam_live,2807960,False,1778786126,2189,english,3,0.525188207626342773,True,False,False
Battlefield™ 6,"It’s actually pretty fun when you’re playing it instead of scrolling through negative reviews with little to no objective criticism, with reviewers comparing it to older franchise entries from back when their parents weren’t divorced",positive,steam_live,2807960,True,1778785778,7101,english,2,0.52173912525177002,True,False,False
Battlefield™ 6,"If you wanna play something that is a re skin of 2042 and pay full retail price for it, go ahead. But I am done shoving a cactus op my arse. Good job gaming community, you've completely ruined modern gaming...",negative,steam_live,2807960,False,1778785677,3959,english,2,0.501519739627838135,True,False,False
Battlefield™ 6,"A game that gets steadily worse with every Season, the cheats are slipping through the net now as well.",negative,steam_live,2807960,False,1778785475,8985,english,2,0.477706998586654663,True,False,False
Battlefield™ 6,feels like an ai upscaled mobile game,negative,steam_live,2807960,False,1778785385,4137,english,2,0.477706998586654663,True,False,False
Battlefield™ 6,really enjoying REDSEC. suggesting to buy! def worth $70,positive,steam_live,2807960,True,1778785230,5588,english,0,0.476190477609634399,True,False,False
Battlefield™ 6,Чотири медика з клуметами краще збивають хелікоптери ніж зенитка,positive,steam_live,2807960,True,1778784863,17055,ukrainian,0,0.5,True,False,False
Battlefield™ 6,Why when I have 10 maps in my rotation do I get the same dumb map 5 times in a row. What is it with GGG title developers creating such god awful UI and game mechanics. I dont get it.,negative,steam_live,2807960,False,1778784191,11790,english,1,0.5,True,False,False
Battlefield™ 6,Every single lobby is just infested with bots. it has become impossible to find an actual game with real people in gamemodes like rush since the last update. genuinely unplayable.,negative,steam_live,2807960,False,1778783745,4709,english,1,0.5,True,False,False
Battlefield™ 6,Good game. Only complaint is the people who play it. I recommend.,positive,steam_live,2807960,True,1778783589,10175,english,1,0.5,True,False,False
Battlefield™ 6,I take no enjoyment playing an fps game that relies heavily on random recoil/spread/bloom. Not knowing I am winning gunfights because I did better or because my opponent lost the full auto random spread duel is deeply unsatisfying.,negative,steam_live,2807960,False,1778783354,4641,english,5,0.551404118537902832,True,False,False
Battlefield™ 6,you need friends,positive,steam_live,2807960,True,1778783009,7092,english,0,0.5,True,False,False
Battlefield™ 6,傻逼EA,negative,steam_live,2807960,False,1778783008,515,schinese,0,0.5,True,False,False
Battlefield™ 6,very fun,positive,steam_live,2807960,True,1778782421,3568,english,0,0.5,True,False,False
Battlefield™ 6,super sache,positive,steam_live,2807960,True,1778782221,2121,german,0,0.5,True,False,False
Battlefield™ 6,botfield,negative,steam_live,2807960,False,1778780980,3192,english,2,0.519104063510894775,True,False,False
Battlefield™ 6,Even if im dissapointed by the updates the game still gives a good bf experience,positive,steam_live,2807960,True,1778780768,1957,english,1,0.507874011993408203,True,False,False
Battlefield™ 6,"I’m glad you brought back Golmud Railway, but unfortunately it exposed the main issue with this version of the game — all the other maps are some of the worst in Battlefield history.

The developers keep swinging from one extreme to another. In 2042, they made these endlessly huge and empty chunks of land, and here they went the complete opposite direction and shrunk everything down to near Call of Duty-sized maps.
As a result, this “Battle of Field” plays absolutely terribly.

I also want to point out that the multiplayer heavily reeks of battle royale design. It really feels like instead of adapting the battle royale to fit classic Battlefield design principles, you adapted Battlefield around battle royale mechanics. That was very disappointing.

And then there’s a bunch of smaller annoyances — the idiotic sweet spot mechanic, instant rangefinder, instant parachute deployment, and similar stuff just make me hate the game.

But like I said earlier, the game has one “main problem.” Everything else I could forgive, or just blame on me being an old-school player — but the maps are the red line that personally makes me unable to recommend this game to anyone.",negative,steam_live,2807960,False,1778780723,5461,ukrainian,1,0.499243557453155518,True,False,False
Battlefield™ 6,"Gra totalnie masakra  ledwo 60 fps mam co chwile jakieś lagi  ścinki ping wywala na mapach mimo ze w innych grach jest normalnie redsec totalna tragedia. Kampania  totalne dno  za dużo poszli w ślady coda  z animacjami ;D  za 80zł okej  ,ale nie ma taka cenę jak teraz",negative,steam_live,2807960,False,1778779302,1375,polish,0,0.5,True,False,False
Battlefield™ 6,"$100 game filled with microtransactions and premium battlepass, less content than any other battlefield game, every new battlefield feels more and more like a cod clone, live service ♥♥♥♥♥♥♥♥ where they drip feed you content once every 3 months and half of the dev team working on a garbage warzone clone which is free to play btw so why isnt the base game free? Trash campaign, little bird didnt get added for months into release, snipers can basically quickscope you now and kill with one shot to the chest so that removed any sense of tactical play, they changed the class system so the support class now has defibs AND ammo bag so all the other classes are trash compared to support. All in all very dissapointed, would not recommend at full price, game is just honestly a cash grab, your basically paying $100 just for multiplayer which they dont even have all hands on deck for...",negative,steam_live,2807960,False,1778778782,3864,english,1,0.5,True,False,False
Battlefield™ 6,sehr gutes Game macht viel spaß,positive,steam_live,2807960,True,1778778725,9499,german,0,0.5,True,False,False
Battlefield™ 6,"I cannot recommend this game.

Update for season 3 has severely lowered my FPS, due to extreme CPU usage. Before the latest update, the game ran fine, but now it doesnt.

This mean that Dice and EA, let an update hit live, either;

Without properly doing QA and testing, with regards to PC users. If they had done testing, they would have found the update to nt be ready.

Or, they just released hte update anyway, even though they knew alot of PC users would be screwed over.

Not recommended.",negative,steam_live,2807960,False,1778778642,13026,english,1,0.492125988006591797,True,False,False
Battlefield™ 6,Очень динамично и весело.,positive,steam_live,2807960,True,1778778596,34104,russian,0,0.5,True,False,False
Battlefield™ 6,COD need to learn XD,positive,steam_live,2807960,True,1778778584,2859,czech,0,0.5,True,False,False
Battlefield™ 6,chujowy bf,negative,steam_live,2807960,False,1778778479,10504,polish,0,0.5,True,False,False
Battlefield™ 6,"The maps were absolute butt cheeks (the stinky kind) on release. However, we now have Golmud Railway because everyone knows BF4 is the greatest BF in the series  and this map is crankin my hog. GOBLESS",positive,steam_live,2807960,True,1778778207,8078,english,1,0.511056482791900635,True,False,False
Battlefield™ 6,:,positive,steam_live,2807960,True,1778777743,9557,turkish,0,0.5,True,False,False
Battlefield™ 6,"Не возможно играть , покупаешь игру чтобы играть через костыли , любая обнова будь добр настраивай заново. Пытаешься запустить через запрет , пишет что нужно выключить впн.  Надобыло покупать карб в машину , а не это вот",negative,steam_live,2807960,False,1778777663,1366,russian,1,0.508196711540222168,True,False,False
Battlefield™ 6,打着太折磨了，地图太多地方看不见人，环境灰尘本来就多，还非要搞滤镜，每次室内室外换的时候都恨不得闪瞎我的眼,negative,steam_live,2807960,False,1778777548,4504,schinese,0,0.5,True,False,False
Battlefield™ 6,Battlefield 6 jest naprawde super gra jest swietnie dopracowana przez ekspertów i mozna sie wspaniale bawic grajac z innymi graczami przez neta. Jeden minus jest taki ze powinni dorzucic jeszcze pare fajnych mapek np. w lasach gdzie dla zwiadowcy by bylo swietna rozgrywka oraz górzyste tereny. Pozdrawiam KermanPL,positive,steam_live,2807960,True,1778777281,10162,polish,0,0.5,True,False,False
Battlefield™ 6,fun with friends,positive,steam_live,2807960,True,1778777163,1016,english,0,0.5,True,False,False
Battlefield™ 6,"I've Played a lot of battlefields and even went through all of 2042, but this is my final straw with every season this game has gone further and further in the wrong direction, the gunplay is turning into cod, ground vehicles are punished for being the only way to take out air vehicles and air is immortal in the air with how long flares last and how lowsy AA is, most maps are one sided, even rush is unbalanced and everyone is toxic over the smallest things, the last time i enjoyed this game was before season 1 started and come back time and time again to try and enjoy it but just cant anymore. dice has lost me",negative,steam_live,2807960,False,1778776700,8317,english,2,0.5,True,False,False
Battlefield™ 6,yes,positive,steam_live,2807960,True,1778776384,12555,english,0,0.5,True,False,False
Battlefield™ 6,Отлично 👍,positive,steam_live,2807960,True,1778776364,13908,russian,0,0.5,True,False,False
Battlefield™ 6,very good game,positive,steam_live,2807960,True,1778776063,6986,english,0,0.5,True,False,False
Battlefield™ 6,jkjhhj,positive,steam_live,2807960,True,1778776012,2426,spanish,0,0.5,True,False,False
Battlefield™ 6,DICE我草泥马，AWM白板没刷墙你妈死了,negative,steam_live,2807960,False,1778775290,24720,japanese,1,0.5,True,False,False
Battlefield™ 6,Yeah I love flying attack helicopters.  Started in BF2 and honestly BF6 feels like a solid continuation.  Polish your skills ahead of the coming drone wars!,positive,steam_live,2807960,True,1778775288,173688,english,0,0.5,True,False,False
Battlefield™ 6,"Where to begin with this game.
First, a disclaimer. I play mainly Conquest, and sometimes branch out into other gamemodes. But I would wager 95% of my playtime is in Conquest, and as such my opinions are based almost exclusively on that one gamemode (and a little bit of rush)

Being a Battlefield veteran, playing Battlefield 2 on the family PC as a child, but having most of my playtime in Bad Company 1/2, and BF3 and 4, this game is in no way a perfect Battlefield game, but it is absolutely a step in the right direction after the last couple of entries to the series.

Season 3, with the release of Golmud, makes the game feel more like BF3 and BF4 than any other entry since those two. But, because of course there's a but, this one map that has the feeling and gameplay of a proper Battlefield map does not make up for the many shortcomings of the game.

Recoil still feels soulless on all weapons, with only minor differences between every weapons handling.
Basically every map feels pretty much the same, with the typical 3 lane layout, with limited proper flanking routes. The verticality of many of the maps is also quite lacking, and the maps with verticality are often not by design, but just people getting on top of massive rocks or mountains in the middle or edges of the maps, and sitting there for the entire game. Those rocks are also a part of the design problem, with the 3 lane design I mentioned earlier. The rocks or mountains make up the split between the lanes, and feel like exactly that: a design choice to divide the map right down the middle, which feels soulless and artificial.
Besides the 3 lane layouts of many of the maps, there is also just a major lack in variety of the maps. All of the maps can be put into 3 major categories (and one minor category that only Golmud fits into).
The first of these categories i call ""Close quarters spamageddon"" reminiscent of Operation Metro but without the actually fun map layout, the second is ""Somewhat big empty death trap"", and the final major category I call ""Generic city centre map"".
The fourth category, exlusively fitting Golmud for now, is ""Somewhat varied and balanced large map"", and this category is in my opinion what the map designers should strive for with most of the maps.
Golmud is, at this very moment, the absolutely best map in the game in my opinion. Vehicles are in abundance, and can be easily countered if you have competent teammates (and half a brain yourself). The map has large empty areas, but there are lanes between the points and through the empty areas, with a variety of cover for infantry. The map is in no way perfect, but it is the only actually [i] fun [/i] map in the game at this moment for me. I am however biased towards vehicle gameplay, both ground and air, so take this opinion with a grain of salt if you yourself prefer infantry gameplay.

The gameplay itself, however, is quite fun. The gunplay isn't perfect, but it's much more engaging and fun than BF2042. The movement is fast, but not too fast, and feels smooth. And thank god the operator system is gone.
The performance of the game is alright. My setup runs most maps at almost ultra settings, 1440p, at around 80-120 fps, but some of the larger maps, especially Golmud, can dip to about 60 fps later on in the round.

With all of that said would i recommend the game? At full price: hell no. Stay away from the 70€ price tag. I bought it for 42€ I believe, and at that price I'm closer to recommending the game. In it's current state however, the price point I believe the game is worth is roughly €30, and no higher. The biggest reasoning for this is the lack of interesting maps.

Also two things to be aware of:
The amount of whining in the in-game chat is unbearable. I recommend turning it off completely.
Crossplay can't be turned off on PC. Not that I personally have a problem with playing against people using controllers. I do however have a problem with the fact there simply is no in-game option to turn crossplay off for PC players.",negative,steam_live,2807960,False,1778775135,3507,english,1,0.516129016876220703,True,False,False
Battlefield™ 6,"try not to get sniped simulator.

every game of conquest is just 30vs30 sniper battles this game is lame as fk",negative,steam_live,2807960,False,1778775109,7881,english,1,0.5,True,False,False
Battlefield™ 6,ya tengo derecha a hablar sobre el juego muy buen juego bien optimizado excepto el battleroyale que si va regular .el mejor shooter actual que hay es el punto medio perfecto entre estrategico y frenetico .,positive,steam_live,2807960,True,1778774810,16779,spanish,0,0.5,True,False,False
Battlefield™ 6,cine,positive,steam_live,2807960,True,1778774653,4690,spanish,0,0.5,True,False,False
Battlefield™ 6,玩5和2042没砸过的鼠标这代已经砸了三个了，战地系列就到此为止把,negative,steam_live,2807960,False,1778774221,17212,schinese,0,0.5,True,False,False
Battlefield™ 6,"你媽的，都第三季了還不懂得玩家不想肝任務來解想玩的武器
每次看到什麼用特定配件殺幾個人才能解的任務就來火了
特別是偵察兵那個EMP槍，爛的要死還要你打掉15個配件
操你媽的，活該你人流流失這麼快",negative,steam_live,2807960,False,1778773552,14615,tchinese,1,0.5,True,False,False
Battlefield™ 6,einfach erste sahne.,positive,steam_live,2807960,True,1778772987,3358,german,0,0.5,True,False,False
Battlefield™ 6,"Banned for my user name ""King Jewlious"" while being a Jew myself AWESOME",negative,steam_live,2807960,False,1778772837,29136,english,1,0.5,True,False,False
Battlefield™ 6,Good game,positive,steam_live,2807960,True,1778772829,1728,english,0,0.5,True,False,False
Battlefield™ 6,notice how the NEGATIVE reviews have over 100h of play time . that because its actually a good game . runs great on my pc,positive,steam_live,2807960,True,1778772550,4167,english,0,0.476190477609634399,True,False,False
Battlefield™ 6,😀,positive,steam_live,2807960,True,1778771980,8181,english,0,0.5,True,False,False
Battlefield™ 6,"Батлфилд 6 на релизе и сейчас - абсолютно разные игры. Да, худшая, бессмысленная компания, да какие-то первоначальные проблемы и баги, но до чего докатилась она сейчас это просто мрак. 0 количество контента, халтура и безразличность издателя впринципе к серии. Платформа для выкачки денег с наивных фанатов, осквернение памяти Винса Зампелы",negative,steam_live,2807960,False,1778771416,1486,russian,1,0.5,True,False,False
Battlefield™ 6,The game was great at launch...now its unplayable...well done EA... :-/,negative,steam_live,2807960,False,1778771020,4694,english,2,0.51115119457244873,True,False,False
Battlefield™ 6,最优秀的一代战地，因为可以再也不用启动了，远古的UI设计，看瞎眼的敌我分辨和浪费生命的游玩时间让我豁然开朗与其玩这傻逼游戏不如去干一些充实的活动，谢谢战地六让我回归到现实生活中,positive,steam_live,2807960,True,1778770725,8427,schinese,0,0.5,True,False,False
Battlefield™ 6,d,negative,steam_live,2807960,False,1778770555,1509,hungarian,0,0.5,True,False,False
Battlefield™ 6,狗屎,negative,steam_live,2807960,False,1778770176,3198,schinese,0,0.5,True,False,False
Battlefield™ 6,"dont buy it still not finished, crashes everytime i attempt to rebind anything lol",negative,steam_live,2807960,False,1778770097,10515,english,1,0.5,True,False,False
Battlefield™ 6,до 4 части сильно не дотягивает!,negative,steam_live,2807960,False,1778769726,2916,russian,2,0.523809552192687988,True,False,False
Battlefield™ 6,载具太强反载太弱，轮椅哥摇的乐呵呵，逼养的帕克双亲在天上呵呵乐，高位截瘫的蛆虫满地爬，玩着糖豆发射器的我根本看不到这比游戏的未来,positive,steam_live,2807960,True,1778769596,18821,schinese,0,0.5,True,False,False
Battlefield™ 6,aaa,positive,steam_live,2807960,True,1778769575,7145,english,1,0.523809552192687988,True,False,False
Battlefield™ 6,dice对于游戏态度已经超历史的低了，整个亚服都是处于薛定谔的活着的状态，马上一周了不维修。再加把劲就快赶上索狗不兼容简体中文了，加油dice,negative,steam_live,2807960,False,1778769525,9701,schinese,0,0.5,True,False,False
Battlefield™ 6,fix packet loss and latency,negative,steam_live,2807960,False,1778768631,2517,tchinese,0,0.5,True,False,False
Battlefield™ 6,"Big explosions, Big fun... maps starting to get Big too so Big wins!",positive,steam_live,2807960,True,1778768494,9977,english,0,0.5,True,False,False
Battlefield™ 6,"While the game is a mixed bag overall it keeps crashing so often that i cannot finish a single match, amaizing AAA experience",negative,steam_live,2807960,False,1778768100,9910,english,1,0.5,True,False,False
Battlefield™ 6,They had a rough start but managed to fix a lot of issues. don't listen to the whining people and avoid streamers negativity. see for yourself.,positive,steam_live,2807960,True,1778767977,60462,english,0,0.5,True,False,False
Battlefield™ 6,"I have mixed emotions about battlefield 6. There are moments that feel so cool and make the game totally worth playing, however this is the 13th main title in the battlefield franchise, this is a developer that has a lot of resources and experience behind developing these games, and yet there is too much bs in the game that just shouldn't happen in a game this late in the battlefied franchise. The map design is horrible, vehicle maneuverability is horrible, players sabotage matches by hogging tanks to get k/d instead of playing objectives, team sizes are too big for the maps which makes achieving objectives unrealistic, and of course there's cheaters. Over the past few months I've been watching the player base fall off and games are now populated with idiotic bots. I understand wanting a change as I'm unsatified with this title and have also started to look at alternatives. I'm writing this review now as I was shocked to see that this game has a 50% approval rating compared to 80% three competitors have achieved, the game is dying, yet it still holds a $110 price tag. If the developers were serious about reviving this game, they need to reduce the price to rebuild the player base and reflect on what worked well and didn't work well in their previous battlefield games and try to better replicate that success.",negative,steam_live,2807960,False,1778767943,12212,english,1,0.5,True,False,False
Battlefield™ 6,8.5/10. Don't even download the single player.,positive,steam_live,2807960,True,1778767925,9114,english,0,0.5,True,False,False
Battlefield™ 6,"Слили батлу в никуда. Танки порезали настолько, что пехота в одиночку выносит  целый танк, воздушные цели теперь из танка тоже не сбить, жетско порезали скорострельность и прицельность. 
Воздушный транспорт сделали неуклюжим, но добавпили перк на запрет автонаводки с иглы, теперь задроты с ПС5 ликуют, ибо сбить их нереально ни зенитке ни танку ни пехоте, даже с 3 ракет, у них либо перк либо отстрелка. 
Так слить начальный баланс это надо уметь, остаются теперь карты где чисто пехота, хоть какой-то интерес играть, остальное тотал имбаланс",negative,steam_live,2807960,False,1778767697,15125,russian,2,0.51116478443145752,True,False,False
Battlefield™ 6,"现代战争6
拙劣的次品",negative,steam_live,2807960,False,1778767677,1639,schinese,0,0.5,True,False,False
Battlefield™ 6,"没香港服务器老子一毛钱也不会花了。No HongKong servers, no pro subscription",negative,steam_live,2807960,False,1778767282,20818,schinese,0,0.5,True,False,False
Battlefield™ 6,第三赛季刚开始没几天我就卸载了，我本来很喜欢战地风云这个ip的，从我上大学开始，我电脑的第一款游戏就是战地5，当时他们都说是半成品，但是我觉得非常好玩，后来也接触了4，1，2042，即使2042是很多人口中最烂的战地，我也没有觉得这款游戏烂那里去。但是经历了战地六的三个赛季，我愈发觉得心累，极短的ttk与高压的环境让我有种打游戏反而会紧绷的情况，你不认真打，你谁都打不过，一二十级带点fps基础的萌新都能踹你一脚，认真打我也可以打出比较好的ttk，但是整个人感觉垮了一样，非常累。从我初中了解到战地风云这些系列游戏中，我确实非常想玩，当我上大学有了电脑之后，我也如愿以偿玩到了并且沉迷其中，感谢战地给了我一段欢乐的时光，也感谢战地让我回归到现实生活中去，因为太尼玛史了这个战地6。我们只需要玩玩游戏就行了，但是dice要想的就很多了。,negative,steam_live,2807960,False,1778767200,17805,schinese,1,0.520547926425933838,True,False,False
Battlefield™ 6,"Maybe skill issue, but I cant play this game better, than 1/10/5. 
Seems that enemies immortal but i dying after 3 hits",negative,steam_live,2807960,False,1778767105,1224,ukrainian,0,0.5,True,False,False
Battlefield™ 6,Jogão. Especialmente depois da season 3,positive,steam_live,2807960,True,1778767077,14167,brazilian,0,0.5,True,False,False
Battlefield™ 6,"Great game
Very fun",positive,steam_live,2807960,True,1778766898,1873,english,0,0.5,True,False,False
Battlefield™ 6,首发的时候还没什么问题，顶级的手感，现在构式一般的网络优化让人作呕。你以为加入反作弊，实时检测网络波动是为了游戏体验，结果换来的是打个五分钟就断连，报0：85009S，以前遇到挂换个房间还能接着玩，现在连玩都玩不了（战地1/5/2042都是这样），感觉把公司买了算了，法克鱿EA！,negative,steam_live,2807960,False,1778766576,2854,schinese,0,0.5,True,False,False
Battlefield™ 6,最后一作,negative,steam_live,2807960,False,1778766472,26633,schinese,0,0.5,True,False,False
Battlefield™ 6,史，更新不知道更新个什么傻逼东西，玩载具得了，玩载具这么能杀让他杀完呗，玩步兵跟坐牢没什么两样，真不好玩,negative,steam_live,2807960,False,1778766421,6762,schinese,1,0.520547926425933838,True,False,False
Battlefield™ 6,第三赛季，感觉还行,positive,steam_live,2807960,True,1778766304,6427,schinese,0,0.5,True,False,False
Battlefield™ 6,I think ea figured out to let dice be. I can only hope they have the vision to supprt this engine and gameplay for the longrun.,positive,steam_live,2807960,True,1778765766,2104,english,0,0.5,True,False,False
Battlefield™ 6,"I’ve gone back and forth so many times on my feelings towards BF6, but after the season 3 patch I’ve got to say I really do not enjoy this game ~80% of the time. 

Season 3 has made the experience much worse. They’ve taken all the good things about Golmud and thrown them out the window. They’ve nerfed engineer while simultaneously buffing vehicles, which were already much too strong. If you’re a vehicle player you’ll love the game, if you’re an infantry player or a sniper then save your money.",negative,steam_live,2807960,False,1778765483,2309,english,2,0.51585012674331665,True,False,False
Battlefield™ 6,ok,positive,steam_live,2807960,True,1778764464,2560,greek,0,0.5,True,False,False
Battlefield™ 6,"The foundation of the game (Engine) is good, but the gameplay is terrible. The skins look like they came out of a playmobil set, especially pax armata, not even as realistic as Battlefield 5. Medic and Support are one role now. Some assault rifles kill with 3 rounds, meaning you are instantly dead, way faster than in old Battlefield games.
They just had to copy Battlefield 4, instead it feels like they copied CoD.",negative,steam_live,2807960,False,1778764334,2670,english,2,0.5,True,False,False
Battlefield™ 6,稀碎的手感，人都看不见，还要开安全启动麻烦的一批！,negative,steam_live,2807960,False,1778764216,1203,schinese,2,0.531524419784545898,True,False,False
Battlefield™ 6,我他妈也是服了你指望着一个kd0.6的人去开挂？dice你脑子怎么想的,negative,steam_live,2807960,False,1778762081,2469,schinese,1,0.511925816535949707,True,False,False
Battlefield™ 6,欢迎来到嘉豪风云六！各位玩家们！加入游戏将会被代表全体玩家！,negative,steam_live,2807960,False,1778761780,10883,schinese,2,0.513448059558868408,True,False,False
Battlefield™ 6,einfach geil,positive,steam_live,2807960,True,1778761635,2541,german,0,0.5,True,False,False
Battlefield™ 6,Absolutely hate the maps.,negative,steam_live,2807960,False,1778761587,925,english,3,0.498411804437637329,True,False,False
Battlefield™ 6,"Many bugs, bad optimization (fps drops), bad updates",negative,steam_live,2807960,False,1778761257,27003,english,2,0.497221201658248901,True,False,False
Battlefield™ 6,"S3 > S2 > S1 approx 300h, good game , so far improved over the seasons",positive,steam_live,2807960,True,1778760978,17345,english,2,0.515926778316497803,True,False,False
Battlefield™ 6,AWESOME,positive,steam_live,2807960,True,1778760680,5471,english,0,0.5,True,False,False
Battlefield™ 6,Getting worse.,negative,steam_live,2807960,False,1778760203,9451,german,5,0.5,True,False,False
Battlefield™ 6,傻逼玩的,negative,steam_live,2807960,False,1778759947,16454,schinese,1,0.511925816535949707,True,False,False
Battlefield™ 6,"This game gives you challenges that are retarded, and borderline impossible to complete.
Gadgets suck balls, matchmaking is so ♥♥♥♥♥♥♥ onesided, that punching yourself in the balls is more enjoying.
EA better fix this ♥♥♥♥ or I'm gonna delete this ♥♥♥♥ game.",negative,steam_live,2807960,False,1778759866,3356,english,3,0.46652945876121521,True,False,False
Battlefield™ 6,They nailed it,positive,steam_live,2807960,True,1778759725,2235,english,0,0.5,True,False,False
Battlefield™ 6,平衡烂完了,negative,steam_live,2807960,False,1778759657,13734,schinese,1,0.511925816535949707,True,False,False
Battlefield™ 6,我觉得需要考虑很多玩家也是喜欢玩突破模式的，特别是第二赛季的先知行动特别好玩，但是第三赛季却下架了，希望能出一些类似先知行动的模式,positive,steam_live,2807960,True,1778759561,2948,english,1,0.519999980926513672,True,False,False
Battlefield™ 6,"It is the 10th BF and they still do not want to ballance aircrafts.
Impossible to hit twice, no oneshot possible, auto repair, flairs faster than useless AA weapons. This 1 good pilot just DESTROY the fun of the whole game. 3 of them in a team.. Seriously...",negative,steam_live,2807960,False,1778759526,21391,english,0,0.5,True,False,False
Battlefield™ 6,好玩，身临其境的战场战斗氛围，很不错，很刺激,positive,steam_live,2807960,True,1778759372,2738,schinese,0,0.5,True,False,False
Battlefield™ 6,"I find it very good, sometimes hit-reg and ♥♥♥♥ happens, but 99% of the time the game feels good",positive,steam_live,2807960,True,1778759310,34062,english,1,0.5,True,False,False
Battlefield™ 6,"By no means the best BF game, But it has fun gunplay and feels nice to play, The maps are lacking tho, Like a lot. I'd wait for a sale if you wanna buy it",positive,steam_live,2807960,True,1778759030,8879,english,2,0.523809552192687988,True,False,False
Battlefield™ 6,It was OK during launch. Season 1 was boring. 2 was better and now 3 is a TON of fun. Battlefield is back baby! (for me),positive,steam_live,2807960,True,1778758865,13382,english,1,0.5,True,False,False
Battlefield™ 6,"war, war never changes",positive,steam_live,2807960,True,1778758312,11203,english,1,0.476190477609634399,True,False,False
Battlefield™ 6,garbage,negative,steam_live,2807960,False,1778757704,1634,english,1,0.484318464994430542,True,False,False
Battlefield™ 6,第三赛季让我偶尔打开玩玩的欲望都没有了 太逆天了 本来我觉得很好玩的,negative,steam_live,2807960,False,1778757435,3434,schinese,2,0.534638881683349609,True,False,False
Battlefield™ 6,随便封禁，刷枪没开挂也封无敌了，屎一样的解锁,negative,steam_live,2807960,False,1778757087,4554,schinese,0,0.5,True,False,False
Battlefield™ 6,之前玩1和5代都是拼好兵。想着首发支持结果一坨，游戏优化真的拉。看不到人还有那些烦人的枪械改装任务。像我们这种娱乐玩家怎么跟那些满配枪械玩呢，看到人就被秒一点战斗体验感没有。还是1和5代好玩,negative,steam_live,2807960,False,1778756894,1505,schinese,0,0.5,True,False,False
Battlefield™ 6,"Highly Recommended - Battlefield is back and feeling great

I've been having a blast with Battlefield 6. The game is simply fun. Pure, addictive fun. Every time I launch it I end up playing way longer than I planned because the gameplay loop just clicks.

What I appreciate most is how active the developers are. You can clearly see they're listening to the community and constantly patching the things that actually annoy players. The game feels cared for and it's getting better with every update. That's rare these days and it makes me want to keep coming back.

The gameplay itself is exactly what I want from Battlefield: dynamic, fast paced, and chaotic in the best possible way. Big maps, proper vehicle play, intense infantry fights, and those ""only in Battlefield"" moments that still happen regularly. It feels like the series has finally remembered what made it special.

The endless comparisons to BF4 are honestly getting a bit tiring. 
It's the same thing people did with every new Heroes of Might and Magic after Heroes 3 - treating the old game like an untouchable legend. Yes, BF4 was amazing, but that doesn't mean this game can't be great in its own way. I'm having more fun here than I had in years with the series.

If you enjoy fast, destructive, large-scale multiplayer shooters, Battlefield 6 is in a really good place right now. Definitely worth jumping in.",positive,steam_live,2807960,True,1778756867,9885,english,2,0.49710005521774292,True,False,False
Battlefield™ 6,"Seit Season 3 gibt es Probleme mit dem AntiCheat, dies führt zu Random Crashes ohne Fehlermeldung. Es sind viele davon betroffen  (siehe Diskussionen) und nur EA kann das Problem beheben.

Solange es diesen Fehler gibt, am besten nicht kaufen.",negative,steam_live,2807960,False,1778756828,7071,german,4,0.5,True,False,False
Battlefield™ 6,fun,positive,steam_live,2807960,True,1778756711,19528,english,1,0.5,True,False,False
Battlefield™ 6,good,positive,steam_live,2807960,True,1778756516,17602,english,0,0.5,True,False,False
Battlefield™ 6,Doesn't support HOTAS,negative,steam_live,2807960,False,1778756312,16815,english,0,0.47826087474822998,True,False,False
Battlefield™ 6,傻 福 游戏，你妈的同一把枪每三个月就换个手感,negative,steam_live,2807960,False,1778755918,19713,schinese,0,0.5,True,False,False
Battlefield™ 6,"bad visibility
bad maps
bad netcode",negative,steam_live,2807960,False,1778755779,4957,english,0,0.5,True,False,False
Battlefield™ 6,"This game is so much better than every other military shooter released and while maps were not as large as previous titles, the engagements are much higher octane. The game has modes for everyone from casuals to hard core. Gunplay is tight and destruction is potentially the best since 4",positive,steam_live,2807960,True,1778755690,7774,english,0,0.5,True,False,False
Battlefield™ 6,"The ♥♥♥♥♥♥ free to play REDSEC is consuming BF6 and is being shoved in paying customers' faces.

Yeah nah

EA can EAD",negative,steam_live,2807960,False,1778755012,6094,english,1,0.5,True,False,False
Battlefield™ 6,"З 3м сезоном тупо зламали гру. Оптимізація пішла погуляти. Реєстрація просто жесть. Купа переробок які ні кому нікуди не впирались. Награв 500 годин в задоволення, зараз просто від неї горить. Це жах. Логіки ніякої. Грав собі в 100 фпс на старій 1080 і горя не знав. Зараз просто просадка за просадкою. Промалювання противника з такою затримкою. Грати не можливо. Піду у щось інше, або повернусь до чудової 4ки. Тупо вбили такий потенціал...",negative,steam_live,2807960,False,1778754861,33307,ukrainian,0,0.499243557453155518,True,False,False
Battlefield™ 6,amd 7900xt老是卡死重启,negative,steam_live,2807960,False,1778754421,19509,schinese,0,0.5,True,False,False
Battlefield™ 6,"season 03, okay, a map for 128 players is only accessible for 64?? please consider your updates because I haven't seen a single positive thing in the entire game since October (of course we're talking about updates) so please don't bury such a good game....",negative,steam_live,2807960,False,1778753969,20914,english,0,0.5,True,False,False
Battlefield™ 6,Don't waste your money,negative,steam_live,2807960,False,1778753457,4546,english,1,0.503188133239746094,True,False,False
Battlefield™ 6,外挂太多，人物转个反向好像老年痴呆一样慢的要死,negative,steam_live,2807960,False,1778752758,867,schinese,1,0.523809552192687988,True,False,False
Battlefield™ 6,this ♥♥♥♥ is not battlefield,negative,steam_live,2807960,False,1778752725,7548,english,1,0.523809552192687988,True,False,False
Battlefield™ 6,"Recensione dopo che ci gioco dal lancio, fa schifo, patch dopo patch va sempre peggio,  è frustrante, le armi danno una sensazione di non beccare un nemico  manco se ti impegni,  sembra di ricominciare da capo ogni giorno, sembra di non imparare mai a gestire gli scontri a fuoco, mappe che sinceramente sembrano fatte apposta per generare più confusione possibile, grafica penosa che anche con un pc da 2500 euro non si capisce niente, il sole diventa accecante sembra una flashbang che ti esplode in faccia quando esci da un edificio, gioco di merda sotto tutti i punti di vista non faccio manco la campagna che tanto l'hanno fatta anche quella col culo, per fare i giochi cosi non fateli proprio.",negative,steam_live,2807960,False,1778752406,6396,italian,2,0.526031792163848877,True,False,False
Battlefield™ 6,"Battlefield 6 actually gives you that massive war feeling
The chaos, explosions, vehicles, and teamwork feel way better than COD in my opinion.
Also the jets+tanks are insanely fun easily my favorite part of the game.
And to be honest, I didn’t play the older Battlefield games that much, but the devs for this game really seem to listen to the community.",positive,steam_live,2807960,True,1778751997,6547,english,0,0.5,True,False,False
Battlefield™ 6,差评,negative,steam_live,2807960,False,1778751874,2450,schinese,0,0.5,True,False,False
Battlefield™ 6,fun,positive,steam_live,2807960,True,1778751027,420,english,0,0.5,True,False,False
Battlefield™ 6,刚杀一人就因为长时间未操作被踢了,negative,steam_live,2807960,False,1778750189,12213,schinese,0,0.5,True,False,False
Battlefield™ 6,GG,positive,steam_live,2807960,True,1778750142,20709,thai,0,0.5,True,False,False
Battlefield™ 6,kann man machen oder auch nicht,positive,steam_live,2807960,True,1778749193,5372,german,1,0.523809552192687988,True,False,False
Battlefield™ 6,"“This is the Battlefield formula done right. The campaign is just okay at best — below mid, 5/10.
But the multiplayer? That’s the real star. Total chaos, super fun, and honestly a blast to play. 8.5/10 for multiplayer,
8/10 overall.",positive,steam_live,2807960,True,1778748451,3611,english,0,0.497237592935562134,True,False,False
Battlefield™ 6,"Is good, still needs work.",positive,steam_live,2807960,True,1778748100,16544,english,0,0.5,True,False,False
Battlefield™ 6,GOOD,positive,steam_live,2807960,True,1778747844,13623,schinese,0,0.5,True,False,False
Battlefield™ 6,"Had a lot of potential but ultimately fell short.
* Fun gunplay
* Destruction is solid
* Movement is smooth but way to too twitchy for a bf game can be annoying
* Terrible team balancing and match making
* Horrible net code
* Very slow updates and not anything cool enough to keep you playing (think they spent too much time on the BR mode and are now behind on new maps)",negative,steam_live,2807960,False,1778747514,12814,english,0,0.5,True,False,False
Battlefield™ 6,"Frère, fornite, Black ops ou autre sont CLAQUE face au réalisme. Si tu es console, achète toi un pc et achete battlefield 6. Me sortez pas ""mon gpu est nul"", ""il y a influation de la ram"" ou un truc comme ca. Ahete toi un ryze, 7 et une geforce rtx 5060 et c'est bon. Me parlez plus de call off ou de fornite.",positive,steam_live,2807960,True,1778747214,5218,french,0,0.476190477609634399,True,False,False
Battlefield™ 6,Its a great bf ngl,positive,steam_live,2807960,True,1778746950,8847,english,0,0.5,True,False,False
Battlefield™ 6,"Beta ran fine, release build ran slightly worse, then after a couple months of updates the game is completely unplayable for me. Consistent 250-350 ms time nudge and CPU peaks whenever enemies are nearby and frequent drops below 30 fps. Weapons shoot slower, running speed is slower, turning is delayed, players rubberband, hitreg falls off a cliff. There's probably a fix out there that would work, but there shouldn't be a need to dig for a fix when system requirements are met.",negative,steam_live,2807960,False,1778746335,14098,english,0,0.5,True,False,False
Battlefield™ 6,"Probably the most disappointing battlefield game out there even 2042 had more hope of improving. This game is missing the battlefield soul, the only thing about this game that's battlefield is the name.",negative,steam_live,2807960,False,1778745366,23936,english,2,0.529147982597351074,True,False,False
Battlefield™ 6,"It's fun to blow buildings, tanks, helicopters, terrorists, etc up",positive,steam_live,2807960,True,1778744613,2190,english,0,0.5,True,False,False
Battlefield™ 6,"游戏说是野心勃勃的，剧情却是赶工的，中配是不堪入耳的，通行证是即敷衍又难肝的，社区也是圈子小神人多
       游戏发售前还说给每个人独立一个门户服务器，结果开服还整服务器爆满，还因为自己设置的枪械等级难度诞生出一堆刷枪门户，想创建个门户还服务器爆满，这是把我的服务器给别人用了吗？到后面玩家流失大半，开服不到三个月就打折卖170左右，你要羁绊干嘛DICE？早买早坐牢，打折骗新囚
       剧情本身做的一坨，玩的时候我脚趾都能抠出三室一厅，搭配这念稿无感情的中配就犹如臭豆腐加腐乳的老八秘制小汉堡，配音演员自己听笑了没？多人模式的中配也是卧龙凤雏，没感情的念稿加上这么稚嫩的声线，不知道的以为我在玩二游呢。
       我玩游戏是放松的，不是听你那尴尬的中配还为了通行证不得不边看周任务边为你上班的。这也就算了，但我每周固定上线一两天落不下做完本赛季所有的周任务，通行证还特么差最后两个阶段，我挂机还不行吗？特么的挂机门户有一个封一个，后面还封挂过机的玩家账号，咋？逼着人每天上线做你那个只给一万五经验的赛博大牢的？
        社区神人事件多到说不完，可以去搜搜最近的瓜，中澳友谊赛
        总结也是拉玩了，整天没事干的人可以来坐坐，玩一天都浑身难受，混圈难受一天",negative,steam_live,2807960,False,1778744526,9095,schinese,1,0.506578981876373291,True,False,False
Battlefield™ 6,"Even 2042 was better, at least I could play Bad Company 2 in that. Just feels like COD and not Battlefield.",negative,steam_live,2807960,False,1778743292,1531,english,2,0.529147982597351074,True,False,False
Battlefield™ 6,"Game run just fine on lunch and during 1 seasson, I came back for seasson3 but I can't finish single match without crashing. Looking at steam forums, this is weeks old issue that has yet to be solved, maybe fix your game before releasing another seasson pass slop.",negative,steam_live,2807960,False,1778742341,7651,english,0,0.5,True,False,False
Battlefield™ 6,"오퍼레이션 돌려줘!
난 분위기충이라서 배1의 진짜 전쟁터같은걸 원햇고
우린 그거 만들줄 알지롱~ 근데 리소스부족해서 맛만 보여줄게 하고서
그냥 없애는게 어디있어 지금이라도 빨리 돌려줘",positive,steam_live,2807960,True,1778741313,20632,koreana,0,0.5,True,False,False
Battlefield™ 6,peak,positive,steam_live,2807960,True,1778740689,5901,english,0,0.47826087474822998,True,False,False
Battlefield™ 6,Season 3's changes to the aircraft counterplay ruined it.,negative,steam_live,2807960,False,1778740431,17427,english,1,0.527559041976928711,True,False,False
Battlefield™ 6,redsec is pretty g,positive,steam_live,2807960,True,1778738950,11152,english,0,0.5,True,False,False
Battlefield™ 6,once they added Golmud it was an instant 10/10,positive,steam_live,2807960,True,1778738708,2686,english,0,0.5,True,False,False
Battlefield™ 6,Do you like getting 'Why Me' at every corner? Then BF 6 is for you.,negative,steam_live,2807960,False,1778738526,8366,english,1,0.508196711540222168,True,False,False
Battlefield™ 6,good battlefield game recommend,positive,steam_live,2807960,True,1778738237,20643,english,0,0.5,True,False,False
Battlefield™ 6,good battlefield,positive,steam_live,2807960,True,1778737880,2473,english,0,0.5,True,False,False
Battlefield™ 6,Not perfect but it is really fun and keeps getting better.,positive,steam_live,2807960,True,1778737070,8092,english,0,0.5,True,False,False
Battlefield™ 6,"Game has its problems. For me, most notably, the TERRIBLE menu and some of the UI are pretty bad aspects and also most of the maps are not very good. They are not unplayable but some better maps need to come. The gunplay, the classes, pretty much the rest feels really good. Campaign is not fantastic but its better than what I heard about it. Gauntlet and BR is a no no for me. But since they are not ""real battlefield"" and you don't ""buy it"" per say, I would just ignore those.",positive,steam_live,2807960,True,1778736897,2171,english,0,0.5,True,False,False
Battlefield™ 6,"It is remarkable in the sense that you have many choices of playstyle. The servers are big, they host a big crowd without suffering at all. The catch is... there is no balance in this game, just chaos. Everything is blowing up while you are bullied by high level players. Other than this, I recommend.",positive,steam_live,2807960,True,1778736875,448,brazilian,0,0.5,True,False,False
Battlefield™ 6,"Все кто думают покупать или нет  
1. Если все ♥♥♥♥♥♥♥ и хочется просто выключить голову, и просто пострелять, эта игра для вас
2. Стрельба ощущается по новому, более аркадная, со снайперской винтовки может стрелять теперь даже человек с синдромом паркинсона! 
3. взяли лучшее из BF4, и что-то своровали у Apexa ( в батл рояле чувствуется и Warzone) 
4. по началу душат челы с перекачем, у которых уже есть игольчатые патроны, и тепловизоры, но это временные муки, за 15 часов, ты спокойно догоняешь задров, и даёшь пиздатый отпор! 
5. под пиво, вечером, с друзьями, больше ♥♥♥♥♥ сказать, все кто хоронят игру, и орут какая она хуевая, дайте альтернативу, всегда когда входил в спор, говорили о проекте ""Delta force"" к сожалению или к счастью, ""Delta force"" грызет кулаки, сейчас нет такого аркадного шутана, где можно реально ахуено месится, при  этом нормально отыгрывать на всех классах.",positive,steam_live,2807960,True,1778736139,2100,russian,1,0.523809552192687988,True,False,False
Battlefield™ 6,好玩,positive,steam_live,2807960,True,1778736062,8883,schinese,0,0.5,True,False,False
Battlefield™ 6,"Battlefield 6 is one of the best games in the franchise so far. Destruction is back, the graphics are amazing again, and the gameplay that people have missed for a long time has finally returned. You can tell the game was built from the ground up. The maps are fun, massive, and packed with players to fight against. I honestly couldn’t ask for more from this game.

The only thing I’d like to see is a bit more map variety, which I hope will improve over time. But overall, this is truly a game worth playing. The more people who join and enjoy it, the better.",positive,steam_live,2807960,True,1778734663,5184,english,2,0.501696348190307617,True,False,False
Battlefield™ 6,没吃过屎的可以尝尝,negative,steam_live,2807960,False,1778734544,14101,schinese,2,0.53281855583190918,True,False,False
Battlefield™ 6,喜欢这个系列,positive,steam_live,2807960,True,1778733431,7575,schinese,0,0.487903207540512085,True,False,False
Battlefield™ 6,"优化烂的没边了。
同分辨率同全低的情况下，BF1原生帧数是它的两倍有余--甚至画质还好上不少.
5,2042虽然优化不比BF1,说到底还是能畅玩的；
这坨*****游戏对局都经常进不去，玩过这么多比战地六还吃配置的游戏都不会这个鬼样子，真他妈防沉迷来了",negative,steam_live,2807960,False,1778733012,21023,schinese,0,0.5,True,False,False
Battlefield™ 6,"If you enjoy ♥♥♥♥♥♥ game design and balancing, you'll love this.

Hope you don't expect bullets to go where your reticle is, becuase this game loves weapon spread bloom, and literally every recoil attachment increases weapon spread on top of the defualt excessive bloom to begin with, so you'll never be able to hit a damn thing (they also increased recoil, visual recoil, and bloom for all automatic weapons with the most recent update. Literally nobody can hit eachother right now). SMG's are better assault rifles than assault rifles themselves, it's that bad.

Snipers are fine though! Enjoy having no flinch when shot so you can just dome the guy who already missed over half a mag of ammo, and only hit you with 3 bullets that did nothing to disway your aim!

Live service? What're you talking about? You'll get one update every 10 years, with one map that's a recreation of an already ♥♥♥♥♥♥ map, and one new map that sucks just as much. New guns? As before, enjoy weapon spread and 200 hours of gameplay to level up one gun to level 10.

Progression overall? ♥♥♥♥ you. Stop asking questions and just enjoy it for what it is. The Battledads on Reddit need you to get ♥♥♥♥♥♥ by EA, and you better not dare claim the beta was a better time. 

Skip this, and go play something else until DICE learns how to make guns shoot straight, and brings some real content. And if you want a battleroyal, go play Fortnite; REDSEC sucks, too.",negative,steam_live,2807960,False,1778732587,12464,english,2,0.5207100510597229,True,False,False
Battlefield™ 6,"would be grate if i could even get on but instead i keep getting a unknown error with a different code each time and when it does let me on i have no menus and all my settings have been reset to default.
if anyone has a fix please let me know because all the fixes online don't work and i don't believe EA cares to fix it since this has been happening since half way through season 2.",negative,steam_live,2807960,False,1778732571,6521,english,0,0.5,True,False,False
Battlefield™ 6,"game is ""ok"" , not many different with BF4, but it crashes randomly even after i tried everything. so i had to refund it.",negative,steam_live,2807960,False,1778732078,707,english,0,0.5,True,False,False
Battlefield™ 6,Good game,positive,steam_live,2807960,True,1778732023,450,english,0,0.5,True,False,False
Battlefield™ 6,"worst BF i've ever played, absolute booty cheeks",negative,steam_live,2807960,False,1778731280,182,english,1,0.506329119205474854,True,False,False
Battlefield™ 6,Muy good,positive,steam_live,2807960,True,1778730930,3152,english,0,0.5,True,False,False
Battlefield™ 6,I honestly have more fun on Delta force than this game,negative,steam_live,2807960,False,1778730610,3323,english,1,0.5,True,False,False
Battlefield™ 6,L Update   Prolly gonna go back to BF4,negative,steam_live,2807960,False,1778730299,20113,english,2,0.527533054351806641,True,False,False
Battlefield™ 6,GOOD,positive,steam_live,2807960,True,1778729987,1493,english,0,0.5,True,False,False
Battlefield™ 6,trash,negative,steam_live,2807960,False,1778729884,3021,english,1,0.47413790225982666,True,False,False
Battlefield™ 6,keeps freexing and kicking me out sayin driver update when i have done it million times with fresh install of my drivers.... pissing me the eff off,negative,steam_live,2807960,False,1778729026,30252,english,1,0.523809552192687988,True,False,False
Battlefield™ 6,"I transitioned to Ubuntu and that a game developer refuses to support up and coming OS but still supports Microslop product of the year is so disappointing. No linux support means no more play for me on this game. I wont play any future Battlefield games that are missing proton support. Cheaters are everywhere and the notion that there are more/less Cheaters on the Windows flavor of the year is complete bull when they just buy a DMA card and cheat all they want. 

Also.... NO I DONT WANT TO PLAY WITH PS5/XBOX PLAYERS ... SCREW YOU EA",negative,steam_live,2807960,False,1778728951,5167,english,1,0.5,True,False,False
Battlefield™ 6,"When i first played BF6 on beta and even launch, the game ran superb even with the amount of players. gun play and everything was fast and top tier and above all especially fun to play. Played season 1 when it first came out and experienced some hickups in the game here and there but still ran perfectly fine. Came back to BF6 for Season 3 and Oh god is it terrible. My game crashed 4 times during compiling shaders which literally never happens, and then crashed a few more times after it finished. Believed it was whatever and played my first match of breakthrough only to have high as hell latency and rubber banded and then crashed. Played my next match and could not move at all due to rubber banding. Tried again and managed to play 5 seconds before teleporting trying to eliminate an enemy.  I have super fast internet and never had this problem...ever. All in all, incredible game that chose to be mid so do not recommend playing",negative,steam_live,2807960,False,1778728660,10580,english,0,0.5,True,False,False
Battlefield™ 6,Excelente,positive,steam_live,2807960,True,1778728364,2502,spanish,0,0.5,True,False,False
Battlefield™ 6,BAD,negative,steam_live,2807960,False,1778728034,129,english,0,0.5,True,False,False
Battlefield™ 6,ITS GOOD,positive,steam_live,2807960,True,1778727609,12444,english,0,0.5,True,False,False
Battlefield™ 6,"Suspended for inappropriate name for 72 hours. This suspends you from all EA games and even the single player mode for Community Safety... So game is bricked. Devs have really dropped the ball since beta, not fixing bugs that already exist and Just pushing more content. which adds more bugs to the list of bugs that need to be fixed.",negative,steam_live,2807960,False,1778727120,15803,english,0,0.468003809452056885,True,False,False
Battlefield™ 6,"Not sure what happened, after the update the game plays like literal ♥♥♥♥. Updated all my drivers, turned graphics down to low and still getting massive stutters the second I get into a gunfight. Its gotten old real quick",negative,steam_live,2807960,False,1778727016,18894,english,3,0.529314637184143066,True,False,False
Battlefield™ 6,Si,positive,steam_live,2807960,True,1778726575,6189,latam,0,0.5,True,False,False
Battlefield™ 6,Gelişir,positive,steam_live,2807960,True,1778725942,2567,english,0,0.5,True,False,False
Battlefield™ 6,"New update really put life into the game, I like the balances they did. There are a couple times were people are sliding around like its COD like sliding 15 feet across grass. I think its going in a good direction with the launch of season 3",positive,steam_live,2807960,True,1778724921,9338,english,0,0.5,True,False,False
Battlefield™ 6,"Great game, though the battlepass stuff kinda killed it for me. Considering I'm not rich enough for it yet. Hopefully it doesn't ruin the game like it did in Battlefield 2042.",positive,steam_live,2807960,True,1778724834,1079,english,0,0.5,True,False,False
Battlefield™ 6,"Too much of S*** Hyped with this game. Previously I've played all those multiplayer modes in battlefield, but this Battlefield 6 is worst than the others. I don't care if people S**K on my review because even you S**K like rest of those people playing this game and being proud like yeah I am the gamer and I know how to play games yeah wohoooo yeah, well, shut the F Up NERDS lmao get a life",negative,steam_live,2807960,False,1778724315,122,english,0,0.40951383113861084,True,False,False
Battlefield™ 6,"great potential, botched live service execution. Too much monetization, too much FOMO, too little content.",negative,steam_live,2807960,False,1778724232,6935,english,8,0.572852492332458496,True,False,False
Battlefield™ 6,"i really wanted to like this game however with the launch of the game the maps were small and really didnt have the battlefield flow, feels extremely arcadey with smaller maps, jumpshotting and dropshotting. The maps are slowly getting bigger but i just cant Recommend others to play it. BFV and BF1 did a great job with map size and thats what i was looking for. Honestly 2042 did a better job with map size not necessarily with design.",negative,steam_live,2807960,False,1778724181,6855,english,1,0.522058844566345215,True,False,False
Battlefield™ 6,"The gameplay is pretty fun, and I've never noticed any net code issues when playing the game. My only real gripe is that I can't get rid of all the yellow dots, but I've grown to ignore them. The default heli controls are also horrendous, no idea how exactly they expect those to work for mouse and keyboard when they include both WASD, and your arrow keys. I just rebinded most of them.",positive,steam_live,2807960,True,1778723986,9515,english,0,0.5,True,False,False
Battlefield™ 6,"Game closes for no reason, who cares about balancing anything in their game and the best part is the new cycle of implementing stuff no one asked for into their games then reverting all of those ideas and half-assedly going back to traditional battlefield. Let's go back to the old system of the funny bugs in battlefield then making it good as the life of the game goes on, instead of leaving the game broken and try to get as much money out of the player base as possible.",negative,steam_live,2807960,False,1778723625,2168,english,0,0.476190477609634399,True,False,False
Battlefield™ 6,Save yourself 70 bucks. I have not for more than 2 minutes at a time enjoyed playing this game. I'm fairly certain anyone left playing is just tryin to get a little bit of their money's worth.,negative,steam_live,2807960,False,1778723525,856,english,0,0.5,True,False,False
Battlefield™ 6,"51 hours later, it still sucks",negative,steam_live,2807960,False,1778723372,4277,english,0,0.5,True,False,False
Battlefield™ 6,楽しさより不快感が勝つ,negative,steam_live,2807960,False,1778723267,10929,japanese,5,0.527578175067901611,True,False,False
Battlefield™ 6,La saison 3 est bien lancée,positive,steam_live,2807960,True,1778721970,17906,french,0,0.5,True,False,False
Battlefield™ 6,"Gotten better over time.

would re-purchase if i had to do it all over again",positive,steam_live,2807960,True,1778720897,17138,english,1,0.490099012851715088,True,False,False
Battlefield™ 6,govno is jepi,negative,steam_live,2807960,False,1778720895,4852,russian,3,0.505300343036651611,True,False,False
Battlefield™ 6,broken ass game and ea is greedy ♥♥♥♥♥♥♥ disgusting,negative,steam_live,2807960,False,1778719181,14649,english,1,0.476190477609634399,True,False,False
Battlefield™ 6,"simply they killed the BF series 
BF4 and 1 were amazing and best one 
no updates no changes 
no big maps 128 players
sound issues
also  I dont like customizing weapon each time ...just need select and play and get some heads",negative,steam_live,2807960,False,1778719048,17787,english,1,0.476190477609634399,True,False,False
Battlefield™ 6,"They ruined the bf series, wish I just had the money back so I could buy a bullet to shoot myself",negative,steam_live,2807960,False,1778718740,3389,english,1,0.490552335977554321,True,False,False
Battlefield™ 6,UPDATE THE NETCODE NOT WAITING FOR SEASON 7 FOR YOU TO FIX THE NETCODE,negative,steam_live,2807960,False,1778718492,8280,english,3,0.528795838356018066,True,False,False
Battlefield™ 6,Leagues better than 2042,positive,steam_live,2807960,True,1778718453,401,english,1,0.494138181209564209,True,False,False
Battlefield™ 6,"JUEGAZO AMIGOOOOOOOOOOOOOOO! lo que si cuesta para que carguen las texturas, como que caigo al mapa y no me cargan las cosas, o empiezo en el helicoptero y estoy en el aire.",positive,steam_live,2807960,True,1778718448,14074,spanish,0,0.5,True,False,False
Battlefield™ 6,negro se cagaron en los que tenemos poco almacenamiento salió la season 3 y el tamaño de el juego subió casi 20GB aparte de que el parche toma años en aplicarse buena suerte jugando con el juego usando mas de el 60% de tu almacenamiento,negative,steam_live,2807960,False,1778717960,716,latam,0,0.5,True,False,False
Battlefield™ 6,"terrible game, beta was cool and then they absolutely listened to none of the feedback for months then dropped a BR that not a soul asked for, genuinely enjoyed 2042 over this junk. there is absolutely no way you are going to win the community back in any way. imagine asking to preorder a battle pass as well, this game deserves a Old Yeller and put it out of it's misery already.",negative,steam_live,2807960,False,1778717830,3309,english,3,0.538860082626342773,True,False,False
Battlefield™ 6,"Better than 2042
worse than BF3,4,and1
about the same as early BFV",positive,steam_live,2807960,True,1778717776,9299,english,0,0.5,True,False,False
Battlefield™ 6,"I want to leave a good review because this is by far the best battlefield we have had in years.
there is one glaring issue however
The game used to run perfectly for me since launch up too about a couple of weeks ago, ever since then it has been constant crashes after approx 10 mins booting into a match.
EA pleasefix this issue",negative,steam_live,2807960,False,1778717714,8387,english,1,0.5,True,False,False
Battlefield™ 6,DESYNCHS,negative,steam_live,2807960,False,1778717268,44747,german,3,0.5,True,False,False
Battlefield™ 6,CONTINUALLY CRASHES,negative,steam_live,2807960,False,1778717214,1882,english,0,0.5,True,False,False
Battlefield™ 6,Impossível jogar devido a latência de até 300 ms devido a má otimização do jogo.,negative,steam_live,2807960,False,1778717009,10377,brazilian,2,0.5,True,False,False
Battlefield™ 6,no playalbe NA servers 130CAD game btw,negative,steam_live,2807960,False,1778716906,933,english,0,0.5,True,False,False
Battlefield™ 6,Devs have a phd in ensh!ttification.,negative,steam_live,2807960,False,1778716192,8478,english,6,0.519263625144958496,True,False,False
Battlefield™ 6,"How could you fumble such a easy ♥♥♥♥♥♥♥ win? COD dropped the ball so hard they had to go searching in hell for it. And while they were away what did Battlefield do? Nothing. They sat on their hands and did nothing. No wait, they tried to sell us AI slop in the in game store. What a ♥♥♥♥♥♥♥ embarrassment.",negative,steam_live,2807960,False,1778716069,2979,english,5,0.531895041465759277,True,False,False
Battlefield™ 6,"It's fun and competitive overall, but some logic in this game is pretty backwards. For example, a rocket launcher to the face does less damage than a shotgun. The shotgun will kill you while you have a chance of surviving against a rocket. Also, aircrafts are uber broken. The anti-air weapons are almost useless against a good pilot. This game needs to balance harder, but it's still a pretty good game, though.",positive,steam_live,2807960,True,1778715204,10107,english,0,0.5,True,False,False
Battlefield™ 6,"vc vai jogar e aparece uns caras pulando e atirando, parece o COD e para desbloquear uma arma precisa ser nivel 50. N compensa vc dedicar 100h de jogo para chegar no nivel 20",negative,steam_live,2807960,False,1778715133,4642,brazilian,1,0.5,True,False,False
Battlefield™ 6,No sirve para Latinoamérica.. mucha latencia,negative,steam_live,2807960,False,1778715113,14501,spanish,0,0.5,True,False,False
Battlefield™ 6,New weapons are either stuck behind battlepasses or stupid challenges,negative,steam_live,2807960,False,1778714820,4499,english,0,0.473186135292053223,True,False,False
Battlefield™ 6,"This was a step in the right direction for the BF series.  It's not perfect, but it's not COD.  They have progressed on the overall experience every update and season.",positive,steam_live,2807960,True,1778714047,25763,english,0,0.5,True,False,False
Battlefield™ 6,The game completely freezes PC after 10-20 minutes. It's been this way for a month now! Thousands of users report the same issue: https://steamcommunity.com/app/2807960/discussions/0/804596796626134253/?ctp=25,negative,steam_live,2807960,False,1778713888,2920,english,0,0.5,True,False,False
Battlefield™ 6,apesar dos bots o jogo da emoçao,positive,steam_live,2807960,True,1778713848,2515,brazilian,0,0.5,True,False,False
Battlefield™ 6,Bring BF3 back already. BF6 is boring...,negative,steam_live,2807960,False,1778713646,12229,german,3,0.5,True,False,False
Battlefield™ 6,"Also schon geiles Spiel, aber durch den neuen Bug, fühlt man sich als würde man zu einem Minion mutieren.",positive,steam_live,2807960,True,1778713144,12871,german,0,0.5,True,False,False
Battlefield™ 6,"Game runs well. The campaign loading like a second program is kinda weird, but I digress.",positive,steam_live,2807960,True,1778712837,3337,english,0,0.5,True,False,False
Battlefield™ 6,"I know a lot of people are happy with the recoil nerf, but I feel like it has hit bad players (yes, this includes me) more than anyone else. If they were upset about laser bullets, they could have increased the spread on weapons or tried another method. If you aren't the best at shooters, I'd recommend avoiding this game if you like playing semi-seriously. Otherwise, still fairly fun- if you enjoy getting your ♥♥♥♥ pushed in.",negative,steam_live,2807960,False,1778712511,15396,english,2,0.5,True,False,False
Battlefield™ 6,"excelente juego, muy buena calidad grafica, aunque falta algunas correcciones, espero que en la 3ra temporada lo arreglen",positive,steam_live,2807960,True,1778712448,6364,spanish,0,0.5,True,False,False
Battlefield™ 6,butiful but more realistic skinns,positive,steam_live,2807960,True,1778712140,6299,english,0,0.5,True,False,False
Battlefield™ 6,"This game was made by a pack of wild monkeys looking for a way to earn banana. Earn banana they did, but game is 1000% trash.",negative,steam_live,2807960,False,1778712029,1026,english,1,0.505703389644622803,True,False,False
Battlefield™ 6,"Battlefield 6 é um completo inferno pra quem acompanha e joga as seasons, toda temporada adicionam duas coisas e quebram cinco. 
Vou resumir, dizem que vão arrumar o netcode mas continua a mesma coisa, dizem que vão reduzir o tempo para matar (ou TTK) mas não fazem nem questão de tocar na velocidade de projétil direito, a bola da vez é a performance e o gunplay.

Minha maquina deveria tranquilamente rodar o jogo mesmo com alguns drops em momentos muito caóticos, faz parte né? mas nos mapas ""Ofensiva Ibérica"" e ""Ferrovia Golmud"" o jogo dropa FPS por qualquer coisa nos objetivos centrais, as vezes até com poucas pessoas em volta.
Não deveria ser difícil fazer um jogo como BF6 rodar em uma maquina 6 cores 12 threads.

Há outros pontos importantes.
-> Quem joga no console sempre tem algum tipo de vantagem no cross-play, seja pelo netcode ou o recoil reduzido (não confunda com assistência de mira). 
-> O gunplay agora tem recoil aleatório, o tiroteio virou um jogo gacha.
-> Boa parte dos mapas são impopulares com a comunidade e só serve pra encher linguiça.
-> A visibilidade continua ruim.

Não é atoa que tão apelando pra mapa dos jogos antigos como Grand Bazaar (BF3) e Golmud Railway (BF4) pra ver se conseguem restaurar a playbase no método da nostalgia, mas não adianta, a DICE precisa parar de tentar fazer a gameplay do jogo ser algo fútil e raso.

Então, por favor, PELO AMOR DE DEUS SÓ TRAGAM DEVOLTA O GUNPLAY DO BF3, BF4 ou BF1, não deveria ser um parto para vocês.",negative,steam_live,2807960,False,1778711994,11046,brazilian,2,0.476190477609634399,True,False,False
Battlefield™ 6,"STOP LOCKING PROGRESSION BEHIND NICHE STUPID CHALLENGES LIKE ""GET 30 SMOKE ASSISTS"", NOBODY LIKES IT.",negative,steam_live,2807960,False,1778711084,3763,english,2,0.481884032487869263,True,False,False
Battlefield™ 6,"DICE absolutely cooked with Season 3! Big map, vehicles are WAY better and fun to use, great content cadence for a 2 months season, Grand Bazar rework from what we have seen looks gorgeous and loving the aesthetics of Cairo in the game overall. 

For the cosmetics part they started to actually listen and dropped cool stuff in the BP this season with more grounded-looks along side the campaign characters and the progression feels a lot better than how it was couple of months ago.

In my opinion, Battlefield 6 can easily be top 3 in the franchise by season 4 next to Battlefield 1 & 4 if they can keep going on the same pace.

A little bit of hiccups here and there is fine in every game, but what makes a game different and successful is how its developers are reacting to fix those hiccups and so far DICE is starting to do so (I mean, they needed TWO REDDIT POSTS to fit all the fixes and changes for this season).

Season 3 is just the start and we need a lot more.
See y'all in the battlefield.",positive,steam_live,2807960,True,1778710581,23554,english,1,0.523809552192687988,True,False,False
Battlefield™ 6,"really cheap servers and it shows. Between the price of the game and highly overpriced microtransactions and being a ""AAA Title"" not only can they afford better servers but we deserve them. 2 battlepasses so far and they have both been trash. Truly let down as a diehard battlefield fan loved the series ever since I picked up bad company 2. BF 2042 was disturbingly terrible and BF 6 is essentially in the same basket. Save yourself the time and money.",negative,steam_live,2807960,False,1778710077,20285,english,3,0.53586500883102417,True,False,False
Battlefield™ 6,awesome,positive,steam_live,2807960,True,1778710053,1491,english,0,0.5,True,False,False
Battlefield™ 6,"Battlefield 6 conseguiu a façanha de destruir completamente a experiência depois da última atualização (12/05/2026). Tenho mais de 100 horas de jogo e posso afirmar com tranquilidade: o problema NÃO é no meu PC, veio diretamente dessa atualização desastrosa.

O jogo simplesmente NÃO ABRE MAIS. Erro de DirectX toda vez. E não parou nisso: depois dessa atualização lixo, meu DirectX ficou tão corrompido que outros jogos começaram a parar de funcionar também. Nunca vi um jogo causar esse nível de problema no sistema.

É inacreditável como conseguem lançar atualização sem o mínimo de controle de qualidade. Parece que transformaram os jogadores em beta testers obrigatórios. Você paga caro num AAA e recebe um software quebrado que ainda compromete outros jogos instalados no computador.

Tentei várias soluções, verificação de arquivos, drivers, reinstalação, e nada resolve porque o problema claramente veio da atualização deles.

NÃO RECOMENDO para ninguém.
Sério, passem longe. O risco de dor de cabeça é enorme. Hoje o jogo não é só instável — ele literalmente pode ferrar sua instalação gráfica e transformar seu PC num laboratório de bugs.

Reprovação total.",negative,steam_live,2807960,False,1778709641,7062,brazilian,3,0.5,True,False,False
Battlefield™ 6,STOP CHANGING MY KEYBINDS WITH EVERYTHING SEASON UPDATE!!1 JFC,positive,steam_live,2807960,True,1778709574,10752,english,0,0.491803258657455444,True,False,False
Battlefield™ 6,ts some ahh and i used to GLAZE the beta,negative,steam_live,2807960,False,1778709456,30,english,1,0.497925311326980591,True,False,False
Battlefield™ 6,"I want to like this game so bad. I think the gun play is fun and the new map is a step in the right direction. But it is UNACCEPTABLE that challenges still do not correctly track your progress. It has been 7 ♥♥♥♥♥♥♥ months since launch and this is STILL an issue. That is a blunder in basic game design. How TF do you expect me to keep spending my time on this game when the things I'm working towards DOESN'T COUNT?!? Probably gonna uninstall and play other games which is unfortunate because I WAS having fun until I realized that I'm not gonna get to use a gun I've been waiting for because DICE or ""BF Studios"" can't ♥♥♥♥♥♥♥ code a challenge tracker.",negative,steam_live,2807960,False,1778709422,8040,english,2,0.505079805850982666,True,False,False
Battlefield™ 6,"DO NOT BUY 

If you buy and install this game, your computer no longer belongs to you. You have been warned.

This game will scan your entire computer and immediately delete software it doesn't agree with (i.e. software I use to emulate old video games) and will only tell you afterwards. It does so by abusing the administrator privileges the game requires to install. On top of bricking my coworker's motherboard when he flashed his BIOS, something I've never seen necessary in any other game in the decades I've been gaming and building PCs.",negative,steam_live,2807960,False,1778709237,6181,english,2,0.505988001823425293,True,False,False
Battlefield™ 6,다 좋은데 전쟁겜에서 왜 한녀목소리가 나오냐 제발 영어음성 고를수있게 해줘,positive,steam_live,2807960,True,1778708976,1337,koreana,0,0.5,True,False,False
Battlefield™ 6,♥♥♥♥ netcode,negative,steam_live,2807960,False,1778708662,3297,english,0,0.491803258657455444,True,False,False
Battlefield™ 6,♥♥♥♥ bricks pc when u open,negative,steam_live,2807960,False,1778708635,4519,english,0,0.491803258657455444,True,False,False
Battlefield™ 6,"3 seasons and 7 months in and the professional, fully paid software developers at Electronic Arts are somehow STILL unable to figure out how to remove bright orange dots from weapons with no more attachment unlocks. Still one of the best first person shooters available, just wish we weren't drip-fed content.",positive,steam_live,2807960,True,1778708623,12367,english,1,0.509803950786590576,True,False,False
Battlefield™ 6,Das spiel ist leider sehr schlecht Optimiert. COU/GPU arbeiten mit 30-50% Auslastung.,negative,steam_live,2807960,False,1778708550,4775,german,4,0.5,True,False,False
Battlefield™ 6,GUT,positive,steam_live,2807960,True,1778708549,639,german,0,0.5,True,False,False
Battlefield™ 6,игра для далбаебов,negative,steam_live,2807960,False,1778708098,8270,russian,3,0.53098827600479126,True,False,False
Battlefield™ 6,idk if this is a season 3 thing or me not remembering but CPU usage is constantly at 100% i understand my CPU is a bit on the older side but there is zero reason crimson desert is only sitting at 50% fighting hordes of goblins while this game is at max at the MENU...maybe ill come back when there is a fix,negative,steam_live,2807960,False,1778707938,4847,english,0,0.5,True,False,False
Battlefield™ 6,It's not bad.,positive,steam_live,2807960,True,1778707812,11947,english,0,0.5,True,False,False
Battlefield™ 6,♥♥♥♥♥♥♥♥,negative,steam_live,2807960,False,1778706927,554,english,1,0.5,True,False,False
Battlefield™ 6,tirando esses monte tanque na partida e jogo e bom,positive,steam_live,2807960,True,1778706896,53960,brazilian,0,0.5,True,False,False
Battlefield™ 6,"Having last played BF Bad Company two and BF2 before that, I left the franchise years ago when it all became too frantic and nauseating, quite literally. The game use to be about really large maps, and gameplay which allowed scope and more breathing space. Having jumped back into the franchise with BF6, it feels like they're going for pure adrenaline with the game favouring the player with more experience and lightning reactions over anything tactical or strategic. Most matches I played so far have been so badly imbalanced that one team overwhelms the other throughout, with very few games going down to the wire. Squad play feels like a waste of time, especially in maps where they focus you down a narrow corridor or two and grenade spamming becomes the order of the day. Bring on more large maps, and let people who want COD choose the smaller maps. I'll be leaving franchise again it seems, the game is simply too busy, especially for me, a more mature gamer. Most of the time I spawn and die, with people camping areas near spawn positions. Why they changed the original winning formula, I don't know. My recommendation is to save your money until the price drops a lot or they introduce many more larger maps. One larger map every season is not enough.",negative,steam_live,2807960,False,1778706895,1998,english,2,0.5,True,False,False
Battlefield™ 6,Das Spiel wird mit jedem Update leider schlechter.,negative,steam_live,2807960,False,1778706629,8080,german,2,0.5,True,False,False
Battlefield™ 6,Neee irgendwie nicht so ganz nöö..... naja müsst ihr wissen.,negative,steam_live,2807960,False,1778706547,8387,german,2,0.5,True,False,False
Battlefield™ 6,"bom jogo, tem melhorado",positive,steam_live,2807960,True,1778706543,4112,brazilian,0,0.5,True,False,False
Battlefield™ 6,Wow what a waste Secure boot and TPM 2.0 required that will teach me.,negative,steam_live,2807960,False,1778705920,46,english,5,0.559694409370422363,True,False,False
Battlefield™ 6,"After the initial hype, I was hoping that EA would return to their roots with this title. I can confirm that after 7 months that it is not the case. they have added a grand total of 5 guns post-launch and only a couple of nostalgia-bate maps. Just to be clear, I have not played for any significant amount of time for the last 4 months, during which I was hoping they would add a reasonable amount of content. They have not. In comparison to the 'Golden Age' of Battlefield 3, 4, and 1, this title leaves a lot to be desired. I will not be purchasing another Battlefield game after this, DICE and EA have lost all of my faith and trust.",negative,steam_live,2807960,False,1778705636,3499,english,1,0.5,True,False,False
Battlefield™ 6,.,positive,steam_live,2807960,True,1778705524,4724,english,0,0.5,True,False,False
Battlefield™ 6,"Alles explodiert und ist viel zu laut, habe jetzt einen Tinnitus und Zuckungen
10/10 äußerst empfehlenswert",positive,steam_live,2807960,True,1778704842,12437,german,0,0.5,True,False,False
Battlefield™ 6,"No wonder this game was dead on arrival, it's horrible. Whats to like? The gun play is horrible, the maps are made by someone that got an editor yesterday and the balance... oh jesus",negative,steam_live,2807960,False,1778704834,448,english,2,0.49872124195098877,True,False,False
Battlefield™ 6,i love this game,positive,steam_live,2807960,True,1778704616,1958,english,0,0.478723406791687012,True,False,False
Battlefield™ 6,"It's fun but it's very mid overall, graphics are good, gunplay is fine, maps are small but beatiful and very well designed, def not worthy the full price, If you manage to get a 50% discount it's worthy it since it's really buggy, ""pro"" players dominate the battles and bots as well, also the current servers ping is so diabolical it almost makes me have a stroke",positive,steam_live,2807960,True,1778704609,981,english,0,0.5,True,False,False
Battlefield™ 6,Plane :),positive,steam_live,2807960,True,1778704365,12788,english,0,0.478723406791687012,True,True,False
Battlefield™ 6,for the love of god make anti air launchers actually work on air vehicles,negative,steam_live,2807960,False,1778704232,4750,english,3,0.527073323726654053,True,False,False
Battlefield™ 6,.,positive,steam_live,2807960,True,1778704017,11273,brazilian,0,0.5,True,False,False
Battlefield™ 6,"I rarely leave negative reviews for games, but every update the same struggle, 1 year to patch, it's always faster to completely uninstall the game and install again, which is really funny. Such a big company, such a big title, but can't make a simple patching process work.",negative,steam_live,2807960,False,1778703875,1880,english,1,0.5,True,False,False
Battlefield™ 6,"po aktualizaci nehratelné, lagy jako prase...",negative,steam_live,2807960,False,1778703800,13702,czech,4,0.583333313465118408,True,False,False
Battlefield™ 6,"I KILL 
THEY QUIT
SERBIA STRONG",positive,steam_live,2807960,True,1778703753,10928,english,0,0.478723406791687012,True,False,False
Battlefield™ 6,gooodd game,positive,steam_live,2807960,True,1778703525,869,german,0,0.5,True,False,False
Battlefield™ 6,you ruined the franchise,negative,steam_live,2807960,False,1778703370,5010,english,2,0.502538084983825684,True,False,False
Battlefield™ 6,"Really want to love this game, but it's full of bugs and wonky UI that make playing it a pain. Hardcore mode is also not officially supported, which was the entire reason I bought the game. Terrible experience, they obviously do not care about their community, only cash.",negative,steam_live,2807960,False,1778702947,28336,english,2,0.5,True,False,False
Battlefield™ 6,говнище,negative,steam_live,2807960,False,1778702940,2049,russian,5,0.5682869553565979,True,False,False
Battlefield™ 6,就是一坨，从根本上杜绝了再次打开bf,negative,steam_live,2807960,False,1778702506,2313,schinese,0,0.5,True,False,False
Battlefield™ 6,New update sucks,negative,steam_live,2807960,False,1778702081,7427,german,3,0.523809552192687988,True,False,False
Battlefield™ 6,"O jogo está largado, servidores instáveis e que a cada atualização só traz mais bugs. Tenho 718h de jogo e somente a season 1 prestou. Se vc quer passar raiva com servidores instáveis e bugs infinitos esse jogo falido tem a oferecer de sobra.",negative,steam_live,2807960,False,1778701552,43758,brazilian,1,0.5,True,False,False
Battlefield™ 6,Nach dem letzten Update mit einer 5070 Ti fast unspielbar. Selbst auf niedrigster Grafik laggt es ohne Ende.,negative,steam_live,2807960,False,1778701429,1299,german,1,0.477667510509490967,True,False,False
Battlefield™ 6,NICE,positive,steam_live,2807960,True,1778701398,1001,polish,0,0.5,True,False,False
Battlefield™ 6,"Я много плаки плаки, но в целом нормалдаки",positive,steam_live,2807960,True,1778701163,1152,russian,2,0.491316765546798706,True,False,False
Battlefield™ 6,難玩，不如2042,negative,steam_live,2807960,False,1778701049,3295,tchinese,1,0.5,True,False,False
Battlefield™ 6,"8 meses após o lançamento e ainda persiste o problema da fila. Depois de comprar o jogo você ainda tem que ficar na fila para jogar.

Além disso a fila te impede de acessar às configurações do jogo e de jogar, de acessar o treinamento ou de jogar a campanha offline. Você simplesmente não acessa nem a página inicial do jogo por conta dessa fila!

E 300 conto o jogo na STEAM ta? Para você ficar em fila....",negative,steam_live,2807960,False,1778700833,2647,brazilian,3,0.5,True,False,False
Battlefield™ 6,♥♥♥♥ game like all bfs since 2014 just ♥♥♥ ea avery gun 2 shots u 9mm making more damage then 7.62 its only 3% fun if u sit in the last corner of the map with sniper rest is just ♥♥♥♥♥♥♥. just stop making games for idiots and casul pleps let there be a skill gap again ffs only way to play is shotgun and camping,negative,steam_live,2807960,False,1778700536,2442,english,3,0.501519739627838135,True,False,False
Battlefield™ 6,pue la merde 0 opti des lag latence à la souris c'est pas fluide le ttk est au fraise le hipfire c'est une catastrophe y'a 0 bruits de pas tu tires sur le mec t'as l'impression les balles partent à l'ouest,negative,steam_live,2807960,False,1778700263,8719,french,3,0.5,True,False,False
Battlefield™ 6,Muito bom,positive,steam_live,2807960,True,1778700175,22112,brazilian,0,0.5,True,False,False
Battlefield™ 6,"Итак батла, батла это поистине культовая серия игр в которой я провёл не один десяток часов и всегда в этой серии были проблемы. Поиграв в открытую бету я понял, это то самое, надо брать и влетать с двух ног. И я влетел, попутно продав игру всем своим знакомым и ... Знаете, старт был неплохим, контент, движуха, надежды на светлое будущее. Но вот вышел первый сезон, потом второй и стало понятно, что игра труп, а в руководстве игры сидят настоящие, профессиональные бездари. Далее самое важное, что вам нужно знать. 
Контента не будет, вернее будет, возможно и через год-два, 2 карты и 6 пушек (из которых один нож, один рескин снайперки и ещё один говно пулемёт, кушайте не обляпайтесь) это всё, чем вас может порадовать студия в которой работает половина населения Индии. 
Нравится стрелять в шутерах ? Ну знаете, это потрясающая механика когда ты навёлся на человека, потрекал модельку и получил удовольствие от своего навыка стрельбы ? Сорри, вы ошиблись игрой, тут вас будет иметь во все дырки замечательный АДС блум (который к слову сказать практически отсутствует на геймпадах, ой как удобно) и вы НИЧЕГО с этим не сделаете, у вас всегда будет доля рандома, которая решит за вас исход боя. 
Ну и последнее, что добила меня окончательно. Со всей горой проблем которые есть в игре (а я не упомянул и 20%) третий сезон они начали с того, что изменили отдачу у практически всего автоматического оружия. ЗАЧЕМ ??? Кто вас об этом просил ??? Окей, хотите вы сделать стрельбу сложнее, добавьте вертикальной отдачи с предсказуемым паттерном, но н***** вы трогаете горизонталку ??? Её невозможно контрить, оружие дёргается как эпилептик. Кто-то скажет контраргументом - используй модули. ВАААУ, круто, теперь я должен снять глушитель, нормальный ствол и лцу, лишь бы была возможность попасть хоть в кого-то на среднем расстоянии ? Напоминаю, у вас в игре всё ещё работает ****** АДСблум. Хотите чтоб люди пользовались большим количеством модулей, уберите нахрен ограничение на эти модули. 
Крч на момент написания обзора, а именно 13.05.2026 игра для меня мертва (и судя по цифра онлайна не только для меня). Я правда не понимаю, как можно было сделать такую хорошу базу у игры, так хорошо продать её игрокам и буквально засрать всё за пол года, это прям настоящий талант.",negative,steam_live,2807960,False,1778699629,11814,russian,1,0.5,True,False,False
Battlefield™ 6,"Ruined by Season 3 update. Anything that could possibly even scratch the paintwork of a vehicle has been nerfed whilst the vehicles themselves have then been made even more powerful. Expect to see literally everyone having to play engineer as tanks and IFVs slaughter everyone, sponging infinite rocket hits, literally deleting mines at the press of a button (the same mines that no longer have a prayer of killing said vehicles). DICE seem to only care about vehicle users, and want to remove any impediment to their unstoppable killstreaks. Infantry are merely fodder now.

I absolutely loved this game on release, played battlefield for a decade, love it to bits. But this season 3 update is nothing but coddling to vehicles (which I use, I want vehicles to be powerful when used correctly), as DICE themselves have basically made it impossible to misuse vehicles. Not realising that maybe a tank shouldn't be able to drive into a terrible situation and somehow win every time. That maybe an IFV shouldn't be able to detect mines without even having to bother looking for them (yet somehow people think that is more skillfull than those using mines).

Netcode was fine on release, actually the best on any Battlefield. But then people scapegoated it and DICE for some reason listened to them.

Claymores no longer kill. Javelin still dives into the ground constantly. And despite the ""diminishing returns"" promised with multiple repairers on one vehicle, the increased vehicle health cancels this out.

DICE for years have been incapable of game balance. Rather than buffing the weaker stuff to match the stronger stuff (the best way to do things), they will do this simultaneously with a nerf on what was considered powerful. So all of a sudden something goes from OP to useless. THAT IS NOT BALANCE.

The Season 3 patch has taken a game I loved to play, that got me hanging out with people I hadn't seen in years. And turned it into an appalling unbalanced vehicular moshpit. Where somehow vehicle users get a free pass in playing poorly whilst infantry have to go above and beyond to even have a cats chance in hell of stopping them. The vehicle imbalance now makes BF4s fall update look tame by comparison.

I can only assume those at DICE are vehicle mains who aren't far off adding invincibility to them.

Battlefield titles are usually best at release, before DICE start fiddling with things with their complete incapability of balancing things even remotely correctly.

Playing with my friends is now the only reason why I may consider booting this up again, and even then its a CHORE to play. And whilst there's a tiny chance this update has been a huge mistake, I know DICE well enough to not hold out for a correction. In a matter of hours, one of my genuinely favourite games of all time has become dross on my hard drive.

And I know there's a lot of the community rejoicing at this update for some reason. And when DICE inevitably ruin your fun, I don't want to hear it, I've protested this stuff for years. You can lie in the bed of your making.",negative,steam_live,2807960,False,1778699543,23311,english,6,0.545454561710357666,True,False,False
Battlefield™ 6,W GAME,positive,steam_live,2807960,True,1778699509,658,english,0,0.5,True,False,False
Battlefield™ 6,The more the game is updated the more unstable it becomes. Not a single game goes by without a major hiccup / bug. It's embarrassing but keep on adding more red bull advertisements please! Don't forget about monster energy drink next time!,negative,steam_live,2807960,False,1778698384,8051,english,7,0.55377572774887085,True,False,False
Battlefield™ 6,"runs smoothly on my pc, very fun game but long wait to get little new content, fun but requires more weapons and to make the maps and guns more enjoyable and immersible, but when something new comes and the orange dot comes its very annoying and sometimes repeats and refuses to go away",positive,steam_live,2807960,True,1778698101,5616,norwegian,0,0.5,True,False,False
Battlefield™ 6,Прогрели гоя на шекели. Винс F,negative,steam_live,2807960,False,1778698015,5768,russian,3,0.538553714752197266,True,False,False
Battlefield™ 6,"despues de casi 170 horas puedo decir que es para mi el mejor battle hasta la fecha, tiene cosas de la esencia battlefield pero tambien coge algo de la movilidad de los call of duty modernos, tiene un apartado grafico sublime, un sonido tambien increible, y las armas tambien se sienten super realistas, el juego es super inmersivo, pero tambien es verdad que encuanto a contenido parece que ahora es cuando se estan poniendo las pilas con la temporada 3 ya que la 1 y las 2 bastante escasas, y suelen tardar bastante en sacar contenido nuevo, pero es verdad que aun asi el juego es puro vicio.",positive,steam_live,2807960,True,1778697990,11151,spanish,2,0.53271031379699707,True,False,False
Battlefield™ 6,"I highly don't recommend the game!
- Catastrophic map designs. (many game modes are unplayable).
- Server issues (Getting killed behind cover, hit reg issues, getting killed by enemy players that arn't even aiming at me, packet loss issues, stuttering...)
- Sound design is terrible ( Can't hear enemy footsteps that is couple of meters away from me!) not consistant! (Same in Multi and BR)
- Terrible matchmaking: 85% of the games either enemy team is dominating everything or we are dominating! balancing teams is really bad!",negative,steam_live,2807960,False,1778697669,21162,english,11,0.617950320243835449,True,False,False
Battlefield™ 6,游戏内没问题，关掉游戏没多久给我电脑系统干死机了，EA还是太有招了,negative,steam_live,2807960,False,1778697463,11871,schinese,0,0.5,True,False,False
Battlefield™ 6,"3 day lock - not ban, LOCK - from the entire game, terribly written campaign included. all for calling my teammate retarded after he drove our tank BACKWARDS TOWARDS THE ENEMY.",negative,steam_live,2807960,False,1778697441,12326,english,4,0.475653886795043945,True,False,False
Battlefield™ 6,Prometió mucho y al final es solo una copia del COD,negative,steam_live,2807960,False,1778696166,3253,spanish,0,0.5,True,False,False
Battlefield™ 6,"BF3, 4, 1 >>>>",negative,steam_live,2807960,False,1778695728,5686,english,1,0.496609658002853394,True,False,False
Battlefield™ 6,The only thing that truly matters in life is landing a 400+ meter sniper kill. Life is good,positive,steam_live,2807960,True,1778695313,1058,english,0,0.5,True,False,False
Battlefield™ 6,"5/10 我永远不会原谅战地风云6…
  一款后坐力骨架如此诡异 散步如此严重 随机偏离如此夸张的fps游戏，居然还是用的公式化伤害衰减距离和整数伤害（25 20 33），受击部位也只分三段（头 胸 腹部手臂以及腹部以下），也就是说你打腹部和脚趾头是一个伤害。你做成这么简单粗暴的数值填充 你后坐力也做简单点不好吗 dice三个赛季了 还在加后坐力加的还是狠加水平后坐力。
  辨识度的问题依然突出，地图色调也依旧和辨识度相互成就，电脑里有一款打人要靠红点来定位的游戏。你们游戏武器的镜子能有一个给人用的吗，m16装单片镜子 dice你自己玩着不笑吗，整个游戏没有一个好用的镜子 能用的镜子还要二十点数 我不求你jak无框 起码来个视野开阔点的吧 这就是现代战争？举起枪来人都看不清？
  武器肝度依旧逆天，有他妈多肝，隔壁cod22一把枪刷一转满级你们这里还没打出消音器呢。现在这个肝度就算双倍常驻也是超他妈肝啊，一年我能刷完首发的所有武器吗？
  兵种 装备定位还是很奇怪，你把突击兵激素针不说直接回血，你给个重制回血cd也行啊，还要削弱滑铲距离，致敬传奇fps游戏cod19。
  通行证也是招笑，普通版通行证，我花了三个小时去打出来新枪，然后被恶心一整把。我在隔壁cod通行证一周就能打完 你们也是真怕没人玩了。
太好玩了玩得都没人玩了.",negative,steam_live,2807960,False,1778694950,2225,schinese,1,0.5,True,False,False
Battlefield™ 6,"I was onboard already for the medium sized and CQC maps, but S3's Golmud is your good old BF huge map. If Siege of Cairo is the best BF6 small map by far (game feels designed for it, literally), then this is the best large one. Hope they keep releasing maps of this caliber to balance out the map pool in terms of size.",positive,steam_live,2807960,True,1778694467,11026,english,0,0.5,True,False,False
Battlefield™ 6,Quello che ci si aspetta da un Battlefield,positive,steam_live,2807960,True,1778694043,6256,italian,0,0.5,True,False,False
Battlefield™ 6,"Игра для xyeсосв, сделанная ими же...",negative,steam_live,2807960,False,1778693738,8469,russian,2,0.523809552192687988,True,False,False
Battlefield™ 6,говно,positive,steam_live,2807960,True,1778693729,5784,russian,0,0.5,True,False,False
Battlefield™ 6,"YOUR GAME BLOWS. Love how it keeps crashing randomly, love how you still have the same ♥♥♥♥♥♥♥♥ bugs from 2042. ABSOLUTELY love it EA.",negative,steam_live,2807960,False,1778693284,10162,english,2,0.528888940811157227,True,False,False
Battlefield™ 6,"theres learning curve, and can be frustrating, took time, suggestion to me was go slow , THINK",positive,steam_live,2807960,True,1778692644,55649,english,0,0.495090007781982422,True,False,False
Battlefield™ 6,"Leider werde ich mit Battlefield 6 nicht warm. Ich versuche es immer wieder, aber irgendwas stört mich. Ich wusste anfangs nicht genau was, doch jetzt denke ich weiß ich was mir nicht passt.

Ich liebe Battlefield 1. Ich habe über 500 Stunden in dem Spiel. Obwohl es ein erstes Weltkrieg Setting ist und da absolut nichts modernes dran ist, liebe ich es einfach. Die Atmosphäre, das Gefühl der Waffen und das ganze Gameplay. Man hat richtig das Gefühl man ist ein kleiner Soldat in einer großen Schlacht.

Bei Battelfield 6 hingegen fühlt sich das irgendwie nicht so an. Generell gefällt mir das gameplay nicht. Es ist viel zu schnell und fühlt sich eher an wie COD auf Battlefield Karten. Man kann rumspringen wie ein blöder und fliegt gefühlt über Treppen und durch Gänge. Das finde ich richtig schade. Man hat nicht dieses, ich trage eine schwere Kriegsausrüstung an meinem Körper wie in den vorherigen Teilen, wenn der Gegner vor mir so hoch springt wie mein Soldat groß ist. Es ist alles einfach so schnell und in BF1 war alles so langsam und groß irgendwie.
Außerdem habe ich das Gefühl, dass in BF1 die Leute das aus Spaß zocken. Bei BF6 schwitzt jeder unnormal rein und es macht überhaupt keinen Spaß. 
Ich finde mir fehlen auch noch die kleinen Details die es früher in BF Teilen gab. Wo es kleine Animationen gab die keiner brauchte, aber irgendwie geil sind. Es hat sich dadurch einfach nach Qualität und einem Meisterwerk angefühlt.

Der Rest ist echt super muss ich sagen. Der Sound, die Karten und die Grafik gefällt mir echt gut. Aber dieser große Punkt, das mir einfach das Gameplay nicht gefällt, macht es mir leider komplett kaputt. Ich würde BF6 wirklich gerne mögen, aber ich kanns einfach nicht.

Vielleicht bin ich auch die falsche Zielgruppe und vielen gefällt das Gameplay. ich bleibe auf jeden Fall bei BF1.",negative,steam_live,2807960,False,1778692584,3703,german,14,0.613900542259216309,True,False,False
Battlefield™ 6,very good,positive,steam_live,2807960,True,1778691725,6318,english,0,0.5,True,False,False
Battlefield™ 6,This game sucks,negative,steam_live,2807960,False,1778691452,4094,english,2,0.505113303661346436,True,False,False
Battlefield™ 6,дрисня страшная,negative,steam_live,2807960,False,1778690735,8430,russian,0,0.5,True,False,False
Battlefield™ 6,Controller Player got an Aim Bot for free and you can't disable crossplay.,negative,steam_live,2807960,False,1778690398,6927,german,2,0.5,True,False,False
Battlefield™ 6,3rd season and we still have clankers in every ♥♥♥♥♥♥♥ game (just like in 2042).,negative,steam_live,2807960,False,1778690280,2296,english,3,0.528016865253448486,True,False,False
Battlefield™ 6,什么时候可以加友伤机制，妈的总有SB看见你开枪就跑过来当视野然后送他们个双杀,negative,steam_live,2807960,False,1778689908,39965,schinese,0,0.5,True,False,False
Battlefield™ 6,The graphics  are very good and the game runs very smoothly which is always a plus,positive,steam_live,2807960,True,1778689660,608,english,0,0.5,True,False,False
Battlefield™ 6,287 hours and im not even interested in the new update (season 3). Small steps foward and too many steps backwards.,negative,steam_live,2807960,False,1778689568,17406,english,3,0.519999980926513672,True,False,False
Battlefield™ 6,It's a game where cheating programs have never been able to be stopped.,negative,steam_live,2807960,False,1778688433,10367,thai,0,0.5,True,False,False
Battlefield™ 6,"Played this game for 200 hours, was a COD player until MW3 2023, pure vehicle player, learned how to drive a heli for a quick rocket strafe run, a jet for dive bombing and dog fight, still, not very enjoyable when your opponents are some jobless pros who play this game all day, plus that crazy latency where half of your mag was fired, yet got heatshot back by them.",negative,steam_live,2807960,False,1778688009,17959,english,1,0.5,True,False,False
Battlefield™ 6,"Jedna z lepszych gier o tematyce wojny totalnej, w jakie grałem. Destrukcja otoczenia robi świetne wrażenie, grafika wygląda naprawdę dobrze, a pojazdy i efekty podczas walk cieszą oko przez całą rozgrywkę. Na duży plus również udźwiękowienie — jak zawsze stoi na bardzo wysokim poziomie i potrafi świetnie budować klimat bitwy. Wiadomo, jak każda gra ma swoje błędy, ale mi osobiście kompletnie nie przeszkadzają w dobrej zabawie. BF6 daje masę frajdy i potrafi wciągnąć na długie godziny.

Jedyny minus to fakt, że większość map jest dosyć mała. Fajnie byłoby zobaczyć więcej dużych map w stylu Podróży do Golmud, gdzie można było naprawdę poczuć skalę wojny i w pełni wykorzystać pojazdy.",positive,steam_live,2807960,True,1778687471,13496,polish,0,0.5,True,False,False
Battlefield™ 6,"Gameplay is fine. Generally enjoyable. Some frustrating things, some good parts. They did put quite a bit of attention to detail, which was nice. This brings me to why I'm writing this review: unless you play no other games, have a monster of a large PC (SSD space I mean) or are okay with organising your PC according to BF6 updates, don't bother. 

For so much attention to detail, they either: have THE WORST FILE MANAGEMENT SYSTEM IN DIGITAL HISTORY or are the most underhanded, profit-seeking studio that wants you to play no other game besides theirs (which, given that its EA....). Why do I say this? The minimum spec is 55GB required to install. The recommended is 80GB. The actual installed size on my system is 126GB. This is, if you are like me and like to occasionally go back to play the campaign. There is a multiplayer-only install as well. So, size discrepancy aside, this means NOTHING when a new season comes along. New maps, guns, etc. - all the nice goodies. One problem though? It needs an ADDITIONAL, give or take, 150GB ON TOP OF THE EXISTING 126GB!!! That is 276GB space dedicated to BF6 every damn new season. Now keep in mind, while not explicitly stated, you do not want to try run this game on an HDD. That means it has to go on your primary drive (SSD) .

For the average user who has a 512GB drive: 40GB is used by system files/OS, leaving you with about 470ish GB. An additional 50 GB is necessary as a virtual workspace for your PC (unless you want it to crash every 15min). That leaves you with 420GB. That means you effectively have 144GB after BF6 is installed and needs to update for all your videos, music, projects, photos, work programs and files. Perhaps doable, right? Except you are forgetting all those background files that optimising programs don't remove (if you are even running one of those), and that the average game size varies between 30GB -70GB. So good luck uninstalling all those other programs/games every new season if you want to keep playing BF6. (Or you could completely uninstall BF6 then redownload it. That does save a lot of space).

Now, don't get me wrong. The game is, from my perspective at least, genuinely enjoyable. But that hassle every 3 months - hence the rant. Why the actual hell do they need 150GB to update game files... It makes no bloody sense...",negative,steam_live,2807960,False,1778687068,8690,english,1,0.476190477609634399,True,False,False
Battlefield™ 6,没试过可以在一款战地打的头疼的，DICE好样的,negative,steam_live,2807960,False,1778686918,12190,schinese,0,0.5,True,False,False
Battlefield™ 6,"An sich okay.

EA wie kann es sein dass jede Season immer beschissener wird? An sich macht es echt Spaß aber kauft es niemals zum Vollpreis.

ABER VORALLEM WIE KANN ES SEIN DAS MEIN SOUND ABSCHMIERT UND ICH MEIN INTERFACE NEU STARTEN MUSS WENN ICH DAS SPIEL BEENDE",negative,steam_live,2807960,False,1778686706,5051,german,1,0.5,True,False,False
Battlefield™ 6,画质不如1和5舒服，我离开标是瞎子，然后平衡稀烂，没赢过，就这还把把匹配挂哥，被各种锤，反作弊感觉纯属恶心我用的，极度不推荐除非一折,negative,steam_live,2807960,False,1778686552,1069,schinese,1,0.500735461711883545,True,False,False
Battlefield™ 6,操作手感一坨，机动性也比不上cod，匹配机制更是逆天，进去永远被几百级的按在地上打，枪械手感更是绝了，没吃过屎的可以买了试试,negative,steam_live,2807960,False,1778686244,1237,schinese,0,0.5,True,False,False
Battlefield™ 6,之前玩就没问题，这是更新什么了，动不动卡成PPT,negative,steam_live,2807960,False,1778686082,16457,schinese,0,0.5,True,False,False
Battlefield™ 6,"With every update there’s progress, but the game still feels like a beta sometimes. There are still a lot of bugs, some of them annoying as ♥♥♥♥, like those stupid attachments being highlighted even though they shouldn’t be. The game is getting better with updates, but it still needs a LOT of work. Portal works like ♥♥♥♥, and it was supposed to be the thing that unites the community, yet the Portal browser is so bad that you can barely find the game mode you actually want. Map design is probably the worst in the whole franchise, and the netcode honestly felt way better in the beta than it does now. I keep getting killed behind cover over and over again. It’s fun for one or two games a day max, after that it just starts getting annoying.",negative,steam_live,2807960,False,1778685899,12240,polish,0,0.5,True,False,False
Battlefield™ 6,第三赛季开始后每把cpu必满载，第二赛季结尾玩了40多个小时一点问题都没有，刚更新第三赛季每把必爆，玩你妈,negative,steam_live,2807960,False,1778685776,3654,schinese,0,0.5,True,False,False
Battlefield™ 6,cnm狗Dice不会做游戏就别做，傻逼第三赛季所有枪射击手感全变了，回家扣你妈逼去吧傻逼策划组,negative,steam_live,2807960,False,1778685512,7510,schinese,2,0.523809552192687988,True,False,False
Battlefield™ 6,Jogo sensacional!,positive,steam_live,2807960,True,1778685509,1869,brazilian,0,0.5,True,False,False
Battlefield™ 6,虽然有无数的bug、设计问题，但这的确是目前市面上最好的大战场游戏了,positive,steam_live,2807960,True,1778685037,7986,schinese,0,0.5,True,False,False
Battlefield™ 6,.,positive,steam_live,2807960,True,1778684801,6490,turkish,0,0.5,True,False,False
Battlefield™ 6,don't play this game it's been a month I have a bug and more than a hundred people also our game crashes after 15 minutes of play and bf6 do nothing to help us I have to fight to be reimbursed after 400 hours of play dont play this game.,negative,steam_live,2807960,False,1778684777,27917,english,2,0.494580596685409546,True,False,False
Battlefield™ 6,"Maior decepção que já tive. Montei um computador só para jogar esse game e simplesmente não consigo. Fico com problema de conexão de rede e perda de pacotes, mesmo com uma internet de 600Mbps e conectado direto no cabo. E não tem como resolver isso, além de ignorarem esse problema nas atualizações. 

Queria muito jogar esse game, mas agora só queria pedir reembolso. Simplesmente decepcionante,",negative,steam_live,2807960,False,1778684348,843,brazilian,1,0.5,True,False,False
Battlefield™ 6,我在玩战地是因为有朋友而和我一起玩👍,positive,steam_live,2807960,True,1778684213,7516,schinese,2,0.526089072227478027,True,False,False
Battlefield™ 6,"Game is very good. Love the map Goldmud, just like I did in Battlefield 4. When a new battlefield drops and people feel disappointed again, they'll look back at this battlefield and think this wasn't as bad as they thought.",positive,steam_live,2807960,True,1778683909,14636,english,2,0.518518507480621338,True,False,False
Battlefield™ 6,戴木论剑排位赛今天起正式开赛,negative,steam_live,2807960,False,1778683796,5043,schinese,0,0.5,True,False,False
Battlefield™ 6,ดีใช้ได้,positive,steam_live,2807960,True,1778683299,9835,thai,0,0.5,True,False,False
Battlefield™ 6,史,negative,steam_live,2807960,False,1778683281,9580,schinese,0,0.5,True,False,False
Battlefield™ 6,"Middling first-person shooter, terrible BattleField game.
There is no downtime, no sandbox, no freedom. This is just Call of Duty Groundwar with a BattleField name slapped on top - which does make sense given BF6's development was overseen by 2 CoD creators.",negative,steam_live,2807960,False,1778682941,5611,english,4,0.518518567085266113,True,False,False
Battlefield™ 6,its so versweated i hate it,negative,steam_live,2807960,False,1778682933,1064,german,3,0.5,True,False,False
Battlefield™ 6,.,negative,steam_live,2807960,False,1778682669,2277,english,0,0.5,True,False,False
Battlefield™ 6,Nope,negative,steam_live,2807960,False,1778682225,1179,german,3,0.5,True,False,False
Battlefield™ 6,"Regardless of what people say, you're doing okay.",positive,steam_live,2807960,True,1778681910,15546,english,0,0.496453911066055298,True,False,False
Battlefield™ 6,"only bought this game for golmud railway. finally out. its good, you'll like it",positive,steam_live,2807960,True,1778681763,1863,english,0,0.496453911066055298,True,False,False
Battlefield™ 6,This review could not be loaded. Unknown Error 0:85009S,negative,steam_live,2807960,False,1778681565,2749,english,3,0.507493495941162109,True,False,False
Battlefield™ 6,GOLMUUUUUUUUUUUUUUT,positive,steam_live,2807960,True,1778681540,9579,russian,0,0.5,True,False,False
Battlefield™ 6,If you have a rtx 3060 this game is peak if you have  artx 2060 like me you wont feel the same way,positive,steam_live,2807960,True,1778681160,5675,english,0,0.5,True,False,False
Battlefield™ 6,我玩战地系列是最糟心的，隔一段时间不玩就闪退或者干脆连游戏都进不去，我超似你的嘛啊啊啊啊啊啊,negative,steam_live,2807960,False,1778681095,10535,schinese,1,0.523809552192687988,True,False,False
Battlefield™ 6,"it had its best moments when the game first launched, now it is just gone down hill from there, dont get me wrong i love this game but i lost intereset when it became repetative, i get on every now and then but i dont play for long, would i recomend this game??? the answer is: save your money or get it on sale, this game has fell off and i am sure the player count has too, im giving this a positive review as this was a good buy for me i wont lie but i dont play it as much anymore.",positive,steam_live,2807960,True,1778680877,5071,english,0,0.476190477609634399,True,False,False
Battlefield™ 6,屎 一大坨屎 一大坨EA反复热的屎 一次次回坑都是在品鉴新鲜的热的屎,negative,steam_live,2807960,False,1778680868,1965,schinese,1,0.523809552192687988,True,False,False
Battlefield™ 6,Great game,positive,steam_live,2807960,True,1778680785,500,english,0,0.5,True,False,False
Battlefield™ 6,玩过最狗屎的一版战地了 AA就和无能的丈夫一样 默认三连发已经yue了 解锁高速之后也是一秒软 简直像是和纸一样 恨不得把设计师拎出来踹两脚,negative,steam_live,2807960,False,1778680435,290,schinese,1,0.5,True,False,False
Battlefield™ 6,,negative,steam_live,2807960,False,1778680127,11585,german,3,0.5,True,False,False
Battlefield™ 6,이젠 놔줄 때가 되었다,negative,steam_live,2807960,False,1778680036,1817,koreana,0,0.476190477609634399,True,False,False
Battlefield™ 6,现在还是比较推荐打折入手的，经过第一赛季的提纯和其他的以外，现在战地6压力小了一些，但是刷枪服很少，建议多打休闲模式，挑你喜欢的刷，然后再去玩纯真人，这游戏优化还可以，我电脑比较垃圾还可以2K稳110帧（把高清纹理卸掉了）。建议显存至少要8G以上,positive,steam_live,2807960,True,1778678805,7908,schinese,0,0.472972989082336426,True,False,False
Battlefield™ 6,刷枪不给，步战不爽，轮椅武器，牢枪一堆，薯条捞爽，傻逼EA，快下地狱。,negative,steam_live,2807960,False,1778678661,5763,schinese,0,0.5,True,False,False
Battlefield™ 6,"시즌1은 정말 열심히 했는데 2는 그냥 스킵하고 다른겜 했습니다,, 올해 다시 로드맵 올리면서 거얼무, 해상전 대규모 맵 나온다고 기대하고 최근 다시 시작하는 중입니다. 1년필드라고 하는데 음,,, 저는 일딴 웨이크섬까지 나오는거 보고 정해야할거같습니다",negative,steam_live,2807960,False,1778678607,7876,koreana,1,0.508599519729614258,True,False,False
Battlefield™ 6,Honestly its not worth it. Feels too arcadey. Same as COD.,negative,steam_live,2807960,False,1778678233,5030,english,3,0.517045438289642334,True,False,False
Battlefield™ 6,"Начали за здравие, закончили...",negative,steam_live,2807960,False,1778678221,3451,russian,2,0.508589625358581543,True,False,False
Battlefield™ 6,이번 판이 불쾌하다 = 상대 날틀이 유능하다,positive,steam_live,2807960,True,1778677717,5873,koreana,0,0.5,True,False,False
Battlefield™ 6,все круто!!!,positive,steam_live,2807960,True,1778677565,6423,russian,0,0.5,True,False,False
Battlefield™ 6,"Después de 30 horas de juego debo decir que l0a campaña de Battlefield 6 es corta y floja, mientras que el multijugador entrega momentos buenos, pero su diseño de mapas y ritmo no se termina de sentir la magia de Battlefield como en BF3/BF4.
La campaña se siente baja en duración y ambición, es breve y olvidable, sin momentos memorables ni narrativa potente, es una experiencia que se puede terminar rápida y sin engancharte. 

El multijugador sí funciona y puede llegar a ser muy entretenido, ya que, se mantiene  la intensidad y combate ágil, pero falla en recuperar totalmente el espíritu de las entregas clásicas. Menos libertad táctica y menos espacios enormes para vehículos y combates a largo alcance como en BF3/BF4.

Espero que se solucione un poco esto del multijugador con la temporada 3, que tiene mucho provecho para sacarle, fuera de todo esto, es un battlefield y la gente lo jugara solo por ser un battlefield, pero aveces se siente como si el juego le faltara cariño o como si quisiera competir cuando no lo necesita en mi opinión.

Ni hablar del battleroyale Warzone es mejor y no sabría decir porque.... Quizás es costumbre.",positive,steam_live,2807960,True,1778677525,2240,latam,0,0.5,True,False,False
Battlefield™ 6,"Battlefield ruhunu geri getiriyoruz diye çıkıp ortaya yine kimliksiz bir karma bırakmışlar. Eskiden Battlefield dediğin şey; kaosun içinde takım oyunu, atmosfer ve “savaş hissi” demekti. Şimdi ise biri kanat takıp uçuyor, diğeri haritanın öbür ucundan kayıyor, ortalık TikTok montajı gibi olmuş. Serinin ağırlığı ve ciddiyeti resmen buhar olmuş durumda.

En kötü tarafı da oyunun artık “Battlefield anı” yaşatmaması. BF3, BF4 dönemlerinde tank sesi bile adrenalini yükseltirdi. Şimdi çatışmalar plastik gibi hissettiriyor. Haritalar büyük ama ruhsuz, silah hissiyatı tat vermiyor, savaş atmosferi yerine cosplay arenası havası var.

Anti-cheat konusu zaten tam trajikomedi. Daha birkaç maçta garip hareketler yapan adamlara denk geliyorsun. İnsan “acaba gerçekten iyi mi oynuyor yoksa sistem yine uyuyor mu” diye düşünmeden edemiyor. Rekabet hissi yerine güvensizlik oluşuyor.

Grafik ve efekt tarafında güzel duran anlar var ama sadece görüntü oyunu kurtarmıyor. Battlefield serisi bir zamanlar sektör standardıydı, şimdi ise eski oyuncuların hafızasında kalan anıların gölgesinde yaşamaya çalışıyor gibi. Nerde o eski BF’ler dedirtiyor gerçekten.
https://store.steampowered.com/curator/46074576/",negative,steam_live,2807960,False,1778677147,352,turkish,4,0.540313899517059326,True,False,False
Battlefield™ 6,"Sound bugs, when the sound randomly just disapers - are crazy.. first messages about that bug appered at october of 2025. pls fix - i'll change the review
every 20-40 minuts I have to restart the whole game ( app ). It is very frustrating",negative,steam_live,2807960,False,1778676960,9138,english,0,0.496064126491546631,True,False,False
Battlefield™ 6,"Como que um jogo tão caro consegue ser tão mal otimizado? Montei um PC forte, investi pesado no hardware justamente pra conseguir jogar tudo no alto sem dor de cabeça, e mesmo assim essa bomba não consegue entregar FPS estável. O pior é que nem dá pra aproveitar gráficos melhores porque o jogo começa a travar de um jeito ridículo.

Pra mim, Battlefield morreu no BF1. Hoje parece que lançam jogo incompleto, mal otimizado e empurram atualização depois, enquanto quem comprou no lançamento vira testador pagando preço cheio.

E o mais revoltante é isso: meu PC passa dos requisitos recomendados com sobra, e ainda assim não consigo ter gráficos bons e FPS estável ao mesmo tempo. Sinceramente, é lamentável. Se quem tem máquina forte já tá sofrendo, imagina quem tem setup mais simples tentando rodar isso.",negative,steam_live,2807960,False,1778676958,1857,brazilian,0,0.5,True,False,False
Battlefield™ 6,super,positive,steam_live,2807960,True,1778676865,8382,polish,0,0.5,True,False,False
Battlefield™ 6,"Ya a la fecha, que escribo esto está reviviendo Battlefield 6. Espero que está entrega siga sacando contenido ya que es muy entretenida. Ahora con las rankeds y los mapas nuevos hay mucho que ver 9/10",positive,steam_live,2807960,True,1778676849,11392,latam,0,0.5,True,False,False
Battlefield™ 6,this is not battlefield,negative,steam_live,2807960,False,1778676584,299,english,0,0.451006710529327393,True,False,False
Battlefield™ 6,This game is trash. Save your money and your time.,negative,steam_live,2807960,False,1778676242,34176,english,0,0.5,True,False,False
Battlefield™ 6,垃圾战地，2042完全玩不了了,negative,steam_live,2807960,False,1778675951,175,schinese,0,0.5,True,False,False
Battlefield™ 6,"This game is mediocre slop that feels like it was entirely made by AI. Endless cheaters, aimbots in literally 3/4 games, and EA's fair play policy will email and threaten you with a comm ban for calling someone ""trash"" (ask me how I know). BF6 is a disgrace to the franchise, funny how each title is equal to or worse than the last. I thought after 2042 it was only up from there, lol. Lmao even.",negative,steam_live,2807960,False,1778675710,8175,english,2,0.476190477609634399,True,False,False
Battlefield™ 6,"Said they'd give us Solos on 12th, where is it? ♥♥♥♥♥♥♥",negative,steam_live,2807960,False,1778675525,8759,english,0,0.5,True,False,False
Battlefield™ 6,"With the release of Railway to Golmud and Season 3, this game is in a very good place. DICE have listened to feedback, and this could very well become a true Battlefield Classic. I am in love with the gunplay, the vehicles are getting better, and the map selection is fantastic at this point. A very solid 8/10.",positive,steam_live,2807960,True,1778675494,10367,english,0,0.5,True,False,False
Battlefield™ 6,"Not sure if I'd recommend this game or not. I've got 30 hours into it and it feels meh. Looks beautiful but plays like garbage. The netcode/hit reg is worse or on par with BF4 on release, you put half a mag into someone and you die in one frame. No time to react if you arent blessed with the netcode gods. Play Delta Force, its free and the gunplay feels way more consistant than this. Might be classic Battlefield, should be a solid game in another 6 months or so, but until then, probably best to avoid BF6.",negative,steam_live,2807960,False,1778675488,4304,english,0,0.47999998927116394,True,False,False
Battlefield™ 6,"new map is back to the fun that we love about BF. The game is pretty good these days. Just stick to the normal BF, don't bother with RedSec",positive,steam_live,2807960,True,1778675473,8838,english,0,0.5,True,False,False
Battlefield™ 6,"第一次给游戏差评
做支援兵任务2给队友小补给包，无论是pvp突破 征服 还是门户人机任务解锁进度始终是0
又改了小包的位置或者大包小包一起给
网上查攻略也查不到相关的问题和解决方法
反馈消息也石沉大海
我只想完成任务",negative,steam_live,2807960,False,1778674947,2526,schinese,0,0.5,True,False,False
Battlefield™ 6,absolutely so damn fun,positive,steam_live,2807960,True,1778674676,4645,english,0,0.5,True,False,False
Battlefield™ 6,"经过2042和战地6让我明白了，我喜欢的是战地1和战地5，不是战地。这代没有多少新东西，少数的”创新“也不太行，还有“致敬”老战地。
我讨厌1以前的战地，他们在有那时的水平我很惊讶，但也就仅此而已，我活在现在，适应不了那些，尤其是画面。不是指时代技术原因的粗糙，而是那种滤镜简直在攻击我的眼睛，这代虽然不全是老战地那种滤镜，但混了些，尤其是火线风暴那张图，恶心死我了，无论画面还是体验，简直是糟粕。不止，还有像随机散步这种反直觉的机制也是讨厌至极，哪怕战地1里有也认为SB。第二赛季的是还不错，但你说这就是巅峰的话，那还是算了吧，后续更新没看到什么新奇的东西，只有对老战地的重置，第三赛季的荒野游踪果不其然是臭不可闻，我就是讨厌老战地的这些东西
我现在最希望的就是ea出一部战地3或4的重制版端上来，然后看到它和战地6一样b测吹爆，然后玩家流失暴死嘻嘻，就想看战地老登他们引以为傲的巅峰之作再现然后暴死",negative,steam_live,2807960,False,1778674570,3886,schinese,0,0.5,True,False,False
Battlefield™ 6,"Конченые говноделы однажды смогли сделать BF3.
Затем им удалось повторить успех с BF4.

А далее их стала e6aть в жoпy пeдoпoвecтoчкa. 
В место нормальных механик, баланса, техники и масштабов мы наблюдаем скины, донаты, косметику и баги.
Нормальное меню серверов? 
Хардкорный режим?
Большие по площади карты?

Забудьте.
Провал.",negative,steam_live,2807960,False,1778674290,7465,russian,5,0.530722498893737793,True,False,False
Battlefield™ 6,bots have no place in multiplayer games,negative,steam_live,2807960,False,1778673429,2669,english,0,0.5,True,False,False
Battlefield™ 6,"If you're a fan of BF3,4,1,5 this is NOT the game for you. If you like call of duty and wish it had tanks then this IS the game for you. Somewhere Battlefield lost its identity, and this game did not give it back.",negative,steam_live,2807960,False,1778673369,3942,english,1,0.5,True,False,False
Battlefield™ 6,si,positive,steam_live,2807960,True,1778673362,1429,latam,0,0.5,True,False,False
Battlefield™ 6,D,positive,steam_live,2807960,True,1778672680,651,english,0,0.5,True,False,False
Battlefield™ 6,класс,positive,steam_live,2807960,True,1778672361,9656,russian,0,0.5,True,False,False
Battlefield™ 6,This is a good Batlefield game.,positive,steam_live,2807960,True,1778671791,5394,english,0,0.5,True,False,False
Battlefield™ 6,"50% chance your Team sucks
50% chance your Team is camping and usless 
0% chance Teams have a even oputunity",negative,steam_live,2807960,False,1778671638,22058,german,5,0.512658238410949707,True,False,False
Battlefield™ 6,Either im getting old or its just corpo slop,negative,steam_live,2807960,False,1778671349,582,english,3,0.5,True,False,False
Battlefield™ 6,"Игра для xyeсосв, сделанная ими же... Прощай серия BF",negative,steam_live,2807960,False,1778671344,6589,russian,3,0.531540632247924805,True,False,False
Battlefield™ 6,"Con l'aggiornamento alla season 3, hanno sistemato davvero il netcode e quindi il gioco è finalmente giocabile e godibile. Bravi",positive,steam_live,2807960,True,1778671149,3832,italian,0,0.5,True,False,False
Battlefield™ 6,"Game is amazing. ngl visiuals are stunning and gameplay is great. Loving the story. Untill one update it just stoped working with my pc, started saying that I needed to enable secure boot. Except it was enabled and on and worked fine before the update, which also required it :/  A few months later and it works again, yay.",negative,steam_live,2807960,False,1778670518,684,english,1,0.523809552192687988,True,False,False
Battlefield™ 6,皮肤是不会做的，光影是核爆的，BUG是不修的，TN延迟永远是500+的，回去玩战地4都比这坨大粪强。对了， 我预购的魅影版，♥♥♥♥,negative,steam_live,2807960,False,1778670488,15832,schinese,1,0.523809552192687988,True,False,False
Battlefield™ 6,二十分钟从回坑到跑路,negative,steam_live,2807960,False,1778670477,2299,schinese,1,0.519999980926513672,True,False,False
Battlefield™ 6,DICE司马,positive,steam_live,2807960,True,1778670472,12735,schinese,0,0.5,True,False,False
Battlefield™ 6,依托，但是不赤这个我赤什么,positive,steam_live,2807960,True,1778669471,3048,schinese,0,0.5,True,False,False
